pid,process_cpu_seconds,rss_bytes,session_count,session_index,stage,tick_index,trial
62302,0.12,20508672,48,1,post_boot,,1
62306,0.12,20566016,48,2,post_boot,,1
62314,0.12,20451328,48,3,post_boot,,1
62323,0.11,20627456,48,4,post_boot,,1
62305,0.12,20561920,48,5,post_boot,,1
62309,0.12,20426752,48,6,post_boot,,1
62308,0.11,20623360,48,7,post_boot,,1
62318,0.12,20619264,48,8,post_boot,,1
62316,0.12,20496384,48,9,post_boot,,1
62324,0.12,20430848,48,10,post_boot,,1
62311,0.12,20615168,48,11,post_boot,,1
62328,0.11,20553728,48,12,post_boot,,1
62322,0.11,20496384,48,13,post_boot,,1
62320,0.11,20496384,48,14,post_boot,,1
62329,0.11,20553728,48,15,post_boot,,1
62319,0.12,20369408,48,16,post_boot,,1
62326,0.12,20516864,48,17,post_boot,,1
62333,0.12,20332544,48,18,post_boot,,1
62332,0.12,20598784,48,19,post_boot,,1
62336,0.12,20533248,48,20,post_boot,,1
62337,0.11,20549632,48,21,post_boot,,1
62342,0.11,20414464,48,22,post_boot,,1
62335,0.11,20439040,48,23,post_boot,,1
62339,0.12,20496384,48,24,post_boot,,1
62338,0.12,20545536,48,25,post_boot,,1
62345,0.12,20418560,48,26,post_boot,,1
62343,0.11,20619264,48,27,post_boot,,1
62341,0.12,20353024,48,28,post_boot,,1
62344,0.11,20434944,48,29,post_boot,,1
62350,0.11,20525056,48,30,post_boot,,1
62347,0.11,20537344,48,31,post_boot,,1
62353,0.11,20615168,48,32,post_boot,,1
62354,0.11,20537344,48,33,post_boot,,1
62352,0.11,20545536,48,34,post_boot,,1
62358,0.12,20496384,48,35,post_boot,,1
62356,0.12,20488192,48,36,post_boot,,1
62359,0.12,20504576,48,37,post_boot,,1
62363,0.12,20414464,48,38,post_boot,,1
62362,0.12,20541440,48,39,post_boot,,1
62364,0.11,20545536,48,40,post_boot,,1
62372,0.11,20361216,48,41,post_boot,,1
62367,0.12,20545536,48,42,post_boot,,1
62369,0.12,20553728,48,43,post_boot,,1
62370,0.12,20480000,48,44,post_boot,,1
62373,0.11,20434944,48,45,post_boot,,1
62376,0.11,20557824,48,46,post_boot,,1
62377,0.11,20623360,48,47,post_boot,,1
62379,0.12,20627456,48,48,post_boot,,1
62302,0.24000000000000002,20795392,48,1,tick,1,1
62306,0.24000000000000002,20922368,48,2,tick,1,1
62314,0.24,20803584,48,3,tick,1,1
62323,0.23,20918272,48,4,tick,1,1
62305,0.24000000000000002,20918272,48,5,tick,1,1
62309,0.24000000000000002,20779008,48,6,tick,1,1
62308,0.24000000000000002,20914176,48,7,tick,1,1
62318,0.24,20905984,48,8,tick,1,1
62316,0.23,20848640,48,9,tick,1,1
62324,0.24,20783104,48,10,tick,1,1
62311,0.25,20905984,48,11,tick,1,1
62328,0.24,20844544,48,12,tick,1,1
62322,0.23,20852736,48,13,tick,1,1
62320,0.23,20852736,48,14,tick,1,1
62329,0.24000000000000002,20840448,48,15,tick,1,1
62319,0.24000000000000002,20787200,48,16,tick,1,1
62326,0.24,20869120,48,17,tick,1,1
62333,0.24000000000000002,20815872,48,18,tick,1,1
62332,0.24000000000000002,20885504,48,19,tick,1,1
62336,0.24,20889600,48,20,tick,1,1
62337,0.24,20901888,48,21,tick,1,1
62342,0.24000000000000002,20766720,48,22,tick,1,1
62335,0.23,20791296,48,23,tick,1,1
62339,0.24,20848640,48,24,tick,1,1
62338,0.24000000000000002,20832256,48,25,tick,1,1
62345,0.24,20709376,48,26,tick,1,1
62343,0.24,20905984,48,27,tick,1,1
62341,0.24000000000000002,20709376,48,28,tick,1,1
62344,0.23,20787200,48,29,tick,1,1
62350,0.24,20811776,48,30,tick,1,1
62347,0.24000000000000002,20828160,48,31,tick,1,1
62353,0.24,20905984,48,32,tick,1,1
62354,0.24,20824064,48,33,tick,1,1
62352,0.24,20832256,48,34,tick,1,1
62358,0.24000000000000002,20787200,48,35,tick,1,1
62356,0.24,20779008,48,36,tick,1,1
62359,0.23,20795392,48,37,tick,1,1
62363,0.24000000000000002,20701184,48,38,tick,1,1
62362,0.24000000000000002,20832256,48,39,tick,1,1
62364,0.23,20832256,48,40,tick,1,1
62372,0.23,20779008,48,41,tick,1,1
62367,0.24,20901888,48,42,tick,1,1
62369,0.23,20844544,48,43,tick,1,1
62370,0.24,20770816,48,44,tick,1,1
62373,0.23,20852736,48,45,tick,1,1
62376,0.23,20914176,48,46,tick,1,1
62377,0.24000000000000002,20914176,48,47,tick,1,1
62379,0.24,20914176,48,48,tick,1,1
62302,0.28,20795392,48,1,tick,2,1
62306,0.28,20922368,48,2,tick,2,1
62314,0.28,20803584,48,3,tick,2,1
62323,0.27,20918272,48,4,tick,2,1
62305,0.28,20918272,48,5,tick,2,1
62309,0.27,20779008,48,6,tick,2,1
62308,0.29000000000000004,20914176,48,7,tick,2,1
62318,0.28,20905984,48,8,tick,2,1
62316,0.28,20848640,48,9,tick,2,1
62324,0.27,20783104,48,10,tick,2,1
62311,0.29000000000000004,20905984,48,11,tick,2,1
62328,0.28,20844544,48,12,tick,2,1
62322,0.27,20852736,48,13,tick,2,1
62320,0.27,20852736,48,14,tick,2,1
62329,0.28,20840448,48,15,tick,2,1
62319,0.28,20787200,48,16,tick,2,1
62326,0.28,20869120,48,17,tick,2,1
62333,0.28,20815872,48,18,tick,2,1
62332,0.28,20885504,48,19,tick,2,1
62336,0.28,20889600,48,20,tick,2,1
62337,0.28,20901888,48,21,tick,2,1
62342,0.27,20766720,48,22,tick,2,1
62335,0.27,20791296,48,23,tick,2,1
62339,0.29000000000000004,20848640,48,24,tick,2,1
62338,0.28,20832256,48,25,tick,2,1
62345,0.28,20709376,48,26,tick,2,1
62343,0.28,20905984,48,27,tick,2,1
62341,0.28,20709376,48,28,tick,2,1
62344,0.27,20787200,48,29,tick,2,1
62350,0.28,20811776,48,30,tick,2,1
62347,0.28,20828160,48,31,tick,2,1
62353,0.28,20905984,48,32,tick,2,1
62354,0.28,20824064,48,33,tick,2,1
62352,0.27,20832256,48,34,tick,2,1
62358,0.27,20787200,48,35,tick,2,1
62356,0.28,20779008,48,36,tick,2,1
62359,0.27,20795392,48,37,tick,2,1
62363,0.28,20701184,48,38,tick,2,1
62362,0.27,20832256,48,39,tick,2,1
62364,0.27,20832256,48,40,tick,2,1
62372,0.27,20779008,48,41,tick,2,1
62367,0.28,20901888,48,42,tick,2,1
62369,0.27,20844544,48,43,tick,2,1
62370,0.28,20770816,48,44,tick,2,1
62373,0.27,20852736,48,45,tick,2,1
62376,0.27,20914176,48,46,tick,2,1
62377,0.28,20914176,48,47,tick,2,1
62379,0.29,20914176,48,48,tick,2,1
62302,0.32,20795392,48,1,tick,3,1
62306,0.32,20922368,48,2,tick,3,1
62314,0.31,20803584,48,3,tick,3,1
62323,0.32,20918272,48,4,tick,3,1
62305,0.32,20918272,48,5,tick,3,1
62309,0.31,20779008,48,6,tick,3,1
62308,0.33,20914176,48,7,tick,3,1
62318,0.32,20905984,48,8,tick,3,1
62316,0.32,20848640,48,9,tick,3,1
62324,0.31,20783104,48,10,tick,3,1
62311,0.33,20905984,48,11,tick,3,1
62328,0.32,20844544,48,12,tick,3,1
62322,0.31,20852736,48,13,tick,3,1
62320,0.31,20852736,48,14,tick,3,1
62329,0.32,20840448,48,15,tick,3,1
62319,0.32,20787200,48,16,tick,3,1
62326,0.32,20869120,48,17,tick,3,1
62333,0.32,20815872,48,18,tick,3,1
62332,0.33,20885504,48,19,tick,3,1
62336,0.32,20889600,48,20,tick,3,1
62337,0.32,20901888,48,21,tick,3,1
62342,0.31,20766720,48,22,tick,3,1
62335,0.31,20791296,48,23,tick,3,1
62339,0.33,20848640,48,24,tick,3,1
62338,0.32,20832256,48,25,tick,3,1
62345,0.32,20709376,48,26,tick,3,1
62343,0.32,20905984,48,27,tick,3,1
62341,0.32,20709376,48,28,tick,3,1
62344,0.31,20787200,48,29,tick,3,1
62350,0.32,20811776,48,30,tick,3,1
62347,0.32,20828160,48,31,tick,3,1
62353,0.32,20905984,48,32,tick,3,1
62354,0.32,20824064,48,33,tick,3,1
62352,0.32,20832256,48,34,tick,3,1
62358,0.31,20787200,48,35,tick,3,1
62356,0.32,20779008,48,36,tick,3,1
62359,0.32,20795392,48,37,tick,3,1
62363,0.32,20701184,48,38,tick,3,1
62362,0.31,20832256,48,39,tick,3,1
62364,0.31,20832256,48,40,tick,3,1
62372,0.31,20779008,48,41,tick,3,1
62367,0.32,20901888,48,42,tick,3,1
62369,0.31,20844544,48,43,tick,3,1
62370,0.32,20770816,48,44,tick,3,1
62373,0.32,20852736,48,45,tick,3,1
62376,0.31,20914176,48,46,tick,3,1
62377,0.32,20914176,48,47,tick,3,1
62379,0.33,20914176,48,48,tick,3,1
62302,0.36,20795392,48,1,tick,4,1
62306,0.36,20922368,48,2,tick,4,1
62314,0.35,20803584,48,3,tick,4,1
62323,0.36,20918272,48,4,tick,4,1
62305,0.36,20918272,48,5,tick,4,1
62309,0.35000000000000003,20779008,48,6,tick,4,1
62308,0.37,20914176,48,7,tick,4,1
62318,0.37,20905984,48,8,tick,4,1
62316,0.37,20848640,48,9,tick,4,1
62324,0.35,20783104,48,10,tick,4,1
62311,0.37,20905984,48,11,tick,4,1
62328,0.37,20844544,48,12,tick,4,1
62322,0.35,20852736,48,13,tick,4,1
62320,0.35,20852736,48,14,tick,4,1
62329,0.36,20840448,48,15,tick,4,1
62319,0.36,20787200,48,16,tick,4,1
62326,0.37,20869120,48,17,tick,4,1
62333,0.37,20815872,48,18,tick,4,1
62332,0.36,20885504,48,19,tick,4,1
62336,0.36,20889600,48,20,tick,4,1
62337,0.37,20901888,48,21,tick,4,1
62342,0.35000000000000003,20766720,48,22,tick,4,1
62335,0.36,20791296,48,23,tick,4,1
62339,0.37,20848640,48,24,tick,4,1
62338,0.36,20832256,48,25,tick,4,1
62345,0.36,20709376,48,26,tick,4,1
62343,0.37,20905984,48,27,tick,4,1
62341,0.37,20709376,48,28,tick,4,1
62344,0.36,20787200,48,29,tick,4,1
62350,0.36,20811776,48,30,tick,4,1
62347,0.36,20828160,48,31,tick,4,1
62353,0.36,20905984,48,32,tick,4,1
62354,0.36,20824064,48,33,tick,4,1
62352,0.36,20832256,48,34,tick,4,1
62358,0.36,20787200,48,35,tick,4,1
62356,0.36,20779008,48,36,tick,4,1
62359,0.37,20795392,48,37,tick,4,1
62363,0.36,20701184,48,38,tick,4,1
62362,0.35000000000000003,20832256,48,39,tick,4,1
62364,0.35,20832256,48,40,tick,4,1
62372,0.35,20779008,48,41,tick,4,1
62367,0.36,20901888,48,42,tick,4,1
62369,0.35000000000000003,20844544,48,43,tick,4,1
62370,0.36,20770816,48,44,tick,4,1
62373,0.37,20852736,48,45,tick,4,1
62376,0.35,20914176,48,46,tick,4,1
62377,0.37,20914176,48,47,tick,4,1
62379,0.37,20914176,48,48,tick,4,1
62302,0.4,20795392,48,1,tick,5,1
62306,0.4,20922368,48,2,tick,5,1
62314,0.39,20803584,48,3,tick,5,1
62323,0.4,20918272,48,4,tick,5,1
62305,0.39,20918272,48,5,tick,5,1
62309,0.39,20779008,48,6,tick,5,1
62308,0.41000000000000003,20914176,48,7,tick,5,1
62318,0.41,20905984,48,8,tick,5,1
62316,0.41,20848640,48,9,tick,5,1
62324,0.39,20783104,48,10,tick,5,1
62311,0.41000000000000003,20905984,48,11,tick,5,1
62328,0.41,20844544,48,12,tick,5,1
62322,0.4,20852736,48,13,tick,5,1
62320,0.4,20852736,48,14,tick,5,1
62329,0.4,20840448,48,15,tick,5,1
62319,0.4,20787200,48,16,tick,5,1
62326,0.42,20869120,48,17,tick,5,1
62333,0.41000000000000003,20815872,48,18,tick,5,1
62332,0.41000000000000003,20885504,48,19,tick,5,1
62336,0.41,20889600,48,20,tick,5,1
62337,0.41,20901888,48,21,tick,5,1
62342,0.39,20766720,48,22,tick,5,1
62335,0.4,20791296,48,23,tick,5,1
62339,0.42,20848640,48,24,tick,5,1
62338,0.4,20832256,48,25,tick,5,1
62345,0.4,20709376,48,26,tick,5,1
62343,0.41,20905984,48,27,tick,5,1
62341,0.41000000000000003,20709376,48,28,tick,5,1
62344,0.4,20787200,48,29,tick,5,1
62350,0.4,20811776,48,30,tick,5,1
62347,0.4,20828160,48,31,tick,5,1
62353,0.4,20905984,48,32,tick,5,1
62354,0.4,20824064,48,33,tick,5,1
62352,0.41000000000000003,20832256,48,34,tick,5,1
62358,0.4,20787200,48,35,tick,5,1
62356,0.4,20779008,48,36,tick,5,1
62359,0.41000000000000003,20795392,48,37,tick,5,1
62363,0.4,20701184,48,38,tick,5,1
62362,0.39,20832256,48,39,tick,5,1
62364,0.4,20832256,48,40,tick,5,1
62372,0.39,20779008,48,41,tick,5,1
62367,0.4,20901888,48,42,tick,5,1
62369,0.39,20844544,48,43,tick,5,1
62370,0.4,20770816,48,44,tick,5,1
62373,0.41000000000000003,20852736,48,45,tick,5,1
62376,0.39,20914176,48,46,tick,5,1
62377,0.41000000000000003,20914176,48,47,tick,5,1
62379,0.41,20914176,48,48,tick,5,1
62302,0.44,20795392,48,1,tick,6,1
62306,0.44,20922368,48,2,tick,6,1
62314,0.43,20803584,48,3,tick,6,1
62323,0.44,20918272,48,4,tick,6,1
62305,0.44,20918272,48,5,tick,6,1
62309,0.44,20779008,48,6,tick,6,1
62308,0.45,20914176,48,7,tick,6,1
62318,0.44,20905984,48,8,tick,6,1
62316,0.45,20848640,48,9,tick,6,1
62324,0.43,20783104,48,10,tick,6,1
62311,0.45,20905984,48,11,tick,6,1
62328,0.45,20844544,48,12,tick,6,1
62322,0.44,20852736,48,13,tick,6,1
62320,0.44,20852736,48,14,tick,6,1
62329,0.45,20840448,48,15,tick,6,1
62319,0.45,20787200,48,16,tick,6,1
62326,0.46,20869120,48,17,tick,6,1
62333,0.45,20815872,48,18,tick,6,1
62332,0.45,20885504,48,19,tick,6,1
62336,0.45,20889600,48,20,tick,6,1
62337,0.45,20901888,48,21,tick,6,1
62342,0.44,20766720,48,22,tick,6,1
62335,0.45,20791296,48,23,tick,6,1
62339,0.46,20848640,48,24,tick,6,1
62338,0.45,20832256,48,25,tick,6,1
62345,0.44,20709376,48,26,tick,6,1
62343,0.45,20905984,48,27,tick,6,1
62341,0.45,20709376,48,28,tick,6,1
62344,0.44,20787200,48,29,tick,6,1
62350,0.44,20811776,48,30,tick,6,1
62347,0.44,20828160,48,31,tick,6,1
62353,0.44,20905984,48,32,tick,6,1
62354,0.44,20824064,48,33,tick,6,1
62352,0.45,20832256,48,34,tick,6,1
62358,0.44,20787200,48,35,tick,6,1
62356,0.44,20779008,48,36,tick,6,1
62359,0.45,20795392,48,37,tick,6,1
62363,0.45,20701184,48,38,tick,6,1
62362,0.43,20832256,48,39,tick,6,1
62364,0.44,20832256,48,40,tick,6,1
62372,0.43,20779008,48,41,tick,6,1
62367,0.44,20901888,48,42,tick,6,1
62369,0.44,20844544,48,43,tick,6,1
62370,0.44,20770816,48,44,tick,6,1
62373,0.45,20852736,48,45,tick,6,1
62376,0.43,20914176,48,46,tick,6,1
62377,0.45,20914176,48,47,tick,6,1
62379,0.45,20914176,48,48,tick,6,1
62302,0.48,20795392,48,1,tick,7,1
62306,0.48,20922368,48,2,tick,7,1
62314,0.47,20803584,48,3,tick,7,1
62323,0.49,20918272,48,4,tick,7,1
62305,0.47000000000000003,20918272,48,5,tick,7,1
62309,0.48,20779008,48,6,tick,7,1
62308,0.49,20914176,48,7,tick,7,1
62318,0.48,20905984,48,8,tick,7,1
62316,0.49,20848640,48,9,tick,7,1
62324,0.47,20783104,48,10,tick,7,1
62311,0.49,20905984,48,11,tick,7,1
62328,0.49,20844544,48,12,tick,7,1
62322,0.48,20852736,48,13,tick,7,1
62320,0.48,20852736,48,14,tick,7,1
62329,0.49,20840448,48,15,tick,7,1
62319,0.49,20787200,48,16,tick,7,1
62326,0.5,20869120,48,17,tick,7,1
62333,0.49,20815872,48,18,tick,7,1
62332,0.49,20885504,48,19,tick,7,1
62336,0.49,20889600,48,20,tick,7,1
62337,0.49,20901888,48,21,tick,7,1
62342,0.47000000000000003,20766720,48,22,tick,7,1
62335,0.49,20791296,48,23,tick,7,1
62339,0.5,20848640,48,24,tick,7,1
62338,0.49,20832256,48,25,tick,7,1
62345,0.48,20709376,48,26,tick,7,1
62343,0.49,20905984,48,27,tick,7,1
62341,0.49,20709376,48,28,tick,7,1
62344,0.48,20787200,48,29,tick,7,1
62350,0.49,20811776,48,30,tick,7,1
62347,0.48,20828160,48,31,tick,7,1
62353,0.49,20905984,48,32,tick,7,1
62354,0.48,20824064,48,33,tick,7,1
62352,0.49,20832256,48,34,tick,7,1
62358,0.48,20787200,48,35,tick,7,1
62356,0.48,20779008,48,36,tick,7,1
62359,0.49,20795392,48,37,tick,7,1
62363,0.49,20701184,48,38,tick,7,1
62362,0.47000000000000003,20832256,48,39,tick,7,1
62364,0.48,20832256,48,40,tick,7,1
62372,0.47,20779008,48,41,tick,7,1
62367,0.48,20901888,48,42,tick,7,1
62369,0.48,20844544,48,43,tick,7,1
62370,0.48,20770816,48,44,tick,7,1
62373,0.49,20852736,48,45,tick,7,1
62376,0.47,20914176,48,46,tick,7,1
62377,0.5,20914176,48,47,tick,7,1
62379,0.49,20914176,48,48,tick,7,1
62302,0.52,20795392,48,1,tick,8,1
62306,0.52,20922368,48,2,tick,8,1
62314,0.51,20803584,48,3,tick,8,1
62323,0.53,20918272,48,4,tick,8,1
62305,0.52,20918272,48,5,tick,8,1
62309,0.52,20779008,48,6,tick,8,1
62308,0.53,20914176,48,7,tick,8,1
62318,0.53,20905984,48,8,tick,8,1
62316,0.54,20848640,48,9,tick,8,1
62324,0.51,20783104,48,10,tick,8,1
62311,0.53,20905984,48,11,tick,8,1
62328,0.53,20844544,48,12,tick,8,1
62322,0.52,20852736,48,13,tick,8,1
62320,0.52,20852736,48,14,tick,8,1
62329,0.53,20840448,48,15,tick,8,1
62319,0.53,20787200,48,16,tick,8,1
62326,0.54,20869120,48,17,tick,8,1
62333,0.54,20815872,48,18,tick,8,1
62332,0.53,20885504,48,19,tick,8,1
62336,0.53,20889600,48,20,tick,8,1
62337,0.53,20901888,48,21,tick,8,1
62342,0.52,20766720,48,22,tick,8,1
62335,0.53,20791296,48,23,tick,8,1
62339,0.54,20848640,48,24,tick,8,1
62338,0.53,20832256,48,25,tick,8,1
62345,0.53,20709376,48,26,tick,8,1
62343,0.54,20905984,48,27,tick,8,1
62341,0.54,20709376,48,28,tick,8,1
62344,0.52,20787200,48,29,tick,8,1
62350,0.53,20811776,48,30,tick,8,1
62347,0.52,20828160,48,31,tick,8,1
62353,0.53,20905984,48,32,tick,8,1
62354,0.52,20824064,48,33,tick,8,1
62352,0.53,20832256,48,34,tick,8,1
62358,0.53,20787200,48,35,tick,8,1
62356,0.53,20779008,48,36,tick,8,1
62359,0.53,20795392,48,37,tick,8,1
62363,0.53,20701184,48,38,tick,8,1
62362,0.51,20832256,48,39,tick,8,1
62364,0.52,20832256,48,40,tick,8,1
62372,0.51,20779008,48,41,tick,8,1
62367,0.53,20901888,48,42,tick,8,1
62369,0.52,20844544,48,43,tick,8,1
62370,0.52,20770816,48,44,tick,8,1
62373,0.53,20852736,48,45,tick,8,1
62376,0.51,20914176,48,46,tick,8,1
62377,0.54,20914176,48,47,tick,8,1
62379,0.54,20914176,48,48,tick,8,1
62302,0.56,20795392,48,1,tick,9,1
62306,0.5700000000000001,20922368,48,2,tick,9,1
62314,0.55,20803584,48,3,tick,9,1
62323,0.5700000000000001,20918272,48,4,tick,9,1
62305,0.56,20918272,48,5,tick,9,1
62309,0.5700000000000001,20779008,48,6,tick,9,1
62308,0.5700000000000001,20914176,48,7,tick,9,1
62318,0.57,20905984,48,8,tick,9,1
62316,0.59,20848640,48,9,tick,9,1
62324,0.55,20783104,48,10,tick,9,1
62311,0.58,20905984,48,11,tick,9,1
62328,0.58,20844544,48,12,tick,9,1
62322,0.56,20852736,48,13,tick,9,1
62320,0.56,20852736,48,14,tick,9,1
62329,0.58,20840448,48,15,tick,9,1
62319,0.58,20787200,48,16,tick,9,1
62326,0.59,20869120,48,17,tick,9,1
62333,0.58,20815872,48,18,tick,9,1
62332,0.58,20885504,48,19,tick,9,1
62336,0.57,20889600,48,20,tick,9,1
62337,0.58,20901888,48,21,tick,9,1
62342,0.56,20766720,48,22,tick,9,1
62335,0.57,20791296,48,23,tick,9,1
62339,0.58,20848640,48,24,tick,9,1
62338,0.5700000000000001,20832256,48,25,tick,9,1
62345,0.57,20709376,48,26,tick,9,1
62343,0.58,20905984,48,27,tick,9,1
62341,0.5800000000000001,20709376,48,28,tick,9,1
62344,0.57,20787200,48,29,tick,9,1
62350,0.58,20811776,48,30,tick,9,1
62347,0.5700000000000001,20828160,48,31,tick,9,1
62353,0.58,20905984,48,32,tick,9,1
62354,0.56,20824064,48,33,tick,9,1
62352,0.5700000000000001,20832256,48,34,tick,9,1
62358,0.5700000000000001,20787200,48,35,tick,9,1
62356,0.57,20779008,48,36,tick,9,1
62359,0.5700000000000001,20795392,48,37,tick,9,1
62363,0.5700000000000001,20701184,48,38,tick,9,1
62362,0.56,20832256,48,39,tick,9,1
62364,0.56,20832256,48,40,tick,9,1
62372,0.56,20779008,48,41,tick,9,1
62367,0.57,20901888,48,42,tick,9,1
62369,0.5700000000000001,20844544,48,43,tick,9,1
62370,0.56,20770816,48,44,tick,9,1
62373,0.5700000000000001,20852736,48,45,tick,9,1
62376,0.56,20914176,48,46,tick,9,1
62377,0.58,20914176,48,47,tick,9,1
62379,0.58,20914176,48,48,tick,9,1
62302,0.6,20795392,48,1,tick,10,1
62306,0.61,20922368,48,2,tick,10,1
62314,0.6,20803584,48,3,tick,10,1
62323,0.64,20918272,48,4,tick,10,1
62305,0.59,20918272,48,5,tick,10,1
62309,0.61,20779008,48,6,tick,10,1
62308,0.62,20914176,48,7,tick,10,1
62318,0.61,20905984,48,8,tick,10,1
62316,0.63,20848640,48,9,tick,10,1
62324,0.61,20783104,48,10,tick,10,1
62311,0.63,20905984,48,11,tick,10,1
62328,0.62,20844544,48,12,tick,10,1
62322,0.62,20852736,48,13,tick,10,1
62320,0.6,20852736,48,14,tick,10,1
62329,0.62,20840448,48,15,tick,10,1
62319,0.62,20787200,48,16,tick,10,1
62326,0.63,20869120,48,17,tick,10,1
62333,0.62,20815872,48,18,tick,10,1
62332,0.62,20885504,48,19,tick,10,1
62336,0.62,20889600,48,20,tick,10,1
62337,0.62,20901888,48,21,tick,10,1
62342,0.6,20766720,48,22,tick,10,1
62335,0.61,20791296,48,23,tick,10,1
62339,0.63,20848640,48,24,tick,10,1
62338,0.62,20832256,48,25,tick,10,1
62345,0.61,20709376,48,26,tick,10,1
62343,0.62,20905984,48,27,tick,10,1
62341,0.62,20709376,48,28,tick,10,1
62344,0.61,20787200,48,29,tick,10,1
62350,0.62,20811776,48,30,tick,10,1
62347,0.61,20828160,48,31,tick,10,1
62353,0.62,20905984,48,32,tick,10,1
62354,0.61,20824064,48,33,tick,10,1
62352,0.61,20832256,48,34,tick,10,1
62358,0.61,20787200,48,35,tick,10,1
62356,0.61,20779008,48,36,tick,10,1
62359,0.62,20795392,48,37,tick,10,1
62363,0.61,20701184,48,38,tick,10,1
62362,0.6,20832256,48,39,tick,10,1
62364,0.6,20832256,48,40,tick,10,1
62372,0.6,20779008,48,41,tick,10,1
62367,0.61,20901888,48,42,tick,10,1
62369,0.61,20844544,48,43,tick,10,1
62370,0.6,20770816,48,44,tick,10,1
62373,0.61,20852736,48,45,tick,10,1
62376,0.6,20914176,48,46,tick,10,1
62377,0.62,20914176,48,47,tick,10,1
62379,0.62,20914176,48,48,tick,10,1
62302,0.6,20795392,48,1,pre_checkpoint,,1
62306,0.61,20922368,48,2,pre_checkpoint,,1
62314,0.6,20803584,48,3,pre_checkpoint,,1
62323,0.64,20918272,48,4,pre_checkpoint,,1
62305,0.59,20918272,48,5,pre_checkpoint,,1
62309,0.61,20779008,48,6,pre_checkpoint,,1
62308,0.62,20914176,48,7,pre_checkpoint,,1
62318,0.61,20905984,48,8,pre_checkpoint,,1
62316,0.63,20848640,48,9,pre_checkpoint,,1
62324,0.61,20783104,48,10,pre_checkpoint,,1
62311,0.63,20905984,48,11,pre_checkpoint,,1
62328,0.62,20844544,48,12,pre_checkpoint,,1
62322,0.62,20852736,48,13,pre_checkpoint,,1
62320,0.6,20852736,48,14,pre_checkpoint,,1
62329,0.62,20840448,48,15,pre_checkpoint,,1
62319,0.62,20787200,48,16,pre_checkpoint,,1
62326,0.63,20869120,48,17,pre_checkpoint,,1
62333,0.62,20815872,48,18,pre_checkpoint,,1
62332,0.62,20885504,48,19,pre_checkpoint,,1
62336,0.62,20889600,48,20,pre_checkpoint,,1
62337,0.62,20901888,48,21,pre_checkpoint,,1
62342,0.6,20766720,48,22,pre_checkpoint,,1
62335,0.61,20791296,48,23,pre_checkpoint,,1
62339,0.63,20848640,48,24,pre_checkpoint,,1
62338,0.62,20832256,48,25,pre_checkpoint,,1
62345,0.61,20709376,48,26,pre_checkpoint,,1
62343,0.62,20905984,48,27,pre_checkpoint,,1
62341,0.62,20709376,48,28,pre_checkpoint,,1
62344,0.61,20787200,48,29,pre_checkpoint,,1
62350,0.62,20811776,48,30,pre_checkpoint,,1
62347,0.61,20828160,48,31,pre_checkpoint,,1
62353,0.62,20905984,48,32,pre_checkpoint,,1
62354,0.61,20824064,48,33,pre_checkpoint,,1
62352,0.61,20832256,48,34,pre_checkpoint,,1
62358,0.61,20787200,48,35,pre_checkpoint,,1
62356,0.61,20779008,48,36,pre_checkpoint,,1
62359,0.62,20795392,48,37,pre_checkpoint,,1
62363,0.61,20701184,48,38,pre_checkpoint,,1
62362,0.6,20832256,48,39,pre_checkpoint,,1
62364,0.6,20832256,48,40,pre_checkpoint,,1
62372,0.6,20779008,48,41,pre_checkpoint,,1
62367,0.61,20901888,48,42,pre_checkpoint,,1
62369,0.61,20844544,48,43,pre_checkpoint,,1
62370,0.6,20770816,48,44,pre_checkpoint,,1
62373,0.61,20852736,48,45,pre_checkpoint,,1
62376,0.6,20914176,48,46,pre_checkpoint,,1
62377,0.62,20914176,48,47,pre_checkpoint,,1
62379,0.62,20914176,48,48,pre_checkpoint,,1
62302,0.64,21639168,48,1,post_checkpoint_save,,1
62306,0.66,21766144,48,2,post_checkpoint_save,,1
62314,0.65,21651456,48,3,post_checkpoint_save,,1
62323,0.6900000000000001,21766144,48,4,post_checkpoint_save,,1
62305,0.65,21762048,48,5,post_checkpoint_save,,1
62309,0.67,21622784,48,6,post_checkpoint_save,,1
62308,0.67,21757952,48,7,post_checkpoint_save,,1
62318,0.66,21753856,48,8,post_checkpoint_save,,1
62316,0.67,21692416,48,9,post_checkpoint_save,,1
62324,0.64,21626880,48,10,post_checkpoint_save,,1
62311,0.7000000000000001,21749760,48,11,post_checkpoint_save,,1
62328,0.67,21688320,48,12,post_checkpoint_save,,1
62322,0.68,21696512,48,13,post_checkpoint_save,,1
62320,0.65,21700608,48,14,post_checkpoint_save,,1
62329,0.67,21688320,48,15,post_checkpoint_save,,1
62319,0.68,21663744,48,16,post_checkpoint_save,,1
62326,0.67,21708800,48,17,post_checkpoint_save,,1
62333,0.67,21663744,48,18,post_checkpoint_save,,1
62332,0.67,21729280,48,19,post_checkpoint_save,,1
62336,0.67,21737472,48,20,post_checkpoint_save,,1
62337,0.67,21749760,48,21,post_checkpoint_save,,1
62342,0.65,21614592,48,22,post_checkpoint_save,,1
62335,0.66,21639168,48,23,post_checkpoint_save,,1
62339,0.67,21692416,48,24,post_checkpoint_save,,1
62338,0.67,21676032,48,25,post_checkpoint_save,,1
62345,0.66,21557248,48,26,post_checkpoint_save,,1
62343,0.67,21749760,48,27,post_checkpoint_save,,1
62341,0.66,21557248,48,28,post_checkpoint_save,,1
62344,0.66,21635072,48,29,post_checkpoint_save,,1
62350,0.66,21659648,48,30,post_checkpoint_save,,1
62347,0.65,21671936,48,31,post_checkpoint_save,,1
62353,0.66,21753856,48,32,post_checkpoint_save,,1
62354,0.67,21667840,48,33,post_checkpoint_save,,1
62352,0.65,21676032,48,34,post_checkpoint_save,,1
62358,0.65,21635072,48,35,post_checkpoint_save,,1
62356,0.66,21622784,48,36,post_checkpoint_save,,1
62359,0.66,21639168,48,37,post_checkpoint_save,,1
62363,0.66,21544960,48,38,post_checkpoint_save,,1
62362,0.65,21680128,48,39,post_checkpoint_save,,1
62364,0.66,21680128,48,40,post_checkpoint_save,,1
62372,0.65,21622784,48,41,post_checkpoint_save,,1
62367,0.65,21749760,48,42,post_checkpoint_save,,1
62369,0.66,21688320,48,43,post_checkpoint_save,,1
62370,0.65,21614592,48,44,post_checkpoint_save,,1
62373,0.65,21700608,48,45,post_checkpoint_save,,1
62376,0.65,21762048,48,46,post_checkpoint_save,,1
62377,0.67,21757952,48,47,post_checkpoint_save,,1
62379,0.66,21757952,48,48,post_checkpoint_save,,1
62302,0.77,21647360,48,1,post_checkpoint_restore,,1
62306,0.78,21774336,48,2,post_checkpoint_restore,,1
62314,0.77,21655552,48,3,post_checkpoint_restore,,1
62323,0.81,21770240,48,4,post_checkpoint_restore,,1
62305,0.76,26304512,48,5,post_checkpoint_restore,,1
62309,0.78,21630976,48,6,post_checkpoint_restore,,1
62308,0.78,26300416,48,7,post_checkpoint_restore,,1
62318,0.79,21757952,48,8,post_checkpoint_restore,,1
62316,0.8,26234880,48,9,post_checkpoint_restore,,1
62324,0.78,21635072,48,10,post_checkpoint_restore,,1
62311,0.81,26300416,48,11,post_checkpoint_restore,,1
62328,0.79,26230784,48,12,post_checkpoint_restore,,1
62322,0.8,21704704,48,13,post_checkpoint_restore,,1
62320,0.78,26243072,48,14,post_checkpoint_restore,,1
62329,0.79,21692416,48,15,post_checkpoint_restore,,1
62319,0.79,21667840,48,16,post_checkpoint_restore,,1
62326,0.8,21716992,48,17,post_checkpoint_restore,,1
62333,0.79,21667840,48,18,post_checkpoint_restore,,1
62332,0.8,21737472,48,19,post_checkpoint_restore,,1
62336,0.79,21741568,48,20,post_checkpoint_restore,,1
62337,0.78,21753856,48,21,post_checkpoint_restore,,1
62342,0.78,21618688,48,22,post_checkpoint_restore,,1
62335,0.78,26181632,48,23,post_checkpoint_restore,,1
62339,0.79,21700608,48,24,post_checkpoint_restore,,1
62338,0.8,26226688,48,25,post_checkpoint_restore,,1
62345,0.78,26099712,48,26,post_checkpoint_restore,,1
62343,0.79,21757952,48,27,post_checkpoint_restore,,1
62341,0.79,21561344,48,28,post_checkpoint_restore,,1
62344,0.79,21639168,48,29,post_checkpoint_restore,,1
62350,0.78,26202112,48,30,post_checkpoint_restore,,1
62347,0.78,21680128,48,31,post_checkpoint_restore,,1
62353,0.79,21757952,48,32,post_checkpoint_restore,,1
62354,0.8,26210304,48,33,post_checkpoint_restore,,1
62352,0.79,21684224,48,34,post_checkpoint_restore,,1
62358,0.79,21639168,48,35,post_checkpoint_restore,,1
62356,0.78,21630976,48,36,post_checkpoint_restore,,1
62359,0.78,21647360,48,37,post_checkpoint_restore,,1
62363,0.78,21553152,48,38,post_checkpoint_restore,,1
62362,0.78,21684224,48,39,post_checkpoint_restore,,1
62364,0.79,21684224,48,40,post_checkpoint_restore,,1
62372,0.77,26173440,48,41,post_checkpoint_restore,,1
62367,0.77,21753856,48,42,post_checkpoint_restore,,1
62369,0.78,21696512,48,43,post_checkpoint_restore,,1
62370,0.77,21622784,48,44,post_checkpoint_restore,,1
62373,0.78,26243072,48,45,post_checkpoint_restore,,1
62376,0.77,26304512,48,46,post_checkpoint_restore,,1
62377,0.8,21766144,48,47,post_checkpoint_restore,,1
62379,0.79,26300416,48,48,post_checkpoint_restore,,1
63015,0.12,20545536,48,1,post_boot,,2
63029,0.12,20426752,48,2,post_boot,,2
63020,0.12,20434944,48,3,post_boot,,2
63033,0.12,20439040,48,4,post_boot,,2
63018,0.12,20357120,48,5,post_boot,,2
63026,0.11,20537344,48,6,post_boot,,2
63027,0.13,20492288,48,7,post_boot,,2
63030,0.12,20619264,48,8,post_boot,,2
63028,0.12,20672512,48,9,post_boot,,2
63047,0.12,20615168,48,10,post_boot,,2
63035,0.13,20426752,48,11,post_boot,,2
63032,0.12,20520960,48,12,post_boot,,2
63048,0.11,20426752,48,13,post_boot,,2
63044,0.12,20619264,48,14,post_boot,,2
63052,0.12,20414464,48,15,post_boot,,2
63043,0.12,20615168,48,16,post_boot,,2
63038,0.12,20488192,48,17,post_boot,,2
63061,0.11,20496384,48,18,post_boot,,2
63051,0.12,20541440,48,19,post_boot,,2
63041,0.12,20291584,48,20,post_boot,,2
63060,0.12,20492288,48,21,post_boot,,2
63056,0.12,20619264,48,22,post_boot,,2
63058,0.12,20582400,48,23,post_boot,,2
63055,0.12,20619264,48,24,post_boot,,2
63050,0.12,20492288,48,25,post_boot,,2
63059,0.12,20504576,48,26,post_boot,,2
63049,0.12,20426752,48,27,post_boot,,2
63062,0.12,20664320,48,28,post_boot,,2
63053,0.12000000000000001,20566016,48,29,post_boot,,2
63057,0.13,20549632,48,30,post_boot,,2
63063,0.11,20340736,48,31,post_boot,,2
63065,0.12,20594688,48,32,post_boot,,2
63071,0.12,20566016,48,33,post_boot,,2
63069,0.12,20541440,48,34,post_boot,,2
63070,0.12,20590592,48,35,post_boot,,2
63073,0.11,20406272,48,36,post_boot,,2
63074,0.11,20537344,48,37,post_boot,,2
63076,0.12,20541440,48,38,post_boot,,2
63078,0.11,20615168,48,39,post_boot,,2
63080,0.13,20627456,48,40,post_boot,,2
63082,0.12,20439040,48,41,post_boot,,2
63084,0.12000000000000001,20615168,48,42,post_boot,,2
63089,0.12,20582400,48,43,post_boot,,2
63087,0.12,20353024,48,44,post_boot,,2
63090,0.11,20590592,48,45,post_boot,,2
63091,0.12,20615168,48,46,post_boot,,2
63092,0.12,20623360,48,47,post_boot,,2
63093,0.11,20430848,48,48,post_boot,,2
63015,0.25,20832256,48,1,tick,1,2
63029,0.24,20844544,48,2,tick,1,2
63020,0.24,20852736,48,3,tick,1,2
63033,0.25,20856832,48,4,tick,1,2
63018,0.25,20840448,48,5,tick,1,2
63026,0.24,20824064,48,6,tick,1,2
63027,0.26,20783104,48,7,tick,1,2
63030,0.24,20905984,48,8,tick,1,2
63028,0.24000000000000002,20959232,48,9,tick,1,2
63047,0.25,20905984,48,10,tick,1,2
63035,0.26,20848640,48,11,tick,1,2
63032,0.25,20807680,48,12,tick,1,2
63048,0.25,20848640,48,13,tick,1,2
63044,0.25,20905984,48,14,tick,1,2
63052,0.24,20766720,48,15,tick,1,2
63043,0.26,20905984,48,16,tick,1,2
63038,0.25,20844544,48,17,tick,1,2
63061,0.25,20852736,48,18,tick,1,2
63051,0.25,20897792,48,19,tick,1,2
63041,0.25,20709376,48,20,tick,1,2
63060,0.24,20783104,48,21,tick,1,2
63056,0.25,20905984,48,22,tick,1,2
63058,0.25,20873216,48,23,tick,1,2
63055,0.26,20905984,48,24,tick,1,2
63050,0.24,20779008,48,25,tick,1,2
63059,0.25,20791296,48,26,tick,1,2
63049,0.26,20848640,48,27,tick,1,2
63062,0.25,20955136,48,28,tick,1,2
63053,0.25,20918272,48,29,tick,1,2
63057,0.26,20840448,48,30,tick,1,2
63063,0.24000000000000002,20758528,48,31,tick,1,2
63065,0.25,20951040,48,32,tick,1,2
63071,0.26,20787200,48,33,tick,1,2
63069,0.25,20828160,48,34,tick,1,2
63070,0.25,20881408,48,35,tick,1,2
63073,0.24,20758528,48,36,tick,1,2
63074,0.25,20824064,48,37,tick,1,2
63076,0.25,20832256,48,38,tick,1,2
63078,0.24,20905984,48,39,tick,1,2
63080,0.26,20914176,48,40,tick,1,2
63082,0.24,20860928,48,41,tick,1,2
63084,0.25,20905984,48,42,tick,1,2
63089,0.25,20869120,48,43,tick,1,2
63087,0.25,20770816,48,44,tick,1,2
63090,0.25,20881408,48,45,tick,1,2
63091,0.25,20901888,48,46,tick,1,2
63092,0.26,20910080,48,47,tick,1,2
63093,0.25,20852736,48,48,tick,1,2
63015,0.29,20832256,48,1,tick,2,2
63029,0.29,20844544,48,2,tick,2,2
63020,0.28,20852736,48,3,tick,2,2
63033,0.29000000000000004,20856832,48,4,tick,2,2
63018,0.29000000000000004,20840448,48,5,tick,2,2
63026,0.28,20824064,48,6,tick,2,2
63027,0.3,20783104,48,7,tick,2,2
63030,0.28,20905984,48,8,tick,2,2
63028,0.29000000000000004,20959232,48,9,tick,2,2
63047,0.29,20905984,48,10,tick,2,2
63035,0.3,20848640,48,11,tick,2,2
63032,0.29000000000000004,20807680,48,12,tick,2,2
63048,0.29,20848640,48,13,tick,2,2
63044,0.29,20905984,48,14,tick,2,2
63052,0.29,20766720,48,15,tick,2,2
63043,0.3,20905984,48,16,tick,2,2
63038,0.29,20844544,48,17,tick,2,2
63061,0.29000000000000004,20852736,48,18,tick,2,2
63051,0.29,20897792,48,19,tick,2,2
63041,0.29,20709376,48,20,tick,2,2
63060,0.28,20783104,48,21,tick,2,2
63056,0.3,20905984,48,22,tick,2,2
63058,0.29,20873216,48,23,tick,2,2
63055,0.3,20905984,48,24,tick,2,2
63050,0.29,20779008,48,25,tick,2,2
63059,0.29,20791296,48,26,tick,2,2
63049,0.3,20848640,48,27,tick,2,2
63062,0.29,20955136,48,28,tick,2,2
63053,0.29000000000000004,20918272,48,29,tick,2,2
63057,0.30000000000000004,20840448,48,30,tick,2,2
63063,0.29000000000000004,20758528,48,31,tick,2,2
63065,0.29000000000000004,20951040,48,32,tick,2,2
63071,0.3,20787200,48,33,tick,2,2
63069,0.29,20828160,48,34,tick,2,2
63070,0.29,20881408,48,35,tick,2,2
63073,0.29,20758528,48,36,tick,2,2
63074,0.29000000000000004,20824064,48,37,tick,2,2
63076,0.29000000000000004,20832256,48,38,tick,2,2
63078,0.29,20905984,48,39,tick,2,2
63080,0.3,20914176,48,40,tick,2,2
63082,0.28,20860928,48,41,tick,2,2
63084,0.29000000000000004,20905984,48,42,tick,2,2
63089,0.29,20869120,48,43,tick,2,2
63087,0.29,20770816,48,44,tick,2,2
63090,0.29,20881408,48,45,tick,2,2
63091,0.29,20901888,48,46,tick,2,2
63092,0.3,20910080,48,47,tick,2,2
63093,0.29000000000000004,20852736,48,48,tick,2,2
63015,0.33,20832256,48,1,tick,3,2
63029,0.33,20844544,48,2,tick,3,2
63020,0.32,20852736,48,3,tick,3,2
63033,0.33,20856832,48,4,tick,3,2
63018,0.33,20840448,48,5,tick,3,2
63026,0.32,20824064,48,6,tick,3,2
63027,0.34,20783104,48,7,tick,3,2
63030,0.33,20905984,48,8,tick,3,2
63028,0.33,20959232,48,9,tick,3,2
63047,0.33,20905984,48,10,tick,3,2
63035,0.34,20848640,48,11,tick,3,2
63032,0.33,20807680,48,12,tick,3,2
63048,0.33,20848640,48,13,tick,3,2
63044,0.34,20905984,48,14,tick,3,2
63052,0.33,20766720,48,15,tick,3,2
63043,0.34,20905984,48,16,tick,3,2
63038,0.33,20844544,48,17,tick,3,2
63061,0.33,20852736,48,18,tick,3,2
63051,0.33,20897792,48,19,tick,3,2
63041,0.33,20709376,48,20,tick,3,2
63060,0.32,20783104,48,21,tick,3,2
63056,0.34,20905984,48,22,tick,3,2
63058,0.33,20873216,48,23,tick,3,2
63055,0.34,20905984,48,24,tick,3,2
63050,0.33,20779008,48,25,tick,3,2
63059,0.34,20791296,48,26,tick,3,2
63049,0.34,20848640,48,27,tick,3,2
63062,0.33,20955136,48,28,tick,3,2
63053,0.34,20918272,48,29,tick,3,2
63057,0.34,20840448,48,30,tick,3,2
63063,0.33,20758528,48,31,tick,3,2
63065,0.33,20951040,48,32,tick,3,2
63071,0.34,20787200,48,33,tick,3,2
63069,0.34,20828160,48,34,tick,3,2
63070,0.33,20881408,48,35,tick,3,2
63073,0.33,20758528,48,36,tick,3,2
63074,0.33,20824064,48,37,tick,3,2
63076,0.34,20832256,48,38,tick,3,2
63078,0.33,20905984,48,39,tick,3,2
63080,0.34,20914176,48,40,tick,3,2
63082,0.33,20860928,48,41,tick,3,2
63084,0.33,20905984,48,42,tick,3,2
63089,0.33,20869120,48,43,tick,3,2
63087,0.33,20770816,48,44,tick,3,2
63090,0.33,20881408,48,45,tick,3,2
63091,0.33,20901888,48,46,tick,3,2
63092,0.34,20910080,48,47,tick,3,2
63093,0.33,20852736,48,48,tick,3,2
63015,0.37,20832256,48,1,tick,4,2
63029,0.37,20844544,48,2,tick,4,2
63020,0.36,20852736,48,3,tick,4,2
63033,0.37,20856832,48,4,tick,4,2
63018,0.37,20840448,48,5,tick,4,2
63026,0.36,20824064,48,6,tick,4,2
63027,0.38,20783104,48,7,tick,4,2
63030,0.37,20905984,48,8,tick,4,2
63028,0.37,20959232,48,9,tick,4,2
63047,0.37,20905984,48,10,tick,4,2
63035,0.38,20848640,48,11,tick,4,2
63032,0.37,20807680,48,12,tick,4,2
63048,0.38,20848640,48,13,tick,4,2
63044,0.38,20905984,48,14,tick,4,2
63052,0.37,20766720,48,15,tick,4,2
63043,0.38,20905984,48,16,tick,4,2
63038,0.38,20844544,48,17,tick,4,2
63061,0.37,20852736,48,18,tick,4,2
63051,0.37,20897792,48,19,tick,4,2
63041,0.37,20709376,48,20,tick,4,2
63060,0.37,20783104,48,21,tick,4,2
63056,0.38,20905984,48,22,tick,4,2
63058,0.38,20873216,48,23,tick,4,2
63055,0.38,20905984,48,24,tick,4,2
63050,0.37,20779008,48,25,tick,4,2
63059,0.38,20791296,48,26,tick,4,2
63049,0.38,20848640,48,27,tick,4,2
63062,0.38,20955136,48,28,tick,4,2
63053,0.38,20918272,48,29,tick,4,2
63057,0.39,20840448,48,30,tick,4,2
63063,0.37,20758528,48,31,tick,4,2
63065,0.37,20951040,48,32,tick,4,2
63071,0.38,20787200,48,33,tick,4,2
63069,0.38,20828160,48,34,tick,4,2
63070,0.37,20881408,48,35,tick,4,2
63073,0.37,20758528,48,36,tick,4,2
63074,0.38,20824064,48,37,tick,4,2
63076,0.38,20832256,48,38,tick,4,2
63078,0.37,20905984,48,39,tick,4,2
63080,0.38,20914176,48,40,tick,4,2
63082,0.37,20860928,48,41,tick,4,2
63084,0.38,20905984,48,42,tick,4,2
63089,0.37,20869120,48,43,tick,4,2
63087,0.37,20770816,48,44,tick,4,2
63090,0.37,20881408,48,45,tick,4,2
63091,0.37,20901888,48,46,tick,4,2
63092,0.38,20910080,48,47,tick,4,2
63093,0.37,20852736,48,48,tick,4,2
63015,0.41,20832256,48,1,tick,5,2
63029,0.41,20844544,48,2,tick,5,2
63020,0.4,20852736,48,3,tick,5,2
63033,0.41000000000000003,20856832,48,4,tick,5,2
63018,0.41000000000000003,20840448,48,5,tick,5,2
63026,0.4,20824064,48,6,tick,5,2
63027,0.42,20783104,48,7,tick,5,2
63030,0.41,20905984,48,8,tick,5,2
63028,0.41000000000000003,20959232,48,9,tick,5,2
63047,0.41,20905984,48,10,tick,5,2
63035,0.43,20848640,48,11,tick,5,2
63032,0.42,20807680,48,12,tick,5,2
63048,0.42,20848640,48,13,tick,5,2
63044,0.42,20905984,48,14,tick,5,2
63052,0.41,20766720,48,15,tick,5,2
63043,0.42,20905984,48,16,tick,5,2
63038,0.42,20844544,48,17,tick,5,2
63061,0.41000000000000003,20852736,48,18,tick,5,2
63051,0.41,20897792,48,19,tick,5,2
63041,0.41,20709376,48,20,tick,5,2
63060,0.41,20783104,48,21,tick,5,2
63056,0.42,20905984,48,22,tick,5,2
63058,0.42,20873216,48,23,tick,5,2
63055,0.42,20905984,48,24,tick,5,2
63050,0.41,20779008,48,25,tick,5,2
63059,0.41,20791296,48,26,tick,5,2
63049,0.42,20848640,48,27,tick,5,2
63062,0.42,20955136,48,28,tick,5,2
63053,0.42000000000000004,20918272,48,29,tick,5,2
63057,0.43,20840448,48,30,tick,5,2
63063,0.41000000000000003,20758528,48,31,tick,5,2
63065,0.42,20951040,48,32,tick,5,2
63071,0.42,20787200,48,33,tick,5,2
63069,0.42,20828160,48,34,tick,5,2
63070,0.41,20881408,48,35,tick,5,2
63073,0.41,20758528,48,36,tick,5,2
63074,0.42,20824064,48,37,tick,5,2
63076,0.42,20832256,48,38,tick,5,2
63078,0.42,20905984,48,39,tick,5,2
63080,0.42,20914176,48,40,tick,5,2
63082,0.41,20860928,48,41,tick,5,2
63084,0.42000000000000004,20905984,48,42,tick,5,2
63089,0.41,20869120,48,43,tick,5,2
63087,0.41,20770816,48,44,tick,5,2
63090,0.41,20881408,48,45,tick,5,2
63091,0.41,20901888,48,46,tick,5,2
63092,0.42,20910080,48,47,tick,5,2
63093,0.41000000000000003,20852736,48,48,tick,5,2
63015,0.45,20832256,48,1,tick,6,2
63029,0.45,20844544,48,2,tick,6,2
63020,0.44,20852736,48,3,tick,6,2
63033,0.46,20856832,48,4,tick,6,2
63018,0.45,20840448,48,5,tick,6,2
63026,0.44,20824064,48,6,tick,6,2
63027,0.47,20783104,48,7,tick,6,2
63030,0.45,20905984,48,8,tick,6,2
63028,0.44,20959232,48,9,tick,6,2
63047,0.46,20905984,48,10,tick,6,2
63035,0.46,20848640,48,11,tick,6,2
63032,0.46,20807680,48,12,tick,6,2
63048,0.46,20848640,48,13,tick,6,2
63044,0.46,20905984,48,14,tick,6,2
63052,0.45,20766720,48,15,tick,6,2
63043,0.47000000000000003,20905984,48,16,tick,6,2
63038,0.45,20844544,48,17,tick,6,2
63061,0.45,20852736,48,18,tick,6,2
63051,0.46,20897792,48,19,tick,6,2
63041,0.45,20709376,48,20,tick,6,2
63060,0.45,20783104,48,21,tick,6,2
63056,0.46,20905984,48,22,tick,6,2
63058,0.46,20873216,48,23,tick,6,2
63055,0.47,20905984,48,24,tick,6,2
63050,0.45,20779008,48,25,tick,6,2
63059,0.45,20791296,48,26,tick,6,2
63049,0.47000000000000003,20848640,48,27,tick,6,2
63062,0.45,20955136,48,28,tick,6,2
63053,0.46,20918272,48,29,tick,6,2
63057,0.47000000000000003,20840448,48,30,tick,6,2
63063,0.46,20758528,48,31,tick,6,2
63065,0.46,20951040,48,32,tick,6,2
63071,0.46,20787200,48,33,tick,6,2
63069,0.46,20828160,48,34,tick,6,2
63070,0.46,20881408,48,35,tick,6,2
63073,0.46,20758528,48,36,tick,6,2
63074,0.46,20824064,48,37,tick,6,2
63076,0.46,20832256,48,38,tick,6,2
63078,0.46,20905984,48,39,tick,6,2
63080,0.47,20914176,48,40,tick,6,2
63082,0.45,20860928,48,41,tick,6,2
63084,0.46,20905984,48,42,tick,6,2
63089,0.45,20869120,48,43,tick,6,2
63087,0.45,20770816,48,44,tick,6,2
63090,0.45,20881408,48,45,tick,6,2
63091,0.45,20901888,48,46,tick,6,2
63092,0.46,20910080,48,47,tick,6,2
63093,0.46,20852736,48,48,tick,6,2
63015,0.49,20832256,48,1,tick,7,2
63029,0.49,20844544,48,2,tick,7,2
63020,0.48,20852736,48,3,tick,7,2
63033,0.49,20856832,48,4,tick,7,2
63018,0.49,20840448,48,5,tick,7,2
63026,0.48,20824064,48,6,tick,7,2
63027,0.51,20783104,48,7,tick,7,2
63030,0.49,20905984,48,8,tick,7,2
63028,0.48,20959232,48,9,tick,7,2
63047,0.5,20905984,48,10,tick,7,2
63035,0.5,20848640,48,11,tick,7,2
63032,0.5,20807680,48,12,tick,7,2
63048,0.5,20848640,48,13,tick,7,2
63044,0.5,20905984,48,14,tick,7,2
63052,0.5,20766720,48,15,tick,7,2
63043,0.51,20905984,48,16,tick,7,2
63038,0.49,20844544,48,17,tick,7,2
63061,0.49,20852736,48,18,tick,7,2
63051,0.5,20897792,48,19,tick,7,2
63041,0.5,20709376,48,20,tick,7,2
63060,0.49,20783104,48,21,tick,7,2
63056,0.5,20905984,48,22,tick,7,2
63058,0.5,20873216,48,23,tick,7,2
63055,0.51,20905984,48,24,tick,7,2
63050,0.49,20779008,48,25,tick,7,2
63059,0.5,20791296,48,26,tick,7,2
63049,0.51,20848640,48,27,tick,7,2
63062,0.49,20955136,48,28,tick,7,2
63053,0.5,20918272,48,29,tick,7,2
63057,0.51,20840448,48,30,tick,7,2
63063,0.5,20758528,48,31,tick,7,2
63065,0.5,20951040,48,32,tick,7,2
63071,0.5,20787200,48,33,tick,7,2
63069,0.5,20828160,48,34,tick,7,2
63070,0.5,20881408,48,35,tick,7,2
63073,0.5,20758528,48,36,tick,7,2
63074,0.5,20824064,48,37,tick,7,2
63076,0.5,20832256,48,38,tick,7,2
63078,0.5,20905984,48,39,tick,7,2
63080,0.51,20914176,48,40,tick,7,2
63082,0.49,20860928,48,41,tick,7,2
63084,0.5,20905984,48,42,tick,7,2
63089,0.49,20869120,48,43,tick,7,2
63087,0.49,20770816,48,44,tick,7,2
63090,0.49,20881408,48,45,tick,7,2
63091,0.49,20901888,48,46,tick,7,2
63092,0.5,20910080,48,47,tick,7,2
63093,0.49,20852736,48,48,tick,7,2
63015,0.53,20832256,48,1,tick,8,2
63029,0.53,20844544,48,2,tick,8,2
63020,0.52,20852736,48,3,tick,8,2
63033,0.53,20856832,48,4,tick,8,2
63018,0.54,20840448,48,5,tick,8,2
63026,0.52,20824064,48,6,tick,8,2
63027,0.55,20783104,48,7,tick,8,2
63030,0.54,20905984,48,8,tick,8,2
63028,0.53,20959232,48,9,tick,8,2
63047,0.55,20905984,48,10,tick,8,2
63035,0.54,20848640,48,11,tick,8,2
63032,0.54,20807680,48,12,tick,8,2
63048,0.54,20848640,48,13,tick,8,2
63044,0.54,20905984,48,14,tick,8,2
63052,0.54,20766720,48,15,tick,8,2
63043,0.55,20905984,48,16,tick,8,2
63038,0.53,20844544,48,17,tick,8,2
63061,0.53,20852736,48,18,tick,8,2
63051,0.54,20897792,48,19,tick,8,2
63041,0.54,20709376,48,20,tick,8,2
63060,0.53,20783104,48,21,tick,8,2
63056,0.54,20905984,48,22,tick,8,2
63058,0.54,20873216,48,23,tick,8,2
63055,0.55,20905984,48,24,tick,8,2
63050,0.53,20779008,48,25,tick,8,2
63059,0.54,20791296,48,26,tick,8,2
63049,0.55,20848640,48,27,tick,8,2
63062,0.53,20955136,48,28,tick,8,2
63053,0.54,20918272,48,29,tick,8,2
63057,0.55,20840448,48,30,tick,8,2
63063,0.54,20758528,48,31,tick,8,2
63065,0.54,20951040,48,32,tick,8,2
63071,0.54,20787200,48,33,tick,8,2
63069,0.54,20828160,48,34,tick,8,2
63070,0.54,20881408,48,35,tick,8,2
63073,0.54,20758528,48,36,tick,8,2
63074,0.54,20824064,48,37,tick,8,2
63076,0.54,20832256,48,38,tick,8,2
63078,0.55,20905984,48,39,tick,8,2
63080,0.55,20914176,48,40,tick,8,2
63082,0.53,20860928,48,41,tick,8,2
63084,0.54,20905984,48,42,tick,8,2
63089,0.53,20869120,48,43,tick,8,2
63087,0.53,20770816,48,44,tick,8,2
63090,0.53,20881408,48,45,tick,8,2
63091,0.53,20901888,48,46,tick,8,2
63092,0.55,20910080,48,47,tick,8,2
63093,0.53,20852736,48,48,tick,8,2
63015,0.57,20832256,48,1,tick,9,2
63029,0.57,20844544,48,2,tick,9,2
63020,0.56,20852736,48,3,tick,9,2
63033,0.5700000000000001,20856832,48,4,tick,9,2
63018,0.58,20840448,48,5,tick,9,2
63026,0.56,20824064,48,6,tick,9,2
63027,0.59,20783104,48,7,tick,9,2
63030,0.58,20905984,48,8,tick,9,2
63028,0.5700000000000001,20959232,48,9,tick,9,2
63047,0.59,20905984,48,10,tick,9,2
63035,0.59,20848640,48,11,tick,9,2
63032,0.58,20807680,48,12,tick,9,2
63048,0.58,20848640,48,13,tick,9,2
63044,0.58,20905984,48,14,tick,9,2
63052,0.58,20766720,48,15,tick,9,2
63043,0.6,20905984,48,16,tick,9,2
63038,0.57,20844544,48,17,tick,9,2
63061,0.58,20852736,48,18,tick,9,2
63051,0.6,20897792,48,19,tick,9,2
63041,0.58,20709376,48,20,tick,9,2
63060,0.58,20783104,48,21,tick,9,2
63056,0.58,20905984,48,22,tick,9,2
63058,0.59,20873216,48,23,tick,9,2
63055,0.59,20905984,48,24,tick,9,2
63050,0.58,20779008,48,25,tick,9,2
63059,0.59,20791296,48,26,tick,9,2
63049,0.59,20848640,48,27,tick,9,2
63062,0.58,20955136,48,28,tick,9,2
63053,0.5800000000000001,20918272,48,29,tick,9,2
63057,0.59,20840448,48,30,tick,9,2
63063,0.58,20758528,48,31,tick,9,2
63065,0.58,20951040,48,32,tick,9,2
63071,0.58,20787200,48,33,tick,9,2
63069,0.57,20828160,48,34,tick,9,2
63070,0.58,20881408,48,35,tick,9,2
63073,0.58,20758528,48,36,tick,9,2
63074,0.59,20824064,48,37,tick,9,2
63076,0.59,20832256,48,38,tick,9,2
63078,0.59,20905984,48,39,tick,9,2
63080,0.59,20914176,48,40,tick,9,2
63082,0.57,20860928,48,41,tick,9,2
63084,0.5800000000000001,20905984,48,42,tick,9,2
63089,0.58,20869120,48,43,tick,9,2
63087,0.57,20770816,48,44,tick,9,2
63090,0.57,20881408,48,45,tick,9,2
63091,0.57,20901888,48,46,tick,9,2
63092,0.59,20910080,48,47,tick,9,2
63093,0.5700000000000001,20852736,48,48,tick,9,2
63015,0.61,20832256,48,1,tick,10,2
63029,0.61,20844544,48,2,tick,10,2
63020,0.6,20852736,48,3,tick,10,2
63033,0.62,20856832,48,4,tick,10,2
63018,0.61,20840448,48,5,tick,10,2
63026,0.6,20824064,48,6,tick,10,2
63027,0.63,20783104,48,7,tick,10,2
63030,0.62,20905984,48,8,tick,10,2
63028,0.61,20959232,48,9,tick,10,2
63047,0.63,20905984,48,10,tick,10,2
63035,0.63,20848640,48,11,tick,10,2
63032,0.63,20807680,48,12,tick,10,2
63048,0.62,20848640,48,13,tick,10,2
63044,0.62,20905984,48,14,tick,10,2
63052,0.62,20766720,48,15,tick,10,2
63043,0.64,20905984,48,16,tick,10,2
63038,0.61,20844544,48,17,tick,10,2
63061,0.62,20852736,48,18,tick,10,2
63051,0.64,20897792,48,19,tick,10,2
63041,0.62,20709376,48,20,tick,10,2
63060,0.62,20783104,48,21,tick,10,2
63056,0.62,20905984,48,22,tick,10,2
63058,0.63,20873216,48,23,tick,10,2
63055,0.63,20905984,48,24,tick,10,2
63050,0.62,20779008,48,25,tick,10,2
63059,0.63,20791296,48,26,tick,10,2
63049,0.63,20848640,48,27,tick,10,2
63062,0.62,20955136,48,28,tick,10,2
63053,0.62,20918272,48,29,tick,10,2
63057,0.63,20840448,48,30,tick,10,2
63063,0.62,20758528,48,31,tick,10,2
63065,0.62,20951040,48,32,tick,10,2
63071,0.62,20787200,48,33,tick,10,2
63069,0.61,20828160,48,34,tick,10,2
63070,0.62,20881408,48,35,tick,10,2
63073,0.62,20758528,48,36,tick,10,2
63074,0.63,20824064,48,37,tick,10,2
63076,0.63,20832256,48,38,tick,10,2
63078,0.63,20905984,48,39,tick,10,2
63080,0.63,20914176,48,40,tick,10,2
63082,0.62,20860928,48,41,tick,10,2
63084,0.62,20905984,48,42,tick,10,2
63089,0.62,20869120,48,43,tick,10,2
63087,0.61,20770816,48,44,tick,10,2
63090,0.61,20881408,48,45,tick,10,2
63091,0.61,20901888,48,46,tick,10,2
63092,0.63,20910080,48,47,tick,10,2
63093,0.61,20852736,48,48,tick,10,2
63015,0.61,20832256,48,1,pre_checkpoint,,2
63029,0.61,20844544,48,2,pre_checkpoint,,2
63020,0.6,20852736,48,3,pre_checkpoint,,2
63033,0.62,20856832,48,4,pre_checkpoint,,2
63018,0.61,20840448,48,5,pre_checkpoint,,2
63026,0.6,20824064,48,6,pre_checkpoint,,2
63027,0.63,20783104,48,7,pre_checkpoint,,2
63030,0.62,20905984,48,8,pre_checkpoint,,2
63028,0.61,20959232,48,9,pre_checkpoint,,2
63047,0.63,20905984,48,10,pre_checkpoint,,2
63035,0.63,20848640,48,11,pre_checkpoint,,2
63032,0.63,20807680,48,12,pre_checkpoint,,2
63048,0.62,20848640,48,13,pre_checkpoint,,2
63044,0.62,20905984,48,14,pre_checkpoint,,2
63052,0.62,20766720,48,15,pre_checkpoint,,2
63043,0.64,20905984,48,16,pre_checkpoint,,2
63038,0.61,20844544,48,17,pre_checkpoint,,2
63061,0.62,20852736,48,18,pre_checkpoint,,2
63051,0.64,20897792,48,19,pre_checkpoint,,2
63041,0.62,20709376,48,20,pre_checkpoint,,2
63060,0.62,20783104,48,21,pre_checkpoint,,2
63056,0.62,20905984,48,22,pre_checkpoint,,2
63058,0.63,20873216,48,23,pre_checkpoint,,2
63055,0.63,20905984,48,24,pre_checkpoint,,2
63050,0.62,20779008,48,25,pre_checkpoint,,2
63059,0.63,20791296,48,26,pre_checkpoint,,2
63049,0.63,20848640,48,27,pre_checkpoint,,2
63062,0.62,20955136,48,28,pre_checkpoint,,2
63053,0.62,20918272,48,29,pre_checkpoint,,2
63057,0.63,20840448,48,30,pre_checkpoint,,2
63063,0.62,20758528,48,31,pre_checkpoint,,2
63065,0.62,20951040,48,32,pre_checkpoint,,2
63071,0.62,20787200,48,33,pre_checkpoint,,2
63069,0.61,20828160,48,34,pre_checkpoint,,2
63070,0.62,20881408,48,35,pre_checkpoint,,2
63073,0.62,20758528,48,36,pre_checkpoint,,2
63074,0.63,20824064,48,37,pre_checkpoint,,2
63076,0.63,20832256,48,38,pre_checkpoint,,2
63078,0.63,20905984,48,39,pre_checkpoint,,2
63080,0.63,20914176,48,40,pre_checkpoint,,2
63082,0.62,20860928,48,41,pre_checkpoint,,2
63084,0.62,20905984,48,42,pre_checkpoint,,2
63089,0.62,20869120,48,43,pre_checkpoint,,2
63087,0.61,20770816,48,44,pre_checkpoint,,2
63090,0.61,20881408,48,45,pre_checkpoint,,2
63091,0.61,20901888,48,46,pre_checkpoint,,2
63092,0.63,20910080,48,47,pre_checkpoint,,2
63093,0.61,20852736,48,48,pre_checkpoint,,2
63015,0.65,21676032,48,1,post_checkpoint_save,,2
63029,0.65,21741568,48,2,post_checkpoint_save,,2
63020,0.65,21700608,48,3,post_checkpoint_save,,2
63033,0.66,21700608,48,4,post_checkpoint_save,,2
63018,0.65,21741568,48,5,post_checkpoint_save,,2
63026,0.65,21667840,48,6,post_checkpoint_save,,2
63027,0.67,21626880,48,7,post_checkpoint_save,,2
63030,0.65,21753856,48,8,post_checkpoint_save,,2
63028,0.65,21803008,48,9,post_checkpoint_save,,2
63047,0.67,21749760,48,10,post_checkpoint_save,,2
63035,0.68,21749760,48,11,post_checkpoint_save,,2
63032,0.68,21655552,48,12,post_checkpoint_save,,2
63048,0.67,21749760,48,13,post_checkpoint_save,,2
63044,0.66,21749760,48,14,post_checkpoint_save,,2
63052,0.66,21614592,48,15,post_checkpoint_save,,2
63043,0.68,21753856,48,16,post_checkpoint_save,,2
63038,0.66,21692416,48,17,post_checkpoint_save,,2
63061,0.66,21700608,48,18,post_checkpoint_save,,2
63051,0.67,21745664,48,19,post_checkpoint_save,,2
63041,0.66,21553152,48,20,post_checkpoint_save,,2
63060,0.66,21626880,48,21,post_checkpoint_save,,2
63056,0.66,21753856,48,22,post_checkpoint_save,,2
63058,0.67,21721088,48,23,post_checkpoint_save,,2
63055,0.68,21753856,48,24,post_checkpoint_save,,2
63050,0.67,21626880,48,25,post_checkpoint_save,,2
63059,0.67,21635072,48,26,post_checkpoint_save,,2
63049,0.67,21749760,48,27,post_checkpoint_save,,2
63062,0.65,21798912,48,28,post_checkpoint_save,,2
63053,0.67,21762048,48,29,post_checkpoint_save,,2
63057,0.68,21688320,48,30,post_checkpoint_save,,2
63063,0.67,21655552,48,31,post_checkpoint_save,,2
63065,0.67,21794816,48,32,post_checkpoint_save,,2
63071,0.66,21630976,48,33,post_checkpoint_save,,2
63069,0.66,21676032,48,34,post_checkpoint_save,,2
63070,0.66,21729280,48,35,post_checkpoint_save,,2
63073,0.66,21606400,48,36,post_checkpoint_save,,2
63074,0.67,21667840,48,37,post_checkpoint_save,,2
63076,0.67,21676032,48,38,post_checkpoint_save,,2
63078,0.67,21753856,48,39,post_checkpoint_save,,2
63080,0.67,21762048,48,40,post_checkpoint_save,,2
63082,0.66,21704704,48,41,post_checkpoint_save,,2
63084,0.66,21753856,48,42,post_checkpoint_save,,2
63089,0.67,21716992,48,43,post_checkpoint_save,,2
63087,0.65,21671936,48,44,post_checkpoint_save,,2
63090,0.66,21729280,48,45,post_checkpoint_save,,2
63091,0.65,21745664,48,46,post_checkpoint_save,,2
63092,0.67,21757952,48,47,post_checkpoint_save,,2
63093,0.66,21696512,48,48,post_checkpoint_save,,2
63015,0.77,21684224,48,1,post_checkpoint_restore,,2
63029,0.77,21749760,48,2,post_checkpoint_restore,,2
63020,0.78,21704704,48,3,post_checkpoint_restore,,2
63033,0.78,21708800,48,4,post_checkpoint_restore,,2
63018,0.77,21745664,48,5,post_checkpoint_restore,,2
63026,0.77,21676032,48,6,post_checkpoint_restore,,2
63027,0.78,21635072,48,7,post_checkpoint_restore,,2
63030,0.77,21757952,48,8,post_checkpoint_restore,,2
63028,0.77,21811200,48,9,post_checkpoint_restore,,2
63047,0.79,26292224,48,10,post_checkpoint_restore,,2
63035,0.8,21753856,48,11,post_checkpoint_restore,,2
63032,0.79,21659648,48,12,post_checkpoint_restore,,2
63048,0.8,21753856,48,13,post_checkpoint_restore,,2
63044,0.78,21757952,48,14,post_checkpoint_restore,,2
63052,0.78,26157056,48,15,post_checkpoint_restore,,2
63043,0.8,21757952,48,16,post_checkpoint_restore,,2
63038,0.78,21696512,48,17,post_checkpoint_restore,,2
63061,0.79,21704704,48,18,post_checkpoint_restore,,2
63051,0.79,21749760,48,19,post_checkpoint_restore,,2
63041,0.77,21561344,48,20,post_checkpoint_restore,,2
63060,0.77,21635072,48,21,post_checkpoint_restore,,2
63056,0.78,21757952,48,22,post_checkpoint_restore,,2
63058,0.79,21725184,48,23,post_checkpoint_restore,,2
63055,0.8,21757952,48,24,post_checkpoint_restore,,2
63050,0.78,21630976,48,25,post_checkpoint_restore,,2
63059,0.78,26177536,48,26,post_checkpoint_restore,,2
63049,0.79,26292224,48,27,post_checkpoint_restore,,2
63062,0.77,21803008,48,28,post_checkpoint_restore,,2
63053,0.79,21770240,48,29,post_checkpoint_restore,,2
63057,0.8,26230784,48,30,post_checkpoint_restore,,2
63063,0.8,21663744,48,31,post_checkpoint_restore,,2
63065,0.79,21803008,48,32,post_checkpoint_restore,,2
63071,0.78,21639168,48,33,post_checkpoint_restore,,2
63069,0.78,21680128,48,34,post_checkpoint_restore,,2
63070,0.77,21733376,48,35,post_checkpoint_restore,,2
63073,0.79,21610496,48,36,post_checkpoint_restore,,2
63074,0.78,21676032,48,37,post_checkpoint_restore,,2
63076,0.79,21684224,48,38,post_checkpoint_restore,,2
63078,0.78,21757952,48,39,post_checkpoint_restore,,2
63080,0.79,26304512,48,40,post_checkpoint_restore,,2
63082,0.77,21712896,48,41,post_checkpoint_restore,,2
63084,0.78,21757952,48,42,post_checkpoint_restore,,2
63089,0.79,21721088,48,43,post_checkpoint_restore,,2
63087,0.77,26214400,48,44,post_checkpoint_restore,,2
63090,0.77,26271744,48,45,post_checkpoint_restore,,2
63091,0.78,21753856,48,46,post_checkpoint_restore,,2
63092,0.79,21762048,48,47,post_checkpoint_restore,,2
63093,0.77,26238976,48,48,post_checkpoint_restore,,2
63713,0.12,20590592,64,1,post_boot,,1
63719,0.12,20398080,64,2,post_boot,,1
63710,0.12,20594688,64,3,post_boot,,1
63711,0.12,20516864,64,4,post_boot,,1
63716,0.11,20492288,64,5,post_boot,,1
63717,0.12,20434944,64,6,post_boot,,1
63720,0.12,20426752,64,7,post_boot,,1
63723,0.12,20590592,64,8,post_boot,,1
63722,0.12,20434944,64,9,post_boot,,1
63728,0.12,20557824,64,10,post_boot,,1
63724,0.12,20615168,64,11,post_boot,,1
63727,0.11,20504576,64,12,post_boot,,1
63726,0.11,20369408,64,13,post_boot,,1
63729,0.11,20545536,64,14,post_boot,,1
63732,0.12,20549632,64,15,post_boot,,1
63734,0.11,20410368,64,16,post_boot,,1
63736,0.11,20627456,64,17,post_boot,,1
63735,0.11,20533248,64,18,post_boot,,1
63741,0.12,20549632,64,19,post_boot,,1
63745,0.12,20471808,64,20,post_boot,,1
63740,0.12,20443136,64,21,post_boot,,1
63743,0.12,20496384,64,22,post_boot,,1
63744,0.12,20606976,64,23,post_boot,,1
63746,0.11,20422656,64,24,post_boot,,1
63747,0.12,20369408,64,25,post_boot,,1
63749,0.12,20586496,64,26,post_boot,,1
63752,0.12,20430848,64,27,post_boot,,1
63754,0.12,20590592,64,28,post_boot,,1
63755,0.12,20459520,64,29,post_boot,,1
63758,0.12,20418560,64,30,post_boot,,1
63759,0.12,20414464,64,31,post_boot,,1
63761,0.12,20611072,64,32,post_boot,,1
63763,0.12,20545536,64,33,post_boot,,1
63765,0.12,20496384,64,34,post_boot,,1
63767,0.12,20484096,64,35,post_boot,,1
63769,0.12,20512768,64,36,post_boot,,1
63771,0.12,20430848,64,37,post_boot,,1
63773,0.12,20418560,64,38,post_boot,,1
63776,0.12,20623360,64,39,post_boot,,1
63777,0.12,20484096,64,40,post_boot,,1
63779,0.12,20414464,64,41,post_boot,,1
63781,0.11,20414464,64,42,post_boot,,1
63783,0.11,20570112,64,43,post_boot,,1
63785,0.11,20496384,64,44,post_boot,,1
63787,0.12,20545536,64,45,post_boot,,1
63789,0.11,20545536,64,46,post_boot,,1
63794,0.12,20484096,64,47,post_boot,,1
63793,0.12,20430848,64,48,post_boot,,1
63795,0.12,20533248,64,49,post_boot,,1
63797,0.12,20545536,64,50,post_boot,,1
63799,0.12,20430848,64,51,post_boot,,1
63801,0.12,20508672,64,52,post_boot,,1
63803,0.12,20496384,64,53,post_boot,,1
63805,0.12,20508672,64,54,post_boot,,1
63807,0.11,20406272,64,55,post_boot,,1
63808,0.12,20496384,64,56,post_boot,,1
63810,0.12,20615168,64,57,post_boot,,1
63812,0.12,20443136,64,58,post_boot,,1
63814,0.12,20586496,64,59,post_boot,,1
63815,0.12,20615168,64,60,post_boot,,1
63819,0.11,20402176,64,61,post_boot,,1
63817,0.11,20418560,64,62,post_boot,,1
63820,0.12,20426752,64,63,post_boot,,1
63821,0.12,20598784,64,64,post_boot,,1
63713,0.24,20881408,64,1,tick,1,1
63719,0.24000000000000002,20815872,64,2,tick,1,1
63710,0.25,20885504,64,3,tick,1,1
63711,0.24000000000000002,20803584,64,4,tick,1,1
63716,0.24,20783104,64,5,tick,1,1
63717,0.25,20791296,64,6,tick,1,1
63720,0.25,20779008,64,7,tick,1,1
63723,0.24,20881408,64,8,tick,1,1
63722,0.25,20787200,64,9,tick,1,1
63728,0.25,20914176,64,10,tick,1,1
63724,0.25,20905984,64,11,tick,1,1
63727,0.24,20856832,64,12,tick,1,1
63726,0.24,20787200,64,13,tick,1,1
63729,0.26,20832256,64,14,tick,1,1
63732,0.25,20901888,64,15,tick,1,1
63734,0.24,20762624,64,16,tick,1,1
63736,0.24000000000000002,20848640,64,17,tick,1,1
63735,0.24,20819968,64,18,tick,1,1
63741,0.25,20901888,64,19,tick,1,1
63745,0.25,20762624,64,20,tick,1,1
63740,0.25,20860928,64,21,tick,1,1
63743,0.25,20848640,64,22,tick,1,1
63744,0.25,20893696,64,23,tick,1,1
63746,0.24,20844544,64,24,tick,1,1
63747,0.24000000000000002,20725760,64,25,tick,1,1
63749,0.24,20877312,64,26,tick,1,1
63752,0.24,20848640,64,27,tick,1,1
63754,0.24,20881408,64,28,tick,1,1
63755,0.25,20746240,64,29,tick,1,1
63758,0.24,20770816,64,30,tick,1,1
63759,0.25,20770816,64,31,tick,1,1
63761,0.25,20901888,64,32,tick,1,1
63763,0.24,20901888,64,33,tick,1,1
63765,0.24,20783104,64,34,tick,1,1
63767,0.24,20840448,64,35,tick,1,1
63769,0.25,20865024,64,36,tick,1,1
63771,0.24000000000000002,20787200,64,37,tick,1,1
63773,0.24,20770816,64,38,tick,1,1
63776,0.24,20914176,64,39,tick,1,1
63777,0.24000000000000002,20840448,64,40,tick,1,1
63779,0.24,20766720,64,41,tick,1,1
63781,0.24,20701184,64,42,tick,1,1
63783,0.24,20856832,64,43,tick,1,1
63785,0.24,20783104,64,44,tick,1,1
63787,0.24,20901888,64,45,tick,1,1
63789,0.24,20901888,64,46,tick,1,1
63794,0.24,20901888,64,47,tick,1,1
63793,0.24,20852736,64,48,tick,1,1
63795,0.23,20824064,64,49,tick,1,1
63797,0.24,20901888,64,50,tick,1,1
63799,0.25,20852736,64,51,tick,1,1
63801,0.25,20865024,64,52,tick,1,1
63803,0.24,20852736,64,53,tick,1,1
63805,0.24,20795392,64,54,tick,1,1
63807,0.24,20697088,64,55,tick,1,1
63808,0.24000000000000002,20783104,64,56,tick,1,1
63810,0.24000000000000002,20905984,64,57,tick,1,1
63812,0.24,20795392,64,58,tick,1,1
63814,0.24000000000000002,20877312,64,59,tick,1,1
63815,0.24,20905984,64,60,tick,1,1
63819,0.24000000000000002,20692992,64,61,tick,1,1
63817,0.24,20770816,64,62,tick,1,1
63820,0.24000000000000002,20848640,64,63,tick,1,1
63821,0.25,20885504,64,64,tick,1,1
63713,0.28,20881408,64,1,tick,2,1
63719,0.28,20815872,64,2,tick,2,1
63710,0.28,20885504,64,3,tick,2,1
63711,0.28,20803584,64,4,tick,2,1
63716,0.28,20783104,64,5,tick,2,1
63717,0.29,20791296,64,6,tick,2,1
63720,0.29000000000000004,20779008,64,7,tick,2,1
63723,0.28,20881408,64,8,tick,2,1
63722,0.29,20787200,64,9,tick,2,1
63728,0.28,20914176,64,10,tick,2,1
63724,0.29000000000000004,20905984,64,11,tick,2,1
63727,0.28,20856832,64,12,tick,2,1
63726,0.28,20787200,64,13,tick,2,1
63729,0.3,20832256,64,14,tick,2,1
63732,0.29,20901888,64,15,tick,2,1
63734,0.28,20762624,64,16,tick,2,1
63736,0.28,20848640,64,17,tick,2,1
63735,0.28,20819968,64,18,tick,2,1
63741,0.29000000000000004,20901888,64,19,tick,2,1
63745,0.29,20762624,64,20,tick,2,1
63740,0.29,20860928,64,21,tick,2,1
63743,0.3,20848640,64,22,tick,2,1
63744,0.29000000000000004,20893696,64,23,tick,2,1
63746,0.28,20844544,64,24,tick,2,1
63747,0.29000000000000004,20725760,64,25,tick,2,1
63749,0.28,20877312,64,26,tick,2,1
63752,0.29,20848640,64,27,tick,2,1
63754,0.29,20881408,64,28,tick,2,1
63755,0.29,20746240,64,29,tick,2,1
63758,0.28,20770816,64,30,tick,2,1
63759,0.29,20770816,64,31,tick,2,1
63761,0.29,20901888,64,32,tick,2,1
63763,0.28,20901888,64,33,tick,2,1
63765,0.28,20783104,64,34,tick,2,1
63767,0.29,20840448,64,35,tick,2,1
63769,0.29,20865024,64,36,tick,2,1
63771,0.28,20787200,64,37,tick,2,1
63773,0.29,20770816,64,38,tick,2,1
63776,0.28,20914176,64,39,tick,2,1
63777,0.28,20840448,64,40,tick,2,1
63779,0.28,20766720,64,41,tick,2,1
63781,0.28,20701184,64,42,tick,2,1
63783,0.28,20856832,64,43,tick,2,1
63785,0.28,20783104,64,44,tick,2,1
63787,0.28,20901888,64,45,tick,2,1
63789,0.28,20901888,64,46,tick,2,1
63794,0.29,20901888,64,47,tick,2,1
63793,0.28,20852736,64,48,tick,2,1
63795,0.27,20824064,64,49,tick,2,1
63797,0.28,20901888,64,50,tick,2,1
63799,0.29,20852736,64,51,tick,2,1
63801,0.29,20865024,64,52,tick,2,1
63803,0.28,20852736,64,53,tick,2,1
63805,0.28,20795392,64,54,tick,2,1
63807,0.28,20697088,64,55,tick,2,1
63808,0.28,20783104,64,56,tick,2,1
63810,0.28,20905984,64,57,tick,2,1
63812,0.28,20795392,64,58,tick,2,1
63814,0.28,20877312,64,59,tick,2,1
63815,0.28,20905984,64,60,tick,2,1
63819,0.28,20692992,64,61,tick,2,1
63817,0.28,20770816,64,62,tick,2,1
63820,0.28,20848640,64,63,tick,2,1
63821,0.29,20885504,64,64,tick,2,1
63713,0.32,20881408,64,1,tick,3,1
63719,0.32,20815872,64,2,tick,3,1
63710,0.32,20885504,64,3,tick,3,1
63711,0.32,20803584,64,4,tick,3,1
63716,0.32,20783104,64,5,tick,3,1
63717,0.33,20791296,64,6,tick,3,1
63720,0.33,20779008,64,7,tick,3,1
63723,0.32,20881408,64,8,tick,3,1
63722,0.33,20787200,64,9,tick,3,1
63728,0.33,20914176,64,10,tick,3,1
63724,0.32,20905984,64,11,tick,3,1
63727,0.32,20856832,64,12,tick,3,1
63726,0.32,20787200,64,13,tick,3,1
63729,0.34,20832256,64,14,tick,3,1
63732,0.33,20901888,64,15,tick,3,1
63734,0.32,20762624,64,16,tick,3,1
63736,0.32,20848640,64,17,tick,3,1
63735,0.33,20819968,64,18,tick,3,1
63741,0.34,20901888,64,19,tick,3,1
63745,0.33,20762624,64,20,tick,3,1
63740,0.33,20860928,64,21,tick,3,1
63743,0.34,20848640,64,22,tick,3,1
63744,0.33,20893696,64,23,tick,3,1
63746,0.32,20844544,64,24,tick,3,1
63747,0.33,20725760,64,25,tick,3,1
63749,0.32,20877312,64,26,tick,3,1
63752,0.33,20848640,64,27,tick,3,1
63754,0.33,20881408,64,28,tick,3,1
63755,0.33,20746240,64,29,tick,3,1
63758,0.33,20770816,64,30,tick,3,1
63759,0.33,20770816,64,31,tick,3,1
63761,0.33,20901888,64,32,tick,3,1
63763,0.33,20901888,64,33,tick,3,1
63765,0.32,20783104,64,34,tick,3,1
63767,0.33,20840448,64,35,tick,3,1
63769,0.33,20865024,64,36,tick,3,1
63771,0.32,20787200,64,37,tick,3,1
63773,0.33,20770816,64,38,tick,3,1
63776,0.33,20914176,64,39,tick,3,1
63777,0.32,20840448,64,40,tick,3,1
63779,0.32,20766720,64,41,tick,3,1
63781,0.32,20701184,64,42,tick,3,1
63783,0.33,20856832,64,43,tick,3,1
63785,0.33,20783104,64,44,tick,3,1
63787,0.33,20901888,64,45,tick,3,1
63789,0.32,20901888,64,46,tick,3,1
63794,0.33,20901888,64,47,tick,3,1
63793,0.32,20852736,64,48,tick,3,1
63795,0.32,20824064,64,49,tick,3,1
63797,0.32,20901888,64,50,tick,3,1
63799,0.33,20852736,64,51,tick,3,1
63801,0.33,20865024,64,52,tick,3,1
63803,0.33,20852736,64,53,tick,3,1
63805,0.32,20795392,64,54,tick,3,1
63807,0.32,20697088,64,55,tick,3,1
63808,0.32,20783104,64,56,tick,3,1
63810,0.32,20905984,64,57,tick,3,1
63812,0.32,20795392,64,58,tick,3,1
63814,0.32,20877312,64,59,tick,3,1
63815,0.32,20905984,64,60,tick,3,1
63819,0.32,20692992,64,61,tick,3,1
63817,0.32,20770816,64,62,tick,3,1
63820,0.32,20848640,64,63,tick,3,1
63821,0.33,20885504,64,64,tick,3,1
63713,0.36,20881408,64,1,tick,4,1
63719,0.36,20815872,64,2,tick,4,1
63710,0.36,20885504,64,3,tick,4,1
63711,0.36,20803584,64,4,tick,4,1
63716,0.36,20783104,64,5,tick,4,1
63717,0.37,20791296,64,6,tick,4,1
63720,0.37,20779008,64,7,tick,4,1
63723,0.36,20881408,64,8,tick,4,1
63722,0.37,20787200,64,9,tick,4,1
63728,0.36,20914176,64,10,tick,4,1
63724,0.36,20905984,64,11,tick,4,1
63727,0.36,20856832,64,12,tick,4,1
63726,0.37,20787200,64,13,tick,4,1
63729,0.38,20832256,64,14,tick,4,1
63732,0.37,20901888,64,15,tick,4,1
63734,0.36,20762624,64,16,tick,4,1
63736,0.37,20848640,64,17,tick,4,1
63735,0.37,20819968,64,18,tick,4,1
63741,0.38,20901888,64,19,tick,4,1
63745,0.37,20762624,64,20,tick,4,1
63740,0.38,20860928,64,21,tick,4,1
63743,0.38,20848640,64,22,tick,4,1
63744,0.37,20893696,64,23,tick,4,1
63746,0.36,20844544,64,24,tick,4,1
63747,0.37,20725760,64,25,tick,4,1
63749,0.36,20877312,64,26,tick,4,1
63752,0.37,20848640,64,27,tick,4,1
63754,0.37,20881408,64,28,tick,4,1
63755,0.37,20746240,64,29,tick,4,1
63758,0.37,20770816,64,30,tick,4,1
63759,0.38,20770816,64,31,tick,4,1
63761,0.37,20901888,64,32,tick,4,1
63763,0.37,20901888,64,33,tick,4,1
63765,0.37,20783104,64,34,tick,4,1
63767,0.37,20840448,64,35,tick,4,1
63769,0.38,20865024,64,36,tick,4,1
63771,0.37,20787200,64,37,tick,4,1
63773,0.37,20770816,64,38,tick,4,1
63776,0.37,20914176,64,39,tick,4,1
63777,0.36,20840448,64,40,tick,4,1
63779,0.36,20766720,64,41,tick,4,1
63781,0.37,20701184,64,42,tick,4,1
63783,0.37,20856832,64,43,tick,4,1
63785,0.37,20783104,64,44,tick,4,1
63787,0.37,20901888,64,45,tick,4,1
63789,0.37,20901888,64,46,tick,4,1
63794,0.37,20901888,64,47,tick,4,1
63793,0.36,20852736,64,48,tick,4,1
63795,0.36,20824064,64,49,tick,4,1
63797,0.36,20901888,64,50,tick,4,1
63799,0.37,20852736,64,51,tick,4,1
63801,0.37,20865024,64,52,tick,4,1
63803,0.37,20852736,64,53,tick,4,1
63805,0.36,20795392,64,54,tick,4,1
63807,0.36,20697088,64,55,tick,4,1
63808,0.37,20783104,64,56,tick,4,1
63810,0.36,20905984,64,57,tick,4,1
63812,0.36,20795392,64,58,tick,4,1
63814,0.37,20877312,64,59,tick,4,1
63815,0.36,20905984,64,60,tick,4,1
63819,0.36,20692992,64,61,tick,4,1
63817,0.36,20770816,64,62,tick,4,1
63820,0.37,20848640,64,63,tick,4,1
63821,0.37,20885504,64,64,tick,4,1
63713,0.4,20881408,64,1,tick,5,1
63719,0.4,20815872,64,2,tick,5,1
63710,0.41000000000000003,20885504,64,3,tick,5,1
63711,0.4,20803584,64,4,tick,5,1
63716,0.4,20783104,64,5,tick,5,1
63717,0.41,20791296,64,6,tick,5,1
63720,0.41000000000000003,20779008,64,7,tick,5,1
63723,0.4,20881408,64,8,tick,5,1
63722,0.41,20787200,64,9,tick,5,1
63728,0.4,20914176,64,10,tick,5,1
63724,0.4,20905984,64,11,tick,5,1
63727,0.4,20856832,64,12,tick,5,1
63726,0.41,20787200,64,13,tick,5,1
63729,0.42,20832256,64,14,tick,5,1
63732,0.42,20901888,64,15,tick,5,1
63734,0.4,20762624,64,16,tick,5,1
63736,0.41000000000000003,20848640,64,17,tick,5,1
63735,0.41,20819968,64,18,tick,5,1
63741,0.42,20901888,64,19,tick,5,1
63745,0.42,20762624,64,20,tick,5,1
63740,0.42,20860928,64,21,tick,5,1
63743,0.43,20848640,64,22,tick,5,1
63744,0.42,20893696,64,23,tick,5,1
63746,0.39,20844544,64,24,tick,5,1
63747,0.41000000000000003,20725760,64,25,tick,5,1
63749,0.41,20877312,64,26,tick,5,1
63752,0.41,20848640,64,27,tick,5,1
63754,0.41,20881408,64,28,tick,5,1
63755,0.41,20746240,64,29,tick,5,1
63758,0.41,20770816,64,30,tick,5,1
63759,0.42,20770816,64,31,tick,5,1
63761,0.41,20901888,64,32,tick,5,1
63763,0.41,20901888,64,33,tick,5,1
63765,0.41,20783104,64,34,tick,5,1
63767,0.42,20840448,64,35,tick,5,1
63769,0.42,20865024,64,36,tick,5,1
63771,0.41000000000000003,20787200,64,37,tick,5,1
63773,0.41,20770816,64,38,tick,5,1
63776,0.41,20914176,64,39,tick,5,1
63777,0.41000000000000003,20840448,64,40,tick,5,1
63779,0.4,20766720,64,41,tick,5,1
63781,0.41,20701184,64,42,tick,5,1
63783,0.41,20856832,64,43,tick,5,1
63785,0.41,20783104,64,44,tick,5,1
63787,0.41,20901888,64,45,tick,5,1
63789,0.41,20901888,64,46,tick,5,1
63794,0.41,20901888,64,47,tick,5,1
63793,0.41,20852736,64,48,tick,5,1
63795,0.4,20824064,64,49,tick,5,1
63797,0.4,20901888,64,50,tick,5,1
63799,0.41,20852736,64,51,tick,5,1
63801,0.4,20865024,64,52,tick,5,1
63803,0.41,20852736,64,53,tick,5,1
63805,0.4,20795392,64,54,tick,5,1
63807,0.4,20697088,64,55,tick,5,1
63808,0.41000000000000003,20783104,64,56,tick,5,1
63810,0.41000000000000003,20905984,64,57,tick,5,1
63812,0.4,20795392,64,58,tick,5,1
63814,0.41000000000000003,20877312,64,59,tick,5,1
63815,0.41000000000000003,20905984,64,60,tick,5,1
63819,0.4,20692992,64,61,tick,5,1
63817,0.4,20770816,64,62,tick,5,1
63820,0.41000000000000003,20848640,64,63,tick,5,1
63821,0.41,20885504,64,64,tick,5,1
63713,0.44,20881408,64,1,tick,6,1
63719,0.44,20815872,64,2,tick,6,1
63710,0.45,20885504,64,3,tick,6,1
63711,0.44,20803584,64,4,tick,6,1
63716,0.45,20783104,64,5,tick,6,1
63717,0.45,20791296,64,6,tick,6,1
63720,0.45,20779008,64,7,tick,6,1
63723,0.44,20881408,64,8,tick,6,1
63722,0.45,20787200,64,9,tick,6,1
63728,0.44,20914176,64,10,tick,6,1
63724,0.44,20905984,64,11,tick,6,1
63727,0.43,20856832,64,12,tick,6,1
63726,0.45,20787200,64,13,tick,6,1
63729,0.46,20832256,64,14,tick,6,1
63732,0.46,20901888,64,15,tick,6,1
63734,0.44,20762624,64,16,tick,6,1
63736,0.45,20848640,64,17,tick,6,1
63735,0.45,20819968,64,18,tick,6,1
63741,0.46,20901888,64,19,tick,6,1
63745,0.45,20762624,64,20,tick,6,1
63740,0.46,20860928,64,21,tick,6,1
63743,0.46,20848640,64,22,tick,6,1
63744,0.46,20893696,64,23,tick,6,1
63746,0.43,20844544,64,24,tick,6,1
63747,0.46,20725760,64,25,tick,6,1
63749,0.45,20877312,64,26,tick,6,1
63752,0.45,20848640,64,27,tick,6,1
63754,0.45,20881408,64,28,tick,6,1
63755,0.46,20746240,64,29,tick,6,1
63758,0.45,20770816,64,30,tick,6,1
63759,0.46,20770816,64,31,tick,6,1
63761,0.46,20901888,64,32,tick,6,1
63763,0.45,20901888,64,33,tick,6,1
63765,0.45,20783104,64,34,tick,6,1
63767,0.46,20840448,64,35,tick,6,1
63769,0.46,20865024,64,36,tick,6,1
63771,0.45,20787200,64,37,tick,6,1
63773,0.45,20770816,64,38,tick,6,1
63776,0.45,20914176,64,39,tick,6,1
63777,0.45,20840448,64,40,tick,6,1
63779,0.44,20766720,64,41,tick,6,1
63781,0.45,20701184,64,42,tick,6,1
63783,0.45,20856832,64,43,tick,6,1
63785,0.45,20783104,64,44,tick,6,1
63787,0.45,20901888,64,45,tick,6,1
63789,0.45,20901888,64,46,tick,6,1
63794,0.45,20901888,64,47,tick,6,1
63793,0.45,20852736,64,48,tick,6,1
63795,0.44,20824064,64,49,tick,6,1
63797,0.44,20901888,64,50,tick,6,1
63799,0.45,20852736,64,51,tick,6,1
63801,0.45,20865024,64,52,tick,6,1
63803,0.45,20852736,64,53,tick,6,1
63805,0.44,20795392,64,54,tick,6,1
63807,0.44,20697088,64,55,tick,6,1
63808,0.45,20783104,64,56,tick,6,1
63810,0.45,20905984,64,57,tick,6,1
63812,0.44,20795392,64,58,tick,6,1
63814,0.45,20877312,64,59,tick,6,1
63815,0.45,20905984,64,60,tick,6,1
63819,0.44,20692992,64,61,tick,6,1
63817,0.45,20770816,64,62,tick,6,1
63820,0.45,20848640,64,63,tick,6,1
63821,0.45,20885504,64,64,tick,6,1
63713,0.47,20881408,64,1,tick,7,1
63719,0.48,20815872,64,2,tick,7,1
63710,0.48,20885504,64,3,tick,7,1
63711,0.48,20803584,64,4,tick,7,1
63716,0.48,20783104,64,5,tick,7,1
63717,0.49,20791296,64,6,tick,7,1
63720,0.49,20779008,64,7,tick,7,1
63723,0.47,20881408,64,8,tick,7,1
63722,0.49,20787200,64,9,tick,7,1
63728,0.48,20914176,64,10,tick,7,1
63724,0.48,20905984,64,11,tick,7,1
63727,0.48,20856832,64,12,tick,7,1
63726,0.49,20787200,64,13,tick,7,1
63729,0.51,20832256,64,14,tick,7,1
63732,0.5,20901888,64,15,tick,7,1
63734,0.48,20762624,64,16,tick,7,1
63736,0.5,20848640,64,17,tick,7,1
63735,0.5,20819968,64,18,tick,7,1
63741,0.5,20901888,64,19,tick,7,1
63745,0.49,20762624,64,20,tick,7,1
63740,0.5,20860928,64,21,tick,7,1
63743,0.5,20848640,64,22,tick,7,1
63744,0.5,20893696,64,23,tick,7,1
63746,0.47,20844544,64,24,tick,7,1
63747,0.5,20725760,64,25,tick,7,1
63749,0.49,20877312,64,26,tick,7,1
63752,0.5,20848640,64,27,tick,7,1
63754,0.49,20881408,64,28,tick,7,1
63755,0.5,20746240,64,29,tick,7,1
63758,0.49,20770816,64,30,tick,7,1
63759,0.5,20770816,64,31,tick,7,1
63761,0.5,20901888,64,32,tick,7,1
63763,0.49,20901888,64,33,tick,7,1
63765,0.49,20783104,64,34,tick,7,1
63767,0.5,20840448,64,35,tick,7,1
63769,0.5,20865024,64,36,tick,7,1
63771,0.49,20787200,64,37,tick,7,1
63773,0.5,20770816,64,38,tick,7,1
63776,0.49,20914176,64,39,tick,7,1
63777,0.49,20840448,64,40,tick,7,1
63779,0.48,20766720,64,41,tick,7,1
63781,0.5,20701184,64,42,tick,7,1
63783,0.49,20856832,64,43,tick,7,1
63785,0.49,20783104,64,44,tick,7,1
63787,0.49,20901888,64,45,tick,7,1
63789,0.49,20901888,64,46,tick,7,1
63794,0.5,20901888,64,47,tick,7,1
63793,0.49,20852736,64,48,tick,7,1
63795,0.48,20824064,64,49,tick,7,1
63797,0.48,20901888,64,50,tick,7,1
63799,0.49,20852736,64,51,tick,7,1
63801,0.49,20865024,64,52,tick,7,1
63803,0.49,20852736,64,53,tick,7,1
63805,0.49,20795392,64,54,tick,7,1
63807,0.48,20697088,64,55,tick,7,1
63808,0.49,20783104,64,56,tick,7,1
63810,0.49,20905984,64,57,tick,7,1
63812,0.48,20795392,64,58,tick,7,1
63814,0.49,20877312,64,59,tick,7,1
63815,0.49,20905984,64,60,tick,7,1
63819,0.48,20692992,64,61,tick,7,1
63817,0.49,20770816,64,62,tick,7,1
63820,0.49,20848640,64,63,tick,7,1
63821,0.49,20885504,64,64,tick,7,1
63713,0.51,20881408,64,1,tick,8,1
63719,0.52,20815872,64,2,tick,8,1
63710,0.52,20885504,64,3,tick,8,1
63711,0.52,20803584,64,4,tick,8,1
63716,0.52,20783104,64,5,tick,8,1
63717,0.53,20791296,64,6,tick,8,1
63720,0.53,20779008,64,7,tick,8,1
63723,0.51,20881408,64,8,tick,8,1
63722,0.53,20787200,64,9,tick,8,1
63728,0.53,20914176,64,10,tick,8,1
63724,0.53,20905984,64,11,tick,8,1
63727,0.52,20856832,64,12,tick,8,1
63726,0.54,20787200,64,13,tick,8,1
63729,0.55,20832256,64,14,tick,8,1
63732,0.54,20901888,64,15,tick,8,1
63734,0.52,20762624,64,16,tick,8,1
63736,0.54,20848640,64,17,tick,8,1
63735,0.54,20819968,64,18,tick,8,1
63741,0.55,20901888,64,19,tick,8,1
63745,0.53,20762624,64,20,tick,8,1
63740,0.55,20860928,64,21,tick,8,1
63743,0.55,20848640,64,22,tick,8,1
63744,0.54,20893696,64,23,tick,8,1
63746,0.51,20844544,64,24,tick,8,1
63747,0.54,20725760,64,25,tick,8,1
63749,0.53,20877312,64,26,tick,8,1
63752,0.54,20848640,64,27,tick,8,1
63754,0.53,20881408,64,28,tick,8,1
63755,0.54,20746240,64,29,tick,8,1
63758,0.54,20770816,64,30,tick,8,1
63759,0.54,20770816,64,31,tick,8,1
63761,0.54,20901888,64,32,tick,8,1
63763,0.53,20901888,64,33,tick,8,1
63765,0.53,20783104,64,34,tick,8,1
63767,0.54,20840448,64,35,tick,8,1
63769,0.54,20865024,64,36,tick,8,1
63771,0.53,20787200,64,37,tick,8,1
63773,0.54,20770816,64,38,tick,8,1
63776,0.53,20914176,64,39,tick,8,1
63777,0.53,20840448,64,40,tick,8,1
63779,0.52,20766720,64,41,tick,8,1
63781,0.54,20701184,64,42,tick,8,1
63783,0.54,20856832,64,43,tick,8,1
63785,0.54,20783104,64,44,tick,8,1
63787,0.53,20901888,64,45,tick,8,1
63789,0.53,20901888,64,46,tick,8,1
63794,0.54,20901888,64,47,tick,8,1
63793,0.53,20852736,64,48,tick,8,1
63795,0.52,20824064,64,49,tick,8,1
63797,0.52,20901888,64,50,tick,8,1
63799,0.53,20852736,64,51,tick,8,1
63801,0.53,20865024,64,52,tick,8,1
63803,0.53,20852736,64,53,tick,8,1
63805,0.53,20795392,64,54,tick,8,1
63807,0.53,20697088,64,55,tick,8,1
63808,0.53,20783104,64,56,tick,8,1
63810,0.53,20905984,64,57,tick,8,1
63812,0.52,20795392,64,58,tick,8,1
63814,0.53,20877312,64,59,tick,8,1
63815,0.52,20905984,64,60,tick,8,1
63819,0.52,20692992,64,61,tick,8,1
63817,0.53,20770816,64,62,tick,8,1
63820,0.53,20848640,64,63,tick,8,1
63821,0.53,20885504,64,64,tick,8,1
63713,0.55,20881408,64,1,tick,9,1
63719,0.56,20815872,64,2,tick,9,1
63710,0.5700000000000001,20885504,64,3,tick,9,1
63711,0.56,20803584,64,4,tick,9,1
63716,0.57,20783104,64,5,tick,9,1
63717,0.57,20791296,64,6,tick,9,1
63720,0.5700000000000001,20779008,64,7,tick,9,1
63723,0.56,20881408,64,8,tick,9,1
63722,0.57,20787200,64,9,tick,9,1
63728,0.57,20914176,64,10,tick,9,1
63724,0.5700000000000001,20905984,64,11,tick,9,1
63727,0.56,20856832,64,12,tick,9,1
63726,0.58,20787200,64,13,tick,9,1
63729,0.59,20832256,64,14,tick,9,1
63732,0.58,20901888,64,15,tick,9,1
63734,0.56,20762624,64,16,tick,9,1
63736,0.58,20848640,64,17,tick,9,1
63735,0.58,20819968,64,18,tick,9,1
63741,0.59,20901888,64,19,tick,9,1
63745,0.57,20762624,64,20,tick,9,1
63740,0.59,20860928,64,21,tick,9,1
63743,0.59,20848640,64,22,tick,9,1
63744,0.5700000000000001,20893696,64,23,tick,9,1
63746,0.56,20844544,64,24,tick,9,1
63747,0.58,20725760,64,25,tick,9,1
63749,0.58,20877312,64,26,tick,9,1
63752,0.58,20848640,64,27,tick,9,1
63754,0.57,20881408,64,28,tick,9,1
63755,0.58,20746240,64,29,tick,9,1
63758,0.58,20770816,64,30,tick,9,1
63759,0.58,20770816,64,31,tick,9,1
63761,0.58,20901888,64,32,tick,9,1
63763,0.58,20901888,64,33,tick,9,1
63765,0.57,20783104,64,34,tick,9,1
63767,0.58,20840448,64,35,tick,9,1
63769,0.58,20865024,64,36,tick,9,1
63771,0.5700000000000001,20787200,64,37,tick,9,1
63773,0.58,20770816,64,38,tick,9,1
63776,0.57,20914176,64,39,tick,9,1
63777,0.5700000000000001,20840448,64,40,tick,9,1
63779,0.56,20766720,64,41,tick,9,1
63781,0.58,20701184,64,42,tick,9,1
63783,0.58,20856832,64,43,tick,9,1
63785,0.58,20783104,64,44,tick,9,1
63787,0.57,20901888,64,45,tick,9,1
63789,0.58,20901888,64,46,tick,9,1
63794,0.58,20901888,64,47,tick,9,1
63793,0.57,20852736,64,48,tick,9,1
63795,0.56,20824064,64,49,tick,9,1
63797,0.56,20901888,64,50,tick,9,1
63799,0.57,20852736,64,51,tick,9,1
63801,0.5700000000000001,20865024,64,52,tick,9,1
63803,0.57,20852736,64,53,tick,9,1
63805,0.57,20795392,64,54,tick,9,1
63807,0.57,20697088,64,55,tick,9,1
63808,0.5700000000000001,20783104,64,56,tick,9,1
63810,0.5700000000000001,20905984,64,57,tick,9,1
63812,0.56,20795392,64,58,tick,9,1
63814,0.5700000000000001,20877312,64,59,tick,9,1
63815,0.56,20905984,64,60,tick,9,1
63819,0.56,20692992,64,61,tick,9,1
63817,0.57,20770816,64,62,tick,9,1
63820,0.5700000000000001,20848640,64,63,tick,9,1
63821,0.57,20885504,64,64,tick,9,1
63713,0.59,20881408,64,1,tick,10,1
63719,0.6,20815872,64,2,tick,10,1
63710,0.6,20885504,64,3,tick,10,1
63711,0.6,20803584,64,4,tick,10,1
63716,0.61,20783104,64,5,tick,10,1
63717,0.61,20791296,64,6,tick,10,1
63720,0.61,20779008,64,7,tick,10,1
63723,0.6,20881408,64,8,tick,10,1
63722,0.61,20787200,64,9,tick,10,1
63728,0.6,20914176,64,10,tick,10,1
63724,0.61,20905984,64,11,tick,10,1
63727,0.6,20856832,64,12,tick,10,1
63726,0.62,20787200,64,13,tick,10,1
63729,0.63,20832256,64,14,tick,10,1
63732,0.62,20901888,64,15,tick,10,1
63734,0.61,20762624,64,16,tick,10,1
63736,0.62,20848640,64,17,tick,10,1
63735,0.61,20819968,64,18,tick,10,1
63741,0.63,20901888,64,19,tick,10,1
63745,0.61,20762624,64,20,tick,10,1
63740,0.63,20860928,64,21,tick,10,1
63743,0.63,20848640,64,22,tick,10,1
63744,0.62,20893696,64,23,tick,10,1
63746,0.6,20844544,64,24,tick,10,1
63747,0.62,20725760,64,25,tick,10,1
63749,0.62,20877312,64,26,tick,10,1
63752,0.63,20848640,64,27,tick,10,1
63754,0.61,20881408,64,28,tick,10,1
63755,0.62,20746240,64,29,tick,10,1
63758,0.62,20770816,64,30,tick,10,1
63759,0.62,20770816,64,31,tick,10,1
63761,0.63,20901888,64,32,tick,10,1
63763,0.62,20901888,64,33,tick,10,1
63765,0.61,20783104,64,34,tick,10,1
63767,0.63,20840448,64,35,tick,10,1
63769,0.63,20865024,64,36,tick,10,1
63771,0.62,20787200,64,37,tick,10,1
63773,0.62,20770816,64,38,tick,10,1
63776,0.61,20914176,64,39,tick,10,1
63777,0.61,20840448,64,40,tick,10,1
63779,0.61,20766720,64,41,tick,10,1
63781,0.62,20701184,64,42,tick,10,1
63783,0.62,20856832,64,43,tick,10,1
63785,0.61,20783104,64,44,tick,10,1
63787,0.61,20901888,64,45,tick,10,1
63789,0.62,20901888,64,46,tick,10,1
63794,0.62,20901888,64,47,tick,10,1
63793,0.61,20852736,64,48,tick,10,1
63795,0.6,20824064,64,49,tick,10,1
63797,0.61,20901888,64,50,tick,10,1
63799,0.62,20852736,64,51,tick,10,1
63801,0.61,20865024,64,52,tick,10,1
63803,0.61,20852736,64,53,tick,10,1
63805,0.61,20795392,64,54,tick,10,1
63807,0.61,20697088,64,55,tick,10,1
63808,0.61,20783104,64,56,tick,10,1
63810,0.61,20905984,64,57,tick,10,1
63812,0.61,20795392,64,58,tick,10,1
63814,0.61,20877312,64,59,tick,10,1
63815,0.6,20905984,64,60,tick,10,1
63819,0.61,20692992,64,61,tick,10,1
63817,0.61,20770816,64,62,tick,10,1
63820,0.61,20848640,64,63,tick,10,1
63821,0.61,20885504,64,64,tick,10,1
63713,0.59,20881408,64,1,pre_checkpoint,,1
63719,0.6,20815872,64,2,pre_checkpoint,,1
63710,0.6,20885504,64,3,pre_checkpoint,,1
63711,0.6,20803584,64,4,pre_checkpoint,,1
63716,0.61,20783104,64,5,pre_checkpoint,,1
63717,0.61,20791296,64,6,pre_checkpoint,,1
63720,0.61,20779008,64,7,pre_checkpoint,,1
63723,0.6,20881408,64,8,pre_checkpoint,,1
63722,0.61,20787200,64,9,pre_checkpoint,,1
63728,0.6,20914176,64,10,pre_checkpoint,,1
63724,0.61,20905984,64,11,pre_checkpoint,,1
63727,0.6,20856832,64,12,pre_checkpoint,,1
63726,0.62,20787200,64,13,pre_checkpoint,,1
63729,0.63,20832256,64,14,pre_checkpoint,,1
63732,0.62,20901888,64,15,pre_checkpoint,,1
63734,0.61,20762624,64,16,pre_checkpoint,,1
63736,0.62,20848640,64,17,pre_checkpoint,,1
63735,0.61,20819968,64,18,pre_checkpoint,,1
63741,0.63,20901888,64,19,pre_checkpoint,,1
63745,0.61,20762624,64,20,pre_checkpoint,,1
63740,0.63,20860928,64,21,pre_checkpoint,,1
63743,0.63,20848640,64,22,pre_checkpoint,,1
63744,0.62,20893696,64,23,pre_checkpoint,,1
63746,0.6,20844544,64,24,pre_checkpoint,,1
63747,0.62,20725760,64,25,pre_checkpoint,,1
63749,0.62,20877312,64,26,pre_checkpoint,,1
63752,0.63,20848640,64,27,pre_checkpoint,,1
63754,0.61,20881408,64,28,pre_checkpoint,,1
63755,0.62,20746240,64,29,pre_checkpoint,,1
63758,0.62,20770816,64,30,pre_checkpoint,,1
63759,0.62,20770816,64,31,pre_checkpoint,,1
63761,0.63,20901888,64,32,pre_checkpoint,,1
63763,0.62,20901888,64,33,pre_checkpoint,,1
63765,0.61,20783104,64,34,pre_checkpoint,,1
63767,0.63,20840448,64,35,pre_checkpoint,,1
63769,0.63,20865024,64,36,pre_checkpoint,,1
63771,0.62,20787200,64,37,pre_checkpoint,,1
63773,0.62,20770816,64,38,pre_checkpoint,,1
63776,0.61,20914176,64,39,pre_checkpoint,,1
63777,0.61,20840448,64,40,pre_checkpoint,,1
63779,0.61,20766720,64,41,pre_checkpoint,,1
63781,0.62,20701184,64,42,pre_checkpoint,,1
63783,0.62,20856832,64,43,pre_checkpoint,,1
63785,0.61,20783104,64,44,pre_checkpoint,,1
63787,0.61,20901888,64,45,pre_checkpoint,,1
63789,0.62,20901888,64,46,pre_checkpoint,,1
63794,0.62,20901888,64,47,pre_checkpoint,,1
63793,0.61,20852736,64,48,pre_checkpoint,,1
63795,0.6,20824064,64,49,pre_checkpoint,,1
63797,0.61,20901888,64,50,pre_checkpoint,,1
63799,0.62,20852736,64,51,pre_checkpoint,,1
63801,0.61,20865024,64,52,pre_checkpoint,,1
63803,0.61,20852736,64,53,pre_checkpoint,,1
63805,0.61,20795392,64,54,pre_checkpoint,,1
63807,0.61,20697088,64,55,pre_checkpoint,,1
63808,0.61,20783104,64,56,pre_checkpoint,,1
63810,0.61,20905984,64,57,pre_checkpoint,,1
63812,0.61,20795392,64,58,pre_checkpoint,,1
63814,0.61,20877312,64,59,pre_checkpoint,,1
63815,0.6,20905984,64,60,pre_checkpoint,,1
63819,0.61,20692992,64,61,pre_checkpoint,,1
63817,0.61,20770816,64,62,pre_checkpoint,,1
63820,0.61,20848640,64,63,pre_checkpoint,,1
63821,0.61,20885504,64,64,pre_checkpoint,,1
63713,0.64,21729280,64,1,post_checkpoint_save,,1
63719,0.64,21663744,64,2,post_checkpoint_save,,1
63710,0.65,21729280,64,3,post_checkpoint_save,,1
63711,0.64,21647360,64,4,post_checkpoint_save,,1
63716,0.65,21626880,64,5,post_checkpoint_save,,1
63717,0.66,21635072,64,6,post_checkpoint_save,,1
63720,0.65,21626880,64,7,post_checkpoint_save,,1
63723,0.64,21725184,64,8,post_checkpoint_save,,1
63722,0.65,21630976,64,9,post_checkpoint_save,,1
63728,0.65,21757952,64,10,post_checkpoint_save,,1
63724,0.65,21753856,64,11,post_checkpoint_save,,1
63727,0.64,21704704,64,12,post_checkpoint_save,,1
63726,0.66,21684224,64,13,post_checkpoint_save,,1
63729,0.67,21680128,64,14,post_checkpoint_save,,1
63732,0.66,21749760,64,15,post_checkpoint_save,,1
63734,0.65,21606400,64,16,post_checkpoint_save,,1
63736,0.67,21696512,64,17,post_checkpoint_save,,1
63735,0.66,21667840,64,18,post_checkpoint_save,,1
63741,0.68,21745664,64,19,post_checkpoint_save,,1
63745,0.65,21606400,64,20,post_checkpoint_save,,1
63740,0.68,21704704,64,21,post_checkpoint_save,,1
63743,0.67,21692416,64,22,post_checkpoint_save,,1
63744,0.65,21737472,64,23,post_checkpoint_save,,1
63746,0.65,21745664,64,24,post_checkpoint_save,,1
63747,0.67,21569536,64,25,post_checkpoint_save,,1
63749,0.66,21721088,64,26,post_checkpoint_save,,1
63752,0.67,21745664,64,27,post_checkpoint_save,,1
63754,0.65,21729280,64,28,post_checkpoint_save,,1
63755,0.66,21590016,64,29,post_checkpoint_save,,1
63758,0.66,21614592,64,30,post_checkpoint_save,,1
63759,0.66,21614592,64,31,post_checkpoint_save,,1
63761,0.66,21749760,64,32,post_checkpoint_save,,1
63763,0.66,21749760,64,33,post_checkpoint_save,,1
63765,0.65,21630976,64,34,post_checkpoint_save,,1
63767,0.67,21688320,64,35,post_checkpoint_save,,1
63769,0.67,21708800,64,36,post_checkpoint_save,,1
63771,0.66,21630976,64,37,post_checkpoint_save,,1
63773,0.67,21618688,64,38,post_checkpoint_save,,1
63776,0.65,21757952,64,39,post_checkpoint_save,,1
63777,0.66,21688320,64,40,post_checkpoint_save,,1
63779,0.65,21614592,64,41,post_checkpoint_save,,1
63781,0.67,21549056,64,42,post_checkpoint_save,,1
63783,0.66,21704704,64,43,post_checkpoint_save,,1
63785,0.66,21630976,64,44,post_checkpoint_save,,1
63787,0.65,21749760,64,45,post_checkpoint_save,,1
63789,0.66,21745664,64,46,post_checkpoint_save,,1
63794,0.66,21749760,64,47,post_checkpoint_save,,1
63793,0.65,21700608,64,48,post_checkpoint_save,,1
63795,0.65,21671936,64,49,post_checkpoint_save,,1
63797,0.65,21749760,64,50,post_checkpoint_save,,1
63799,0.66,21700608,64,51,post_checkpoint_save,,1
63801,0.66,21708800,64,52,post_checkpoint_save,,1
63803,0.66,21696512,64,53,post_checkpoint_save,,1
63805,0.65,21643264,64,54,post_checkpoint_save,,1
63807,0.66,21540864,64,55,post_checkpoint_save,,1
63808,0.65,21626880,64,56,post_checkpoint_save,,1
63810,0.65,21753856,64,57,post_checkpoint_save,,1
63812,0.65,21639168,64,58,post_checkpoint_save,,1
63814,0.65,21725184,64,59,post_checkpoint_save,,1
63815,0.65,21753856,64,60,post_checkpoint_save,,1
63819,0.65,21536768,64,61,post_checkpoint_save,,1
63817,0.66,21618688,64,62,post_checkpoint_save,,1
63820,0.66,21749760,64,63,post_checkpoint_save,,1
63821,0.65,21733376,64,64,post_checkpoint_save,,1
63713,0.76,26271744,64,1,post_checkpoint_restore,,1
63719,0.76,21667840,64,2,post_checkpoint_restore,,1
63710,0.77,21733376,64,3,post_checkpoint_restore,,1
63711,0.75,26189824,64,4,post_checkpoint_restore,,1
63716,0.77,21635072,64,5,post_checkpoint_restore,,1
63717,0.77,21643264,64,6,post_checkpoint_restore,,1
63720,0.77,26169344,64,7,post_checkpoint_restore,,1
63723,0.76,21729280,64,8,post_checkpoint_restore,,1
63722,0.77,21639168,64,9,post_checkpoint_restore,,1
63728,0.76,21766144,64,10,post_checkpoint_restore,,1
63724,0.77,26296320,64,11,post_checkpoint_restore,,1
63727,0.76,21708800,64,12,post_checkpoint_restore,,1
63726,0.78,26226688,64,13,post_checkpoint_restore,,1
63729,0.79,21684224,64,14,post_checkpoint_restore,,1
63732,0.77,21753856,64,15,post_checkpoint_restore,,1
63734,0.77,21610496,64,16,post_checkpoint_restore,,1
63736,0.78,26238976,64,17,post_checkpoint_restore,,1
63735,0.77,26210304,64,18,post_checkpoint_restore,,1
63741,0.79,21753856,64,19,post_checkpoint_restore,,1
63745,0.77,21614592,64,20,post_checkpoint_restore,,1
63740,0.79,21712896,64,21,post_checkpoint_restore,,1
63743,0.78,26243072,64,22,post_checkpoint_restore,,1
63744,0.78,21745664,64,23,post_checkpoint_restore,,1
63746,0.76,21749760,64,24,post_checkpoint_restore,,1
63747,0.78,21577728,64,25,post_checkpoint_restore,,1
63749,0.77,21729280,64,26,post_checkpoint_restore,,1
63752,0.79,21753856,64,27,post_checkpoint_restore,,1
63754,0.76,26271744,64,28,post_checkpoint_restore,,1
63755,0.77,21598208,64,29,post_checkpoint_restore,,1
63758,0.79,21622784,64,30,post_checkpoint_restore,,1
63759,0.77,21622784,64,31,post_checkpoint_restore,,1
63761,0.79,21753856,64,32,post_checkpoint_restore,,1
63763,0.78,26292224,64,33,post_checkpoint_restore,,1
63765,0.77,21635072,64,34,post_checkpoint_restore,,1
63767,0.78,21692416,64,35,post_checkpoint_restore,,1
63769,0.79,26251264,64,36,post_checkpoint_restore,,1
63771,0.78,21639168,64,37,post_checkpoint_restore,,1
63773,0.79,21622784,64,38,post_checkpoint_restore,,1
63776,0.77,26300416,64,39,post_checkpoint_restore,,1
63777,0.77,21692416,64,40,post_checkpoint_restore,,1
63779,0.77,21618688,64,41,post_checkpoint_restore,,1
63781,0.79,21553152,64,42,post_checkpoint_restore,,1
63783,0.79,21708800,64,43,post_checkpoint_restore,,1
63785,0.78,21635072,64,44,post_checkpoint_restore,,1
63787,0.77,21753856,64,45,post_checkpoint_restore,,1
63789,0.78,21753856,64,46,post_checkpoint_restore,,1
63794,0.77,21753856,64,47,post_checkpoint_restore,,1
63793,0.77,21704704,64,48,post_checkpoint_restore,,1
63795,0.77,21676032,64,49,post_checkpoint_restore,,1
63797,0.76,26292224,64,50,post_checkpoint_restore,,1
63799,0.78,21704704,64,51,post_checkpoint_restore,,1
63801,0.77,26251264,64,52,post_checkpoint_restore,,1
63803,0.77,21704704,64,53,post_checkpoint_restore,,1
63805,0.77,21647360,64,54,post_checkpoint_restore,,1
63807,0.77,21549056,64,55,post_checkpoint_restore,,1
63808,0.76,21635072,64,56,post_checkpoint_restore,,1
63810,0.77,26296320,64,57,post_checkpoint_restore,,1
63812,0.76,21647360,64,58,post_checkpoint_restore,,1
63814,0.78,21729280,64,59,post_checkpoint_restore,,1
63815,0.77,21757952,64,60,post_checkpoint_restore,,1
63819,0.76,26087424,64,61,post_checkpoint_restore,,1
63817,0.77,21622784,64,62,post_checkpoint_restore,,1
63820,0.77,26292224,64,63,post_checkpoint_restore,,1
63821,0.77,26275840,64,64,post_checkpoint_restore,,1
64604,0.11,20627456,64,1,post_boot,,2
64622,0.12,20668416,64,2,post_boot,,2
64627,0.12,20426752,64,3,post_boot,,2
64608,0.12,20492288,64,4,post_boot,,2
64617,0.12,20434944,64,5,post_boot,,2
64619,0.12,20590592,64,6,post_boot,,2
64620,0.11,20430848,64,7,post_boot,,2
64609,0.12,20627456,64,8,post_boot,,2
64612,0.12,20627456,64,9,post_boot,,2
64623,0.11,20312064,64,10,post_boot,,2
64615,0.11,20439040,64,11,post_boot,,2
64633,0.12,20492288,64,12,post_boot,,2
64625,0.12,20488192,64,13,post_boot,,2
64618,0.12,20627456,64,14,post_boot,,2
64637,0.12,20553728,64,15,post_boot,,2
64642,0.12,20357120,64,16,post_boot,,2
64629,0.12,20545536,64,17,post_boot,,2
64634,0.12,20426752,64,18,post_boot,,2
64635,0.11,20500480,64,19,post_boot,,2
64639,0.13,20623360,64,20,post_boot,,2
64643,0.11,20635648,64,21,post_boot,,2
64631,0.12,20594688,64,22,post_boot,,2
64645,0.12,20520960,64,23,post_boot,,2
64656,0.12,20492288,64,24,post_boot,,2
64638,0.11,20619264,64,25,post_boot,,2
64647,0.12,20488192,64,26,post_boot,,2
64640,0.11,20488192,64,27,post_boot,,2
64649,0.12,20615168,64,28,post_boot,,2
64646,0.12,20541440,64,29,post_boot,,2
64657,0.11,20496384,64,30,post_boot,,2
64653,0.12,20418560,64,31,post_boot,,2
64659,0.11,20475904,64,32,post_boot,,2
64652,0.12,20533248,64,33,post_boot,,2
64654,0.11,20533248,64,34,post_boot,,2
64660,0.12,20615168,64,35,post_boot,,2
64661,0.12,20496384,64,36,post_boot,,2
64673,0.12,20615168,64,37,post_boot,,2
64663,0.12,20439040,64,38,post_boot,,2
64668,0.12,20627456,64,39,post_boot,,2
64666,0.12,20557824,64,40,post_boot,,2
64669,0.12,20557824,64,41,post_boot,,2
64671,0.12,20590592,64,42,post_boot,,2
64672,0.12,20512768,64,43,post_boot,,2
64674,0.11,20545536,64,44,post_boot,,2
64676,0.12,20434944,64,45,post_boot,,2
64683,0.11,20627456,64,46,post_boot,,2
64679,0.12,20492288,64,47,post_boot,,2
64681,0.11,20434944,64,48,post_boot,,2
64687,0.11,20594688,64,49,post_boot,,2
64686,0.12,20492288,64,50,post_boot,,2
64688,0.12,20398080,64,51,post_boot,,2
64690,0.12,20434944,64,52,post_boot,,2
64692,0.11,20627456,64,53,post_boot,,2
64693,0.12,20439040,64,54,post_boot,,2
64701,0.12,20443136,64,55,post_boot,,2
64696,0.12,20455424,64,56,post_boot,,2
64698,0.12,20455424,64,57,post_boot,,2
64700,0.11,20627456,64,58,post_boot,,2
64703,0.11,20398080,64,59,post_boot,,2
64704,0.12,20590592,64,60,post_boot,,2
64706,0.12,20369408,64,61,post_boot,,2
64707,0.12,20594688,64,62,post_boot,,2
64709,0.11,20336640,64,63,post_boot,,2
64711,0.11,20447232,64,64,post_boot,,2
64604,0.24000000000000002,20914176,64,1,tick,1,2
64622,0.25,20955136,64,2,tick,1,2
64627,0.25,20848640,64,3,tick,1,2
64608,0.24000000000000002,20848640,64,4,tick,1,2
64617,0.24000000000000002,20787200,64,5,tick,1,2
64619,0.25,20877312,64,6,tick,1,2
64620,0.25,20852736,64,7,tick,1,2
64609,0.24000000000000002,20852736,64,8,tick,1,2
64612,0.25,20914176,64,9,tick,1,2
64623,0.24,20733952,64,10,tick,1,2
64615,0.23,20791296,64,11,tick,1,2
64633,0.24,20783104,64,12,tick,1,2
64625,0.26,20840448,64,13,tick,1,2
64618,0.25,20852736,64,14,tick,1,2
64637,0.25,20779008,64,15,tick,1,2
64642,0.25,20779008,64,16,tick,1,2
64629,0.26,20897792,64,17,tick,1,2
64634,0.24,20783104,64,18,tick,1,2
64635,0.24,20852736,64,19,tick,1,2
64639,0.26,20914176,64,20,tick,1,2
64643,0.24,20922368,64,21,tick,1,2
64631,0.24000000000000002,20881408,64,22,tick,1,2
64645,0.24000000000000002,20881408,64,23,tick,1,2
64656,0.24,20844544,64,24,tick,1,2
64638,0.23,20905984,64,25,tick,1,2
64647,0.24000000000000002,20774912,64,26,tick,1,2
64640,0.24,20774912,64,27,tick,1,2
64649,0.24000000000000002,20905984,64,28,tick,1,2
64646,0.25,20897792,64,29,tick,1,2
64657,0.24,20852736,64,30,tick,1,2
64653,0.25,20770816,64,31,tick,1,2
64659,0.25,20897792,64,32,tick,1,2
64652,0.24000000000000002,20824064,64,33,tick,1,2
64654,0.24000000000000002,20824064,64,34,tick,1,2
64660,0.25,20905984,64,35,tick,1,2
64661,0.25,20783104,64,36,tick,1,2
64673,0.24,20905984,64,37,tick,1,2
64663,0.24,20791296,64,38,tick,1,2
64668,0.25,20914176,64,39,tick,1,2
64666,0.24,20914176,64,40,tick,1,2
64669,0.24,20844544,64,41,tick,1,2
64671,0.24000000000000002,20881408,64,42,tick,1,2
64672,0.25,20799488,64,43,tick,1,2
64674,0.24,20832256,64,44,tick,1,2
64676,0.25,20791296,64,45,tick,1,2
64683,0.24,20852736,64,46,tick,1,2
64679,0.24,20783104,64,47,tick,1,2
64681,0.24,20852736,64,48,tick,1,2
64687,0.24,20881408,64,49,tick,1,2
64686,0.24,20779008,64,50,tick,1,2
64688,0.24,20684800,64,51,tick,1,2
64690,0.25,20791296,64,52,tick,1,2
64692,0.24000000000000002,20848640,64,53,tick,1,2
64693,0.25,20791296,64,54,tick,1,2
64701,0.24,20860928,64,55,tick,1,2
64696,0.24,20807680,64,56,tick,1,2
64698,0.24000000000000002,20811776,64,57,tick,1,2
64700,0.24,20918272,64,58,tick,1,2
64703,0.24,20684800,64,59,tick,1,2
64704,0.24,20881408,64,60,tick,1,2
64706,0.24,20725760,64,61,tick,1,2
64707,0.25,20881408,64,62,tick,1,2
64709,0.24,20692992,64,63,tick,1,2
64711,0.24000000000000002,20799488,64,64,tick,1,2
64604,0.27,20914176,64,1,tick,2,2
64622,0.29,20955136,64,2,tick,2,2
64627,0.29,20848640,64,3,tick,2,2
64608,0.28,20848640,64,4,tick,2,2
64617,0.28,20787200,64,5,tick,2,2
64619,0.29000000000000004,20877312,64,6,tick,2,2
64620,0.28,20852736,64,7,tick,2,2
64609,0.29000000000000004,20852736,64,8,tick,2,2
64612,0.3,20914176,64,9,tick,2,2
64623,0.28,20733952,64,10,tick,2,2
64615,0.27,20791296,64,11,tick,2,2
64633,0.28,20783104,64,12,tick,2,2
64625,0.31,20840448,64,13,tick,2,2
64618,0.29000000000000004,20852736,64,14,tick,2,2
64637,0.29,20779008,64,15,tick,2,2
64642,0.29,20779008,64,16,tick,2,2
64629,0.3,20897792,64,17,tick,2,2
64634,0.29,20783104,64,18,tick,2,2
64635,0.28,20852736,64,19,tick,2,2
64639,0.3,20914176,64,20,tick,2,2
64643,0.28,20922368,64,21,tick,2,2
64631,0.28,20881408,64,22,tick,2,2
64645,0.28,20881408,64,23,tick,2,2
64656,0.28,20844544,64,24,tick,2,2
64638,0.27,20905984,64,25,tick,2,2
64647,0.28,20774912,64,26,tick,2,2
64640,0.28,20774912,64,27,tick,2,2
64649,0.28,20905984,64,28,tick,2,2
64646,0.28,20897792,64,29,tick,2,2
64657,0.29,20852736,64,30,tick,2,2
64653,0.29,20770816,64,31,tick,2,2
64659,0.29000000000000004,20897792,64,32,tick,2,2
64652,0.28,20824064,64,33,tick,2,2
64654,0.28,20824064,64,34,tick,2,2
64660,0.29000000000000004,20905984,64,35,tick,2,2
64661,0.29,20783104,64,36,tick,2,2
64673,0.28,20905984,64,37,tick,2,2
64663,0.28,20791296,64,38,tick,2,2
64668,0.29,20914176,64,39,tick,2,2
64666,0.29,20914176,64,40,tick,2,2
64669,0.29,20844544,64,41,tick,2,2
64671,0.29000000000000004,20881408,64,42,tick,2,2
64672,0.29,20799488,64,43,tick,2,2
64674,0.28,20832256,64,44,tick,2,2
64676,0.29,20791296,64,45,tick,2,2
64683,0.28,20852736,64,46,tick,2,2
64679,0.28,20783104,64,47,tick,2,2
64681,0.28,20852736,64,48,tick,2,2
64687,0.28,20881408,64,49,tick,2,2
64686,0.28,20779008,64,50,tick,2,2
64688,0.28,20684800,64,51,tick,2,2
64690,0.29000000000000004,20791296,64,52,tick,2,2
64692,0.28,20848640,64,53,tick,2,2
64693,0.29,20791296,64,54,tick,2,2
64701,0.28,20860928,64,55,tick,2,2
64696,0.28,20807680,64,56,tick,2,2
64698,0.29000000000000004,20811776,64,57,tick,2,2
64700,0.28,20918272,64,58,tick,2,2
64703,0.28,20684800,64,59,tick,2,2
64704,0.28,20881408,64,60,tick,2,2
64706,0.28,20725760,64,61,tick,2,2
64707,0.29,20881408,64,62,tick,2,2
64709,0.28,20692992,64,63,tick,2,2
64711,0.28,20799488,64,64,tick,2,2
64604,0.31,20914176,64,1,tick,3,2
64622,0.33,20955136,64,2,tick,3,2
64627,0.33,20848640,64,3,tick,3,2
64608,0.32,20848640,64,4,tick,3,2
64617,0.32,20787200,64,5,tick,3,2
64619,0.33,20877312,64,6,tick,3,2
64620,0.33,20852736,64,7,tick,3,2
64609,0.33,20852736,64,8,tick,3,2
64612,0.34,20914176,64,9,tick,3,2
64623,0.32,20733952,64,10,tick,3,2
64615,0.32,20791296,64,11,tick,3,2
64633,0.32,20783104,64,12,tick,3,2
64625,0.35000000000000003,20840448,64,13,tick,3,2
64618,0.32,20852736,64,14,tick,3,2
64637,0.33,20779008,64,15,tick,3,2
64642,0.33,20779008,64,16,tick,3,2
64629,0.34,20897792,64,17,tick,3,2
64634,0.33,20783104,64,18,tick,3,2
64635,0.32,20852736,64,19,tick,3,2
64639,0.34,20914176,64,20,tick,3,2
64643,0.32,20922368,64,21,tick,3,2
64631,0.32,20881408,64,22,tick,3,2
64645,0.32,20881408,64,23,tick,3,2
64656,0.32,20844544,64,24,tick,3,2
64638,0.32,20905984,64,25,tick,3,2
64647,0.32,20774912,64,26,tick,3,2
64640,0.32,20774912,64,27,tick,3,2
64649,0.32,20905984,64,28,tick,3,2
64646,0.33,20897792,64,29,tick,3,2
64657,0.33,20852736,64,30,tick,3,2
64653,0.33,20770816,64,31,tick,3,2
64659,0.33,20897792,64,32,tick,3,2
64652,0.32,20824064,64,33,tick,3,2
64654,0.32,20824064,64,34,tick,3,2
64660,0.33,20905984,64,35,tick,3,2
64661,0.34,20783104,64,36,tick,3,2
64673,0.32,20905984,64,37,tick,3,2
64663,0.32,20791296,64,38,tick,3,2
64668,0.33,20914176,64,39,tick,3,2
64666,0.33,20914176,64,40,tick,3,2
64669,0.33,20844544,64,41,tick,3,2
64671,0.33,20881408,64,42,tick,3,2
64672,0.33,20799488,64,43,tick,3,2
64674,0.32,20832256,64,44,tick,3,2
64676,0.33,20791296,64,45,tick,3,2
64683,0.32,20852736,64,46,tick,3,2
64679,0.33,20783104,64,47,tick,3,2
64681,0.32,20852736,64,48,tick,3,2
64687,0.33,20881408,64,49,tick,3,2
64686,0.32,20779008,64,50,tick,3,2
64688,0.32,20684800,64,51,tick,3,2
64690,0.33,20791296,64,52,tick,3,2
64692,0.32,20848640,64,53,tick,3,2
64693,0.33,20791296,64,54,tick,3,2
64701,0.33,20860928,64,55,tick,3,2
64696,0.32,20807680,64,56,tick,3,2
64698,0.33,20811776,64,57,tick,3,2
64700,0.32,20918272,64,58,tick,3,2
64703,0.32,20684800,64,59,tick,3,2
64704,0.32,20881408,64,60,tick,3,2
64706,0.32,20725760,64,61,tick,3,2
64707,0.33,20881408,64,62,tick,3,2
64709,0.32,20692992,64,63,tick,3,2
64711,0.32,20799488,64,64,tick,3,2
64604,0.35000000000000003,20914176,64,1,tick,4,2
64622,0.37,20955136,64,2,tick,4,2
64627,0.37,20848640,64,3,tick,4,2
64608,0.36,20848640,64,4,tick,4,2
64617,0.36,20787200,64,5,tick,4,2
64619,0.37,20877312,64,6,tick,4,2
64620,0.37,20852736,64,7,tick,4,2
64609,0.37,20852736,64,8,tick,4,2
64612,0.38,20914176,64,9,tick,4,2
64623,0.36,20733952,64,10,tick,4,2
64615,0.37,20791296,64,11,tick,4,2
64633,0.36,20783104,64,12,tick,4,2
64625,0.39,20840448,64,13,tick,4,2
64618,0.36,20852736,64,14,tick,4,2
64637,0.37,20779008,64,15,tick,4,2
64642,0.37,20779008,64,16,tick,4,2
64629,0.38,20897792,64,17,tick,4,2
64634,0.37,20783104,64,18,tick,4,2
64635,0.36,20852736,64,19,tick,4,2
64639,0.38,20914176,64,20,tick,4,2
64643,0.36,20922368,64,21,tick,4,2
64631,0.36,20881408,64,22,tick,4,2
64645,0.36,20881408,64,23,tick,4,2
64656,0.37,20844544,64,24,tick,4,2
64638,0.36,20905984,64,25,tick,4,2
64647,0.37,20774912,64,26,tick,4,2
64640,0.37,20774912,64,27,tick,4,2
64649,0.36,20905984,64,28,tick,4,2
64646,0.37,20897792,64,29,tick,4,2
64657,0.37,20852736,64,30,tick,4,2
64653,0.37,20770816,64,31,tick,4,2
64659,0.38,20897792,64,32,tick,4,2
64652,0.36,20824064,64,33,tick,4,2
64654,0.36,20824064,64,34,tick,4,2
64660,0.38,20905984,64,35,tick,4,2
64661,0.38,20783104,64,36,tick,4,2
64673,0.36,20905984,64,37,tick,4,2
64663,0.37,20791296,64,38,tick,4,2
64668,0.37,20914176,64,39,tick,4,2
64666,0.37,20914176,64,40,tick,4,2
64669,0.37,20844544,64,41,tick,4,2
64671,0.37,20881408,64,42,tick,4,2
64672,0.37,20799488,64,43,tick,4,2
64674,0.36,20832256,64,44,tick,4,2
64676,0.37,20791296,64,45,tick,4,2
64683,0.36,20852736,64,46,tick,4,2
64679,0.37,20783104,64,47,tick,4,2
64681,0.36,20852736,64,48,tick,4,2
64687,0.37,20881408,64,49,tick,4,2
64686,0.37,20779008,64,50,tick,4,2
64688,0.36,20684800,64,51,tick,4,2
64690,0.37,20791296,64,52,tick,4,2
64692,0.36,20848640,64,53,tick,4,2
64693,0.37,20791296,64,54,tick,4,2
64701,0.37,20860928,64,55,tick,4,2
64696,0.36,20807680,64,56,tick,4,2
64698,0.37,20811776,64,57,tick,4,2
64700,0.36,20918272,64,58,tick,4,2
64703,0.36,20684800,64,59,tick,4,2
64704,0.36,20881408,64,60,tick,4,2
64706,0.36,20725760,64,61,tick,4,2
64707,0.37,20881408,64,62,tick,4,2
64709,0.36,20692992,64,63,tick,4,2
64711,0.36,20799488,64,64,tick,4,2
64604,0.39,20914176,64,1,tick,5,2
64622,0.41,20955136,64,2,tick,5,2
64627,0.41,20848640,64,3,tick,5,2
64608,0.4,20848640,64,4,tick,5,2
64617,0.4,20787200,64,5,tick,5,2
64619,0.41000000000000003,20877312,64,6,tick,5,2
64620,0.4,20852736,64,7,tick,5,2
64609,0.41000000000000003,20852736,64,8,tick,5,2
64612,0.42,20914176,64,9,tick,5,2
64623,0.4,20733952,64,10,tick,5,2
64615,0.41000000000000003,20791296,64,11,tick,5,2
64633,0.4,20783104,64,12,tick,5,2
64625,0.43,20840448,64,13,tick,5,2
64618,0.4,20852736,64,14,tick,5,2
64637,0.41,20779008,64,15,tick,5,2
64642,0.41,20779008,64,16,tick,5,2
64629,0.42,20897792,64,17,tick,5,2
64634,0.41,20783104,64,18,tick,5,2
64635,0.4,20852736,64,19,tick,5,2
64639,0.42,20914176,64,20,tick,5,2
64643,0.4,20922368,64,21,tick,5,2
64631,0.4,20881408,64,22,tick,5,2
64645,0.4,20881408,64,23,tick,5,2
64656,0.41,20844544,64,24,tick,5,2
64638,0.4,20905984,64,25,tick,5,2
64647,0.41000000000000003,20774912,64,26,tick,5,2
64640,0.41,20774912,64,27,tick,5,2
64649,0.4,20905984,64,28,tick,5,2
64646,0.41,20897792,64,29,tick,5,2
64657,0.41,20852736,64,30,tick,5,2
64653,0.41,20770816,64,31,tick,5,2
64659,0.42,20897792,64,32,tick,5,2
64652,0.4,20824064,64,33,tick,5,2
64654,0.4,20824064,64,34,tick,5,2
64660,0.42,20905984,64,35,tick,5,2
64661,0.42,20783104,64,36,tick,5,2
64673,0.4,20905984,64,37,tick,5,2
64663,0.41,20791296,64,38,tick,5,2
64668,0.41,20914176,64,39,tick,5,2
64666,0.41,20914176,64,40,tick,5,2
64669,0.41,20844544,64,41,tick,5,2
64671,0.41000000000000003,20881408,64,42,tick,5,2
64672,0.41,20799488,64,43,tick,5,2
64674,0.4,20832256,64,44,tick,5,2
64676,0.41,20791296,64,45,tick,5,2
64683,0.4,20852736,64,46,tick,5,2
64679,0.41,20783104,64,47,tick,5,2
64681,0.41000000000000003,20852736,64,48,tick,5,2
64687,0.4,20881408,64,49,tick,5,2
64686,0.4,20779008,64,50,tick,5,2
64688,0.4,20684800,64,51,tick,5,2
64690,0.41000000000000003,20791296,64,52,tick,5,2
64692,0.4,20848640,64,53,tick,5,2
64693,0.41,20791296,64,54,tick,5,2
64701,0.41,20860928,64,55,tick,5,2
64696,0.4,20807680,64,56,tick,5,2
64698,0.41000000000000003,20811776,64,57,tick,5,2
64700,0.4,20918272,64,58,tick,5,2
64703,0.41,20684800,64,59,tick,5,2
64704,0.4,20881408,64,60,tick,5,2
64706,0.4,20725760,64,61,tick,5,2
64707,0.41,20881408,64,62,tick,5,2
64709,0.4,20692992,64,63,tick,5,2
64711,0.4,20799488,64,64,tick,5,2
64604,0.43,20914176,64,1,tick,6,2
64622,0.45,20955136,64,2,tick,6,2
64627,0.45,20848640,64,3,tick,6,2
64608,0.44,20848640,64,4,tick,6,2
64617,0.43,20787200,64,5,tick,6,2
64619,0.45,20877312,64,6,tick,6,2
64620,0.44,20852736,64,7,tick,6,2
64609,0.45,20852736,64,8,tick,6,2
64612,0.45,20914176,64,9,tick,6,2
64623,0.44,20733952,64,10,tick,6,2
64615,0.45,20791296,64,11,tick,6,2
64633,0.44,20783104,64,12,tick,6,2
64625,0.47000000000000003,20840448,64,13,tick,6,2
64618,0.44,20852736,64,14,tick,6,2
64637,0.45,20779008,64,15,tick,6,2
64642,0.45,20779008,64,16,tick,6,2
64629,0.46,20897792,64,17,tick,6,2
64634,0.45,20783104,64,18,tick,6,2
64635,0.44,20852736,64,19,tick,6,2
64639,0.46,20914176,64,20,tick,6,2
64643,0.44,20922368,64,21,tick,6,2
64631,0.44,20881408,64,22,tick,6,2
64645,0.43,20881408,64,23,tick,6,2
64656,0.45,20844544,64,24,tick,6,2
64638,0.44,20905984,64,25,tick,6,2
64647,0.45,20774912,64,26,tick,6,2
64640,0.44,20774912,64,27,tick,6,2
64649,0.44,20905984,64,28,tick,6,2
64646,0.45,20897792,64,29,tick,6,2
64657,0.45,20852736,64,30,tick,6,2
64653,0.45,20770816,64,31,tick,6,2
64659,0.46,20897792,64,32,tick,6,2
64652,0.44,20824064,64,33,tick,6,2
64654,0.45,20824064,64,34,tick,6,2
64660,0.46,20905984,64,35,tick,6,2
64661,0.46,20783104,64,36,tick,6,2
64673,0.44,20905984,64,37,tick,6,2
64663,0.45,20791296,64,38,tick,6,2
64668,0.46,20914176,64,39,tick,6,2
64666,0.44,20914176,64,40,tick,6,2
64669,0.45,20844544,64,41,tick,6,2
64671,0.45,20881408,64,42,tick,6,2
64672,0.45,20799488,64,43,tick,6,2
64674,0.44,20832256,64,44,tick,6,2
64676,0.45,20791296,64,45,tick,6,2
64683,0.44,20852736,64,46,tick,6,2
64679,0.45,20783104,64,47,tick,6,2
64681,0.45,20852736,64,48,tick,6,2
64687,0.44,20881408,64,49,tick,6,2
64686,0.44,20779008,64,50,tick,6,2
64688,0.44,20684800,64,51,tick,6,2
64690,0.45,20791296,64,52,tick,6,2
64692,0.45,20848640,64,53,tick,6,2
64693,0.45,20791296,64,54,tick,6,2
64701,0.45,20860928,64,55,tick,6,2
64696,0.44,20807680,64,56,tick,6,2
64698,0.45,20811776,64,57,tick,6,2
64700,0.44,20918272,64,58,tick,6,2
64703,0.45,20684800,64,59,tick,6,2
64704,0.44,20881408,64,60,tick,6,2
64706,0.44,20725760,64,61,tick,6,2
64707,0.45,20881408,64,62,tick,6,2
64709,0.44,20692992,64,63,tick,6,2
64711,0.44,20799488,64,64,tick,6,2
64604,0.47000000000000003,20914176,64,1,tick,7,2
64622,0.5,20955136,64,2,tick,7,2
64627,0.49,20848640,64,3,tick,7,2
64608,0.47000000000000003,20848640,64,4,tick,7,2
64617,0.48,20787200,64,5,tick,7,2
64619,0.49,20877312,64,6,tick,7,2
64620,0.48,20852736,64,7,tick,7,2
64609,0.49,20852736,64,8,tick,7,2
64612,0.5,20914176,64,9,tick,7,2
64623,0.48,20733952,64,10,tick,7,2
64615,0.49,20791296,64,11,tick,7,2
64633,0.48,20783104,64,12,tick,7,2
64625,0.52,20840448,64,13,tick,7,2
64618,0.48,20852736,64,14,tick,7,2
64637,0.49,20779008,64,15,tick,7,2
64642,0.49,20779008,64,16,tick,7,2
64629,0.5,20897792,64,17,tick,7,2
64634,0.49,20783104,64,18,tick,7,2
64635,0.48,20852736,64,19,tick,7,2
64639,0.5,20914176,64,20,tick,7,2
64643,0.48,20922368,64,21,tick,7,2
64631,0.49,20881408,64,22,tick,7,2
64645,0.47000000000000003,20881408,64,23,tick,7,2
64656,0.49,20844544,64,24,tick,7,2
64638,0.48,20905984,64,25,tick,7,2
64647,0.49,20774912,64,26,tick,7,2
64640,0.48,20774912,64,27,tick,7,2
64649,0.48,20905984,64,28,tick,7,2
64646,0.49,20897792,64,29,tick,7,2
64657,0.49,20852736,64,30,tick,7,2
64653,0.49,20770816,64,31,tick,7,2
64659,0.5,20897792,64,32,tick,7,2
64652,0.48,20824064,64,33,tick,7,2
64654,0.49,20824064,64,34,tick,7,2
64660,0.5,20905984,64,35,tick,7,2
64661,0.5,20783104,64,36,tick,7,2
64673,0.48,20905984,64,37,tick,7,2
64663,0.49,20791296,64,38,tick,7,2
64668,0.5,20914176,64,39,tick,7,2
64666,0.49,20914176,64,40,tick,7,2
64669,0.49,20844544,64,41,tick,7,2
64671,0.49,20881408,64,42,tick,7,2
64672,0.49,20799488,64,43,tick,7,2
64674,0.48,20832256,64,44,tick,7,2
64676,0.49,20791296,64,45,tick,7,2
64683,0.49,20852736,64,46,tick,7,2
64679,0.49,20783104,64,47,tick,7,2
64681,0.49,20852736,64,48,tick,7,2
64687,0.48,20881408,64,49,tick,7,2
64686,0.48,20779008,64,50,tick,7,2
64688,0.49,20684800,64,51,tick,7,2
64690,0.49,20791296,64,52,tick,7,2
64692,0.49,20848640,64,53,tick,7,2
64693,0.48,20791296,64,54,tick,7,2
64701,0.49,20860928,64,55,tick,7,2
64696,0.48,20807680,64,56,tick,7,2
64698,0.49,20811776,64,57,tick,7,2
64700,0.48,20918272,64,58,tick,7,2
64703,0.49,20684800,64,59,tick,7,2
64704,0.48,20881408,64,60,tick,7,2
64706,0.48,20725760,64,61,tick,7,2
64707,0.48,20881408,64,62,tick,7,2
64709,0.48,20692992,64,63,tick,7,2
64711,0.48,20799488,64,64,tick,7,2
64604,0.51,20914176,64,1,tick,8,2
64622,0.54,20955136,64,2,tick,8,2
64627,0.53,20848640,64,3,tick,8,2
64608,0.51,20848640,64,4,tick,8,2
64617,0.52,20787200,64,5,tick,8,2
64619,0.53,20877312,64,6,tick,8,2
64620,0.52,20852736,64,7,tick,8,2
64609,0.53,20852736,64,8,tick,8,2
64612,0.54,20914176,64,9,tick,8,2
64623,0.53,20733952,64,10,tick,8,2
64615,0.53,20791296,64,11,tick,8,2
64633,0.52,20783104,64,12,tick,8,2
64625,0.56,20840448,64,13,tick,8,2
64618,0.52,20852736,64,14,tick,8,2
64637,0.53,20779008,64,15,tick,8,2
64642,0.53,20779008,64,16,tick,8,2
64629,0.54,20897792,64,17,tick,8,2
64634,0.53,20783104,64,18,tick,8,2
64635,0.52,20852736,64,19,tick,8,2
64639,0.54,20914176,64,20,tick,8,2
64643,0.52,20922368,64,21,tick,8,2
64631,0.53,20881408,64,22,tick,8,2
64645,0.51,20881408,64,23,tick,8,2
64656,0.53,20844544,64,24,tick,8,2
64638,0.52,20905984,64,25,tick,8,2
64647,0.53,20774912,64,26,tick,8,2
64640,0.53,20774912,64,27,tick,8,2
64649,0.52,20905984,64,28,tick,8,2
64646,0.53,20897792,64,29,tick,8,2
64657,0.53,20852736,64,30,tick,8,2
64653,0.53,20770816,64,31,tick,8,2
64659,0.54,20897792,64,32,tick,8,2
64652,0.53,20824064,64,33,tick,8,2
64654,0.53,20824064,64,34,tick,8,2
64660,0.54,20905984,64,35,tick,8,2
64661,0.54,20783104,64,36,tick,8,2
64673,0.53,20905984,64,37,tick,8,2
64663,0.54,20791296,64,38,tick,8,2
64668,0.54,20914176,64,39,tick,8,2
64666,0.53,20914176,64,40,tick,8,2
64669,0.53,20844544,64,41,tick,8,2
64671,0.53,20881408,64,42,tick,8,2
64672,0.53,20799488,64,43,tick,8,2
64674,0.52,20832256,64,44,tick,8,2
64676,0.53,20791296,64,45,tick,8,2
64683,0.54,20852736,64,46,tick,8,2
64679,0.53,20783104,64,47,tick,8,2
64681,0.53,20852736,64,48,tick,8,2
64687,0.52,20881408,64,49,tick,8,2
64686,0.53,20779008,64,50,tick,8,2
64688,0.53,20684800,64,51,tick,8,2
64690,0.53,20791296,64,52,tick,8,2
64692,0.53,20848640,64,53,tick,8,2
64693,0.52,20791296,64,54,tick,8,2
64701,0.53,20860928,64,55,tick,8,2
64696,0.53,20807680,64,56,tick,8,2
64698,0.53,20811776,64,57,tick,8,2
64700,0.52,20918272,64,58,tick,8,2
64703,0.53,20684800,64,59,tick,8,2
64704,0.52,20881408,64,60,tick,8,2
64706,0.52,20725760,64,61,tick,8,2
64707,0.52,20881408,64,62,tick,8,2
64709,0.52,20692992,64,63,tick,8,2
64711,0.52,20799488,64,64,tick,8,2
64604,0.55,20914176,64,1,tick,9,2
64622,0.58,20955136,64,2,tick,9,2
64627,0.57,20848640,64,3,tick,9,2
64608,0.55,20848640,64,4,tick,9,2
64617,0.5700000000000001,20787200,64,5,tick,9,2
64619,0.5700000000000001,20877312,64,6,tick,9,2
64620,0.56,20852736,64,7,tick,9,2
64609,0.5700000000000001,20852736,64,8,tick,9,2
64612,0.58,20914176,64,9,tick,9,2
64623,0.57,20733952,64,10,tick,9,2
64615,0.5700000000000001,20791296,64,11,tick,9,2
64633,0.56,20783104,64,12,tick,9,2
64625,0.59,20840448,64,13,tick,9,2
64618,0.56,20852736,64,14,tick,9,2
64637,0.57,20779008,64,15,tick,9,2
64642,0.57,20779008,64,16,tick,9,2
64629,0.58,20897792,64,17,tick,9,2
64634,0.57,20783104,64,18,tick,9,2
64635,0.56,20852736,64,19,tick,9,2
64639,0.58,20914176,64,20,tick,9,2
64643,0.5700000000000001,20922368,64,21,tick,9,2
64631,0.5700000000000001,20881408,64,22,tick,9,2
64645,0.55,20881408,64,23,tick,9,2
64656,0.57,20844544,64,24,tick,9,2
64638,0.56,20905984,64,25,tick,9,2
64647,0.5700000000000001,20774912,64,26,tick,9,2
64640,0.5700000000000001,20774912,64,27,tick,9,2
64649,0.56,20905984,64,28,tick,9,2
64646,0.57,20897792,64,29,tick,9,2
64657,0.58,20852736,64,30,tick,9,2
64653,0.57,20770816,64,31,tick,9,2
64659,0.58,20897792,64,32,tick,9,2
64652,0.5700000000000001,20824064,64,33,tick,9,2
64654,0.5700000000000001,20824064,64,34,tick,9,2
64660,0.58,20905984,64,35,tick,9,2
64661,0.59,20783104,64,36,tick,9,2
64673,0.57,20905984,64,37,tick,9,2
64663,0.58,20791296,64,38,tick,9,2
64668,0.59,20914176,64,39,tick,9,2
64666,0.57,20914176,64,40,tick,9,2
64669,0.57,20844544,64,41,tick,9,2
64671,0.5700000000000001,20881408,64,42,tick,9,2
64672,0.57,20799488,64,43,tick,9,2
64674,0.56,20832256,64,44,tick,9,2
64676,0.57,20791296,64,45,tick,9,2
64683,0.58,20852736,64,46,tick,9,2
64679,0.58,20783104,64,47,tick,9,2
64681,0.5700000000000001,20852736,64,48,tick,9,2
64687,0.56,20881408,64,49,tick,9,2
64686,0.57,20779008,64,50,tick,9,2
64688,0.57,20684800,64,51,tick,9,2
64690,0.5700000000000001,20791296,64,52,tick,9,2
64692,0.5700000000000001,20848640,64,53,tick,9,2
64693,0.57,20791296,64,54,tick,9,2
64701,0.57,20860928,64,55,tick,9,2
64696,0.57,20807680,64,56,tick,9,2
64698,0.58,20811776,64,57,tick,9,2
64700,0.56,20918272,64,58,tick,9,2
64703,0.57,20684800,64,59,tick,9,2
64704,0.56,20881408,64,60,tick,9,2
64706,0.56,20725760,64,61,tick,9,2
64707,0.57,20881408,64,62,tick,9,2
64709,0.56,20692992,64,63,tick,9,2
64711,0.56,20799488,64,64,tick,9,2
64604,0.59,20914176,64,1,tick,10,2
64622,0.61,20955136,64,2,tick,10,2
64627,0.61,20848640,64,3,tick,10,2
64608,0.59,20848640,64,4,tick,10,2
64617,0.6,20787200,64,5,tick,10,2
64619,0.61,20877312,64,6,tick,10,2
64620,0.61,20852736,64,7,tick,10,2
64609,0.61,20852736,64,8,tick,10,2
64612,0.62,20914176,64,9,tick,10,2
64623,0.61,20733952,64,10,tick,10,2
64615,0.61,20791296,64,11,tick,10,2
64633,0.6,20783104,64,12,tick,10,2
64625,0.63,20840448,64,13,tick,10,2
64618,0.6,20852736,64,14,tick,10,2
64637,0.61,20779008,64,15,tick,10,2
64642,0.61,20779008,64,16,tick,10,2
64629,0.63,20897792,64,17,tick,10,2
64634,0.61,20783104,64,18,tick,10,2
64635,0.61,20852736,64,19,tick,10,2
64639,0.62,20914176,64,20,tick,10,2
64643,0.61,20922368,64,21,tick,10,2
64631,0.61,20881408,64,22,tick,10,2
64645,0.6,20881408,64,23,tick,10,2
64656,0.61,20844544,64,24,tick,10,2
64638,0.6,20905984,64,25,tick,10,2
64647,0.61,20774912,64,26,tick,10,2
64640,0.61,20774912,64,27,tick,10,2
64649,0.61,20905984,64,28,tick,10,2
64646,0.61,20897792,64,29,tick,10,2
64657,0.62,20852736,64,30,tick,10,2
64653,0.61,20770816,64,31,tick,10,2
64659,0.62,20897792,64,32,tick,10,2
64652,0.61,20824064,64,33,tick,10,2
64654,0.61,20824064,64,34,tick,10,2
64660,0.62,20905984,64,35,tick,10,2
64661,0.63,20783104,64,36,tick,10,2
64673,0.61,20905984,64,37,tick,10,2
64663,0.62,20791296,64,38,tick,10,2
64668,0.63,20914176,64,39,tick,10,2
64666,0.6,20914176,64,40,tick,10,2
64669,0.62,20844544,64,41,tick,10,2
64671,0.61,20881408,64,42,tick,10,2
64672,0.61,20799488,64,43,tick,10,2
64674,0.6,20832256,64,44,tick,10,2
64676,0.61,20791296,64,45,tick,10,2
64683,0.62,20852736,64,46,tick,10,2
64679,0.62,20783104,64,47,tick,10,2
64681,0.61,20852736,64,48,tick,10,2
64687,0.61,20881408,64,49,tick,10,2
64686,0.61,20779008,64,50,tick,10,2
64688,0.61,20684800,64,51,tick,10,2
64690,0.61,20791296,64,52,tick,10,2
64692,0.61,20848640,64,53,tick,10,2
64693,0.61,20791296,64,54,tick,10,2
64701,0.61,20860928,64,55,tick,10,2
64696,0.61,20807680,64,56,tick,10,2
64698,0.62,20811776,64,57,tick,10,2
64700,0.6,20918272,64,58,tick,10,2
64703,0.61,20684800,64,59,tick,10,2
64704,0.6,20881408,64,60,tick,10,2
64706,0.6,20725760,64,61,tick,10,2
64707,0.61,20881408,64,62,tick,10,2
64709,0.6,20692992,64,63,tick,10,2
64711,0.6,20799488,64,64,tick,10,2
64604,0.59,20914176,64,1,pre_checkpoint,,2
64622,0.61,20955136,64,2,pre_checkpoint,,2
64627,0.61,20848640,64,3,pre_checkpoint,,2
64608,0.59,20848640,64,4,pre_checkpoint,,2
64617,0.6,20787200,64,5,pre_checkpoint,,2
64619,0.61,20877312,64,6,pre_checkpoint,,2
64620,0.61,20852736,64,7,pre_checkpoint,,2
64609,0.61,20852736,64,8,pre_checkpoint,,2
64612,0.62,20914176,64,9,pre_checkpoint,,2
64623,0.61,20733952,64,10,pre_checkpoint,,2
64615,0.61,20791296,64,11,pre_checkpoint,,2
64633,0.6,20783104,64,12,pre_checkpoint,,2
64625,0.63,20840448,64,13,pre_checkpoint,,2
64618,0.6,20852736,64,14,pre_checkpoint,,2
64637,0.61,20779008,64,15,pre_checkpoint,,2
64642,0.61,20779008,64,16,pre_checkpoint,,2
64629,0.63,20897792,64,17,pre_checkpoint,,2
64634,0.61,20783104,64,18,pre_checkpoint,,2
64635,0.61,20852736,64,19,pre_checkpoint,,2
64639,0.62,20914176,64,20,pre_checkpoint,,2
64643,0.61,20922368,64,21,pre_checkpoint,,2
64631,0.61,20881408,64,22,pre_checkpoint,,2
64645,0.6,20881408,64,23,pre_checkpoint,,2
64656,0.61,20844544,64,24,pre_checkpoint,,2
64638,0.6,20905984,64,25,pre_checkpoint,,2
64647,0.61,20774912,64,26,pre_checkpoint,,2
64640,0.61,20774912,64,27,pre_checkpoint,,2
64649,0.61,20905984,64,28,pre_checkpoint,,2
64646,0.61,20897792,64,29,pre_checkpoint,,2
64657,0.62,20852736,64,30,pre_checkpoint,,2
64653,0.61,20770816,64,31,pre_checkpoint,,2
64659,0.62,20897792,64,32,pre_checkpoint,,2
64652,0.61,20824064,64,33,pre_checkpoint,,2
64654,0.61,20824064,64,34,pre_checkpoint,,2
64660,0.62,20905984,64,35,pre_checkpoint,,2
64661,0.63,20783104,64,36,pre_checkpoint,,2
64673,0.61,20905984,64,37,pre_checkpoint,,2
64663,0.62,20791296,64,38,pre_checkpoint,,2
64668,0.63,20914176,64,39,pre_checkpoint,,2
64666,0.6,20914176,64,40,pre_checkpoint,,2
64669,0.62,20844544,64,41,pre_checkpoint,,2
64671,0.61,20881408,64,42,pre_checkpoint,,2
64672,0.61,20799488,64,43,pre_checkpoint,,2
64674,0.6,20832256,64,44,pre_checkpoint,,2
64676,0.61,20791296,64,45,pre_checkpoint,,2
64683,0.62,20852736,64,46,pre_checkpoint,,2
64679,0.62,20783104,64,47,pre_checkpoint,,2
64681,0.61,20852736,64,48,pre_checkpoint,,2
64687,0.61,20881408,64,49,pre_checkpoint,,2
64686,0.61,20779008,64,50,pre_checkpoint,,2
64688,0.61,20684800,64,51,pre_checkpoint,,2
64690,0.61,20791296,64,52,pre_checkpoint,,2
64692,0.61,20848640,64,53,pre_checkpoint,,2
64693,0.61,20791296,64,54,pre_checkpoint,,2
64701,0.61,20860928,64,55,pre_checkpoint,,2
64696,0.61,20807680,64,56,pre_checkpoint,,2
64698,0.62,20811776,64,57,pre_checkpoint,,2
64700,0.6,20918272,64,58,pre_checkpoint,,2
64703,0.61,20684800,64,59,pre_checkpoint,,2
64704,0.6,20881408,64,60,pre_checkpoint,,2
64706,0.6,20725760,64,61,pre_checkpoint,,2
64707,0.61,20881408,64,62,pre_checkpoint,,2
64709,0.6,20692992,64,63,pre_checkpoint,,2
64711,0.6,20799488,64,64,pre_checkpoint,,2
64604,0.64,21762048,64,1,post_checkpoint_save,,2
64622,0.65,21798912,64,2,post_checkpoint_save,,2
64627,0.65,21749760,64,3,post_checkpoint_save,,2
64608,0.63,21696512,64,4,post_checkpoint_save,,2
64617,0.65,21635072,64,5,post_checkpoint_save,,2
64619,0.65,21725184,64,6,post_checkpoint_save,,2
64620,0.64,21696512,64,7,post_checkpoint_save,,2
64609,0.65,21700608,64,8,post_checkpoint_save,,2
64612,0.66,21762048,64,9,post_checkpoint_save,,2
64623,0.65,21581824,64,10,post_checkpoint_save,,2
64615,0.66,21635072,64,11,post_checkpoint_save,,2
64633,0.64,21626880,64,12,post_checkpoint_save,,2
64625,0.68,21688320,64,13,post_checkpoint_save,,2
64618,0.65,21700608,64,14,post_checkpoint_save,,2
64637,0.65,21626880,64,15,post_checkpoint_save,,2
64642,0.65,21626880,64,16,post_checkpoint_save,,2
64629,0.67,21745664,64,17,post_checkpoint_save,,2
64634,0.65,21626880,64,18,post_checkpoint_save,,2
64635,0.65,21696512,64,19,post_checkpoint_save,,2
64639,0.66,21762048,64,20,post_checkpoint_save,,2
64643,0.65,21770240,64,21,post_checkpoint_save,,2
64631,0.65,21729280,64,22,post_checkpoint_save,,2
64645,0.64,21725184,64,23,post_checkpoint_save,,2
64656,0.66,21688320,64,24,post_checkpoint_save,,2
64638,0.65,21749760,64,25,post_checkpoint_save,,2
64647,0.67,21622784,64,26,post_checkpoint_save,,2
64640,0.65,21618688,64,27,post_checkpoint_save,,2
64649,0.65,21753856,64,28,post_checkpoint_save,,2
64646,0.65,21741568,64,29,post_checkpoint_save,,2
64657,0.66,21696512,64,30,post_checkpoint_save,,2
64653,0.66,21614592,64,31,post_checkpoint_save,,2
64659,0.66,21794816,64,32,post_checkpoint_save,,2
64652,0.65,21671936,64,33,post_checkpoint_save,,2
64654,0.66,21671936,64,34,post_checkpoint_save,,2
64660,0.66,21753856,64,35,post_checkpoint_save,,2
64661,0.66,21630976,64,36,post_checkpoint_save,,2
64673,0.65,21753856,64,37,post_checkpoint_save,,2
64663,0.66,21639168,64,38,post_checkpoint_save,,2
64668,0.67,21757952,64,39,post_checkpoint_save,,2
64666,0.65,21757952,64,40,post_checkpoint_save,,2
64669,0.65,21688320,64,41,post_checkpoint_save,,2
64671,0.64,21729280,64,42,post_checkpoint_save,,2
64672,0.65,21643264,64,43,post_checkpoint_save,,2
64674,0.65,21676032,64,44,post_checkpoint_save,,2
64676,0.65,21639168,64,45,post_checkpoint_save,,2
64683,0.66,21696512,64,46,post_checkpoint_save,,2
64679,0.67,21630976,64,47,post_checkpoint_save,,2
64681,0.66,21700608,64,48,post_checkpoint_save,,2
64687,0.65,21725184,64,49,post_checkpoint_save,,2
64686,0.65,21626880,64,50,post_checkpoint_save,,2
64688,0.66,21528576,64,51,post_checkpoint_save,,2
64690,0.65,21635072,64,52,post_checkpoint_save,,2
64692,0.65,21692416,64,53,post_checkpoint_save,,2
64693,0.65,21639168,64,54,post_checkpoint_save,,2
64701,0.64,21708800,64,55,post_checkpoint_save,,2
64696,0.65,21655552,64,56,post_checkpoint_save,,2
64698,0.66,21659648,64,57,post_checkpoint_save,,2
64700,0.64,21766144,64,58,post_checkpoint_save,,2
64703,0.65,21528576,64,59,post_checkpoint_save,,2
64704,0.65,21725184,64,60,post_checkpoint_save,,2
64706,0.64,21569536,64,61,post_checkpoint_save,,2
64707,0.64,21729280,64,62,post_checkpoint_save,,2
64709,0.65,21536768,64,63,post_checkpoint_save,,2
64711,0.65,21647360,64,64,post_checkpoint_save,,2
64604,0.76,21766144,64,1,post_checkpoint_restore,,2
64622,0.77,26341376,64,2,post_checkpoint_restore,,2
64627,0.77,21753856,64,3,post_checkpoint_restore,,2
64608,0.74,21700608,64,4,post_checkpoint_restore,,2
64617,0.76,26177536,64,5,post_checkpoint_restore,,2
64619,0.77,21729280,64,6,post_checkpoint_restore,,2
64620,0.76,21704704,64,7,post_checkpoint_restore,,2
64609,0.76,26243072,64,8,post_checkpoint_restore,,2
64612,0.77,21766144,64,9,post_checkpoint_restore,,2
64623,0.77,21585920,64,10,post_checkpoint_restore,,2
64615,0.77,21643264,64,11,post_checkpoint_restore,,2
64633,0.76,21635072,64,12,post_checkpoint_restore,,2
64625,0.79,26230784,64,13,post_checkpoint_restore,,2
64618,0.76,21704704,64,14,post_checkpoint_restore,,2
64637,0.76,21630976,64,15,post_checkpoint_restore,,2
64642,0.77,21630976,64,16,post_checkpoint_restore,,2
64629,0.78,26288128,64,17,post_checkpoint_restore,,2
64634,0.77,26177536,64,18,post_checkpoint_restore,,2
64635,0.77,21700608,64,19,post_checkpoint_restore,,2
64639,0.78,21766144,64,20,post_checkpoint_restore,,2
64643,0.77,21774336,64,21,post_checkpoint_restore,,2
64631,0.77,26271744,64,22,post_checkpoint_restore,,2
64645,0.76,21733376,64,23,post_checkpoint_restore,,2
64656,0.77,21696512,64,24,post_checkpoint_restore,,2
64638,0.76,21757952,64,25,post_checkpoint_restore,,2
64647,0.78,21626880,64,26,post_checkpoint_restore,,2
64640,0.76,21626880,64,27,post_checkpoint_restore,,2
64649,0.76,26296320,64,28,post_checkpoint_restore,,2
64646,0.76,21749760,64,29,post_checkpoint_restore,,2
64657,0.77,21704704,64,30,post_checkpoint_restore,,2
64653,0.77,26157056,64,31,post_checkpoint_restore,,2
64659,0.77,21803008,64,32,post_checkpoint_restore,,2
64652,0.77,21676032,64,33,post_checkpoint_restore,,2
64654,0.78,21676032,64,34,post_checkpoint_restore,,2
64660,0.79,21757952,64,35,post_checkpoint_restore,,2
64661,0.78,21635072,64,36,post_checkpoint_restore,,2
64673,0.76,21757952,64,37,post_checkpoint_restore,,2
64663,0.78,21643264,64,38,post_checkpoint_restore,,2
64668,0.78,26300416,64,39,post_checkpoint_restore,,2
64666,0.76,21766144,64,40,post_checkpoint_restore,,2
64669,0.77,21696512,64,41,post_checkpoint_restore,,2
64671,0.76,21733376,64,42,post_checkpoint_restore,,2
64672,0.77,26185728,64,43,post_checkpoint_restore,,2
64674,0.76,21684224,64,44,post_checkpoint_restore,,2
64676,0.77,21643264,64,45,post_checkpoint_restore,,2
64683,0.78,26238976,64,46,post_checkpoint_restore,,2
64679,0.79,21635072,64,47,post_checkpoint_restore,,2
64681,0.77,21704704,64,48,post_checkpoint_restore,,2
64687,0.77,21733376,64,49,post_checkpoint_restore,,2
64686,0.78,21630976,64,50,post_checkpoint_restore,,2
64688,0.77,21536768,64,51,post_checkpoint_restore,,2
64690,0.77,26177536,64,52,post_checkpoint_restore,,2
64692,0.77,21700608,64,53,post_checkpoint_restore,,2
64693,0.76,21643264,64,54,post_checkpoint_restore,,2
64701,0.76,21712896,64,55,post_checkpoint_restore,,2
64696,0.77,21659648,64,56,post_checkpoint_restore,,2
64698,0.78,21663744,64,57,post_checkpoint_restore,,2
64700,0.76,21770240,64,58,post_checkpoint_restore,,2
64703,0.78,21532672,64,59,post_checkpoint_restore,,2
64704,0.76,21733376,64,60,post_checkpoint_restore,,2
64706,0.76,21577728,64,61,post_checkpoint_restore,,2
64707,0.75,21733376,64,62,post_checkpoint_restore,,2
64709,0.77,21544960,64,63,post_checkpoint_restore,,2
64711,0.76,21651456,64,64,post_checkpoint_restore,,2
65470,0.12,20414464,96,1,post_boot,,1
65473,0.12,20545536,96,2,post_boot,,1
65476,0.12,20664320,96,3,post_boot,,1
65481,0.12,20434944,96,4,post_boot,,1
65484,0.12,20393984,96,5,post_boot,,1
65486,0.12,20434944,96,6,post_boot,,1
65492,0.12,20533248,96,7,post_boot,,1
65488,0.11,20619264,96,8,post_boot,,1
65493,0.12,20541440,96,9,post_boot,,1
65490,0.11,20619264,96,10,post_boot,,1
65496,0.11,20492288,96,11,post_boot,,1
65503,0.12,20463616,96,12,post_boot,,1
65495,0.11,20488192,96,13,post_boot,,1
65510,0.12,20582400,96,14,post_boot,,1
65497,0.12,20344832,96,15,post_boot,,1
65499,0.12,20402176,96,16,post_boot,,1
65504,0.11,20623360,96,17,post_boot,,1
65500,0.11,20541440,96,18,post_boot,,1
65502,0.11,20598784,96,19,post_boot,,1
65515,0.11,20545536,96,20,post_boot,,1
65505,0.12,20422656,96,21,post_boot,,1
65508,0.12,20615168,96,22,post_boot,,1
65513,0.12,20623360,96,23,post_boot,,1
65519,0.12,20615168,96,24,post_boot,,1
65520,0.12,20557824,96,25,post_boot,,1
65507,0.12,20590592,96,26,post_boot,,1
65511,0.12,20492288,96,27,post_boot,,1
65528,0.12,20426752,96,28,post_boot,,1
65518,0.11,20500480,96,29,post_boot,,1
65516,0.11,20615168,96,30,post_boot,,1
65530,0.11,20496384,96,31,post_boot,,1
65522,0.11,20525056,96,32,post_boot,,1
65524,0.12,20533248,96,33,post_boot,,1
65525,0.12,20389888,96,34,post_boot,,1
65527,0.11,20541440,96,35,post_boot,,1
65531,0.12,20561920,96,36,post_boot,,1
65533,0.11,20496384,96,37,post_boot,,1
65535,0.12,20496384,96,38,post_boot,,1
65537,0.11,20594688,96,39,post_boot,,1
65539,0.11,20430848,96,40,post_boot,,1
65541,0.11,20590592,96,41,post_boot,,1
65543,0.11,20443136,96,42,post_boot,,1
65544,0.12,20496384,96,43,post_boot,,1
65546,0.12,20525056,96,44,post_boot,,1
65548,0.12,20434944,96,45,post_boot,,1
65550,0.12,20496384,96,46,post_boot,,1
65552,0.11,20602880,96,47,post_boot,,1
65554,0.11,20525056,96,48,post_boot,,1
65556,0.12,20672512,96,49,post_boot,,1
65557,0.12,20512768,96,50,post_boot,,1
65559,0.11,20512768,96,51,post_boot,,1
65561,0.12,20541440,96,52,post_boot,,1
65563,0.12,20480000,96,53,post_boot,,1
65565,0.12,20357120,96,54,post_boot,,1
65567,0.12,20627456,96,55,post_boot,,1
65569,0.12,20418560,96,56,post_boot,,1
65571,0.13,20434944,96,57,post_boot,,1
65573,0.13,20348928,96,58,post_boot,,1
65575,0.11,20393984,96,59,post_boot,,1
65578,0.12,20611072,96,60,post_boot,,1
65579,0.12,20430848,96,61,post_boot,,1
65581,0.12,20615168,96,62,post_boot,,1
65583,0.11,20492288,96,63,post_boot,,1
65585,0.12,20631552,96,64,post_boot,,1
65586,0.12,20492288,96,65,post_boot,,1
65588,0.13,20512768,96,66,post_boot,,1
65593,0.12,20627456,96,67,post_boot,,1
65592,0.12000000000000001,20508672,96,68,post_boot,,1
65594,0.12,20410368,96,69,post_boot,,1
65596,0.12,20533248,96,70,post_boot,,1
65598,0.11,20340736,96,71,post_boot,,1
65600,0.12,20414464,96,72,post_boot,,1
65602,0.12,20619264,96,73,post_boot,,1
65604,0.12,20512768,96,74,post_boot,,1
65606,0.12,20545536,96,75,post_boot,,1
65608,0.12,20627456,96,76,post_boot,,1
65610,0.11,20496384,96,77,post_boot,,1
65612,0.13,20590592,96,78,post_boot,,1
65613,0.12,20545536,96,79,post_boot,,1
65615,0.13,20594688,96,80,post_boot,,1
65617,0.12,20430848,96,81,post_boot,,1
65618,0.12,20369408,96,82,post_boot,,1
65624,0.12,20590592,96,83,post_boot,,1
65626,0.12,20492288,96,84,post_boot,,1
65627,0.11,20484096,96,85,post_boot,,1
65628,0.12,20492288,96,86,post_boot,,1
65625,0.11,20426752,96,87,post_boot,,1
65630,0.12,20381696,96,88,post_boot,,1
65632,0.12,20496384,96,89,post_boot,,1
65633,0.12,20615168,96,90,post_boot,,1
65634,0.11,20426752,96,91,post_boot,,1
65635,0.11,20353024,96,92,post_boot,,1
65637,0.12,20434944,96,93,post_boot,,1
65639,0.12,20414464,96,94,post_boot,,1
65641,0.12,20557824,96,95,post_boot,,1
65642,0.12,20488192,96,96,post_boot,,1
65470,0.24000000000000002,20766720,96,1,tick,1,1
65473,0.24,20901888,96,2,tick,1,1
65476,0.23,20951040,96,3,tick,1,1
65481,0.24000000000000002,20852736,96,4,tick,1,1
65484,0.24000000000000002,20746240,96,5,tick,1,1
65486,0.24000000000000002,20791296,96,6,tick,1,1
65492,0.24,20824064,96,7,tick,1,1
65488,0.24,20905984,96,8,tick,1,1
65493,0.24000000000000002,20832256,96,9,tick,1,1
65490,0.23,20905984,96,10,tick,1,1
65496,0.23,20783104,96,11,tick,1,1
65503,0.24,20815872,96,12,tick,1,1
65495,0.24000000000000002,20779008,96,13,tick,1,1
65510,0.24,20869120,96,14,tick,1,1
65497,0.25,20762624,96,15,tick,1,1
65499,0.24000000000000002,20688896,96,16,tick,1,1
65504,0.24,20914176,96,17,tick,1,1
65500,0.24,20832256,96,18,tick,1,1
65502,0.23,20885504,96,19,tick,1,1
65515,0.24,20897792,96,20,tick,1,1
65505,0.24,20779008,96,21,tick,1,1
65508,0.25,20905984,96,22,tick,1,1
65513,0.24000000000000002,20910080,96,23,tick,1,1
65519,0.24,20905984,96,24,tick,1,1
65520,0.25,20844544,96,25,tick,1,1
65507,0.25,20877312,96,26,tick,1,1
65511,0.24,20783104,96,27,tick,1,1
65528,0.24000000000000002,20848640,96,28,tick,1,1
65518,0.25,20787200,96,29,tick,1,1
65516,0.24000000000000002,20901888,96,30,tick,1,1
65530,0.24,20852736,96,31,tick,1,1
65522,0.24,20815872,96,32,tick,1,1
65524,0.25,20824064,96,33,tick,1,1
65525,0.25,20742144,96,34,tick,1,1
65527,0.24,20832256,96,35,tick,1,1
65531,0.24,20852736,96,36,tick,1,1
65533,0.24,20852736,96,37,tick,1,1
65535,0.26,20852736,96,38,tick,1,1
65537,0.25,20881408,96,39,tick,1,1
65539,0.25,20848640,96,40,tick,1,1
65541,0.24,20881408,96,41,tick,1,1
65543,0.24,20860928,96,42,tick,1,1
65544,0.25,20852736,96,43,tick,1,1
65546,0.25,20811776,96,44,tick,1,1
65548,0.25,20791296,96,45,tick,1,1
65550,0.25,20852736,96,46,tick,1,1
65552,0.24,20889600,96,47,tick,1,1
65554,0.24,20881408,96,48,tick,1,1
65556,0.25,20963328,96,49,tick,1,1
65557,0.25,20865024,96,50,tick,1,1
65559,0.25,20799488,96,51,tick,1,1
65561,0.26,20832256,96,52,tick,1,1
65563,0.25,20901888,96,53,tick,1,1
65565,0.24,20709376,96,54,tick,1,1
65567,0.26,20914176,96,55,tick,1,1
65569,0.25,20709376,96,56,tick,1,1
65571,0.26,20852736,96,57,tick,1,1
65573,0.26,20774912,96,58,tick,1,1
65575,0.24,20684800,96,59,tick,1,1
65578,0.25,20905984,96,60,tick,1,1
65579,0.25,20848640,96,61,tick,1,1
65581,0.24,20905984,96,62,tick,1,1
65583,0.24,20783104,96,63,tick,1,1
65585,0.25,20852736,96,64,tick,1,1
65586,0.25,20848640,96,65,tick,1,1
65588,0.25,20869120,96,66,tick,1,1
65593,0.25,20852736,96,67,tick,1,1
65592,0.25,20799488,96,68,tick,1,1
65594,0.24,20697088,96,69,tick,1,1
65596,0.24,20824064,96,70,tick,1,1
65598,0.24,20762624,96,71,tick,1,1
65600,0.25,20766720,96,72,tick,1,1
65602,0.25,20905984,96,73,tick,1,1
65604,0.24,20869120,96,74,tick,1,1
65606,0.25,20770816,96,75,tick,1,1
65608,0.25,20918272,96,76,tick,1,1
65610,0.24,20848640,96,77,tick,1,1
65612,0.25,20877312,96,78,tick,1,1
65613,0.25,20832256,96,79,tick,1,1
65615,0.25,20881408,96,80,tick,1,1
65617,0.25,20852736,96,81,tick,1,1
65618,0.25,20721664,96,82,tick,1,1
65624,0.25,20877312,96,83,tick,1,1
65626,0.25,20844544,96,84,tick,1,1
65627,0.24,20840448,96,85,tick,1,1
65628,0.25,20844544,96,86,tick,1,1
65625,0.24000000000000002,20779008,96,87,tick,1,1
65630,0.25,20733952,96,88,tick,1,1
65632,0.24,20852736,96,89,tick,1,1
65633,0.24,20840448,96,90,tick,1,1
65634,0.24,20783104,96,91,tick,1,1
65635,0.24,20709376,96,92,tick,1,1
65637,0.25,20791296,96,93,tick,1,1
65639,0.24000000000000002,20766720,96,94,tick,1,1
65641,0.25,20848640,96,95,tick,1,1
65642,0.24000000000000002,20779008,96,96,tick,1,1
65470,0.28,20766720,96,1,tick,2,1
65473,0.28,20901888,96,2,tick,2,1
65476,0.27,20951040,96,3,tick,2,1
65481,0.28,20852736,96,4,tick,2,1
65484,0.28,20746240,96,5,tick,2,1
65486,0.28,20791296,96,6,tick,2,1
65492,0.28,20824064,96,7,tick,2,1
65488,0.28,20905984,96,8,tick,2,1
65493,0.28,20832256,96,9,tick,2,1
65490,0.27,20905984,96,10,tick,2,1
65496,0.27,20783104,96,11,tick,2,1
65503,0.28,20815872,96,12,tick,2,1
65495,0.28,20779008,96,13,tick,2,1
65510,0.28,20869120,96,14,tick,2,1
65497,0.29,20762624,96,15,tick,2,1
65499,0.28,20688896,96,16,tick,2,1
65504,0.28,20914176,96,17,tick,2,1
65500,0.28,20832256,96,18,tick,2,1
65502,0.27,20885504,96,19,tick,2,1
65515,0.29,20897792,96,20,tick,2,1
65505,0.28,20779008,96,21,tick,2,1
65508,0.29,20905984,96,22,tick,2,1
65513,0.29000000000000004,20910080,96,23,tick,2,1
65519,0.28,20905984,96,24,tick,2,1
65520,0.29000000000000004,20844544,96,25,tick,2,1
65507,0.29,20877312,96,26,tick,2,1
65511,0.28,20783104,96,27,tick,2,1
65528,0.29000000000000004,20848640,96,28,tick,2,1
65518,0.29,20787200,96,29,tick,2,1
65516,0.28,20901888,96,30,tick,2,1
65530,0.28,20852736,96,31,tick,2,1
65522,0.28,20815872,96,32,tick,2,1
65524,0.3,20824064,96,33,tick,2,1
65525,0.29,20742144,96,34,tick,2,1
65527,0.28,20832256,96,35,tick,2,1
65531,0.28,20852736,96,36,tick,2,1
65533,0.29,20852736,96,37,tick,2,1
65535,0.3,20852736,96,38,tick,2,1
65537,0.29,20881408,96,39,tick,2,1
65539,0.29,20848640,96,40,tick,2,1
65541,0.28,20881408,96,41,tick,2,1
65543,0.28,20860928,96,42,tick,2,1
65544,0.3,20852736,96,43,tick,2,1
65546,0.29000000000000004,20811776,96,44,tick,2,1
65548,0.3,20791296,96,45,tick,2,1
65550,0.29,20852736,96,46,tick,2,1
65552,0.28,20889600,96,47,tick,2,1
65554,0.28,20881408,96,48,tick,2,1
65556,0.3,20963328,96,49,tick,2,1
65557,0.29,20865024,96,50,tick,2,1
65559,0.29,20799488,96,51,tick,2,1
65561,0.3,20832256,96,52,tick,2,1
65563,0.3,20901888,96,53,tick,2,1
65565,0.29,20709376,96,54,tick,2,1
65567,0.3,20914176,96,55,tick,2,1
65569,0.29,20709376,96,56,tick,2,1
65571,0.3,20852736,96,57,tick,2,1
65573,0.3,20774912,96,58,tick,2,1
65575,0.28,20684800,96,59,tick,2,1
65578,0.29,20905984,96,60,tick,2,1
65579,0.3,20848640,96,61,tick,2,1
65581,0.29,20905984,96,62,tick,2,1
65583,0.28,20783104,96,63,tick,2,1
65585,0.29000000000000004,20852736,96,64,tick,2,1
65586,0.29000000000000004,20848640,96,65,tick,2,1
65588,0.3,20869120,96,66,tick,2,1
65593,0.29,20852736,96,67,tick,2,1
65592,0.29000000000000004,20799488,96,68,tick,2,1
65594,0.29,20697088,96,69,tick,2,1
65596,0.29,20824064,96,70,tick,2,1
65598,0.28,20762624,96,71,tick,2,1
65600,0.29,20766720,96,72,tick,2,1
65602,0.29,20905984,96,73,tick,2,1
65604,0.28,20869120,96,74,tick,2,1
65606,0.29000000000000004,20770816,96,75,tick,2,1
65608,0.29,20918272,96,76,tick,2,1
65610,0.28,20848640,96,77,tick,2,1
65612,0.29000000000000004,20877312,96,78,tick,2,1
65613,0.29,20832256,96,79,tick,2,1
65615,0.3,20881408,96,80,tick,2,1
65617,0.29000000000000004,20852736,96,81,tick,2,1
65618,0.29000000000000004,20721664,96,82,tick,2,1
65624,0.29,20877312,96,83,tick,2,1
65626,0.29000000000000004,20844544,96,84,tick,2,1
65627,0.28,20840448,96,85,tick,2,1
65628,0.29,20844544,96,86,tick,2,1
65625,0.28,20779008,96,87,tick,2,1
65630,0.29,20733952,96,88,tick,2,1
65632,0.28,20852736,96,89,tick,2,1
65633,0.28,20840448,96,90,tick,2,1
65634,0.28,20783104,96,91,tick,2,1
65635,0.28,20709376,96,92,tick,2,1
65637,0.29,20791296,96,93,tick,2,1
65639,0.29000000000000004,20766720,96,94,tick,2,1
65641,0.29000000000000004,20848640,96,95,tick,2,1
65642,0.28,20779008,96,96,tick,2,1
65470,0.31,20766720,96,1,tick,3,1
65473,0.32,20901888,96,2,tick,3,1
65476,0.31,20951040,96,3,tick,3,1
65481,0.32,20852736,96,4,tick,3,1
65484,0.32,20746240,96,5,tick,3,1
65486,0.32,20791296,96,6,tick,3,1
65492,0.32,20824064,96,7,tick,3,1
65488,0.31,20905984,96,8,tick,3,1
65493,0.32,20832256,96,9,tick,3,1
65490,0.3,20905984,96,10,tick,3,1
65496,0.31,20783104,96,11,tick,3,1
65503,0.32,20815872,96,12,tick,3,1
65495,0.32,20779008,96,13,tick,3,1
65510,0.32,20869120,96,14,tick,3,1
65497,0.33,20762624,96,15,tick,3,1
65499,0.32,20688896,96,16,tick,3,1
65504,0.32,20914176,96,17,tick,3,1
65500,0.32,20832256,96,18,tick,3,1
65502,0.31,20885504,96,19,tick,3,1
65515,0.33,20897792,96,20,tick,3,1
65505,0.32,20779008,96,21,tick,3,1
65508,0.33,20905984,96,22,tick,3,1
65513,0.33,20910080,96,23,tick,3,1
65519,0.32,20905984,96,24,tick,3,1
65520,0.34,20844544,96,25,tick,3,1
65507,0.33,20877312,96,26,tick,3,1
65511,0.32,20783104,96,27,tick,3,1
65528,0.33,20848640,96,28,tick,3,1
65518,0.33,20787200,96,29,tick,3,1
65516,0.32,20901888,96,30,tick,3,1
65530,0.32,20852736,96,31,tick,3,1
65522,0.32,20815872,96,32,tick,3,1
65524,0.34,20824064,96,33,tick,3,1
65525,0.34,20742144,96,34,tick,3,1
65527,0.32,20832256,96,35,tick,3,1
65531,0.32,20852736,96,36,tick,3,1
65533,0.33,20852736,96,37,tick,3,1
65535,0.34,20852736,96,38,tick,3,1
65537,0.34,20881408,96,39,tick,3,1
65539,0.33,20848640,96,40,tick,3,1
65541,0.32,20881408,96,41,tick,3,1
65543,0.33,20860928,96,42,tick,3,1
65544,0.34,20852736,96,43,tick,3,1
65546,0.33,20811776,96,44,tick,3,1
65548,0.34,20791296,96,45,tick,3,1
65550,0.33,20852736,96,46,tick,3,1
65552,0.32,20889600,96,47,tick,3,1
65554,0.32,20881408,96,48,tick,3,1
65556,0.34,20963328,96,49,tick,3,1
65557,0.33,20865024,96,50,tick,3,1
65559,0.34,20799488,96,51,tick,3,1
65561,0.34,20832256,96,52,tick,3,1
65563,0.34,20901888,96,53,tick,3,1
65565,0.33,20709376,96,54,tick,3,1
65567,0.34,20914176,96,55,tick,3,1
65569,0.33,20709376,96,56,tick,3,1
65571,0.34,20852736,96,57,tick,3,1
65573,0.34,20774912,96,58,tick,3,1
65575,0.33,20684800,96,59,tick,3,1
65578,0.33,20905984,96,60,tick,3,1
65579,0.34,20848640,96,61,tick,3,1
65581,0.33,20905984,96,62,tick,3,1
65583,0.32,20783104,96,63,tick,3,1
65585,0.33,20852736,96,64,tick,3,1
65586,0.33,20848640,96,65,tick,3,1
65588,0.34,20869120,96,66,tick,3,1
65593,0.33,20852736,96,67,tick,3,1
65592,0.33,20799488,96,68,tick,3,1
65594,0.33,20697088,96,69,tick,3,1
65596,0.33,20824064,96,70,tick,3,1
65598,0.32,20762624,96,71,tick,3,1
65600,0.33,20766720,96,72,tick,3,1
65602,0.34,20905984,96,73,tick,3,1
65604,0.33,20869120,96,74,tick,3,1
65606,0.33,20770816,96,75,tick,3,1
65608,0.33,20918272,96,76,tick,3,1
65610,0.32,20848640,96,77,tick,3,1
65612,0.33,20877312,96,78,tick,3,1
65613,0.33,20832256,96,79,tick,3,1
65615,0.34,20881408,96,80,tick,3,1
65617,0.33,20852736,96,81,tick,3,1
65618,0.33,20721664,96,82,tick,3,1
65624,0.33,20877312,96,83,tick,3,1
65626,0.33,20844544,96,84,tick,3,1
65627,0.32,20840448,96,85,tick,3,1
65628,0.34,20844544,96,86,tick,3,1
65625,0.33,20779008,96,87,tick,3,1
65630,0.33,20733952,96,88,tick,3,1
65632,0.33,20852736,96,89,tick,3,1
65633,0.32,20840448,96,90,tick,3,1
65634,0.33,20783104,96,91,tick,3,1
65635,0.32,20709376,96,92,tick,3,1
65637,0.33,20791296,96,93,tick,3,1
65639,0.33,20766720,96,94,tick,3,1
65641,0.34,20848640,96,95,tick,3,1
65642,0.33,20779008,96,96,tick,3,1
65470,0.35000000000000003,20766720,96,1,tick,4,1
65473,0.36,20901888,96,2,tick,4,1
65476,0.35,20951040,96,3,tick,4,1
65481,0.35000000000000003,20852736,96,4,tick,4,1
65484,0.36,20746240,96,5,tick,4,1
65486,0.36,20791296,96,6,tick,4,1
65492,0.36,20824064,96,7,tick,4,1
65488,0.35,20905984,96,8,tick,4,1
65493,0.36,20832256,96,9,tick,4,1
65490,0.34,20905984,96,10,tick,4,1
65496,0.36,20783104,96,11,tick,4,1
65503,0.36,20815872,96,12,tick,4,1
65495,0.35000000000000003,20779008,96,13,tick,4,1
65510,0.36,20869120,96,14,tick,4,1
65497,0.37,20762624,96,15,tick,4,1
65499,0.36,20688896,96,16,tick,4,1
65504,0.35,20914176,96,17,tick,4,1
65500,0.36,20832256,96,18,tick,4,1
65502,0.35,20885504,96,19,tick,4,1
65515,0.37,20897792,96,20,tick,4,1
65505,0.36,20779008,96,21,tick,4,1
65508,0.37,20905984,96,22,tick,4,1
65513,0.37,20910080,96,23,tick,4,1
65519,0.36,20905984,96,24,tick,4,1
65520,0.38,20844544,96,25,tick,4,1
65507,0.37,20877312,96,26,tick,4,1
65511,0.36,20783104,96,27,tick,4,1
65528,0.37,20848640,96,28,tick,4,1
65518,0.37,20787200,96,29,tick,4,1
65516,0.37,20901888,96,30,tick,4,1
65530,0.36,20852736,96,31,tick,4,1
65522,0.36,20815872,96,32,tick,4,1
65524,0.38,20824064,96,33,tick,4,1
65525,0.38,20742144,96,34,tick,4,1
65527,0.36,20832256,96,35,tick,4,1
65531,0.36,20852736,96,36,tick,4,1
65533,0.36,20852736,96,37,tick,4,1
65535,0.38,20852736,96,38,tick,4,1
65537,0.38,20881408,96,39,tick,4,1
65539,0.37,20848640,96,40,tick,4,1
65541,0.36,20881408,96,41,tick,4,1
65543,0.37,20860928,96,42,tick,4,1
65544,0.38,20852736,96,43,tick,4,1
65546,0.37,20811776,96,44,tick,4,1
65548,0.38,20791296,96,45,tick,4,1
65550,0.37,20852736,96,46,tick,4,1
65552,0.36,20889600,96,47,tick,4,1
65554,0.36,20881408,96,48,tick,4,1
65556,0.38,20963328,96,49,tick,4,1
65557,0.37,20865024,96,50,tick,4,1
65559,0.38,20799488,96,51,tick,4,1
65561,0.38,20832256,96,52,tick,4,1
65563,0.38,20901888,96,53,tick,4,1
65565,0.37,20709376,96,54,tick,4,1
65567,0.38,20914176,96,55,tick,4,1
65569,0.38,20709376,96,56,tick,4,1
65571,0.38,20852736,96,57,tick,4,1
65573,0.39,20774912,96,58,tick,4,1
65575,0.37,20684800,96,59,tick,4,1
65578,0.37,20905984,96,60,tick,4,1
65579,0.38,20848640,96,61,tick,4,1
65581,0.37,20905984,96,62,tick,4,1
65583,0.37,20783104,96,63,tick,4,1
65585,0.37,20852736,96,64,tick,4,1
65586,0.37,20848640,96,65,tick,4,1
65588,0.38,20869120,96,66,tick,4,1
65593,0.37,20852736,96,67,tick,4,1
65592,0.37,20799488,96,68,tick,4,1
65594,0.37,20697088,96,69,tick,4,1
65596,0.37,20824064,96,70,tick,4,1
65598,0.37,20762624,96,71,tick,4,1
65600,0.37,20766720,96,72,tick,4,1
65602,0.38,20905984,96,73,tick,4,1
65604,0.37,20869120,96,74,tick,4,1
65606,0.37,20770816,96,75,tick,4,1
65608,0.37,20918272,96,76,tick,4,1
65610,0.37,20848640,96,77,tick,4,1
65612,0.37,20877312,96,78,tick,4,1
65613,0.37,20832256,96,79,tick,4,1
65615,0.38,20881408,96,80,tick,4,1
65617,0.37,20852736,96,81,tick,4,1
65618,0.37,20721664,96,82,tick,4,1
65624,0.37,20877312,96,83,tick,4,1
65626,0.38,20844544,96,84,tick,4,1
65627,0.36,20840448,96,85,tick,4,1
65628,0.37,20844544,96,86,tick,4,1
65625,0.38,20779008,96,87,tick,4,1
65630,0.38,20733952,96,88,tick,4,1
65632,0.37,20852736,96,89,tick,4,1
65633,0.36,20840448,96,90,tick,4,1
65634,0.38,20783104,96,91,tick,4,1
65635,0.37,20709376,96,92,tick,4,1
65637,0.37,20791296,96,93,tick,4,1
65639,0.36,20766720,96,94,tick,4,1
65641,0.38,20848640,96,95,tick,4,1
65642,0.37,20779008,96,96,tick,4,1
65470,0.39,20766720,96,1,tick,5,1
65473,0.4,20901888,96,2,tick,5,1
65476,0.39,20951040,96,3,tick,5,1
65481,0.39,20852736,96,4,tick,5,1
65484,0.39,20746240,96,5,tick,5,1
65486,0.4,20791296,96,6,tick,5,1
65492,0.4,20824064,96,7,tick,5,1
65488,0.39,20905984,96,8,tick,5,1
65493,0.4,20832256,96,9,tick,5,1
65490,0.38,20905984,96,10,tick,5,1
65496,0.4,20783104,96,11,tick,5,1
65503,0.39,20815872,96,12,tick,5,1
65495,0.39,20779008,96,13,tick,5,1
65510,0.4,20869120,96,14,tick,5,1
65497,0.41,20762624,96,15,tick,5,1
65499,0.4,20688896,96,16,tick,5,1
65504,0.39,20914176,96,17,tick,5,1
65500,0.4,20832256,96,18,tick,5,1
65502,0.39,20885504,96,19,tick,5,1
65515,0.4,20897792,96,20,tick,5,1
65505,0.4,20779008,96,21,tick,5,1
65508,0.41,20905984,96,22,tick,5,1
65513,0.41000000000000003,20910080,96,23,tick,5,1
65519,0.4,20905984,96,24,tick,5,1
65520,0.42000000000000004,20844544,96,25,tick,5,1
65507,0.41,20877312,96,26,tick,5,1
65511,0.4,20783104,96,27,tick,5,1
65528,0.41000000000000003,20848640,96,28,tick,5,1
65518,0.41,20787200,96,29,tick,5,1
65516,0.41000000000000003,20901888,96,30,tick,5,1
65530,0.39,20852736,96,31,tick,5,1
65522,0.4,20815872,96,32,tick,5,1
65524,0.42,20824064,96,33,tick,5,1
65525,0.42,20742144,96,34,tick,5,1
65527,0.41,20832256,96,35,tick,5,1
65531,0.41,20852736,96,36,tick,5,1
65533,0.4,20852736,96,37,tick,5,1
65535,0.42,20852736,96,38,tick,5,1
65537,0.42,20881408,96,39,tick,5,1
65539,0.41,20848640,96,40,tick,5,1
65541,0.4,20881408,96,41,tick,5,1
65543,0.41,20860928,96,42,tick,5,1
65544,0.42,20852736,96,43,tick,5,1
65546,0.41000000000000003,20811776,96,44,tick,5,1
65548,0.42,20791296,96,45,tick,5,1
65550,0.41,20852736,96,46,tick,5,1
65552,0.4,20889600,96,47,tick,5,1
65554,0.4,20881408,96,48,tick,5,1
65556,0.42,20963328,96,49,tick,5,1
65557,0.42,20865024,96,50,tick,5,1
65559,0.42,20799488,96,51,tick,5,1
65561,0.42,20832256,96,52,tick,5,1
65563,0.42,20901888,96,53,tick,5,1
65565,0.41,20709376,96,54,tick,5,1
65567,0.42,20914176,96,55,tick,5,1
65569,0.41,20709376,96,56,tick,5,1
65571,0.43,20852736,96,57,tick,5,1
65573,0.43,20774912,96,58,tick,5,1
65575,0.41,20684800,96,59,tick,5,1
65578,0.41,20905984,96,60,tick,5,1
65579,0.43,20848640,96,61,tick,5,1
65581,0.41,20905984,96,62,tick,5,1
65583,0.41,20783104,96,63,tick,5,1
65585,0.42,20852736,96,64,tick,5,1
65586,0.41000000000000003,20848640,96,65,tick,5,1
65588,0.43,20869120,96,66,tick,5,1
65593,0.41,20852736,96,67,tick,5,1
65592,0.41000000000000003,20799488,96,68,tick,5,1
65594,0.41,20697088,96,69,tick,5,1
65596,0.42,20824064,96,70,tick,5,1
65598,0.42,20762624,96,71,tick,5,1
65600,0.42,20766720,96,72,tick,5,1
65602,0.42,20905984,96,73,tick,5,1
65604,0.41,20869120,96,74,tick,5,1
65606,0.41000000000000003,20770816,96,75,tick,5,1
65608,0.41,20918272,96,76,tick,5,1
65610,0.41,20848640,96,77,tick,5,1
65612,0.41000000000000003,20877312,96,78,tick,5,1
65613,0.42,20832256,96,79,tick,5,1
65615,0.42,20881408,96,80,tick,5,1
65617,0.41000000000000003,20852736,96,81,tick,5,1
65618,0.41000000000000003,20721664,96,82,tick,5,1
65624,0.42,20877312,96,83,tick,5,1
65626,0.42,20844544,96,84,tick,5,1
65627,0.41,20840448,96,85,tick,5,1
65628,0.42,20844544,96,86,tick,5,1
65625,0.42000000000000004,20779008,96,87,tick,5,1
65630,0.42,20733952,96,88,tick,5,1
65632,0.41,20852736,96,89,tick,5,1
65633,0.4,20840448,96,90,tick,5,1
65634,0.42,20783104,96,91,tick,5,1
65635,0.41000000000000003,20709376,96,92,tick,5,1
65637,0.41,20791296,96,93,tick,5,1
65639,0.4,20766720,96,94,tick,5,1
65641,0.42,20848640,96,95,tick,5,1
65642,0.41000000000000003,20779008,96,96,tick,5,1
65470,0.44,20766720,96,1,tick,6,1
65473,0.44,20901888,96,2,tick,6,1
65476,0.43,20951040,96,3,tick,6,1
65481,0.43,20852736,96,4,tick,6,1
65484,0.44,20746240,96,5,tick,6,1
65486,0.44,20791296,96,6,tick,6,1
65492,0.44,20824064,96,7,tick,6,1
65488,0.43,20905984,96,8,tick,6,1
65493,0.44,20832256,96,9,tick,6,1
65490,0.43,20905984,96,10,tick,6,1
65496,0.44,20783104,96,11,tick,6,1
65503,0.43,20815872,96,12,tick,6,1
65495,0.43,20779008,96,13,tick,6,1
65510,0.45,20869120,96,14,tick,6,1
65497,0.45,20762624,96,15,tick,6,1
65499,0.44,20688896,96,16,tick,6,1
65504,0.43,20914176,96,17,tick,6,1
65500,0.44,20832256,96,18,tick,6,1
65502,0.43,20885504,96,19,tick,6,1
65515,0.45,20897792,96,20,tick,6,1
65505,0.44,20779008,96,21,tick,6,1
65508,0.44,20905984,96,22,tick,6,1
65513,0.44,20910080,96,23,tick,6,1
65519,0.44,20905984,96,24,tick,6,1
65520,0.46,20844544,96,25,tick,6,1
65507,0.45,20877312,96,26,tick,6,1
65511,0.44,20783104,96,27,tick,6,1
65528,0.45,20848640,96,28,tick,6,1
65518,0.45,20787200,96,29,tick,6,1
65516,0.45,20901888,96,30,tick,6,1
65530,0.44,20852736,96,31,tick,6,1
65522,0.44,20815872,96,32,tick,6,1
65524,0.46,20824064,96,33,tick,6,1
65525,0.46,20742144,96,34,tick,6,1
65527,0.44,20832256,96,35,tick,6,1
65531,0.45,20852736,96,36,tick,6,1
65533,0.45,20852736,96,37,tick,6,1
65535,0.47,20852736,96,38,tick,6,1
65537,0.46,20881408,96,39,tick,6,1
65539,0.45,20848640,96,40,tick,6,1
65541,0.45,20881408,96,41,tick,6,1
65543,0.45,20860928,96,42,tick,6,1
65544,0.47,20852736,96,43,tick,6,1
65546,0.46,20811776,96,44,tick,6,1
65548,0.46,20791296,96,45,tick,6,1
65550,0.45,20852736,96,46,tick,6,1
65552,0.44,20889600,96,47,tick,6,1
65554,0.45,20881408,96,48,tick,6,1
65556,0.46,20963328,96,49,tick,6,1
65557,0.46,20865024,96,50,tick,6,1
65559,0.46,20799488,96,51,tick,6,1
65561,0.47,20832256,96,52,tick,6,1
65563,0.46,20901888,96,53,tick,6,1
65565,0.45,20709376,96,54,tick,6,1
65567,0.47000000000000003,20914176,96,55,tick,6,1
65569,0.46,20709376,96,56,tick,6,1
65571,0.47000000000000003,20852736,96,57,tick,6,1
65573,0.47,20774912,96,58,tick,6,1
65575,0.45,20684800,96,59,tick,6,1
65578,0.45,20905984,96,60,tick,6,1
65579,0.47,20848640,96,61,tick,6,1
65581,0.46,20905984,96,62,tick,6,1
65583,0.45,20783104,96,63,tick,6,1
65585,0.46,20852736,96,64,tick,6,1
65586,0.45,20848640,96,65,tick,6,1
65588,0.47,20869120,96,66,tick,6,1
65593,0.46,20852736,96,67,tick,6,1
65592,0.45,20799488,96,68,tick,6,1
65594,0.45,20697088,96,69,tick,6,1
65596,0.46,20824064,96,70,tick,6,1
65598,0.46,20762624,96,71,tick,6,1
65600,0.46,20766720,96,72,tick,6,1
65602,0.46,20905984,96,73,tick,6,1
65604,0.45,20869120,96,74,tick,6,1
65606,0.45,20770816,96,75,tick,6,1
65608,0.46,20918272,96,76,tick,6,1
65610,0.45,20848640,96,77,tick,6,1
65612,0.46,20877312,96,78,tick,6,1
65613,0.46,20832256,96,79,tick,6,1
65615,0.46,20881408,96,80,tick,6,1
65617,0.46,20852736,96,81,tick,6,1
65618,0.45,20721664,96,82,tick,6,1
65624,0.46,20877312,96,83,tick,6,1
65626,0.46,20844544,96,84,tick,6,1
65627,0.45,20840448,96,85,tick,6,1
65628,0.46,20844544,96,86,tick,6,1
65625,0.46,20779008,96,87,tick,6,1
65630,0.46,20733952,96,88,tick,6,1
65632,0.45,20852736,96,89,tick,6,1
65633,0.44,20840448,96,90,tick,6,1
65634,0.46,20783104,96,91,tick,6,1
65635,0.45,20709376,96,92,tick,6,1
65637,0.45,20791296,96,93,tick,6,1
65639,0.45,20766720,96,94,tick,6,1
65641,0.46,20848640,96,95,tick,6,1
65642,0.45,20779008,96,96,tick,6,1
65470,0.48,20766720,96,1,tick,7,1
65473,0.48,20901888,96,2,tick,7,1
65476,0.47000000000000003,20951040,96,3,tick,7,1
65481,0.48,20852736,96,4,tick,7,1
65484,0.48,20746240,96,5,tick,7,1
65486,0.48,20791296,96,6,tick,7,1
65492,0.48,20824064,96,7,tick,7,1
65488,0.48,20905984,96,8,tick,7,1
65493,0.48,20832256,96,9,tick,7,1
65490,0.47,20905984,96,10,tick,7,1
65496,0.48,20783104,96,11,tick,7,1
65503,0.48,20815872,96,12,tick,7,1
65495,0.47000000000000003,20779008,96,13,tick,7,1
65510,0.49,20869120,96,14,tick,7,1
65497,0.5,20762624,96,15,tick,7,1
65499,0.48,20688896,96,16,tick,7,1
65504,0.47,20914176,96,17,tick,7,1
65500,0.48,20832256,96,18,tick,7,1
65502,0.48,20885504,96,19,tick,7,1
65515,0.49,20897792,96,20,tick,7,1
65505,0.48,20779008,96,21,tick,7,1
65508,0.48,20905984,96,22,tick,7,1
65513,0.49,20910080,96,23,tick,7,1
65519,0.48,20905984,96,24,tick,7,1
65520,0.5,20844544,96,25,tick,7,1
65507,0.5,20877312,96,26,tick,7,1
65511,0.48,20783104,96,27,tick,7,1
65528,0.49,20848640,96,28,tick,7,1
65518,0.5,20787200,96,29,tick,7,1
65516,0.5,20901888,96,30,tick,7,1
65530,0.48,20852736,96,31,tick,7,1
65522,0.48,20815872,96,32,tick,7,1
65524,0.5,20824064,96,33,tick,7,1
65525,0.5,20742144,96,34,tick,7,1
65527,0.49,20832256,96,35,tick,7,1
65531,0.49,20852736,96,36,tick,7,1
65533,0.49,20852736,96,37,tick,7,1
65535,0.51,20852736,96,38,tick,7,1
65537,0.5,20881408,96,39,tick,7,1
65539,0.5,20848640,96,40,tick,7,1
65541,0.49,20881408,96,41,tick,7,1
65543,0.5,20860928,96,42,tick,7,1
65544,0.51,20852736,96,43,tick,7,1
65546,0.5,20811776,96,44,tick,7,1
65548,0.5,20791296,96,45,tick,7,1
65550,0.5,20852736,96,46,tick,7,1
65552,0.48,20889600,96,47,tick,7,1
65554,0.49,20881408,96,48,tick,7,1
65556,0.5,20963328,96,49,tick,7,1
65557,0.5,20865024,96,50,tick,7,1
65559,0.51,20799488,96,51,tick,7,1
65561,0.51,20832256,96,52,tick,7,1
65563,0.5,20901888,96,53,tick,7,1
65565,0.49,20709376,96,54,tick,7,1
65567,0.51,20914176,96,55,tick,7,1
65569,0.5,20709376,96,56,tick,7,1
65571,0.51,20852736,96,57,tick,7,1
65573,0.51,20774912,96,58,tick,7,1
65575,0.49,20684800,96,59,tick,7,1
65578,0.5,20905984,96,60,tick,7,1
65579,0.51,20848640,96,61,tick,7,1
65581,0.5,20905984,96,62,tick,7,1
65583,0.49,20783104,96,63,tick,7,1
65585,0.5,20852736,96,64,tick,7,1
65586,0.49,20848640,96,65,tick,7,1
65588,0.51,20869120,96,66,tick,7,1
65593,0.5,20852736,96,67,tick,7,1
65592,0.49,20799488,96,68,tick,7,1
65594,0.5,20697088,96,69,tick,7,1
65596,0.51,20824064,96,70,tick,7,1
65598,0.5,20762624,96,71,tick,7,1
65600,0.5,20766720,96,72,tick,7,1
65602,0.51,20905984,96,73,tick,7,1
65604,0.49,20869120,96,74,tick,7,1
65606,0.5,20770816,96,75,tick,7,1
65608,0.5,20918272,96,76,tick,7,1
65610,0.49,20848640,96,77,tick,7,1
65612,0.5,20877312,96,78,tick,7,1
65613,0.5,20832256,96,79,tick,7,1
65615,0.5,20881408,96,80,tick,7,1
65617,0.5,20852736,96,81,tick,7,1
65618,0.49,20721664,96,82,tick,7,1
65624,0.5,20877312,96,83,tick,7,1
65626,0.5,20844544,96,84,tick,7,1
65627,0.49,20840448,96,85,tick,7,1
65628,0.5,20844544,96,86,tick,7,1
65625,0.5,20779008,96,87,tick,7,1
65630,0.5,20733952,96,88,tick,7,1
65632,0.49,20852736,96,89,tick,7,1
65633,0.48,20840448,96,90,tick,7,1
65634,0.5,20783104,96,91,tick,7,1
65635,0.49,20709376,96,92,tick,7,1
65637,0.49,20791296,96,93,tick,7,1
65639,0.49,20766720,96,94,tick,7,1
65641,0.5,20848640,96,95,tick,7,1
65642,0.48,20779008,96,96,tick,7,1
65470,0.52,20766720,96,1,tick,8,1
65473,0.52,20901888,96,2,tick,8,1
65476,0.51,20951040,96,3,tick,8,1
65481,0.51,20852736,96,4,tick,8,1
65484,0.52,20746240,96,5,tick,8,1
65486,0.52,20791296,96,6,tick,8,1
65492,0.52,20824064,96,7,tick,8,1
65488,0.52,20905984,96,8,tick,8,1
65493,0.52,20832256,96,9,tick,8,1
65490,0.51,20905984,96,10,tick,8,1
65496,0.52,20783104,96,11,tick,8,1
65503,0.52,20815872,96,12,tick,8,1
65495,0.51,20779008,96,13,tick,8,1
65510,0.53,20869120,96,14,tick,8,1
65497,0.54,20762624,96,15,tick,8,1
65499,0.52,20688896,96,16,tick,8,1
65504,0.51,20914176,96,17,tick,8,1
65500,0.52,20832256,96,18,tick,8,1
65502,0.52,20885504,96,19,tick,8,1
65515,0.53,20897792,96,20,tick,8,1
65505,0.52,20779008,96,21,tick,8,1
65508,0.52,20905984,96,22,tick,8,1
65513,0.53,20910080,96,23,tick,8,1
65519,0.52,20905984,96,24,tick,8,1
65520,0.54,20844544,96,25,tick,8,1
65507,0.54,20877312,96,26,tick,8,1
65511,0.52,20783104,96,27,tick,8,1
65528,0.53,20848640,96,28,tick,8,1
65518,0.54,20787200,96,29,tick,8,1
65516,0.54,20901888,96,30,tick,8,1
65530,0.52,20852736,96,31,tick,8,1
65522,0.52,20815872,96,32,tick,8,1
65524,0.54,20824064,96,33,tick,8,1
65525,0.54,20742144,96,34,tick,8,1
65527,0.53,20832256,96,35,tick,8,1
65531,0.53,20852736,96,36,tick,8,1
65533,0.53,20852736,96,37,tick,8,1
65535,0.55,20852736,96,38,tick,8,1
65537,0.54,20881408,96,39,tick,8,1
65539,0.54,20848640,96,40,tick,8,1
65541,0.53,20881408,96,41,tick,8,1
65543,0.54,20860928,96,42,tick,8,1
65544,0.55,20852736,96,43,tick,8,1
65546,0.54,20811776,96,44,tick,8,1
65548,0.54,20791296,96,45,tick,8,1
65550,0.54,20852736,96,46,tick,8,1
65552,0.52,20889600,96,47,tick,8,1
65554,0.53,20881408,96,48,tick,8,1
65556,0.55,20963328,96,49,tick,8,1
65557,0.55,20865024,96,50,tick,8,1
65559,0.55,20799488,96,51,tick,8,1
65561,0.55,20832256,96,52,tick,8,1
65563,0.55,20901888,96,53,tick,8,1
65565,0.53,20709376,96,54,tick,8,1
65567,0.55,20914176,96,55,tick,8,1
65569,0.55,20709376,96,56,tick,8,1
65571,0.55,20852736,96,57,tick,8,1
65573,0.55,20774912,96,58,tick,8,1
65575,0.53,20684800,96,59,tick,8,1
65578,0.54,20905984,96,60,tick,8,1
65579,0.56,20848640,96,61,tick,8,1
65581,0.55,20905984,96,62,tick,8,1
65583,0.54,20783104,96,63,tick,8,1
65585,0.55,20852736,96,64,tick,8,1
65586,0.53,20848640,96,65,tick,8,1
65588,0.55,20869120,96,66,tick,8,1
65593,0.54,20852736,96,67,tick,8,1
65592,0.53,20799488,96,68,tick,8,1
65594,0.54,20697088,96,69,tick,8,1
65596,0.55,20824064,96,70,tick,8,1
65598,0.55,20762624,96,71,tick,8,1
65600,0.54,20766720,96,72,tick,8,1
65602,0.55,20905984,96,73,tick,8,1
65604,0.53,20869120,96,74,tick,8,1
65606,0.54,20770816,96,75,tick,8,1
65608,0.54,20918272,96,76,tick,8,1
65610,0.53,20848640,96,77,tick,8,1
65612,0.54,20877312,96,78,tick,8,1
65613,0.54,20832256,96,79,tick,8,1
65615,0.54,20881408,96,80,tick,8,1
65617,0.54,20852736,96,81,tick,8,1
65618,0.53,20721664,96,82,tick,8,1
65624,0.54,20877312,96,83,tick,8,1
65626,0.54,20844544,96,84,tick,8,1
65627,0.53,20840448,96,85,tick,8,1
65628,0.54,20844544,96,86,tick,8,1
65625,0.54,20779008,96,87,tick,8,1
65630,0.54,20733952,96,88,tick,8,1
65632,0.54,20852736,96,89,tick,8,1
65633,0.53,20840448,96,90,tick,8,1
65634,0.54,20783104,96,91,tick,8,1
65635,0.53,20709376,96,92,tick,8,1
65637,0.54,20791296,96,93,tick,8,1
65639,0.53,20766720,96,94,tick,8,1
65641,0.54,20848640,96,95,tick,8,1
65642,0.52,20779008,96,96,tick,8,1
65470,0.56,20766720,96,1,tick,9,1
65473,0.56,20901888,96,2,tick,9,1
65476,0.55,20951040,96,3,tick,9,1
65481,0.55,20852736,96,4,tick,9,1
65484,0.56,20746240,96,5,tick,9,1
65486,0.56,20791296,96,6,tick,9,1
65492,0.56,20824064,96,7,tick,9,1
65488,0.56,20905984,96,8,tick,9,1
65493,0.56,20832256,96,9,tick,9,1
65490,0.55,20905984,96,10,tick,9,1
65496,0.56,20783104,96,11,tick,9,1
65503,0.56,20815872,96,12,tick,9,1
65495,0.55,20779008,96,13,tick,9,1
65510,0.57,20869120,96,14,tick,9,1
65497,0.58,20762624,96,15,tick,9,1
65499,0.56,20688896,96,16,tick,9,1
65504,0.56,20914176,96,17,tick,9,1
65500,0.56,20832256,96,18,tick,9,1
65502,0.56,20885504,96,19,tick,9,1
65515,0.57,20897792,96,20,tick,9,1
65505,0.56,20779008,96,21,tick,9,1
65508,0.57,20905984,96,22,tick,9,1
65513,0.5700000000000001,20910080,96,23,tick,9,1
65519,0.57,20905984,96,24,tick,9,1
65520,0.5800000000000001,20844544,96,25,tick,9,1
65507,0.58,20877312,96,26,tick,9,1
65511,0.57,20783104,96,27,tick,9,1
65528,0.58,20848640,96,28,tick,9,1
65518,0.58,20787200,96,29,tick,9,1
65516,0.5800000000000001,20901888,96,30,tick,9,1
65530,0.56,20852736,96,31,tick,9,1
65522,0.56,20815872,96,32,tick,9,1
65524,0.59,20824064,96,33,tick,9,1
65525,0.58,20742144,96,34,tick,9,1
65527,0.57,20832256,96,35,tick,9,1
65531,0.58,20852736,96,36,tick,9,1
65533,0.57,20852736,96,37,tick,9,1
65535,0.59,20852736,96,38,tick,9,1
65537,0.59,20881408,96,39,tick,9,1
65539,0.58,20848640,96,40,tick,9,1
65541,0.58,20881408,96,41,tick,9,1
65543,0.58,20860928,96,42,tick,9,1
65544,0.59,20852736,96,43,tick,9,1
65546,0.58,20811776,96,44,tick,9,1
65548,0.59,20791296,96,45,tick,9,1
65550,0.58,20852736,96,46,tick,9,1
65552,0.56,20889600,96,47,tick,9,1
65554,0.57,20881408,96,48,tick,9,1
65556,0.59,20963328,96,49,tick,9,1
65557,0.59,20865024,96,50,tick,9,1
65559,0.6,20799488,96,51,tick,9,1
65561,0.59,20832256,96,52,tick,9,1
65563,0.59,20901888,96,53,tick,9,1
65565,0.58,20709376,96,54,tick,9,1
65567,0.6,20914176,96,55,tick,9,1
65569,0.59,20709376,96,56,tick,9,1
65571,0.6,20852736,96,57,tick,9,1
65573,0.59,20774912,96,58,tick,9,1
65575,0.57,20684800,96,59,tick,9,1
65578,0.58,20905984,96,60,tick,9,1
65579,0.6,20848640,96,61,tick,9,1
65581,0.59,20905984,96,62,tick,9,1
65583,0.58,20783104,96,63,tick,9,1
65585,0.59,20852736,96,64,tick,9,1
65586,0.58,20848640,96,65,tick,9,1
65588,0.6,20869120,96,66,tick,9,1
65593,0.58,20852736,96,67,tick,9,1
65592,0.5800000000000001,20799488,96,68,tick,9,1
65594,0.58,20697088,96,69,tick,9,1
65596,0.59,20824064,96,70,tick,9,1
65598,0.59,20762624,96,71,tick,9,1
65600,0.59,20766720,96,72,tick,9,1
65602,0.6,20905984,96,73,tick,9,1
65604,0.57,20869120,96,74,tick,9,1
65606,0.58,20770816,96,75,tick,9,1
65608,0.58,20918272,96,76,tick,9,1
65610,0.58,20848640,96,77,tick,9,1
65612,0.5800000000000001,20877312,96,78,tick,9,1
65613,0.58,20832256,96,79,tick,9,1
65615,0.58,20881408,96,80,tick,9,1
65617,0.58,20852736,96,81,tick,9,1
65618,0.5700000000000001,20721664,96,82,tick,9,1
65624,0.58,20877312,96,83,tick,9,1
65626,0.58,20844544,96,84,tick,9,1
65627,0.58,20840448,96,85,tick,9,1
65628,0.58,20844544,96,86,tick,9,1
65625,0.5800000000000001,20779008,96,87,tick,9,1
65630,0.59,20733952,96,88,tick,9,1
65632,0.58,20852736,96,89,tick,9,1
65633,0.57,20840448,96,90,tick,9,1
65634,0.58,20783104,96,91,tick,9,1
65635,0.56,20709376,96,92,tick,9,1
65637,0.58,20791296,96,93,tick,9,1
65639,0.5700000000000001,20766720,96,94,tick,9,1
65641,0.58,20848640,96,95,tick,9,1
65642,0.56,20779008,96,96,tick,9,1
65470,0.6,20766720,96,1,tick,10,1
65473,0.6,20901888,96,2,tick,10,1
65476,0.59,20951040,96,3,tick,10,1
65481,0.59,20852736,96,4,tick,10,1
65484,0.6,20746240,96,5,tick,10,1
65486,0.6,20791296,96,6,tick,10,1
65492,0.6,20824064,96,7,tick,10,1
65488,0.6,20905984,96,8,tick,10,1
65493,0.6,20832256,96,9,tick,10,1
65490,0.59,20905984,96,10,tick,10,1
65496,0.59,20783104,96,11,tick,10,1
65503,0.6,20815872,96,12,tick,10,1
65495,0.59,20779008,96,13,tick,10,1
65510,0.61,20869120,96,14,tick,10,1
65497,0.62,20762624,96,15,tick,10,1
65499,0.6,20688896,96,16,tick,10,1
65504,0.59,20914176,96,17,tick,10,1
65500,0.61,20832256,96,18,tick,10,1
65502,0.6,20885504,96,19,tick,10,1
65515,0.61,20897792,96,20,tick,10,1
65505,0.6,20779008,96,21,tick,10,1
65508,0.6,20905984,96,22,tick,10,1
65513,0.61,20910080,96,23,tick,10,1
65519,0.61,20905984,96,24,tick,10,1
65520,0.63,20844544,96,25,tick,10,1
65507,0.62,20877312,96,26,tick,10,1
65511,0.61,20783104,96,27,tick,10,1
65528,0.62,20848640,96,28,tick,10,1
65518,0.62,20787200,96,29,tick,10,1
65516,0.62,20901888,96,30,tick,10,1
65530,0.6,20852736,96,31,tick,10,1
65522,0.6,20815872,96,32,tick,10,1
65524,0.63,20824064,96,33,tick,10,1
65525,0.62,20742144,96,34,tick,10,1
65527,0.61,20832256,96,35,tick,10,1
65531,0.62,20852736,96,36,tick,10,1
65533,0.61,20852736,96,37,tick,10,1
65535,0.63,20852736,96,38,tick,10,1
65537,0.63,20881408,96,39,tick,10,1
65539,0.62,20848640,96,40,tick,10,1
65541,0.62,20881408,96,41,tick,10,1
65543,0.62,20860928,96,42,tick,10,1
65544,0.63,20852736,96,43,tick,10,1
65546,0.62,20811776,96,44,tick,10,1
65548,0.63,20791296,96,45,tick,10,1
65550,0.62,20852736,96,46,tick,10,1
65552,0.6,20889600,96,47,tick,10,1
65554,0.62,20881408,96,48,tick,10,1
65556,0.63,20963328,96,49,tick,10,1
65557,0.63,20865024,96,50,tick,10,1
65559,0.64,20799488,96,51,tick,10,1
65561,0.63,20832256,96,52,tick,10,1
65563,0.63,20901888,96,53,tick,10,1
65565,0.62,20709376,96,54,tick,10,1
65567,0.64,20914176,96,55,tick,10,1
65569,0.63,20709376,96,56,tick,10,1
65571,0.64,20852736,96,57,tick,10,1
65573,0.64,20774912,96,58,tick,10,1
65575,0.61,20684800,96,59,tick,10,1
65578,0.63,20905984,96,60,tick,10,1
65579,0.64,20848640,96,61,tick,10,1
65581,0.63,20905984,96,62,tick,10,1
65583,0.62,20783104,96,63,tick,10,1
65585,0.63,20852736,96,64,tick,10,1
65586,0.61,20848640,96,65,tick,10,1
65588,0.64,20869120,96,66,tick,10,1
65593,0.62,20852736,96,67,tick,10,1
65592,0.62,20799488,96,68,tick,10,1
65594,0.62,20697088,96,69,tick,10,1
65596,0.63,20824064,96,70,tick,10,1
65598,0.63,20762624,96,71,tick,10,1
65600,0.63,20766720,96,72,tick,10,1
65602,0.64,20905984,96,73,tick,10,1
65604,0.61,20869120,96,74,tick,10,1
65606,0.62,20770816,96,75,tick,10,1
65608,0.62,20918272,96,76,tick,10,1
65610,0.62,20848640,96,77,tick,10,1
65612,0.62,20877312,96,78,tick,10,1
65613,0.62,20832256,96,79,tick,10,1
65615,0.62,20881408,96,80,tick,10,1
65617,0.63,20852736,96,81,tick,10,1
65618,0.61,20721664,96,82,tick,10,1
65624,0.62,20877312,96,83,tick,10,1
65626,0.62,20844544,96,84,tick,10,1
65627,0.62,20840448,96,85,tick,10,1
65628,0.62,20844544,96,86,tick,10,1
65625,0.62,20779008,96,87,tick,10,1
65630,0.63,20733952,96,88,tick,10,1
65632,0.62,20852736,96,89,tick,10,1
65633,0.61,20840448,96,90,tick,10,1
65634,0.62,20783104,96,91,tick,10,1
65635,0.6,20709376,96,92,tick,10,1
65637,0.62,20791296,96,93,tick,10,1
65639,0.61,20766720,96,94,tick,10,1
65641,0.62,20848640,96,95,tick,10,1
65642,0.61,20779008,96,96,tick,10,1
65470,0.6,20766720,96,1,pre_checkpoint,,1
65473,0.6,20901888,96,2,pre_checkpoint,,1
65476,0.59,20951040,96,3,pre_checkpoint,,1
65481,0.59,20852736,96,4,pre_checkpoint,,1
65484,0.6,20746240,96,5,pre_checkpoint,,1
65486,0.6,20791296,96,6,pre_checkpoint,,1
65492,0.6,20824064,96,7,pre_checkpoint,,1
65488,0.6,20905984,96,8,pre_checkpoint,,1
65493,0.6,20832256,96,9,pre_checkpoint,,1
65490,0.59,20905984,96,10,pre_checkpoint,,1
65496,0.59,20783104,96,11,pre_checkpoint,,1
65503,0.6,20815872,96,12,pre_checkpoint,,1
65495,0.59,20779008,96,13,pre_checkpoint,,1
65510,0.61,20869120,96,14,pre_checkpoint,,1
65497,0.62,20762624,96,15,pre_checkpoint,,1
65499,0.6,20688896,96,16,pre_checkpoint,,1
65504,0.59,20914176,96,17,pre_checkpoint,,1
65500,0.61,20832256,96,18,pre_checkpoint,,1
65502,0.6,20885504,96,19,pre_checkpoint,,1
65515,0.61,20897792,96,20,pre_checkpoint,,1
65505,0.6,20779008,96,21,pre_checkpoint,,1
65508,0.6,20905984,96,22,pre_checkpoint,,1
65513,0.61,20910080,96,23,pre_checkpoint,,1
65519,0.61,20905984,96,24,pre_checkpoint,,1
65520,0.63,20844544,96,25,pre_checkpoint,,1
65507,0.62,20877312,96,26,pre_checkpoint,,1
65511,0.61,20783104,96,27,pre_checkpoint,,1
65528,0.62,20848640,96,28,pre_checkpoint,,1
65518,0.62,20787200,96,29,pre_checkpoint,,1
65516,0.62,20901888,96,30,pre_checkpoint,,1
65530,0.6,20852736,96,31,pre_checkpoint,,1
65522,0.6,20815872,96,32,pre_checkpoint,,1
65524,0.63,20824064,96,33,pre_checkpoint,,1
65525,0.62,20742144,96,34,pre_checkpoint,,1
65527,0.61,20832256,96,35,pre_checkpoint,,1
65531,0.62,20852736,96,36,pre_checkpoint,,1
65533,0.61,20852736,96,37,pre_checkpoint,,1
65535,0.63,20852736,96,38,pre_checkpoint,,1
65537,0.63,20881408,96,39,pre_checkpoint,,1
65539,0.62,20848640,96,40,pre_checkpoint,,1
65541,0.62,20881408,96,41,pre_checkpoint,,1
65543,0.62,20860928,96,42,pre_checkpoint,,1
65544,0.63,20852736,96,43,pre_checkpoint,,1
65546,0.62,20811776,96,44,pre_checkpoint,,1
65548,0.63,20791296,96,45,pre_checkpoint,,1
65550,0.62,20852736,96,46,pre_checkpoint,,1
65552,0.6,20889600,96,47,pre_checkpoint,,1
65554,0.62,20881408,96,48,pre_checkpoint,,1
65556,0.63,20963328,96,49,pre_checkpoint,,1
65557,0.63,20865024,96,50,pre_checkpoint,,1
65559,0.64,20799488,96,51,pre_checkpoint,,1
65561,0.63,20832256,96,52,pre_checkpoint,,1
65563,0.63,20901888,96,53,pre_checkpoint,,1
65565,0.62,20709376,96,54,pre_checkpoint,,1
65567,0.64,20914176,96,55,pre_checkpoint,,1
65569,0.63,20709376,96,56,pre_checkpoint,,1
65571,0.64,20852736,96,57,pre_checkpoint,,1
65573,0.64,20774912,96,58,pre_checkpoint,,1
65575,0.61,20684800,96,59,pre_checkpoint,,1
65578,0.63,20905984,96,60,pre_checkpoint,,1
65579,0.64,20848640,96,61,pre_checkpoint,,1
65581,0.63,20905984,96,62,pre_checkpoint,,1
65583,0.62,20783104,96,63,pre_checkpoint,,1
65585,0.63,20852736,96,64,pre_checkpoint,,1
65586,0.61,20848640,96,65,pre_checkpoint,,1
65588,0.64,20869120,96,66,pre_checkpoint,,1
65593,0.62,20852736,96,67,pre_checkpoint,,1
65592,0.62,20799488,96,68,pre_checkpoint,,1
65594,0.62,20697088,96,69,pre_checkpoint,,1
65596,0.63,20824064,96,70,pre_checkpoint,,1
65598,0.63,20762624,96,71,pre_checkpoint,,1
65600,0.63,20766720,96,72,pre_checkpoint,,1
65602,0.64,20905984,96,73,pre_checkpoint,,1
65604,0.61,20869120,96,74,pre_checkpoint,,1
65606,0.62,20770816,96,75,pre_checkpoint,,1
65608,0.62,20918272,96,76,pre_checkpoint,,1
65610,0.62,20848640,96,77,pre_checkpoint,,1
65612,0.62,20877312,96,78,pre_checkpoint,,1
65613,0.62,20832256,96,79,pre_checkpoint,,1
65615,0.62,20881408,96,80,pre_checkpoint,,1
65617,0.63,20852736,96,81,pre_checkpoint,,1
65618,0.61,20721664,96,82,pre_checkpoint,,1
65624,0.62,20877312,96,83,pre_checkpoint,,1
65626,0.62,20844544,96,84,pre_checkpoint,,1
65627,0.62,20840448,96,85,pre_checkpoint,,1
65628,0.62,20844544,96,86,pre_checkpoint,,1
65625,0.62,20779008,96,87,pre_checkpoint,,1
65630,0.63,20733952,96,88,pre_checkpoint,,1
65632,0.62,20852736,96,89,pre_checkpoint,,1
65633,0.61,20840448,96,90,pre_checkpoint,,1
65634,0.62,20783104,96,91,pre_checkpoint,,1
65635,0.6,20709376,96,92,pre_checkpoint,,1
65637,0.62,20791296,96,93,pre_checkpoint,,1
65639,0.61,20766720,96,94,pre_checkpoint,,1
65641,0.62,20848640,96,95,pre_checkpoint,,1
65642,0.61,20779008,96,96,pre_checkpoint,,1
65470,0.63,21610496,96,1,post_checkpoint_save,,1
65473,0.64,21749760,96,2,post_checkpoint_save,,1
65476,0.63,21794816,96,3,post_checkpoint_save,,1
65481,0.63,21700608,96,4,post_checkpoint_save,,1
65484,0.65,21590016,96,5,post_checkpoint_save,,1
65486,0.64,21639168,96,6,post_checkpoint_save,,1
65492,0.64,21667840,96,7,post_checkpoint_save,,1
65488,0.64,21749760,96,8,post_checkpoint_save,,1
65493,0.64,21680128,96,9,post_checkpoint_save,,1
65490,0.64,21749760,96,10,post_checkpoint_save,,1
65496,0.64,21630976,96,11,post_checkpoint_save,,1
65503,0.64,21663744,96,12,post_checkpoint_save,,1
65495,0.64,21626880,96,13,post_checkpoint_save,,1
65510,0.66,21716992,96,14,post_checkpoint_save,,1
65497,0.66,21606400,96,15,post_checkpoint_save,,1
65499,0.65,21532672,96,16,post_checkpoint_save,,1
65504,0.64,21762048,96,17,post_checkpoint_save,,1
65500,0.65,21676032,96,18,post_checkpoint_save,,1
65502,0.65,21729280,96,19,post_checkpoint_save,,1
65515,0.65,21745664,96,20,post_checkpoint_save,,1
65505,0.64,21626880,96,21,post_checkpoint_save,,1
65508,0.64,21749760,96,22,post_checkpoint_save,,1
65513,0.65,21757952,96,23,post_checkpoint_save,,1
65519,0.65,21749760,96,24,post_checkpoint_save,,1
65520,0.67,21688320,96,25,post_checkpoint_save,,1
65507,0.66,21725184,96,26,post_checkpoint_save,,1
65511,0.65,21630976,96,27,post_checkpoint_save,,1
65528,0.66,21749760,96,28,post_checkpoint_save,,1
65518,0.66,21635072,96,29,post_checkpoint_save,,1
65516,0.66,21749760,96,30,post_checkpoint_save,,1
65530,0.64,21700608,96,31,post_checkpoint_save,,1
65522,0.64,21659648,96,32,post_checkpoint_save,,1
65524,0.67,21671936,96,33,post_checkpoint_save,,1
65525,0.67,21585920,96,34,post_checkpoint_save,,1
65527,0.66,21680128,96,35,post_checkpoint_save,,1
65531,0.66,21696512,96,36,post_checkpoint_save,,1
65533,0.66,21700608,96,37,post_checkpoint_save,,1
65535,0.68,21696512,96,38,post_checkpoint_save,,1
65537,0.67,21729280,96,39,post_checkpoint_save,,1
65539,0.67,21749760,96,40,post_checkpoint_save,,1
65541,0.66,21729280,96,41,post_checkpoint_save,,1
65543,0.66,21704704,96,42,post_checkpoint_save,,1
65544,0.68,21700608,96,43,post_checkpoint_save,,1
65546,0.67,21655552,96,44,post_checkpoint_save,,1
65548,0.67,21639168,96,45,post_checkpoint_save,,1
65550,0.67,21700608,96,46,post_checkpoint_save,,1
65552,0.66,21733376,96,47,post_checkpoint_save,,1
65554,0.66,21729280,96,48,post_checkpoint_save,,1
65556,0.67,21807104,96,49,post_checkpoint_save,,1
65557,0.67,21712896,96,50,post_checkpoint_save,,1
65559,0.67,21647360,96,51,post_checkpoint_save,,1
65561,0.6900000000000001,21680128,96,52,post_checkpoint_save,,1
65563,0.68,21745664,96,53,post_checkpoint_save,,1
65565,0.67,21557248,96,54,post_checkpoint_save,,1
65567,0.68,21762048,96,55,post_checkpoint_save,,1
65569,0.67,21557248,96,56,post_checkpoint_save,,1
65571,0.67,21700608,96,57,post_checkpoint_save,,1
65573,0.68,21618688,96,58,post_checkpoint_save,,1
65575,0.66,21532672,96,59,post_checkpoint_save,,1
65578,0.67,21749760,96,60,post_checkpoint_save,,1
65579,0.68,21749760,96,61,post_checkpoint_save,,1
65581,0.68,21749760,96,62,post_checkpoint_save,,1
65583,0.67,21630976,96,63,post_checkpoint_save,,1
65585,0.67,21700608,96,64,post_checkpoint_save,,1
65586,0.66,21696512,96,65,post_checkpoint_save,,1
65588,0.6900000000000001,21716992,96,66,post_checkpoint_save,,1
65593,0.67,21700608,96,67,post_checkpoint_save,,1
65592,0.66,21643264,96,68,post_checkpoint_save,,1
65594,0.66,21540864,96,69,post_checkpoint_save,,1
65596,0.67,21671936,96,70,post_checkpoint_save,,1
65598,0.67,21606400,96,71,post_checkpoint_save,,1
65600,0.67,21614592,96,72,post_checkpoint_save,,1
65602,0.68,21749760,96,73,post_checkpoint_save,,1
65604,0.66,21716992,96,74,post_checkpoint_save,,1
65606,0.67,21614592,96,75,post_checkpoint_save,,1
65608,0.67,21762048,96,76,post_checkpoint_save,,1
65610,0.66,21692416,96,77,post_checkpoint_save,,1
65612,0.67,21725184,96,78,post_checkpoint_save,,1
65613,0.67,21680128,96,79,post_checkpoint_save,,1
65615,0.66,21729280,96,80,post_checkpoint_save,,1
65617,0.67,21696512,96,81,post_checkpoint_save,,1
65618,0.66,21565440,96,82,post_checkpoint_save,,1
65624,0.66,21725184,96,83,post_checkpoint_save,,1
65626,0.66,21688320,96,84,post_checkpoint_save,,1
65627,0.66,21684224,96,85,post_checkpoint_save,,1
65628,0.66,21692416,96,86,post_checkpoint_save,,1
65625,0.66,21626880,96,87,post_checkpoint_save,,1
65630,0.67,21577728,96,88,post_checkpoint_save,,1
65632,0.66,21700608,96,89,post_checkpoint_save,,1
65633,0.65,21684224,96,90,post_checkpoint_save,,1
65634,0.66,21630976,96,91,post_checkpoint_save,,1
65635,0.65,21557248,96,92,post_checkpoint_save,,1
65637,0.66,21635072,96,93,post_checkpoint_save,,1
65639,0.65,21610496,96,94,post_checkpoint_save,,1
65641,0.67,21692416,96,95,post_checkpoint_save,,1
65642,0.65,21626880,96,96,post_checkpoint_save,,1
65470,0.75,21618688,96,1,post_checkpoint_restore,,1
65473,0.75,21753856,96,2,post_checkpoint_restore,,1
65476,0.76,21803008,96,3,post_checkpoint_restore,,1
65481,0.75,21704704,96,4,post_checkpoint_restore,,1
65484,0.76,26140672,96,5,post_checkpoint_restore,,1
65486,0.75,21643264,96,6,post_checkpoint_restore,,1
65492,0.76,21676032,96,7,post_checkpoint_restore,,1
65488,0.76,21757952,96,8,post_checkpoint_restore,,1
65493,0.76,26222592,96,9,post_checkpoint_restore,,1
65490,0.75,26292224,96,10,post_checkpoint_restore,,1
65496,0.76,26173440,96,11,post_checkpoint_restore,,1
65503,0.75,21667840,96,12,post_checkpoint_restore,,1
65495,0.76,21630976,96,13,post_checkpoint_restore,,1
65510,0.78,26259456,96,14,post_checkpoint_restore,,1
65497,0.78,26148864,96,15,post_checkpoint_restore,,1
65499,0.76,21540864,96,16,post_checkpoint_restore,,1
65504,0.75,21766144,96,17,post_checkpoint_restore,,1
65500,0.77,21684224,96,18,post_checkpoint_restore,,1
65502,0.77,26271744,96,19,post_checkpoint_restore,,1
65515,0.78,21749760,96,20,post_checkpoint_restore,,1
65505,0.76,21630976,96,21,post_checkpoint_restore,,1
65508,0.77,21753856,96,22,post_checkpoint_restore,,1
65513,0.77,21762048,96,23,post_checkpoint_restore,,1
65519,0.77,21757952,96,24,post_checkpoint_restore,,1
65520,0.79,26230784,96,25,post_checkpoint_restore,,1
65507,0.78,21729280,96,26,post_checkpoint_restore,,1
65511,0.78,26173440,96,27,post_checkpoint_restore,,1
65528,0.77,21753856,96,28,post_checkpoint_restore,,1
65518,0.78,21639168,96,29,post_checkpoint_restore,,1
65516,0.77,21753856,96,30,post_checkpoint_restore,,1
65530,0.76,26243072,96,31,post_checkpoint_restore,,1
65522,0.76,26202112,96,32,post_checkpoint_restore,,1
65524,0.79,21676032,96,33,post_checkpoint_restore,,1
65525,0.78,21594112,96,34,post_checkpoint_restore,,1
65527,0.78,26222592,96,35,post_checkpoint_restore,,1
65531,0.77,21704704,96,36,post_checkpoint_restore,,1
65533,0.77,21704704,96,37,post_checkpoint_restore,,1
65535,0.79,26247168,96,38,post_checkpoint_restore,,1
65537,0.8,21733376,96,39,post_checkpoint_restore,,1
65539,0.79,26292224,96,40,post_checkpoint_restore,,1
65541,0.78,21733376,96,41,post_checkpoint_restore,,1
65543,0.79,21712896,96,42,post_checkpoint_restore,,1
65544,0.8,21704704,96,43,post_checkpoint_restore,,1
65546,0.79,21663744,96,44,post_checkpoint_restore,,1
65548,0.79,26181632,96,45,post_checkpoint_restore,,1
65550,0.78,26243072,96,46,post_checkpoint_restore,,1
65552,0.77,26275840,96,47,post_checkpoint_restore,,1
65554,0.78,21733376,96,48,post_checkpoint_restore,,1
65556,0.79,21815296,96,49,post_checkpoint_restore,,1
65557,0.79,21716992,96,50,post_checkpoint_restore,,1
65559,0.8,21651456,96,51,post_checkpoint_restore,,1
65561,0.8,26222592,96,52,post_checkpoint_restore,,1
65563,0.8,21753856,96,53,post_checkpoint_restore,,1
65565,0.78,21561344,96,54,post_checkpoint_restore,,1
65567,0.8,21766144,96,55,post_checkpoint_restore,,1
65569,0.79,21561344,96,56,post_checkpoint_restore,,1
65571,0.79,26243072,96,57,post_checkpoint_restore,,1
65573,0.8,21626880,96,58,post_checkpoint_restore,,1
65575,0.77,21536768,96,59,post_checkpoint_restore,,1
65578,0.79,21757952,96,60,post_checkpoint_restore,,1
65579,0.81,21753856,96,61,post_checkpoint_restore,,1
65581,0.8,21757952,96,62,post_checkpoint_restore,,1
65583,0.78,21635072,96,63,post_checkpoint_restore,,1
65585,0.79,21704704,96,64,post_checkpoint_restore,,1
65586,0.77,26238976,96,65,post_checkpoint_restore,,1
65588,0.8,26259456,96,66,post_checkpoint_restore,,1
65593,0.79,21704704,96,67,post_checkpoint_restore,,1
65592,0.78,26185728,96,68,post_checkpoint_restore,,1
65594,0.78,26091520,96,69,post_checkpoint_restore,,1
65596,0.78,21676032,96,70,post_checkpoint_restore,,1
65598,0.78,26148864,96,71,post_checkpoint_restore,,1
65600,0.79,26157056,96,72,post_checkpoint_restore,,1
65602,0.79,21757952,96,73,post_checkpoint_restore,,1
65604,0.79,21721088,96,74,post_checkpoint_restore,,1
65606,0.78,21622784,96,75,post_checkpoint_restore,,1
65608,0.79,21770240,96,76,post_checkpoint_restore,,1
65610,0.79,26234880,96,77,post_checkpoint_restore,,1
65612,0.79,21729280,96,78,post_checkpoint_restore,,1
65613,0.79,21684224,96,79,post_checkpoint_restore,,1
65615,0.78,21733376,96,80,post_checkpoint_restore,,1
65617,0.79,21704704,96,81,post_checkpoint_restore,,1
65618,0.77,26116096,96,82,post_checkpoint_restore,,1
65624,0.78,26267648,96,83,post_checkpoint_restore,,1
65626,0.77,21696512,96,84,post_checkpoint_restore,,1
65627,0.78,26234880,96,85,post_checkpoint_restore,,1
65628,0.78,26234880,96,86,post_checkpoint_restore,,1
65625,0.77,26169344,96,87,post_checkpoint_restore,,1
65630,0.79,26120192,96,88,post_checkpoint_restore,,1
65632,0.78,21704704,96,89,post_checkpoint_restore,,1
65633,0.77,21692416,96,90,post_checkpoint_restore,,1
65634,0.77,26173440,96,91,post_checkpoint_restore,,1
65635,0.77,21561344,96,92,post_checkpoint_restore,,1
65637,0.78,21643264,96,93,post_checkpoint_restore,,1
65639,0.77,21618688,96,94,post_checkpoint_restore,,1
65641,0.79,21700608,96,95,post_checkpoint_restore,,1
65642,0.77,26169344,96,96,post_checkpoint_restore,,1
66696,0.12000000000000001,20434944,96,1,post_boot,,2
66703,0.12,20525056,96,2,post_boot,,2
66695,0.12,20426752,96,3,post_boot,,2
66705,0.12,20615168,96,4,post_boot,,2
66699,0.11,20455424,96,5,post_boot,,2
66704,0.11,20557824,96,6,post_boot,,2
66712,0.12,20336640,96,7,post_boot,,2
66713,0.11,20525056,96,8,post_boot,,2
66715,0.12,20545536,96,9,post_boot,,2
66709,0.12,20492288,96,10,post_boot,,2
66725,0.13,20430848,96,11,post_boot,,2
66723,0.12,20496384,96,12,post_boot,,2
66717,0.12,20430848,96,13,post_boot,,2
66711,0.11,20430848,96,14,post_boot,,2
66726,0.12,20496384,96,15,post_boot,,2
66724,0.12,20467712,96,16,post_boot,,2
66719,0.12,20402176,96,17,post_boot,,2
66722,0.12,20414464,96,18,post_boot,,2
66721,0.12,20615168,96,19,post_boot,,2
66718,0.11,20635648,96,20,post_boot,,2
66727,0.12,20643840,96,21,post_boot,,2
66729,0.12,20594688,96,22,post_boot,,2
66731,0.12,20541440,96,23,post_boot,,2
66734,0.12,20639744,96,24,post_boot,,2
66735,0.12,20504576,96,25,post_boot,,2
66737,0.12,20496384,96,26,post_boot,,2
66741,0.12,20619264,96,27,post_boot,,2
66744,0.12,20488192,96,28,post_boot,,2
66742,0.12,20422656,96,29,post_boot,,2
66747,0.11,20492288,96,30,post_boot,,2
66746,0.12,20615168,96,31,post_boot,,2
66749,0.12,20447232,96,32,post_boot,,2
66750,0.11,20426752,96,33,post_boot,,2
66751,0.12,20516864,96,34,post_boot,,2
66753,0.12,20410368,96,35,post_boot,,2
66755,0.13,20557824,96,36,post_boot,,2
66757,0.12,20496384,96,37,post_boot,,2
66759,0.12,20496384,96,38,post_boot,,2
66761,0.12,20553728,96,39,post_boot,,2
66763,0.12,20434944,96,40,post_boot,,2
66765,0.12,20615168,96,41,post_boot,,2
66772,0.11,20439040,96,42,post_boot,,2
66768,0.12,20332544,96,43,post_boot,,2
66770,0.12,20516864,96,44,post_boot,,2
66773,0.12,20627456,96,45,post_boot,,2
66775,0.12,20615168,96,46,post_boot,,2
66777,0.12,20410368,96,47,post_boot,,2
66787,0.12,20549632,96,48,post_boot,,2
66780,0.12,20615168,96,49,post_boot,,2
66782,0.12,20496384,96,50,post_boot,,2
66784,0.12,20512768,96,51,post_boot,,2
66786,0.12,20668416,96,52,post_boot,,2
66788,0.12,20426752,96,53,post_boot,,2
66790,0.12,20471808,96,54,post_boot,,2
66792,0.13,20340736,96,55,post_boot,,2
66794,0.11,20541440,96,56,post_boot,,2
66796,0.12,20512768,96,57,post_boot,,2
66798,0.12,20467712,96,58,post_boot,,2
66800,0.12,20627456,96,59,post_boot,,2
66802,0.11,20508672,96,60,post_boot,,2
66805,0.11,20516864,96,61,post_boot,,2
66806,0.12,20316160,96,62,post_boot,,2
66808,0.12,20459520,96,63,post_boot,,2
66810,0.12,20434944,96,64,post_boot,,2
66812,0.11,20533248,96,65,post_boot,,2
66814,0.12,20492288,96,66,post_boot,,2
66816,0.12,20602880,96,67,post_boot,,2
66818,0.13,20627456,96,68,post_boot,,2
66820,0.12,20623360,96,69,post_boot,,2
66822,0.12,20504576,96,70,post_boot,,2
66824,0.12,20496384,96,71,post_boot,,2
66826,0.12,20615168,96,72,post_boot,,2
66828,0.12,20594688,96,73,post_boot,,2
66830,0.12,20426752,96,74,post_boot,,2
66831,0.12,20426752,96,75,post_boot,,2
66833,0.12,20594688,96,76,post_boot,,2
66835,0.12,20340736,96,77,post_boot,,2
66837,0.13,20463616,96,78,post_boot,,2
66839,0.12,20426752,96,79,post_boot,,2
66841,0.12,20410368,96,80,post_boot,,2
66843,0.12,20344832,96,81,post_boot,,2
66845,0.12,20496384,96,82,post_boot,,2
66847,0.11,20500480,96,83,post_boot,,2
66849,0.12,20393984,96,84,post_boot,,2
66850,0.12,20426752,96,85,post_boot,,2
66852,0.12,20422656,96,86,post_boot,,2
66854,0.12,20430848,96,87,post_boot,,2
66856,0.12,20475904,96,88,post_boot,,2
66858,0.12,20463616,96,89,post_boot,,2
66860,0.12,20357120,96,90,post_boot,,2
66864,0.11,20627456,96,91,post_boot,,2
66863,0.12,20496384,96,92,post_boot,,2
66866,0.11,20336640,96,93,post_boot,,2
66867,0.13,20426752,96,94,post_boot,,2
66869,0.13,20406272,96,95,post_boot,,2
66871,0.12,20434944,96,96,post_boot,,2
66696,0.24,20787200,96,1,tick,1,2
66703,0.24,20815872,96,2,tick,1,2
66695,0.25,20713472,96,3,tick,1,2
66705,0.24,20905984,96,4,tick,1,2
66699,0.24,20811776,96,5,tick,1,2
66704,0.23,20848640,96,6,tick,1,2
66712,0.24,20692992,96,7,tick,1,2
66713,0.24,20811776,96,8,tick,1,2
66715,0.24,20901888,96,9,tick,1,2
66709,0.25,20783104,96,10,tick,1,2
66725,0.25,20852736,96,11,tick,1,2
66723,0.25,20852736,96,12,tick,1,2
66717,0.24000000000000002,20852736,96,13,tick,1,2
66711,0.25,20852736,96,14,tick,1,2
66726,0.24000000000000002,20848640,96,15,tick,1,2
66724,0.25,20819968,96,16,tick,1,2
66719,0.25,20688896,96,17,tick,1,2
66722,0.25,20766720,96,18,tick,1,2
66721,0.25,20905984,96,19,tick,1,2
66718,0.25,20926464,96,20,tick,1,2
66727,0.25,20934656,96,21,tick,1,2
66729,0.25,20881408,96,22,tick,1,2
66731,0.25,20893696,96,23,tick,1,2
66734,0.25,20926464,96,24,tick,1,2
66735,0.25,20791296,96,25,tick,1,2
66737,0.25,20848640,96,26,tick,1,2
66741,0.25,20905984,96,27,tick,1,2
66744,0.25,20774912,96,28,tick,1,2
66742,0.26,20779008,96,29,tick,1,2
66747,0.25,20844544,96,30,tick,1,2
66746,0.25,20905984,96,31,tick,1,2
66749,0.25,20733952,96,32,tick,1,2
66750,0.24000000000000002,20844544,96,33,tick,1,2
66751,0.25,20873216,96,34,tick,1,2
66753,0.25,20762624,96,35,tick,1,2
66755,0.26,20914176,96,36,tick,1,2
66757,0.26,20852736,96,37,tick,1,2
66759,0.25,20852736,96,38,tick,1,2
66761,0.26,20840448,96,39,tick,1,2
66763,0.25,20852736,96,40,tick,1,2
66765,0.25,20901888,96,41,tick,1,2
66772,0.24,20860928,96,42,tick,1,2
66768,0.25,20815872,96,43,tick,1,2
66770,0.25,20807680,96,44,tick,1,2
66773,0.25,20848640,96,45,tick,1,2
66775,0.26,20905984,96,46,tick,1,2
66777,0.25,20766720,96,47,tick,1,2
66787,0.25,20901888,96,48,tick,1,2
66780,0.25,20905984,96,49,tick,1,2
66782,0.24,20852736,96,50,tick,1,2
66784,0.25,20803584,96,51,tick,1,2
66786,0.25,20955136,96,52,tick,1,2
66788,0.26,20783104,96,53,tick,1,2
66790,0.25,20762624,96,54,tick,1,2
66792,0.26,20697088,96,55,tick,1,2
66794,0.25,20828160,96,56,tick,1,2
66796,0.25,20869120,96,57,tick,1,2
66798,0.25,20819968,96,58,tick,1,2
66800,0.25,20918272,96,59,tick,1,2
66802,0.25,20799488,96,60,tick,1,2
66805,0.25,20869120,96,61,tick,1,2
66806,0.26,20738048,96,62,tick,1,2
66808,0.26,20750336,96,63,tick,1,2
66810,0.26,20787200,96,64,tick,1,2
66812,0.24000000000000002,20824064,96,65,tick,1,2
66814,0.26,20779008,96,66,tick,1,2
66816,0.25,20889600,96,67,tick,1,2
66818,0.27,20852736,96,68,tick,1,2
66820,0.25,20910080,96,69,tick,1,2
66822,0.25,20856832,96,70,tick,1,2
66824,0.25,20852736,96,71,tick,1,2
66826,0.26,20901888,96,72,tick,1,2
66828,0.25,20885504,96,73,tick,1,2
66830,0.25,20848640,96,74,tick,1,2
66831,0.25,20783104,96,75,tick,1,2
66833,0.25,20881408,96,76,tick,1,2
66835,0.25,20762624,96,77,tick,1,2
66837,0.26,20819968,96,78,tick,1,2
66839,0.24,20848640,96,79,tick,1,2
66841,0.26,20762624,96,80,tick,1,2
66843,0.25,20762624,96,81,tick,1,2
66845,0.25,20852736,96,82,tick,1,2
66847,0.24,20852736,96,83,tick,1,2
66849,0.24,20815872,96,84,tick,1,2
66850,0.25,20848640,96,85,tick,1,2
66852,0.25,20844544,96,86,tick,1,2
66854,0.24,20848640,96,87,tick,1,2
66856,0.25,20783104,96,88,tick,1,2
66858,0.25,20754432,96,89,tick,1,2
66860,0.25,20709376,96,90,tick,1,2
66864,0.24,20848640,96,91,tick,1,2
66863,0.25,20848640,96,92,tick,1,2
66866,0.25,20692992,96,93,tick,1,2
66867,0.26,20848640,96,94,tick,1,2
66869,0.26,20697088,96,95,tick,1,2
66871,0.25,20791296,96,96,tick,1,2
66696,0.28,20787200,96,1,tick,2,2
66703,0.28,20815872,96,2,tick,2,2
66695,0.29000000000000004,20713472,96,3,tick,2,2
66705,0.28,20905984,96,4,tick,2,2
66699,0.28,20811776,96,5,tick,2,2
66704,0.27,20848640,96,6,tick,2,2
66712,0.28,20692992,96,7,tick,2,2
66713,0.28,20811776,96,8,tick,2,2
66715,0.28,20901888,96,9,tick,2,2
66709,0.29000000000000004,20783104,96,10,tick,2,2
66725,0.29000000000000004,20852736,96,11,tick,2,2
66723,0.3,20852736,96,12,tick,2,2
66717,0.28,20852736,96,13,tick,2,2
66711,0.29000000000000004,20852736,96,14,tick,2,2
66726,0.29000000000000004,20848640,96,15,tick,2,2
66724,0.29,20819968,96,16,tick,2,2
66719,0.3,20688896,96,17,tick,2,2
66722,0.29,20766720,96,18,tick,2,2
66721,0.29000000000000004,20905984,96,19,tick,2,2
66718,0.29,20926464,96,20,tick,2,2
66727,0.29,20934656,96,21,tick,2,2
66729,0.29,20881408,96,22,tick,2,2
66731,0.29,20893696,96,23,tick,2,2
66734,0.29000000000000004,20926464,96,24,tick,2,2
66735,0.29000000000000004,20791296,96,25,tick,2,2
66737,0.29000000000000004,20848640,96,26,tick,2,2
66741,0.29000000000000004,20905984,96,27,tick,2,2
66744,0.29,20774912,96,28,tick,2,2
66742,0.3,20779008,96,29,tick,2,2
66747,0.29,20844544,96,30,tick,2,2
66746,0.29,20905984,96,31,tick,2,2
66749,0.3,20733952,96,32,tick,2,2
66750,0.29000000000000004,20844544,96,33,tick,2,2
66751,0.3,20873216,96,34,tick,2,2
66753,0.29,20762624,96,35,tick,2,2
66755,0.31,20914176,96,36,tick,2,2
66757,0.3,20852736,96,37,tick,2,2
66759,0.29,20852736,96,38,tick,2,2
66761,0.3,20840448,96,39,tick,2,2
66763,0.29,20852736,96,40,tick,2,2
66765,0.29,20901888,96,41,tick,2,2
66772,0.28,20860928,96,42,tick,2,2
66768,0.29000000000000004,20815872,96,43,tick,2,2
66770,0.29,20807680,96,44,tick,2,2
66773,0.29,20848640,96,45,tick,2,2
66775,0.3,20905984,96,46,tick,2,2
66777,0.29000000000000004,20766720,96,47,tick,2,2
66787,0.29,20901888,96,48,tick,2,2
66780,0.29000000000000004,20905984,96,49,tick,2,2
66782,0.29,20852736,96,50,tick,2,2
66784,0.29,20803584,96,51,tick,2,2
66786,0.29,20955136,96,52,tick,2,2
66788,0.3,20783104,96,53,tick,2,2
66790,0.3,20762624,96,54,tick,2,2
66792,0.3,20697088,96,55,tick,2,2
66794,0.29,20828160,96,56,tick,2,2
66796,0.3,20869120,96,57,tick,2,2
66798,0.29000000000000004,20819968,96,58,tick,2,2
66800,0.29,20918272,96,59,tick,2,2
66802,0.29,20799488,96,60,tick,2,2
66805,0.29000000000000004,20869120,96,61,tick,2,2
66806,0.3,20738048,96,62,tick,2,2
66808,0.3,20750336,96,63,tick,2,2
66810,0.3,20787200,96,64,tick,2,2
66812,0.29000000000000004,20824064,96,65,tick,2,2
66814,0.3,20779008,96,66,tick,2,2
66816,0.29,20889600,96,67,tick,2,2
66818,0.31,20852736,96,68,tick,2,2
66820,0.3,20910080,96,69,tick,2,2
66822,0.29,20856832,96,70,tick,2,2
66824,0.3,20852736,96,71,tick,2,2
66826,0.3,20901888,96,72,tick,2,2
66828,0.29,20885504,96,73,tick,2,2
66830,0.29000000000000004,20848640,96,74,tick,2,2
66831,0.29000000000000004,20783104,96,75,tick,2,2
66833,0.29,20881408,96,76,tick,2,2
66835,0.29,20762624,96,77,tick,2,2
66837,0.3,20819968,96,78,tick,2,2
66839,0.28,20848640,96,79,tick,2,2
66841,0.3,20762624,96,80,tick,2,2
66843,0.29,20762624,96,81,tick,2,2
66845,0.3,20852736,96,82,tick,2,2
66847,0.29,20852736,96,83,tick,2,2
66849,0.28,20815872,96,84,tick,2,2
66850,0.29,20848640,96,85,tick,2,2
66852,0.29000000000000004,20844544,96,86,tick,2,2
66854,0.28,20848640,96,87,tick,2,2
66856,0.29,20783104,96,88,tick,2,2
66858,0.29000000000000004,20754432,96,89,tick,2,2
66860,0.29000000000000004,20709376,96,90,tick,2,2
66864,0.28,20848640,96,91,tick,2,2
66863,0.3,20848640,96,92,tick,2,2
66866,0.29,20692992,96,93,tick,2,2
66867,0.3,20848640,96,94,tick,2,2
66869,0.3,20697088,96,95,tick,2,2
66871,0.29,20791296,96,96,tick,2,2
66696,0.32,20787200,96,1,tick,3,2
66703,0.32,20815872,96,2,tick,3,2
66695,0.33,20713472,96,3,tick,3,2
66705,0.32,20905984,96,4,tick,3,2
66699,0.32,20811776,96,5,tick,3,2
66704,0.31,20848640,96,6,tick,3,2
66712,0.32,20692992,96,7,tick,3,2
66713,0.32,20811776,96,8,tick,3,2
66715,0.32,20901888,96,9,tick,3,2
66709,0.33,20783104,96,10,tick,3,2
66725,0.33,20852736,96,11,tick,3,2
66723,0.34,20852736,96,12,tick,3,2
66717,0.32,20852736,96,13,tick,3,2
66711,0.33,20852736,96,14,tick,3,2
66726,0.33,20848640,96,15,tick,3,2
66724,0.33,20819968,96,16,tick,3,2
66719,0.34,20688896,96,17,tick,3,2
66722,0.33,20766720,96,18,tick,3,2
66721,0.33,20905984,96,19,tick,3,2
66718,0.33,20926464,96,20,tick,3,2
66727,0.33,20934656,96,21,tick,3,2
66729,0.34,20881408,96,22,tick,3,2
66731,0.33,20893696,96,23,tick,3,2
66734,0.33,20926464,96,24,tick,3,2
66735,0.33,20791296,96,25,tick,3,2
66737,0.34,20848640,96,26,tick,3,2
66741,0.34,20905984,96,27,tick,3,2
66744,0.33,20774912,96,28,tick,3,2
66742,0.34,20779008,96,29,tick,3,2
66747,0.33,20844544,96,30,tick,3,2
66746,0.34,20905984,96,31,tick,3,2
66749,0.34,20733952,96,32,tick,3,2
66750,0.33,20844544,96,33,tick,3,2
66751,0.34,20873216,96,34,tick,3,2
66753,0.34,20762624,96,35,tick,3,2
66755,0.35,20914176,96,36,tick,3,2
66757,0.34,20852736,96,37,tick,3,2
66759,0.33,20852736,96,38,tick,3,2
66761,0.35000000000000003,20840448,96,39,tick,3,2
66763,0.34,20852736,96,40,tick,3,2
66765,0.33,20901888,96,41,tick,3,2
66772,0.33,20860928,96,42,tick,3,2
66768,0.34,20815872,96,43,tick,3,2
66770,0.33,20807680,96,44,tick,3,2
66773,0.34,20848640,96,45,tick,3,2
66775,0.34,20905984,96,46,tick,3,2
66777,0.33,20766720,96,47,tick,3,2
66787,0.33,20901888,96,48,tick,3,2
66780,0.33,20905984,96,49,tick,3,2
66782,0.33,20852736,96,50,tick,3,2
66784,0.33,20803584,96,51,tick,3,2
66786,0.33,20955136,96,52,tick,3,2
66788,0.34,20783104,96,53,tick,3,2
66790,0.34,20762624,96,54,tick,3,2
66792,0.34,20697088,96,55,tick,3,2
66794,0.33,20828160,96,56,tick,3,2
66796,0.34,20869120,96,57,tick,3,2
66798,0.33,20819968,96,58,tick,3,2
66800,0.34,20918272,96,59,tick,3,2
66802,0.33,20799488,96,60,tick,3,2
66805,0.33,20869120,96,61,tick,3,2
66806,0.35,20738048,96,62,tick,3,2
66808,0.34,20750336,96,63,tick,3,2
66810,0.34,20787200,96,64,tick,3,2
66812,0.33,20824064,96,65,tick,3,2
66814,0.34,20779008,96,66,tick,3,2
66816,0.34,20889600,96,67,tick,3,2
66818,0.35,20852736,96,68,tick,3,2
66820,0.34,20910080,96,69,tick,3,2
66822,0.34,20856832,96,70,tick,3,2
66824,0.34,20852736,96,71,tick,3,2
66826,0.34,20901888,96,72,tick,3,2
66828,0.33,20885504,96,73,tick,3,2
66830,0.34,20848640,96,74,tick,3,2
66831,0.33,20783104,96,75,tick,3,2
66833,0.34,20881408,96,76,tick,3,2
66835,0.34,20762624,96,77,tick,3,2
66837,0.34,20819968,96,78,tick,3,2
66839,0.32,20848640,96,79,tick,3,2
66841,0.34,20762624,96,80,tick,3,2
66843,0.33,20762624,96,81,tick,3,2
66845,0.34,20852736,96,82,tick,3,2
66847,0.33,20852736,96,83,tick,3,2
66849,0.33,20815872,96,84,tick,3,2
66850,0.33,20848640,96,85,tick,3,2
66852,0.33,20844544,96,86,tick,3,2
66854,0.32,20848640,96,87,tick,3,2
66856,0.33,20783104,96,88,tick,3,2
66858,0.33,20754432,96,89,tick,3,2
66860,0.34,20709376,96,90,tick,3,2
66864,0.32,20848640,96,91,tick,3,2
66863,0.34,20848640,96,92,tick,3,2
66866,0.33,20692992,96,93,tick,3,2
66867,0.34,20848640,96,94,tick,3,2
66869,0.34,20697088,96,95,tick,3,2
66871,0.33,20791296,96,96,tick,3,2
66696,0.36000000000000004,20787200,96,1,tick,4,2
66703,0.36,20815872,96,2,tick,4,2
66695,0.37,20713472,96,3,tick,4,2
66705,0.36,20905984,96,4,tick,4,2
66699,0.36,20811776,96,5,tick,4,2
66704,0.35,20848640,96,6,tick,4,2
66712,0.36,20692992,96,7,tick,4,2
66713,0.36,20811776,96,8,tick,4,2
66715,0.36,20901888,96,9,tick,4,2
66709,0.37,20783104,96,10,tick,4,2
66725,0.37,20852736,96,11,tick,4,2
66723,0.38,20852736,96,12,tick,4,2
66717,0.36,20852736,96,13,tick,4,2
66711,0.37,20852736,96,14,tick,4,2
66726,0.37,20848640,96,15,tick,4,2
66724,0.37,20819968,96,16,tick,4,2
66719,0.38,20688896,96,17,tick,4,2
66722,0.37,20766720,96,18,tick,4,2
66721,0.37,20905984,96,19,tick,4,2
66718,0.37,20926464,96,20,tick,4,2
66727,0.37,20934656,96,21,tick,4,2
66729,0.38,20881408,96,22,tick,4,2
66731,0.37,20893696,96,23,tick,4,2
66734,0.37,20926464,96,24,tick,4,2
66735,0.37,20791296,96,25,tick,4,2
66737,0.38,20848640,96,26,tick,4,2
66741,0.38,20905984,96,27,tick,4,2
66744,0.37,20774912,96,28,tick,4,2
66742,0.38,20779008,96,29,tick,4,2
66747,0.37,20844544,96,30,tick,4,2
66746,0.38,20905984,96,31,tick,4,2
66749,0.38,20733952,96,32,tick,4,2
66750,0.37,20844544,96,33,tick,4,2
66751,0.38,20873216,96,34,tick,4,2
66753,0.38,20762624,96,35,tick,4,2
66755,0.39,20914176,96,36,tick,4,2
66757,0.38,20852736,96,37,tick,4,2
66759,0.37,20852736,96,38,tick,4,2
66761,0.39,20840448,96,39,tick,4,2
66763,0.38,20852736,96,40,tick,4,2
66765,0.37,20901888,96,41,tick,4,2
66772,0.37,20860928,96,42,tick,4,2
66768,0.38,20815872,96,43,tick,4,2
66770,0.38,20807680,96,44,tick,4,2
66773,0.38,20848640,96,45,tick,4,2
66775,0.38,20905984,96,46,tick,4,2
66777,0.38,20766720,96,47,tick,4,2
66787,0.38,20901888,96,48,tick,4,2
66780,0.38,20905984,96,49,tick,4,2
66782,0.37,20852736,96,50,tick,4,2
66784,0.37,20803584,96,51,tick,4,2
66786,0.38,20955136,96,52,tick,4,2
66788,0.38,20783104,96,53,tick,4,2
66790,0.38,20762624,96,54,tick,4,2
66792,0.39,20697088,96,55,tick,4,2
66794,0.37,20828160,96,56,tick,4,2
66796,0.38,20869120,96,57,tick,4,2
66798,0.38,20819968,96,58,tick,4,2
66800,0.38,20918272,96,59,tick,4,2
66802,0.37,20799488,96,60,tick,4,2
66805,0.37,20869120,96,61,tick,4,2
66806,0.39,20738048,96,62,tick,4,2
66808,0.39,20750336,96,63,tick,4,2
66810,0.38,20787200,96,64,tick,4,2
66812,0.37,20824064,96,65,tick,4,2
66814,0.38,20779008,96,66,tick,4,2
66816,0.38,20889600,96,67,tick,4,2
66818,0.4,20852736,96,68,tick,4,2
66820,0.38,20910080,96,69,tick,4,2
66822,0.38,20856832,96,70,tick,4,2
66824,0.39,20852736,96,71,tick,4,2
66826,0.38,20901888,96,72,tick,4,2
66828,0.37,20885504,96,73,tick,4,2
66830,0.38,20848640,96,74,tick,4,2
66831,0.37,20783104,96,75,tick,4,2
66833,0.38,20881408,96,76,tick,4,2
66835,0.38,20762624,96,77,tick,4,2
66837,0.38,20819968,96,78,tick,4,2
66839,0.37,20848640,96,79,tick,4,2
66841,0.39,20762624,96,80,tick,4,2
66843,0.37,20762624,96,81,tick,4,2
66845,0.38,20852736,96,82,tick,4,2
66847,0.37,20852736,96,83,tick,4,2
66849,0.37,20815872,96,84,tick,4,2
66850,0.37,20848640,96,85,tick,4,2
66852,0.37,20844544,96,86,tick,4,2
66854,0.36,20848640,96,87,tick,4,2
66856,0.37,20783104,96,88,tick,4,2
66858,0.37,20754432,96,89,tick,4,2
66860,0.38,20709376,96,90,tick,4,2
66864,0.37,20848640,96,91,tick,4,2
66863,0.38,20848640,96,92,tick,4,2
66866,0.37,20692992,96,93,tick,4,2
66867,0.38,20848640,96,94,tick,4,2
66869,0.38,20697088,96,95,tick,4,2
66871,0.37,20791296,96,96,tick,4,2
66696,0.4,20787200,96,1,tick,5,2
66703,0.4,20815872,96,2,tick,5,2
66695,0.41000000000000003,20713472,96,3,tick,5,2
66705,0.4,20905984,96,4,tick,5,2
66699,0.4,20811776,96,5,tick,5,2
66704,0.39,20848640,96,6,tick,5,2
66712,0.4,20692992,96,7,tick,5,2
66713,0.4,20811776,96,8,tick,5,2
66715,0.4,20901888,96,9,tick,5,2
66709,0.41000000000000003,20783104,96,10,tick,5,2
66725,0.41000000000000003,20852736,96,11,tick,5,2
66723,0.42,20852736,96,12,tick,5,2
66717,0.4,20852736,96,13,tick,5,2
66711,0.41000000000000003,20852736,96,14,tick,5,2
66726,0.41000000000000003,20848640,96,15,tick,5,2
66724,0.41,20819968,96,16,tick,5,2
66719,0.42,20688896,96,17,tick,5,2
66722,0.41,20766720,96,18,tick,5,2
66721,0.41000000000000003,20905984,96,19,tick,5,2
66718,0.41,20926464,96,20,tick,5,2
66727,0.41,20934656,96,21,tick,5,2
66729,0.42,20881408,96,22,tick,5,2
66731,0.41,20893696,96,23,tick,5,2
66734,0.41000000000000003,20926464,96,24,tick,5,2
66735,0.41000000000000003,20791296,96,25,tick,5,2
66737,0.42,20848640,96,26,tick,5,2
66741,0.42,20905984,96,27,tick,5,2
66744,0.41,20774912,96,28,tick,5,2
66742,0.42,20779008,96,29,tick,5,2
66747,0.42,20844544,96,30,tick,5,2
66746,0.42,20905984,96,31,tick,5,2
66749,0.42,20733952,96,32,tick,5,2
66750,0.41000000000000003,20844544,96,33,tick,5,2
66751,0.42,20873216,96,34,tick,5,2
66753,0.42,20762624,96,35,tick,5,2
66755,0.43,20914176,96,36,tick,5,2
66757,0.42,20852736,96,37,tick,5,2
66759,0.41,20852736,96,38,tick,5,2
66761,0.43,20840448,96,39,tick,5,2
66763,0.42,20852736,96,40,tick,5,2
66765,0.42,20901888,96,41,tick,5,2
66772,0.41,20860928,96,42,tick,5,2
66768,0.42,20815872,96,43,tick,5,2
66770,0.42,20807680,96,44,tick,5,2
66773,0.42,20848640,96,45,tick,5,2
66775,0.43,20905984,96,46,tick,5,2
66777,0.42,20766720,96,47,tick,5,2
66787,0.42,20901888,96,48,tick,5,2
66780,0.42,20905984,96,49,tick,5,2
66782,0.41,20852736,96,50,tick,5,2
66784,0.42,20803584,96,51,tick,5,2
66786,0.42,20955136,96,52,tick,5,2
66788,0.42,20783104,96,53,tick,5,2
66790,0.42,20762624,96,54,tick,5,2
66792,0.43,20697088,96,55,tick,5,2
66794,0.42,20828160,96,56,tick,5,2
66796,0.42,20869120,96,57,tick,5,2
66798,0.42,20819968,96,58,tick,5,2
66800,0.42,20918272,96,59,tick,5,2
66802,0.42,20799488,96,60,tick,5,2
66805,0.42,20869120,96,61,tick,5,2
66806,0.43,20738048,96,62,tick,5,2
66808,0.43,20750336,96,63,tick,5,2
66810,0.42,20787200,96,64,tick,5,2
66812,0.41000000000000003,20824064,96,65,tick,5,2
66814,0.42,20779008,96,66,tick,5,2
66816,0.42,20889600,96,67,tick,5,2
66818,0.44,20852736,96,68,tick,5,2
66820,0.42,20910080,96,69,tick,5,2
66822,0.42,20856832,96,70,tick,5,2
66824,0.43,20852736,96,71,tick,5,2
66826,0.42,20901888,96,72,tick,5,2
66828,0.41,20885504,96,73,tick,5,2
66830,0.42,20848640,96,74,tick,5,2
66831,0.41000000000000003,20783104,96,75,tick,5,2
66833,0.42,20881408,96,76,tick,5,2
66835,0.42,20762624,96,77,tick,5,2
66837,0.42,20819968,96,78,tick,5,2
66839,0.41,20848640,96,79,tick,5,2
66841,0.43,20762624,96,80,tick,5,2
66843,0.41,20762624,96,81,tick,5,2
66845,0.42,20852736,96,82,tick,5,2
66847,0.41,20852736,96,83,tick,5,2
66849,0.41,20815872,96,84,tick,5,2
66850,0.41,20848640,96,85,tick,5,2
66852,0.41000000000000003,20844544,96,86,tick,5,2
66854,0.4,20848640,96,87,tick,5,2
66856,0.41,20783104,96,88,tick,5,2
66858,0.41000000000000003,20754432,96,89,tick,5,2
66860,0.42,20709376,96,90,tick,5,2
66864,0.41000000000000003,20848640,96,91,tick,5,2
66863,0.42,20848640,96,92,tick,5,2
66866,0.41,20692992,96,93,tick,5,2
66867,0.42,20848640,96,94,tick,5,2
66869,0.42,20697088,96,95,tick,5,2
66871,0.41,20791296,96,96,tick,5,2
66696,0.44,20787200,96,1,tick,6,2
66703,0.44,20815872,96,2,tick,6,2
66695,0.45,20713472,96,3,tick,6,2
66705,0.44,20905984,96,4,tick,6,2
66699,0.44,20811776,96,5,tick,6,2
66704,0.43,20848640,96,6,tick,6,2
66712,0.44,20692992,96,7,tick,6,2
66713,0.44,20811776,96,8,tick,6,2
66715,0.44,20901888,96,9,tick,6,2
66709,0.45,20783104,96,10,tick,6,2
66725,0.45,20852736,96,11,tick,6,2
66723,0.46,20852736,96,12,tick,6,2
66717,0.44,20852736,96,13,tick,6,2
66711,0.46,20852736,96,14,tick,6,2
66726,0.45,20848640,96,15,tick,6,2
66724,0.45,20819968,96,16,tick,6,2
66719,0.46,20688896,96,17,tick,6,2
66722,0.46,20766720,96,18,tick,6,2
66721,0.45,20905984,96,19,tick,6,2
66718,0.45,20926464,96,20,tick,6,2
66727,0.45,20934656,96,21,tick,6,2
66729,0.46,20881408,96,22,tick,6,2
66731,0.45,20893696,96,23,tick,6,2
66734,0.45,20926464,96,24,tick,6,2
66735,0.45,20791296,96,25,tick,6,2
66737,0.46,20848640,96,26,tick,6,2
66741,0.46,20905984,96,27,tick,6,2
66744,0.46,20774912,96,28,tick,6,2
66742,0.46,20779008,96,29,tick,6,2
66747,0.46,20844544,96,30,tick,6,2
66746,0.46,20905984,96,31,tick,6,2
66749,0.46,20733952,96,32,tick,6,2
66750,0.45,20844544,96,33,tick,6,2
66751,0.46,20873216,96,34,tick,6,2
66753,0.47,20762624,96,35,tick,6,2
66755,0.47,20914176,96,36,tick,6,2
66757,0.47000000000000003,20852736,96,37,tick,6,2
66759,0.46,20852736,96,38,tick,6,2
66761,0.47000000000000003,20840448,96,39,tick,6,2
66763,0.46,20852736,96,40,tick,6,2
66765,0.46,20901888,96,41,tick,6,2
66772,0.45,20860928,96,42,tick,6,2
66768,0.46,20815872,96,43,tick,6,2
66770,0.46,20807680,96,44,tick,6,2
66773,0.46,20848640,96,45,tick,6,2
66775,0.47,20905984,96,46,tick,6,2
66777,0.47000000000000003,20766720,96,47,tick,6,2
66787,0.46,20901888,96,48,tick,6,2
66780,0.46,20905984,96,49,tick,6,2
66782,0.45,20852736,96,50,tick,6,2
66784,0.46,20803584,96,51,tick,6,2
66786,0.46,20955136,96,52,tick,6,2
66788,0.47,20783104,96,53,tick,6,2
66790,0.47,20762624,96,54,tick,6,2
66792,0.47,20697088,96,55,tick,6,2
66794,0.46,20828160,96,56,tick,6,2
66796,0.46,20869120,96,57,tick,6,2
66798,0.47000000000000003,20819968,96,58,tick,6,2
66800,0.47,20918272,96,59,tick,6,2
66802,0.46,20799488,96,60,tick,6,2
66805,0.46,20869120,96,61,tick,6,2
66806,0.47,20738048,96,62,tick,6,2
66808,0.47,20750336,96,63,tick,6,2
66810,0.46,20787200,96,64,tick,6,2
66812,0.45,20824064,96,65,tick,6,2
66814,0.46,20779008,96,66,tick,6,2
66816,0.46,20889600,96,67,tick,6,2
66818,0.48,20852736,96,68,tick,6,2
66820,0.47,20910080,96,69,tick,6,2
66822,0.46,20856832,96,70,tick,6,2
66824,0.47000000000000003,20852736,96,71,tick,6,2
66826,0.46,20901888,96,72,tick,6,2
66828,0.46,20885504,96,73,tick,6,2
66830,0.46,20848640,96,74,tick,6,2
66831,0.46,20783104,96,75,tick,6,2
66833,0.46,20881408,96,76,tick,6,2
66835,0.46,20762624,96,77,tick,6,2
66837,0.46,20819968,96,78,tick,6,2
66839,0.45,20848640,96,79,tick,6,2
66841,0.47000000000000003,20762624,96,80,tick,6,2
66843,0.45,20762624,96,81,tick,6,2
66845,0.47000000000000003,20852736,96,82,tick,6,2
66847,0.45,20852736,96,83,tick,6,2
66849,0.45,20815872,96,84,tick,6,2
66850,0.45,20848640,96,85,tick,6,2
66852,0.45,20844544,96,86,tick,6,2
66854,0.45,20848640,96,87,tick,6,2
66856,0.46,20783104,96,88,tick,6,2
66858,0.45,20754432,96,89,tick,6,2
66860,0.46,20709376,96,90,tick,6,2
66864,0.45,20848640,96,91,tick,6,2
66863,0.47000000000000003,20848640,96,92,tick,6,2
66866,0.45,20692992,96,93,tick,6,2
66867,0.47,20848640,96,94,tick,6,2
66869,0.46,20697088,96,95,tick,6,2
66871,0.45,20791296,96,96,tick,6,2
66696,0.48000000000000004,20787200,96,1,tick,7,2
66703,0.48,20815872,96,2,tick,7,2
66695,0.49,20713472,96,3,tick,7,2
66705,0.49,20905984,96,4,tick,7,2
66699,0.47,20811776,96,5,tick,7,2
66704,0.47,20848640,96,6,tick,7,2
66712,0.48,20692992,96,7,tick,7,2
66713,0.49,20811776,96,8,tick,7,2
66715,0.48,20901888,96,9,tick,7,2
66709,0.49,20783104,96,10,tick,7,2
66725,0.5,20852736,96,11,tick,7,2
66723,0.5,20852736,96,12,tick,7,2
66717,0.48,20852736,96,13,tick,7,2
66711,0.5,20852736,96,14,tick,7,2
66726,0.49,20848640,96,15,tick,7,2
66724,0.49,20819968,96,16,tick,7,2
66719,0.5,20688896,96,17,tick,7,2
66722,0.5,20766720,96,18,tick,7,2
66721,0.49,20905984,96,19,tick,7,2
66718,0.5,20926464,96,20,tick,7,2
66727,0.49,20934656,96,21,tick,7,2
66729,0.5,20881408,96,22,tick,7,2
66731,0.49,20893696,96,23,tick,7,2
66734,0.49,20926464,96,24,tick,7,2
66735,0.5,20791296,96,25,tick,7,2
66737,0.5,20848640,96,26,tick,7,2
66741,0.51,20905984,96,27,tick,7,2
66744,0.5,20774912,96,28,tick,7,2
66742,0.51,20779008,96,29,tick,7,2
66747,0.5,20844544,96,30,tick,7,2
66746,0.51,20905984,96,31,tick,7,2
66749,0.5,20733952,96,32,tick,7,2
66750,0.49,20844544,96,33,tick,7,2
66751,0.51,20873216,96,34,tick,7,2
66753,0.51,20762624,96,35,tick,7,2
66755,0.51,20914176,96,36,tick,7,2
66757,0.51,20852736,96,37,tick,7,2
66759,0.5,20852736,96,38,tick,7,2
66761,0.51,20840448,96,39,tick,7,2
66763,0.51,20852736,96,40,tick,7,2
66765,0.5,20901888,96,41,tick,7,2
66772,0.49,20860928,96,42,tick,7,2
66768,0.5,20815872,96,43,tick,7,2
66770,0.5,20807680,96,44,tick,7,2
66773,0.5,20848640,96,45,tick,7,2
66775,0.51,20905984,96,46,tick,7,2
66777,0.51,20766720,96,47,tick,7,2
66787,0.5,20901888,96,48,tick,7,2
66780,0.5,20905984,96,49,tick,7,2
66782,0.5,20852736,96,50,tick,7,2
66784,0.5,20803584,96,51,tick,7,2
66786,0.5,20955136,96,52,tick,7,2
66788,0.51,20783104,96,53,tick,7,2
66790,0.51,20762624,96,54,tick,7,2
66792,0.51,20697088,96,55,tick,7,2
66794,0.5,20828160,96,56,tick,7,2
66796,0.51,20869120,96,57,tick,7,2
66798,0.51,20819968,96,58,tick,7,2
66800,0.51,20918272,96,59,tick,7,2
66802,0.51,20799488,96,60,tick,7,2
66805,0.5,20869120,96,61,tick,7,2
66806,0.52,20738048,96,62,tick,7,2
66808,0.51,20750336,96,63,tick,7,2
66810,0.51,20787200,96,64,tick,7,2
66812,0.5,20824064,96,65,tick,7,2
66814,0.51,20779008,96,66,tick,7,2
66816,0.51,20889600,96,67,tick,7,2
66818,0.52,20852736,96,68,tick,7,2
66820,0.51,20910080,96,69,tick,7,2
66822,0.51,20856832,96,70,tick,7,2
66824,0.51,20852736,96,71,tick,7,2
66826,0.51,20901888,96,72,tick,7,2
66828,0.5,20885504,96,73,tick,7,2
66830,0.5,20848640,96,74,tick,7,2
66831,0.5,20783104,96,75,tick,7,2
66833,0.51,20881408,96,76,tick,7,2
66835,0.5,20762624,96,77,tick,7,2
66837,0.51,20819968,96,78,tick,7,2
66839,0.49,20848640,96,79,tick,7,2
66841,0.51,20762624,96,80,tick,7,2
66843,0.5,20762624,96,81,tick,7,2
66845,0.51,20852736,96,82,tick,7,2
66847,0.5,20852736,96,83,tick,7,2
66849,0.5,20815872,96,84,tick,7,2
66850,0.5,20848640,96,85,tick,7,2
66852,0.5,20844544,96,86,tick,7,2
66854,0.49,20848640,96,87,tick,7,2
66856,0.5,20783104,96,88,tick,7,2
66858,0.5,20754432,96,89,tick,7,2
66860,0.5,20709376,96,90,tick,7,2
66864,0.49,20848640,96,91,tick,7,2
66863,0.51,20848640,96,92,tick,7,2
66866,0.5,20692992,96,93,tick,7,2
66867,0.51,20848640,96,94,tick,7,2
66869,0.5,20697088,96,95,tick,7,2
66871,0.49,20791296,96,96,tick,7,2
66696,0.52,20787200,96,1,tick,8,2
66703,0.51,20815872,96,2,tick,8,2
66695,0.53,20713472,96,3,tick,8,2
66705,0.53,20905984,96,4,tick,8,2
66699,0.52,20811776,96,5,tick,8,2
66704,0.52,20848640,96,6,tick,8,2
66712,0.52,20692992,96,7,tick,8,2
66713,0.53,20811776,96,8,tick,8,2
66715,0.52,20901888,96,9,tick,8,2
66709,0.53,20783104,96,10,tick,8,2
66725,0.54,20852736,96,11,tick,8,2
66723,0.54,20852736,96,12,tick,8,2
66717,0.52,20852736,96,13,tick,8,2
66711,0.54,20852736,96,14,tick,8,2
66726,0.53,20848640,96,15,tick,8,2
66724,0.53,20819968,96,16,tick,8,2
66719,0.54,20688896,96,17,tick,8,2
66722,0.54,20766720,96,18,tick,8,2
66721,0.53,20905984,96,19,tick,8,2
66718,0.54,20926464,96,20,tick,8,2
66727,0.53,20934656,96,21,tick,8,2
66729,0.54,20881408,96,22,tick,8,2
66731,0.53,20893696,96,23,tick,8,2
66734,0.54,20926464,96,24,tick,8,2
66735,0.54,20791296,96,25,tick,8,2
66737,0.55,20848640,96,26,tick,8,2
66741,0.55,20905984,96,27,tick,8,2
66744,0.54,20774912,96,28,tick,8,2
66742,0.55,20779008,96,29,tick,8,2
66747,0.54,20844544,96,30,tick,8,2
66746,0.55,20905984,96,31,tick,8,2
66749,0.55,20733952,96,32,tick,8,2
66750,0.53,20844544,96,33,tick,8,2
66751,0.55,20873216,96,34,tick,8,2
66753,0.55,20762624,96,35,tick,8,2
66755,0.56,20914176,96,36,tick,8,2
66757,0.55,20852736,96,37,tick,8,2
66759,0.54,20852736,96,38,tick,8,2
66761,0.55,20840448,96,39,tick,8,2
66763,0.55,20852736,96,40,tick,8,2
66765,0.55,20901888,96,41,tick,8,2
66772,0.54,20860928,96,42,tick,8,2
66768,0.55,20815872,96,43,tick,8,2
66770,0.54,20807680,96,44,tick,8,2
66773,0.55,20848640,96,45,tick,8,2
66775,0.55,20905984,96,46,tick,8,2
66777,0.55,20766720,96,47,tick,8,2
66787,0.54,20901888,96,48,tick,8,2
66780,0.54,20905984,96,49,tick,8,2
66782,0.54,20852736,96,50,tick,8,2
66784,0.55,20803584,96,51,tick,8,2
66786,0.55,20955136,96,52,tick,8,2
66788,0.55,20783104,96,53,tick,8,2
66790,0.55,20762624,96,54,tick,8,2
66792,0.55,20697088,96,55,tick,8,2
66794,0.55,20828160,96,56,tick,8,2
66796,0.55,20869120,96,57,tick,8,2
66798,0.55,20819968,96,58,tick,8,2
66800,0.55,20918272,96,59,tick,8,2
66802,0.55,20799488,96,60,tick,8,2
66805,0.54,20869120,96,61,tick,8,2
66806,0.56,20738048,96,62,tick,8,2
66808,0.55,20750336,96,63,tick,8,2
66810,0.55,20787200,96,64,tick,8,2
66812,0.54,20824064,96,65,tick,8,2
66814,0.55,20779008,96,66,tick,8,2
66816,0.55,20889600,96,67,tick,8,2
66818,0.56,20852736,96,68,tick,8,2
66820,0.56,20910080,96,69,tick,8,2
66822,0.55,20856832,96,70,tick,8,2
66824,0.56,20852736,96,71,tick,8,2
66826,0.55,20901888,96,72,tick,8,2
66828,0.54,20885504,96,73,tick,8,2
66830,0.55,20848640,96,74,tick,8,2
66831,0.55,20783104,96,75,tick,8,2
66833,0.55,20881408,96,76,tick,8,2
66835,0.54,20762624,96,77,tick,8,2
66837,0.55,20819968,96,78,tick,8,2
66839,0.54,20848640,96,79,tick,8,2
66841,0.56,20762624,96,80,tick,8,2
66843,0.54,20762624,96,81,tick,8,2
66845,0.55,20852736,96,82,tick,8,2
66847,0.54,20852736,96,83,tick,8,2
66849,0.54,20815872,96,84,tick,8,2
66850,0.54,20848640,96,85,tick,8,2
66852,0.54,20844544,96,86,tick,8,2
66854,0.53,20848640,96,87,tick,8,2
66856,0.54,20783104,96,88,tick,8,2
66858,0.54,20754432,96,89,tick,8,2
66860,0.54,20709376,96,90,tick,8,2
66864,0.53,20848640,96,91,tick,8,2
66863,0.55,20848640,96,92,tick,8,2
66866,0.54,20692992,96,93,tick,8,2
66867,0.55,20848640,96,94,tick,8,2
66869,0.55,20697088,96,95,tick,8,2
66871,0.53,20791296,96,96,tick,8,2
66696,0.56,20787200,96,1,tick,9,2
66703,0.55,20815872,96,2,tick,9,2
66695,0.5700000000000001,20713472,96,3,tick,9,2
66705,0.57,20905984,96,4,tick,9,2
66699,0.56,20811776,96,5,tick,9,2
66704,0.56,20848640,96,6,tick,9,2
66712,0.56,20692992,96,7,tick,9,2
66713,0.57,20811776,96,8,tick,9,2
66715,0.56,20901888,96,9,tick,9,2
66709,0.5700000000000001,20783104,96,10,tick,9,2
66725,0.58,20852736,96,11,tick,9,2
66723,0.59,20852736,96,12,tick,9,2
66717,0.56,20852736,96,13,tick,9,2
66711,0.59,20852736,96,14,tick,9,2
66726,0.58,20848640,96,15,tick,9,2
66724,0.58,20819968,96,16,tick,9,2
66719,0.59,20688896,96,17,tick,9,2
66722,0.58,20766720,96,18,tick,9,2
66721,0.5700000000000001,20905984,96,19,tick,9,2
66718,0.58,20926464,96,20,tick,9,2
66727,0.58,20934656,96,21,tick,9,2
66729,0.59,20881408,96,22,tick,9,2
66731,0.58,20893696,96,23,tick,9,2
66734,0.5700000000000001,20926464,96,24,tick,9,2
66735,0.58,20791296,96,25,tick,9,2
66737,0.59,20848640,96,26,tick,9,2
66741,0.59,20905984,96,27,tick,9,2
66744,0.58,20774912,96,28,tick,9,2
66742,0.6,20779008,96,29,tick,9,2
66747,0.58,20844544,96,30,tick,9,2
66746,0.6,20905984,96,31,tick,9,2
66749,0.59,20733952,96,32,tick,9,2
66750,0.58,20844544,96,33,tick,9,2
66751,0.6,20873216,96,34,tick,9,2
66753,0.6,20762624,96,35,tick,9,2
66755,0.6,20914176,96,36,tick,9,2
66757,0.59,20852736,96,37,tick,9,2
66759,0.59,20852736,96,38,tick,9,2
66761,0.6,20840448,96,39,tick,9,2
66763,0.59,20852736,96,40,tick,9,2
66765,0.59,20901888,96,41,tick,9,2
66772,0.58,20860928,96,42,tick,9,2
66768,0.59,20815872,96,43,tick,9,2
66770,0.59,20807680,96,44,tick,9,2
66773,0.59,20848640,96,45,tick,9,2
66775,0.59,20905984,96,46,tick,9,2
66777,0.6,20766720,96,47,tick,9,2
66787,0.58,20901888,96,48,tick,9,2
66780,0.59,20905984,96,49,tick,9,2
66782,0.59,20852736,96,50,tick,9,2
66784,0.59,20803584,96,51,tick,9,2
66786,0.59,20955136,96,52,tick,9,2
66788,0.59,20783104,96,53,tick,9,2
66790,0.6,20762624,96,54,tick,9,2
66792,0.6,20697088,96,55,tick,9,2
66794,0.59,20828160,96,56,tick,9,2
66796,0.6,20869120,96,57,tick,9,2
66798,0.6,20819968,96,58,tick,9,2
66800,0.59,20918272,96,59,tick,9,2
66802,0.6,20799488,96,60,tick,9,2
66805,0.59,20869120,96,61,tick,9,2
66806,0.6,20738048,96,62,tick,9,2
66808,0.6,20750336,96,63,tick,9,2
66810,0.6,20787200,96,64,tick,9,2
66812,0.58,20824064,96,65,tick,9,2
66814,0.6,20779008,96,66,tick,9,2
66816,0.6,20889600,96,67,tick,9,2
66818,0.61,20852736,96,68,tick,9,2
66820,0.6,20910080,96,69,tick,9,2
66822,0.59,20856832,96,70,tick,9,2
66824,0.6,20852736,96,71,tick,9,2
66826,0.59,20901888,96,72,tick,9,2
66828,0.59,20885504,96,73,tick,9,2
66830,0.59,20848640,96,74,tick,9,2
66831,0.59,20783104,96,75,tick,9,2
66833,0.59,20881408,96,76,tick,9,2
66835,0.59,20762624,96,77,tick,9,2
66837,0.6,20819968,96,78,tick,9,2
66839,0.58,20848640,96,79,tick,9,2
66841,0.6,20762624,96,80,tick,9,2
66843,0.58,20762624,96,81,tick,9,2
66845,0.6,20852736,96,82,tick,9,2
66847,0.58,20852736,96,83,tick,9,2
66849,0.58,20815872,96,84,tick,9,2
66850,0.58,20848640,96,85,tick,9,2
66852,0.58,20844544,96,86,tick,9,2
66854,0.57,20848640,96,87,tick,9,2
66856,0.58,20783104,96,88,tick,9,2
66858,0.58,20754432,96,89,tick,9,2
66860,0.59,20709376,96,90,tick,9,2
66864,0.5700000000000001,20848640,96,91,tick,9,2
66863,0.59,20848640,96,92,tick,9,2
66866,0.59,20692992,96,93,tick,9,2
66867,0.59,20848640,96,94,tick,9,2
66869,0.59,20697088,96,95,tick,9,2
66871,0.57,20791296,96,96,tick,9,2
66696,0.6,20787200,96,1,tick,10,2
66703,0.59,20815872,96,2,tick,10,2
66695,0.61,20713472,96,3,tick,10,2
66705,0.61,20905984,96,4,tick,10,2
66699,0.6,20811776,96,5,tick,10,2
66704,0.6,20848640,96,6,tick,10,2
66712,0.6,20692992,96,7,tick,10,2
66713,0.61,20811776,96,8,tick,10,2
66715,0.6,20901888,96,9,tick,10,2
66709,0.61,20783104,96,10,tick,10,2
66725,0.62,20852736,96,11,tick,10,2
66723,0.63,20852736,96,12,tick,10,2
66717,0.61,20852736,96,13,tick,10,2
66711,0.63,20852736,96,14,tick,10,2
66726,0.62,20848640,96,15,tick,10,2
66724,0.62,20819968,96,16,tick,10,2
66719,0.63,20688896,96,17,tick,10,2
66722,0.63,20766720,96,18,tick,10,2
66721,0.61,20905984,96,19,tick,10,2
66718,0.62,20926464,96,20,tick,10,2
66727,0.62,20934656,96,21,tick,10,2
66729,0.63,20881408,96,22,tick,10,2
66731,0.62,20893696,96,23,tick,10,2
66734,0.62,20926464,96,24,tick,10,2
66735,0.62,20791296,96,25,tick,10,2
66737,0.63,20848640,96,26,tick,10,2
66741,0.63,20905984,96,27,tick,10,2
66744,0.63,20774912,96,28,tick,10,2
66742,0.64,20779008,96,29,tick,10,2
66747,0.63,20844544,96,30,tick,10,2
66746,0.64,20905984,96,31,tick,10,2
66749,0.63,20733952,96,32,tick,10,2
66750,0.62,20844544,96,33,tick,10,2
66751,0.64,20873216,96,34,tick,10,2
66753,0.64,20762624,96,35,tick,10,2
66755,0.64,20914176,96,36,tick,10,2
66757,0.64,20852736,96,37,tick,10,2
66759,0.63,20852736,96,38,tick,10,2
66761,0.64,20840448,96,39,tick,10,2
66763,0.64,20852736,96,40,tick,10,2
66765,0.64,20901888,96,41,tick,10,2
66772,0.62,20860928,96,42,tick,10,2
66768,0.63,20815872,96,43,tick,10,2
66770,0.63,20807680,96,44,tick,10,2
66773,0.63,20848640,96,45,tick,10,2
66775,0.64,20905984,96,46,tick,10,2
66777,0.64,20766720,96,47,tick,10,2
66787,0.63,20901888,96,48,tick,10,2
66780,0.64,20905984,96,49,tick,10,2
66782,0.63,20852736,96,50,tick,10,2
66784,0.63,20803584,96,51,tick,10,2
66786,0.64,20955136,96,52,tick,10,2
66788,0.64,20783104,96,53,tick,10,2
66790,0.64,20762624,96,54,tick,10,2
66792,0.64,20697088,96,55,tick,10,2
66794,0.63,20828160,96,56,tick,10,2
66796,0.64,20869120,96,57,tick,10,2
66798,0.64,20819968,96,58,tick,10,2
66800,0.64,20918272,96,59,tick,10,2
66802,0.64,20799488,96,60,tick,10,2
66805,0.63,20869120,96,61,tick,10,2
66806,0.65,20738048,96,62,tick,10,2
66808,0.64,20750336,96,63,tick,10,2
66810,0.64,20787200,96,64,tick,10,2
66812,0.63,20824064,96,65,tick,10,2
66814,0.64,20779008,96,66,tick,10,2
66816,0.64,20889600,96,67,tick,10,2
66818,0.65,20852736,96,68,tick,10,2
66820,0.64,20910080,96,69,tick,10,2
66822,0.63,20856832,96,70,tick,10,2
66824,0.64,20852736,96,71,tick,10,2
66826,0.64,20901888,96,72,tick,10,2
66828,0.63,20885504,96,73,tick,10,2
66830,0.63,20848640,96,74,tick,10,2
66831,0.63,20783104,96,75,tick,10,2
66833,0.64,20881408,96,76,tick,10,2
66835,0.63,20762624,96,77,tick,10,2
66837,0.64,20819968,96,78,tick,10,2
66839,0.62,20848640,96,79,tick,10,2
66841,0.64,20762624,96,80,tick,10,2
66843,0.62,20762624,96,81,tick,10,2
66845,0.64,20852736,96,82,tick,10,2
66847,0.62,20852736,96,83,tick,10,2
66849,0.63,20815872,96,84,tick,10,2
66850,0.62,20848640,96,85,tick,10,2
66852,0.63,20844544,96,86,tick,10,2
66854,0.62,20848640,96,87,tick,10,2
66856,0.63,20783104,96,88,tick,10,2
66858,0.63,20754432,96,89,tick,10,2
66860,0.63,20709376,96,90,tick,10,2
66864,0.61,20848640,96,91,tick,10,2
66863,0.64,20848640,96,92,tick,10,2
66866,0.63,20692992,96,93,tick,10,2
66867,0.64,20848640,96,94,tick,10,2
66869,0.63,20697088,96,95,tick,10,2
66871,0.61,20791296,96,96,tick,10,2
66696,0.6,20787200,96,1,pre_checkpoint,,2
66703,0.59,20815872,96,2,pre_checkpoint,,2
66695,0.61,20713472,96,3,pre_checkpoint,,2
66705,0.61,20905984,96,4,pre_checkpoint,,2
66699,0.6,20811776,96,5,pre_checkpoint,,2
66704,0.6,20848640,96,6,pre_checkpoint,,2
66712,0.6,20692992,96,7,pre_checkpoint,,2
66713,0.61,20811776,96,8,pre_checkpoint,,2
66715,0.6,20901888,96,9,pre_checkpoint,,2
66709,0.61,20783104,96,10,pre_checkpoint,,2
66725,0.62,20852736,96,11,pre_checkpoint,,2
66723,0.63,20852736,96,12,pre_checkpoint,,2
66717,0.61,20852736,96,13,pre_checkpoint,,2
66711,0.63,20852736,96,14,pre_checkpoint,,2
66726,0.62,20848640,96,15,pre_checkpoint,,2
66724,0.62,20819968,96,16,pre_checkpoint,,2
66719,0.63,20688896,96,17,pre_checkpoint,,2
66722,0.63,20766720,96,18,pre_checkpoint,,2
66721,0.61,20905984,96,19,pre_checkpoint,,2
66718,0.62,20926464,96,20,pre_checkpoint,,2
66727,0.62,20934656,96,21,pre_checkpoint,,2
66729,0.63,20881408,96,22,pre_checkpoint,,2
66731,0.62,20893696,96,23,pre_checkpoint,,2
66734,0.62,20926464,96,24,pre_checkpoint,,2
66735,0.62,20791296,96,25,pre_checkpoint,,2
66737,0.63,20848640,96,26,pre_checkpoint,,2
66741,0.63,20905984,96,27,pre_checkpoint,,2
66744,0.63,20774912,96,28,pre_checkpoint,,2
66742,0.64,20779008,96,29,pre_checkpoint,,2
66747,0.63,20844544,96,30,pre_checkpoint,,2
66746,0.64,20905984,96,31,pre_checkpoint,,2
66749,0.63,20733952,96,32,pre_checkpoint,,2
66750,0.62,20844544,96,33,pre_checkpoint,,2
66751,0.64,20873216,96,34,pre_checkpoint,,2
66753,0.64,20762624,96,35,pre_checkpoint,,2
66755,0.64,20914176,96,36,pre_checkpoint,,2
66757,0.64,20852736,96,37,pre_checkpoint,,2
66759,0.63,20852736,96,38,pre_checkpoint,,2
66761,0.64,20840448,96,39,pre_checkpoint,,2
66763,0.64,20852736,96,40,pre_checkpoint,,2
66765,0.64,20901888,96,41,pre_checkpoint,,2
66772,0.62,20860928,96,42,pre_checkpoint,,2
66768,0.63,20815872,96,43,pre_checkpoint,,2
66770,0.63,20807680,96,44,pre_checkpoint,,2
66773,0.63,20848640,96,45,pre_checkpoint,,2
66775,0.64,20905984,96,46,pre_checkpoint,,2
66777,0.64,20766720,96,47,pre_checkpoint,,2
66787,0.63,20901888,96,48,pre_checkpoint,,2
66780,0.64,20905984,96,49,pre_checkpoint,,2
66782,0.63,20852736,96,50,pre_checkpoint,,2
66784,0.63,20803584,96,51,pre_checkpoint,,2
66786,0.64,20955136,96,52,pre_checkpoint,,2
66788,0.64,20783104,96,53,pre_checkpoint,,2
66790,0.64,20762624,96,54,pre_checkpoint,,2
66792,0.64,20697088,96,55,pre_checkpoint,,2
66794,0.63,20828160,96,56,pre_checkpoint,,2
66796,0.64,20869120,96,57,pre_checkpoint,,2
66798,0.64,20819968,96,58,pre_checkpoint,,2
66800,0.64,20918272,96,59,pre_checkpoint,,2
66802,0.64,20799488,96,60,pre_checkpoint,,2
66805,0.63,20869120,96,61,pre_checkpoint,,2
66806,0.65,20738048,96,62,pre_checkpoint,,2
66808,0.64,20750336,96,63,pre_checkpoint,,2
66810,0.64,20787200,96,64,pre_checkpoint,,2
66812,0.63,20824064,96,65,pre_checkpoint,,2
66814,0.64,20779008,96,66,pre_checkpoint,,2
66816,0.64,20889600,96,67,pre_checkpoint,,2
66818,0.65,20852736,96,68,pre_checkpoint,,2
66820,0.64,20910080,96,69,pre_checkpoint,,2
66822,0.63,20856832,96,70,pre_checkpoint,,2
66824,0.64,20852736,96,71,pre_checkpoint,,2
66826,0.64,20901888,96,72,pre_checkpoint,,2
66828,0.63,20885504,96,73,pre_checkpoint,,2
66830,0.63,20848640,96,74,pre_checkpoint,,2
66831,0.63,20783104,96,75,pre_checkpoint,,2
66833,0.64,20881408,96,76,pre_checkpoint,,2
66835,0.63,20762624,96,77,pre_checkpoint,,2
66837,0.64,20819968,96,78,pre_checkpoint,,2
66839,0.62,20848640,96,79,pre_checkpoint,,2
66841,0.64,20762624,96,80,pre_checkpoint,,2
66843,0.62,20762624,96,81,pre_checkpoint,,2
66845,0.64,20852736,96,82,pre_checkpoint,,2
66847,0.62,20852736,96,83,pre_checkpoint,,2
66849,0.63,20815872,96,84,pre_checkpoint,,2
66850,0.62,20848640,96,85,pre_checkpoint,,2
66852,0.63,20844544,96,86,pre_checkpoint,,2
66854,0.62,20848640,96,87,pre_checkpoint,,2
66856,0.63,20783104,96,88,pre_checkpoint,,2
66858,0.63,20754432,96,89,pre_checkpoint,,2
66860,0.63,20709376,96,90,pre_checkpoint,,2
66864,0.61,20848640,96,91,pre_checkpoint,,2
66863,0.64,20848640,96,92,pre_checkpoint,,2
66866,0.63,20692992,96,93,pre_checkpoint,,2
66867,0.64,20848640,96,94,pre_checkpoint,,2
66869,0.63,20697088,96,95,pre_checkpoint,,2
66871,0.61,20791296,96,96,pre_checkpoint,,2
66696,0.64,21630976,96,1,post_checkpoint_save,,2
66703,0.64,21659648,96,2,post_checkpoint_save,,2
66695,0.65,21561344,96,3,post_checkpoint_save,,2
66705,0.65,21749760,96,4,post_checkpoint_save,,2
66699,0.64,21655552,96,5,post_checkpoint_save,,2
66704,0.63,21696512,96,6,post_checkpoint_save,,2
66712,0.65,21540864,96,7,post_checkpoint_save,,2
66713,0.66,21659648,96,8,post_checkpoint_save,,2
66715,0.64,21749760,96,9,post_checkpoint_save,,2
66709,0.65,21626880,96,10,post_checkpoint_save,,2
66725,0.66,21696512,96,11,post_checkpoint_save,,2
66723,0.66,21700608,96,12,post_checkpoint_save,,2
66717,0.64,21696512,96,13,post_checkpoint_save,,2
66711,0.67,21696512,96,14,post_checkpoint_save,,2
66726,0.66,21692416,96,15,post_checkpoint_save,,2
66724,0.66,21667840,96,16,post_checkpoint_save,,2
66719,0.67,21532672,96,17,post_checkpoint_save,,2
66722,0.66,21614592,96,18,post_checkpoint_save,,2
66721,0.66,21753856,96,19,post_checkpoint_save,,2
66718,0.67,21774336,96,20,post_checkpoint_save,,2
66727,0.67,21782528,96,21,post_checkpoint_save,,2
66729,0.66,21725184,96,22,post_checkpoint_save,,2
66731,0.66,21737472,96,23,post_checkpoint_save,,2
66734,0.66,21774336,96,24,post_checkpoint_save,,2
66735,0.67,21635072,96,25,post_checkpoint_save,,2
66737,0.67,21692416,96,26,post_checkpoint_save,,2
66741,0.68,21753856,96,27,post_checkpoint_save,,2
66744,0.67,21618688,96,28,post_checkpoint_save,,2
66742,0.68,21626880,96,29,post_checkpoint_save,,2
66747,0.67,21688320,96,30,post_checkpoint_save,,2
66746,0.68,21753856,96,31,post_checkpoint_save,,2
66749,0.68,21581824,96,32,post_checkpoint_save,,2
66750,0.66,21745664,96,33,post_checkpoint_save,,2
66751,0.68,21716992,96,34,post_checkpoint_save,,2
66753,0.68,21606400,96,35,post_checkpoint_save,,2
66755,0.68,21762048,96,36,post_checkpoint_save,,2
66757,0.67,21696512,96,37,post_checkpoint_save,,2
66759,0.68,21700608,96,38,post_checkpoint_save,,2
66761,0.68,21688320,96,39,post_checkpoint_save,,2
66763,0.68,21696512,96,40,post_checkpoint_save,,2
66765,0.68,21745664,96,41,post_checkpoint_save,,2
66772,0.67,21708800,96,42,post_checkpoint_save,,2
66768,0.68,21663744,96,43,post_checkpoint_save,,2
66770,0.67,21655552,96,44,post_checkpoint_save,,2
66773,0.68,21692416,96,45,post_checkpoint_save,,2
66775,0.68,21753856,96,46,post_checkpoint_save,,2
66777,0.68,21614592,96,47,post_checkpoint_save,,2
66787,0.67,21745664,96,48,post_checkpoint_save,,2
66780,0.68,21753856,96,49,post_checkpoint_save,,2
66782,0.66,21696512,96,50,post_checkpoint_save,,2
66784,0.68,21647360,96,51,post_checkpoint_save,,2
66786,0.67,21798912,96,52,post_checkpoint_save,,2
66788,0.67,21626880,96,53,post_checkpoint_save,,2
66790,0.68,21610496,96,54,post_checkpoint_save,,2
66792,0.68,21540864,96,55,post_checkpoint_save,,2
66794,0.68,21676032,96,56,post_checkpoint_save,,2
66796,0.68,21712896,96,57,post_checkpoint_save,,2
66798,0.68,21663744,96,58,post_checkpoint_save,,2
66800,0.68,21766144,96,59,post_checkpoint_save,,2
66802,0.68,21643264,96,60,post_checkpoint_save,,2
66805,0.68,21712896,96,61,post_checkpoint_save,,2
66806,0.68,21581824,96,62,post_checkpoint_save,,2
66808,0.6900000000000001,21594112,96,63,post_checkpoint_save,,2
66810,0.68,21635072,96,64,post_checkpoint_save,,2
66812,0.67,21667840,96,65,post_checkpoint_save,,2
66814,0.68,21622784,96,66,post_checkpoint_save,,2
66816,0.68,21733376,96,67,post_checkpoint_save,,2
66818,0.69,21700608,96,68,post_checkpoint_save,,2
66820,0.69,21757952,96,69,post_checkpoint_save,,2
66822,0.67,21704704,96,70,post_checkpoint_save,,2
66824,0.68,21700608,96,71,post_checkpoint_save,,2
66826,0.68,21745664,96,72,post_checkpoint_save,,2
66828,0.68,21729280,96,73,post_checkpoint_save,,2
66830,0.67,21745664,96,74,post_checkpoint_save,,2
66831,0.67,21626880,96,75,post_checkpoint_save,,2
66833,0.6900000000000001,21725184,96,76,post_checkpoint_save,,2
66835,0.68,21610496,96,77,post_checkpoint_save,,2
66837,0.67,21667840,96,78,post_checkpoint_save,,2
66839,0.66,21745664,96,79,post_checkpoint_save,,2
66841,0.68,21610496,96,80,post_checkpoint_save,,2
66843,0.66,21663744,96,81,post_checkpoint_save,,2
66845,0.68,21700608,96,82,post_checkpoint_save,,2
66847,0.66,21700608,96,83,post_checkpoint_save,,2
66849,0.68,21663744,96,84,post_checkpoint_save,,2
66850,0.66,21745664,96,85,post_checkpoint_save,,2
66852,0.66,21745664,96,86,post_checkpoint_save,,2
66854,0.65,21745664,96,87,post_checkpoint_save,,2
66856,0.67,21626880,96,88,post_checkpoint_save,,2
66858,0.67,21598208,96,89,post_checkpoint_save,,2
66860,0.66,21553152,96,90,post_checkpoint_save,,2
66864,0.66,21696512,96,91,post_checkpoint_save,,2
66863,0.67,21692416,96,92,post_checkpoint_save,,2
66866,0.67,21540864,96,93,post_checkpoint_save,,2
66867,0.68,21745664,96,94,post_checkpoint_save,,2
66869,0.67,21540864,96,95,post_checkpoint_save,,2
66871,0.66,21639168,96,96,post_checkpoint_save,,2
66696,0.75,21639168,96,1,post_checkpoint_restore,,2
66703,0.75,26210304,96,2,post_checkpoint_restore,,2
66695,0.77,21565440,96,3,post_checkpoint_restore,,2
66705,0.77,21757952,96,4,post_checkpoint_restore,,2
66699,0.76,21663744,96,5,post_checkpoint_restore,,2
66704,0.76,21700608,96,6,post_checkpoint_restore,,2
66712,0.76,26083328,96,7,post_checkpoint_restore,,2
66713,0.77,21663744,96,8,post_checkpoint_restore,,2
66715,0.76,21753856,96,9,post_checkpoint_restore,,2
66709,0.77,21635072,96,10,post_checkpoint_restore,,2
66725,0.77,21704704,96,11,post_checkpoint_restore,,2
66723,0.78,26243072,96,12,post_checkpoint_restore,,2
66717,0.76,21704704,96,13,post_checkpoint_restore,,2
66711,0.79,26238976,96,14,post_checkpoint_restore,,2
66726,0.78,26234880,96,15,post_checkpoint_restore,,2
66724,0.78,21671936,96,16,post_checkpoint_restore,,2
66719,0.78,21540864,96,17,post_checkpoint_restore,,2
66722,0.79,26157056,96,18,post_checkpoint_restore,,2
66721,0.77,21757952,96,19,post_checkpoint_restore,,2
66718,0.79,21778432,96,20,post_checkpoint_restore,,2
66727,0.79,26324992,96,21,post_checkpoint_restore,,2
66729,0.78,26267648,96,22,post_checkpoint_restore,,2
66731,0.78,21745664,96,23,post_checkpoint_restore,,2
66734,0.77,21778432,96,24,post_checkpoint_restore,,2
66735,0.78,21643264,96,25,post_checkpoint_restore,,2
66737,0.79,26234880,96,26,post_checkpoint_restore,,2
66741,0.79,21757952,96,27,post_checkpoint_restore,,2
66744,0.79,21626880,96,28,post_checkpoint_restore,,2
66742,0.8,26169344,96,29,post_checkpoint_restore,,2
66747,0.79,21696512,96,30,post_checkpoint_restore,,2
66746,0.8,21757952,96,31,post_checkpoint_restore,,2
66749,0.8,21585920,96,32,post_checkpoint_restore,,2
66750,0.78,21749760,96,33,post_checkpoint_restore,,2
66751,0.8,21725184,96,34,post_checkpoint_restore,,2
66753,0.8,21614592,96,35,post_checkpoint_restore,,2
66755,0.8,21766144,96,36,post_checkpoint_restore,,2
66757,0.79,21700608,96,37,post_checkpoint_restore,,2
66759,0.79,21704704,96,38,post_checkpoint_restore,,2
66761,0.8,21692416,96,39,post_checkpoint_restore,,2
66763,0.8,21704704,96,40,post_checkpoint_restore,,2
66765,0.79,21753856,96,41,post_checkpoint_restore,,2
66772,0.78,26251264,96,42,post_checkpoint_restore,,2
66768,0.79,21667840,96,43,post_checkpoint_restore,,2
66770,0.79,21659648,96,44,post_checkpoint_restore,,2
66773,0.79,21700608,96,45,post_checkpoint_restore,,2
66775,0.79,21757952,96,46,post_checkpoint_restore,,2
66777,0.8,21618688,96,47,post_checkpoint_restore,,2
66787,0.8,21753856,96,48,post_checkpoint_restore,,2
66780,0.79,21757952,96,49,post_checkpoint_restore,,2
66782,0.79,21704704,96,50,post_checkpoint_restore,,2
66784,0.8,21655552,96,51,post_checkpoint_restore,,2
66786,0.79,21807104,96,52,post_checkpoint_restore,,2
66788,0.8,21635072,96,53,post_checkpoint_restore,,2
66790,0.8,21614592,96,54,post_checkpoint_restore,,2
66792,0.8,21549056,96,55,post_checkpoint_restore,,2
66794,0.8,26218496,96,56,post_checkpoint_restore,,2
66796,0.8,21721088,96,57,post_checkpoint_restore,,2
66798,0.79,26214400,96,58,post_checkpoint_restore,,2
66800,0.8,21770240,96,59,post_checkpoint_restore,,2
66802,0.8,21651456,96,60,post_checkpoint_restore,,2
66805,0.8,21721088,96,61,post_checkpoint_restore,,2
66806,0.81,21590016,96,62,post_checkpoint_restore,,2
66808,0.8,26144768,96,63,post_checkpoint_restore,,2
66810,0.79,21639168,96,64,post_checkpoint_restore,,2
66812,0.79,21676032,96,65,post_checkpoint_restore,,2
66814,0.79,21630976,96,66,post_checkpoint_restore,,2
66816,0.79,21741568,96,67,post_checkpoint_restore,,2
66818,0.81,26243072,96,68,post_checkpoint_restore,,2
66820,0.8,21762048,96,69,post_checkpoint_restore,,2
66822,0.8,21708800,96,70,post_checkpoint_restore,,2
66824,0.8,21704704,96,71,post_checkpoint_restore,,2
66826,0.79,21753856,96,72,post_checkpoint_restore,,2
66828,0.8,21733376,96,73,post_checkpoint_restore,,2
66830,0.79,26288128,96,74,post_checkpoint_restore,,2
66831,0.79,26169344,96,75,post_checkpoint_restore,,2
66833,0.8,21733376,96,76,post_checkpoint_restore,,2
66835,0.79,21614592,96,77,post_checkpoint_restore,,2
66837,0.8,26210304,96,78,post_checkpoint_restore,,2
66839,0.79,21753856,96,79,post_checkpoint_restore,,2
66841,0.8,21614592,96,80,post_checkpoint_restore,,2
66843,0.78,21667840,96,81,post_checkpoint_restore,,2
66845,0.8,26243072,96,82,post_checkpoint_restore,,2
66847,0.79,21704704,96,83,post_checkpoint_restore,,2
66849,0.79,21667840,96,84,post_checkpoint_restore,,2
66850,0.79,21753856,96,85,post_checkpoint_restore,,2
66852,0.78,21749760,96,86,post_checkpoint_restore,,2
66854,0.77,21753856,96,87,post_checkpoint_restore,,2
66856,0.79,21635072,96,88,post_checkpoint_restore,,2
66858,0.79,21602304,96,89,post_checkpoint_restore,,2
66860,0.78,21561344,96,90,post_checkpoint_restore,,2
66864,0.77,21700608,96,91,post_checkpoint_restore,,2
66863,0.8,21700608,96,92,post_checkpoint_restore,,2
66866,0.78,26083328,96,93,post_checkpoint_restore,,2
66867,0.8,21753856,96,94,post_checkpoint_restore,,2
66869,0.79,21549056,96,95,post_checkpoint_restore,,2
66871,0.77,21643264,96,96,post_checkpoint_restore,,2
