batch_tick_wall_ms,disk_busy_pct,disk_read_bytes_delta,disk_write_bytes_delta,host_available_memory_bytes,host_cpu_util_pct,host_memory_available_delta_bytes,overrun_s,session_count,session_index,simulation_time_delta_s,tick_index,tick_process_cpu_ms,tick_wall_ms,trial
339.238834,0.0,0,0,22367375360,96.294007031879,0,0.0,48,1,0.5,1,40.00000000000001,98.183977,1
339.238834,0.0,0,0,22367375360,96.294007031879,0,0.0,48,2,0.5,1,40.00000000000001,142.719571,1
339.238834,0.0,0,0,22367375360,96.294007031879,0,0.0,48,3,0.5,1,39.99999999999998,45.785068,1
339.238834,0.0,0,0,22367375360,96.294007031879,0,0.0,48,4,0.5,1,40.00000000000001,232.054481,1
339.238834,0.0,0,0,22367375360,96.294007031879,0,0.0,48,5,0.5,1,40.00000000000001,69.284319,1
339.238834,0.0,0,0,22367375360,96.294007031879,0,0.0,48,6,0.5,1,40.00000000000001,64.747904,1
339.238834,0.0,0,0,22367375360,96.294007031879,0,0.0,48,7,0.5,1,40.00000000000001,263.951263,1
339.238834,0.0,0,0,22367375360,96.294007031879,0,0.0,48,8,0.5,1,39.99999999999998,156.015823,1
339.238834,0.0,0,0,22367375360,96.294007031879,0,0.0,48,9,0.5,1,40.00000000000001,267.852454,1
339.238834,0.0,0,0,22367375360,96.294007031879,0,0.0,48,10,0.5,1,39.99999999999998,251.078351,1
339.238834,0.0,0,0,22367375360,96.294007031879,0,0.0,48,11,0.5,1,49.999999999999986,280.54193,1
339.238834,0.0,0,0,22367375360,96.294007031879,0,0.0,48,12,0.5,1,39.99999999999998,171.843879,1
339.238834,0.0,0,0,22367375360,96.294007031879,0,0.0,48,13,0.5,1,40.00000000000001,271.17166,1
339.238834,0.0,0,0,22367375360,96.294007031879,0,0.0,48,14,0.5,1,40.00000000000001,171.82769,1
339.238834,0.0,0,0,22367375360,96.294007031879,0,0.0,48,15,0.5,1,40.00000000000001,276.228572,1
339.238834,0.0,0,0,22367375360,96.294007031879,0,0.0,48,16,0.5,1,40.00000000000001,278.740256,1
339.238834,0.0,0,0,22367375360,96.294007031879,0,0.0,48,17,0.5,1,39.99999999999998,202.558457,1
339.238834,0.0,0,0,22367375360,96.294007031879,0,0.0,48,18,0.5,1,40.00000000000001,219.282493,1
339.238834,0.0,0,0,22367375360,96.294007031879,0,0.0,48,19,0.5,1,40.00000000000001,197.690255,1
339.238834,0.0,0,0,22367375360,96.294007031879,0,0.0,48,20,0.5,1,39.99999999999998,252.625166,1
339.238834,0.0,0,0,22367375360,96.294007031879,0,0.0,48,21,0.5,1,39.99999999999998,236.130805,1
339.238834,0.0,0,0,22367375360,96.294007031879,0,0.0,48,22,0.5,1,40.00000000000001,94.411137,1
339.238834,0.0,0,0,22367375360,96.294007031879,0,0.0,48,23,0.5,1,40.00000000000001,252.412451,1
339.238834,0.0,0,0,22367375360,96.294007031879,0,0.0,48,24,0.5,1,39.99999999999998,167.601615,1
339.238834,0.0,0,0,22367375360,96.294007031879,0,0.0,48,25,0.5,1,40.00000000000001,251.462902,1
339.238834,0.0,0,0,22367375360,96.294007031879,0,0.0,48,26,0.5,1,39.99999999999998,179.290847,1
339.238834,0.0,0,0,22367375360,96.294007031879,0,0.0,48,27,0.5,1,39.99999999999998,254.280097,1
339.238834,0.0,0,0,22367375360,96.294007031879,0,0.0,48,28,0.5,1,40.00000000000001,254.791621,1
339.238834,0.0,0,0,22367375360,96.294007031879,0,0.0,48,29,0.5,1,40.00000000000001,251.105653,1
339.238834,0.0,0,0,22367375360,96.294007031879,0,0.0,48,30,0.5,1,39.99999999999998,221.424222,1
339.238834,0.0,0,0,22367375360,96.294007031879,0,0.0,48,31,0.5,1,40.00000000000001,255.112183,1
339.238834,0.0,0,0,22367375360,96.294007031879,0,0.0,48,32,0.5,1,39.99999999999998,252.600298,1
339.238834,0.0,0,0,22367375360,96.294007031879,0,0.0,48,33,0.5,1,49.999999999999986,232.545948,1
339.238834,0.0,0,0,22367375360,96.294007031879,0,0.0,48,34,0.5,1,49.999999999999986,245.786293,1
339.238834,0.0,0,0,22367375360,96.294007031879,0,0.0,48,35,0.5,1,40.00000000000001,243.438464,1
339.238834,0.0,0,0,22367375360,96.294007031879,0,0.0,48,36,0.5,1,39.99999999999998,200.017024,1
339.238834,0.0,0,0,22367375360,96.294007031879,0,0.0,48,37,0.5,1,40.00000000000001,220.387287,1
339.238834,0.0,0,0,22367375360,96.294007031879,0,0.0,48,38,0.5,1,40.00000000000001,233.950538,1
339.238834,0.0,0,0,22367375360,96.294007031879,0,0.0,48,39,0.5,1,40.00000000000001,177.884477,1
339.238834,0.0,0,0,22367375360,96.294007031879,0,0.0,48,40,0.5,1,40.00000000000001,177.963615,1
339.238834,0.0,0,0,22367375360,96.294007031879,0,0.0,48,41,0.5,1,40.00000000000001,198.045826,1
339.238834,0.0,0,0,22367375360,96.294007031879,0,0.0,48,42,0.5,1,39.99999999999998,173.61756,1
339.238834,0.0,0,0,22367375360,96.294007031879,0,0.0,48,43,0.5,1,40.00000000000001,182.66872,1
339.238834,0.0,0,0,22367375360,96.294007031879,0,0.0,48,44,0.5,1,39.99999999999998,142.158298,1
339.238834,0.0,0,0,22367375360,96.294007031879,0,0.0,48,45,0.5,1,40.00000000000001,192.012283,1
339.238834,0.0,0,0,22367375360,96.294007031879,0,0.0,48,46,0.5,1,40.00000000000001,134.33769,1
339.238834,0.0,0,0,22367375360,96.294007031879,0,0.0,48,47,0.5,1,40.00000000000001,218.577703,1
339.238834,0.0,0,0,22367375360,96.294007031879,0,0.0,48,48,0.5,1,30.0,189.230431,1
349.504154,0.0,0,0,22364082176,96.32694284564623,-3293184,0.0,48,1,0.5,2,40.00000000000001,181.031038,1
349.504154,0.0,0,0,22364082176,96.32694284564623,-3293184,0.0,48,2,0.5,2,40.00000000000001,76.544528,1
349.504154,0.0,0,0,22364082176,96.32694284564623,-3293184,0.0,48,3,0.5,2,40.000000000000036,56.088073,1
349.504154,0.0,0,0,22364082176,96.32694284564623,-3293184,0.0,48,4,0.5,2,40.00000000000001,96.45147,1
349.504154,0.0,0,0,22364082176,96.32694284564623,-3293184,0.0,48,5,0.5,2,40.00000000000001,144.394355,1
349.504154,0.0,0,0,22364082176,96.32694284564623,-3293184,0.0,48,6,0.5,2,30.0,42.239358,1
349.504154,0.0,0,0,22364082176,96.32694284564623,-3293184,0.0,48,7,0.5,2,50.000000000000014,170.861423,1
349.504154,0.0,0,0,22364082176,96.32694284564623,-3293184,0.0,48,8,0.5,2,40.000000000000036,251.782116,1
349.504154,0.0,0,0,22364082176,96.32694284564623,-3293184,0.0,48,9,0.5,2,50.000000000000014,171.783015,1
349.504154,0.0,0,0,22364082176,96.32694284564623,-3293184,0.0,48,10,0.5,2,30.00000000000003,120.21902,1
349.504154,0.0,0,0,22364082176,96.32694284564623,-3293184,0.0,48,11,0.5,2,40.000000000000036,253.576407,1
349.504154,0.0,0,0,22364082176,96.32694284564623,-3293184,0.0,48,12,0.5,2,40.000000000000036,283.963544,1
349.504154,0.0,0,0,22364082176,96.32694284564623,-3293184,0.0,48,13,0.5,2,40.00000000000001,251.161832,1
349.504154,0.0,0,0,22364082176,96.32694284564623,-3293184,0.0,48,14,0.5,2,40.00000000000001,281.711371,1
349.504154,0.0,0,0,22364082176,96.32694284564623,-3293184,0.0,48,15,0.5,2,40.00000000000001,246.853357,1
349.504154,0.0,0,0,22364082176,96.32694284564623,-3293184,0.0,48,16,0.5,2,40.00000000000001,247.977173,1
349.504154,0.0,0,0,22364082176,96.32694284564623,-3293184,0.0,48,17,0.5,2,40.000000000000036,233.938546,1
349.504154,0.0,0,0,22364082176,96.32694284564623,-3293184,0.0,48,18,0.5,2,40.00000000000001,49.375698,1
349.504154,0.0,0,0,22364082176,96.32694284564623,-3293184,0.0,48,19,0.5,2,40.00000000000001,244.093641,1
349.504154,0.0,0,0,22364082176,96.32694284564623,-3293184,0.0,48,20,0.5,2,40.000000000000036,255.921357,1
349.504154,0.0,0,0,22364082176,96.32694284564623,-3293184,0.0,48,21,0.5,2,40.000000000000036,274.634555,1
349.504154,0.0,0,0,22364082176,96.32694284564623,-3293184,0.0,48,22,0.5,2,30.0,184.001204,1
349.504154,0.0,0,0,22364082176,96.32694284564623,-3293184,0.0,48,23,0.5,2,40.00000000000001,140.045997,1
349.504154,0.0,0,0,22364082176,96.32694284564623,-3293184,0.0,48,24,0.5,2,50.00000000000004,160.338386,1
349.504154,0.0,0,0,22364082176,96.32694284564623,-3293184,0.0,48,25,0.5,2,40.00000000000001,248.008245,1
349.504154,0.0,0,0,22364082176,96.32694284564623,-3293184,0.0,48,26,0.5,2,40.000000000000036,178.840051,1
349.504154,0.0,0,0,22364082176,96.32694284564623,-3293184,0.0,48,27,0.5,2,40.000000000000036,235.118307,1
349.504154,0.0,0,0,22364082176,96.32694284564623,-3293184,0.0,48,28,0.5,2,40.00000000000001,247.091863,1
349.504154,0.0,0,0,22364082176,96.32694284564623,-3293184,0.0,48,29,0.5,2,40.00000000000001,221.446334,1
349.504154,0.0,0,0,22364082176,96.32694284564623,-3293184,0.0,48,30,0.5,2,40.000000000000036,244.941371,1
349.504154,0.0,0,0,22364082176,96.32694284564623,-3293184,0.0,48,31,0.5,2,40.00000000000001,174.385622,1
349.504154,0.0,0,0,22364082176,96.32694284564623,-3293184,0.0,48,32,0.5,2,40.000000000000036,212.972475,1
349.504154,0.0,0,0,22364082176,96.32694284564623,-3293184,0.0,48,33,0.5,2,40.000000000000036,207.555663,1
349.504154,0.0,0,0,22364082176,96.32694284564623,-3293184,0.0,48,34,0.5,2,30.00000000000003,153.769441,1
349.504154,0.0,0,0,22364082176,96.32694284564623,-3293184,0.0,48,35,0.5,2,30.0,163.953854,1
349.504154,0.0,0,0,22364082176,96.32694284564623,-3293184,0.0,48,36,0.5,2,40.000000000000036,208.339789,1
349.504154,0.0,0,0,22364082176,96.32694284564623,-3293184,0.0,48,37,0.5,2,40.00000000000001,205.303269,1
349.504154,0.0,0,0,22364082176,96.32694284564623,-3293184,0.0,48,38,0.5,2,40.00000000000001,182.332782,1
349.504154,0.0,0,0,22364082176,96.32694284564623,-3293184,0.0,48,39,0.5,2,30.0,203.258783,1
349.504154,0.0,0,0,22364082176,96.32694284564623,-3293184,0.0,48,40,0.5,2,40.00000000000001,206.250558,1
349.504154,0.0,0,0,22364082176,96.32694284564623,-3293184,0.0,48,41,0.5,2,40.00000000000001,152.387478,1
349.504154,0.0,0,0,22364082176,96.32694284564623,-3293184,0.0,48,42,0.5,2,40.000000000000036,155.874284,1
349.504154,0.0,0,0,22364082176,96.32694284564623,-3293184,0.0,48,43,0.5,2,40.00000000000001,155.4511,1
349.504154,0.0,0,0,22364082176,96.32694284564623,-3293184,0.0,48,44,0.5,2,40.000000000000036,188.305852,1
349.504154,0.0,0,0,22364082176,96.32694284564623,-3293184,0.0,48,45,0.5,2,40.00000000000001,145.417139,1
349.504154,0.0,0,0,22364082176,96.32694284564623,-3293184,0.0,48,46,0.5,2,40.00000000000001,181.957067,1
349.504154,0.0,0,0,22364082176,96.32694284564623,-3293184,0.0,48,47,0.5,2,40.00000000000001,146.199307,1
349.504154,0.0,0,0,22364082176,96.32694284564623,-3293184,0.0,48,48,0.5,2,49.999999999999986,143.749341,1
339.41231999999997,0.0,0,0,22364082176,98.2089669972302,0,0.0,48,1,0.5,3,39.99999999999998,125.540511,1
339.41231999999997,0.0,0,0,22364082176,98.2089669972302,0,0.0,48,2,0.5,3,39.99999999999998,126.094583,1
339.41231999999997,0.0,0,0,22364082176,98.2089669972302,0,0.0,48,3,0.5,3,29.99999999999997,97.284611,1
339.41231999999997,0.0,0,0,22364082176,98.2089669972302,0,0.0,48,4,0.5,3,49.999999999999986,205.089215,1
339.41231999999997,0.0,0,0,22364082176,98.2089669972302,0,0.0,48,5,0.5,3,39.99999999999998,136.163465,1
339.41231999999997,0.0,0,0,22364082176,98.2089669972302,0,0.0,48,6,0.5,3,39.99999999999998,80.919446,1
339.41231999999997,0.0,0,0,22364082176,98.2089669972302,0,0.0,48,7,0.5,3,39.99999999999998,225.673644,1
339.41231999999997,0.0,0,0,22364082176,98.2089669972302,0,0.0,48,8,0.5,3,39.99999999999998,126.558727,1
339.41231999999997,0.0,0,0,22364082176,98.2089669972302,0,0.0,48,9,0.5,3,39.99999999999998,231.826807,1
339.41231999999997,0.0,0,0,22364082176,98.2089669972302,0,0.0,48,10,0.5,3,39.99999999999998,123.77607,1
339.41231999999997,0.0,0,0,22364082176,98.2089669972302,0,0.0,48,11,0.5,3,39.99999999999998,117.486719,1
339.41231999999997,0.0,0,0,22364082176,98.2089669972302,0,0.0,48,12,0.5,3,39.99999999999998,132.528119,1
339.41231999999997,0.0,0,0,22364082176,98.2089669972302,0,0.0,48,13,0.5,3,39.99999999999998,163.735106,1
339.41231999999997,0.0,0,0,22364082176,98.2089669972302,0,0.0,48,14,0.5,3,39.99999999999998,171.346999,1
339.41231999999997,0.0,0,0,22364082176,98.2089669972302,0,0.0,48,15,0.5,3,39.99999999999998,235.165609,1
339.41231999999997,0.0,0,0,22364082176,98.2089669972302,0,0.0,48,16,0.5,3,39.99999999999998,187.921478,1
339.41231999999997,0.0,0,0,22364082176,98.2089669972302,0,0.0,48,17,0.5,3,39.99999999999998,106.076641,1
339.41231999999997,0.0,0,0,22364082176,98.2089669972302,0,0.0,48,18,0.5,3,39.99999999999998,232.872154,1
339.41231999999997,0.0,0,0,22364082176,98.2089669972302,0,0.0,48,19,0.5,3,49.999999999999986,240.139157,1
339.41231999999997,0.0,0,0,22364082176,98.2089669972302,0,0.0,48,20,0.5,3,39.99999999999998,256.230553,1
339.41231999999997,0.0,0,0,22364082176,98.2089669972302,0,0.0,48,21,0.5,3,39.99999999999998,109.600285,1
339.41231999999997,0.0,0,0,22364082176,98.2089669972302,0,0.0,48,22,0.5,3,39.99999999999998,200.893542,1
339.41231999999997,0.0,0,0,22364082176,98.2089669972302,0,0.0,48,23,0.5,3,39.99999999999998,248.038035,1
339.41231999999997,0.0,0,0,22364082176,98.2089669972302,0,0.0,48,24,0.5,3,39.99999999999998,238.332522,1
339.41231999999997,0.0,0,0,22364082176,98.2089669972302,0,0.0,48,25,0.5,3,39.99999999999998,227.621069,1
339.41231999999997,0.0,0,0,22364082176,98.2089669972302,0,0.0,48,26,0.5,3,39.99999999999998,229.089776,1
339.41231999999997,0.0,0,0,22364082176,98.2089669972302,0,0.0,48,27,0.5,3,39.99999999999998,222.83906,1
339.41231999999997,0.0,0,0,22364082176,98.2089669972302,0,0.0,48,28,0.5,3,39.99999999999998,62.013622,1
339.41231999999997,0.0,0,0,22364082176,98.2089669972302,0,0.0,48,29,0.5,3,39.99999999999998,189.650352,1
339.41231999999997,0.0,0,0,22364082176,98.2089669972302,0,0.0,48,30,0.5,3,39.99999999999998,206.944079,1
339.41231999999997,0.0,0,0,22364082176,98.2089669972302,0,0.0,48,31,0.5,3,39.99999999999998,148.781589,1
339.41231999999997,0.0,0,0,22364082176,98.2089669972302,0,0.0,48,32,0.5,3,39.99999999999998,177.60422,1
339.41231999999997,0.0,0,0,22364082176,98.2089669972302,0,0.0,48,33,0.5,3,39.99999999999998,135.987666,1
339.41231999999997,0.0,0,0,22364082176,98.2089669972302,0,0.0,48,34,0.5,3,49.999999999999986,154.969979,1
339.41231999999997,0.0,0,0,22364082176,98.2089669972302,0,0.0,48,35,0.5,3,39.99999999999998,166.178738,1
339.41231999999997,0.0,0,0,22364082176,98.2089669972302,0,0.0,48,36,0.5,3,39.99999999999998,193.079244,1
339.41231999999997,0.0,0,0,22364082176,98.2089669972302,0,0.0,48,37,0.5,3,49.999999999999986,190.447183,1
339.41231999999997,0.0,0,0,22364082176,98.2089669972302,0,0.0,48,38,0.5,3,39.99999999999998,180.544766,1
339.41231999999997,0.0,0,0,22364082176,98.2089669972302,0,0.0,48,39,0.5,3,39.99999999999998,166.161391,1
339.41231999999997,0.0,0,0,22364082176,98.2089669972302,0,0.0,48,40,0.5,3,39.99999999999998,111.969814,1
339.41231999999997,0.0,0,0,22364082176,98.2089669972302,0,0.0,48,41,0.5,3,39.99999999999998,172.75078,1
339.41231999999997,0.0,0,0,22364082176,98.2089669972302,0,0.0,48,42,0.5,3,39.99999999999998,175.351539,1
339.41231999999997,0.0,0,0,22364082176,98.2089669972302,0,0.0,48,43,0.5,3,39.99999999999998,158.633466,1
339.41231999999997,0.0,0,0,22364082176,98.2089669972302,0,0.0,48,44,0.5,3,39.99999999999998,47.470056,1
339.41231999999997,0.0,0,0,22364082176,98.2089669972302,0,0.0,48,45,0.5,3,49.999999999999986,159.663538,1
339.41231999999997,0.0,0,0,22364082176,98.2089669972302,0,0.0,48,46,0.5,3,39.99999999999998,153.73935,1
339.41231999999997,0.0,0,0,22364082176,98.2089669972302,0,0.0,48,47,0.5,3,39.99999999999998,81.599691,1
339.41231999999997,0.0,0,0,22364082176,98.2089669972302,0,0.0,48,48,0.5,3,40.000000000000036,64.826591,1
368.160386,0.0,0,0,22363049984,94.61456109331588,-1032192,0.0,48,1,0.5,4,39.99999999999998,188.70926,1
368.160386,0.0,0,0,22363049984,94.61456109331588,-1032192,0.0,48,2,0.5,4,39.99999999999998,276.660746,1
368.160386,0.0,0,0,22363049984,94.61456109331588,-1032192,0.0,48,3,0.5,4,39.99999999999998,128.85171,1
368.160386,0.0,0,0,22363049984,94.61456109331588,-1032192,0.0,48,4,0.5,4,39.99999999999998,159.226518,1
368.160386,0.0,0,0,22363049984,94.61456109331588,-1032192,0.0,48,5,0.5,4,39.99999999999998,251.319454,1
368.160386,0.0,0,0,22363049984,94.61456109331588,-1032192,0.0,48,6,0.5,4,40.000000000000036,243.416018,1
368.160386,0.0,0,0,22363049984,94.61456109331588,-1032192,0.0,48,7,0.5,4,39.99999999999998,267.632785,1
368.160386,0.0,0,0,22363049984,94.61456109331588,-1032192,0.0,48,8,0.5,4,49.999999999999986,279.601799,1
368.160386,0.0,0,0,22363049984,94.61456109331588,-1032192,0.0,48,9,0.5,4,49.999999999999986,179.903109,1
368.160386,0.0,0,0,22363049984,94.61456109331588,-1032192,0.0,48,10,0.5,4,39.99999999999998,164.674612,1
368.160386,0.0,0,0,22363049984,94.61456109331588,-1032192,0.0,48,11,0.5,4,39.99999999999998,258.441249,1
368.160386,0.0,0,0,22363049984,94.61456109331588,-1032192,0.0,48,12,0.5,4,49.999999999999986,322.226826,1
368.160386,0.0,0,0,22363049984,94.61456109331588,-1032192,0.0,48,13,0.5,4,39.99999999999998,284.305958,1
368.160386,0.0,0,0,22363049984,94.61456109331588,-1032192,0.0,48,14,0.5,4,39.99999999999998,279.795929,1
368.160386,0.0,0,0,22363049984,94.61456109331588,-1032192,0.0,48,15,0.5,4,39.99999999999998,215.490848,1
368.160386,0.0,0,0,22363049984,94.61456109331588,-1032192,0.0,48,16,0.5,4,39.99999999999998,275.909624,1
368.160386,0.0,0,0,22363049984,94.61456109331588,-1032192,0.0,48,17,0.5,4,49.999999999999986,304.104002,1
368.160386,0.0,0,0,22363049984,94.61456109331588,-1032192,0.0,48,18,0.5,4,49.999999999999986,305.455545,1
368.160386,0.0,0,0,22363049984,94.61456109331588,-1032192,0.0,48,19,0.5,4,29.99999999999997,279.58772,1
368.160386,0.0,0,0,22363049984,94.61456109331588,-1032192,0.0,48,20,0.5,4,39.99999999999998,235.780459,1
368.160386,0.0,0,0,22363049984,94.61456109331588,-1032192,0.0,48,21,0.5,4,49.999999999999986,297.76211,1
368.160386,0.0,0,0,22363049984,94.61456109331588,-1032192,0.0,48,22,0.5,4,40.000000000000036,255.969871,1
368.160386,0.0,0,0,22363049984,94.61456109331588,-1032192,0.0,48,23,0.5,4,49.999999999999986,187.795758,1
368.160386,0.0,0,0,22363049984,94.61456109331588,-1032192,0.0,48,24,0.5,4,39.99999999999998,186.982799,1
368.160386,0.0,0,0,22363049984,94.61456109331588,-1032192,0.0,48,25,0.5,4,39.99999999999998,271.491741,1
368.160386,0.0,0,0,22363049984,94.61456109331588,-1032192,0.0,48,26,0.5,4,39.99999999999998,263.157851,1
368.160386,0.0,0,0,22363049984,94.61456109331588,-1032192,0.0,48,27,0.5,4,49.999999999999986,300.771869,1
368.160386,0.0,0,0,22363049984,94.61456109331588,-1032192,0.0,48,28,0.5,4,49.999999999999986,281.71806,1
368.160386,0.0,0,0,22363049984,94.61456109331588,-1032192,0.0,48,29,0.5,4,49.999999999999986,306.831606,1
368.160386,0.0,0,0,22363049984,94.61456109331588,-1032192,0.0,48,30,0.5,4,39.99999999999998,235.990079,1
368.160386,0.0,0,0,22363049984,94.61456109331588,-1032192,0.0,48,31,0.5,4,39.99999999999998,224.113319,1
368.160386,0.0,0,0,22363049984,94.61456109331588,-1032192,0.0,48,32,0.5,4,39.99999999999998,244.850547,1
368.160386,0.0,0,0,22363049984,94.61456109331588,-1032192,0.0,48,33,0.5,4,39.99999999999998,247.97998,1
368.160386,0.0,0,0,22363049984,94.61456109331588,-1032192,0.0,48,34,0.5,4,39.99999999999998,243.263311,1
368.160386,0.0,0,0,22363049984,94.61456109331588,-1032192,0.0,48,35,0.5,4,49.999999999999986,254.66808,1
368.160386,0.0,0,0,22363049984,94.61456109331588,-1032192,0.0,48,36,0.5,4,39.99999999999998,261.815915,1
368.160386,0.0,0,0,22363049984,94.61456109331588,-1032192,0.0,48,37,0.5,4,49.999999999999986,260.323849,1
368.160386,0.0,0,0,22363049984,94.61456109331588,-1032192,0.0,48,38,0.5,4,39.99999999999998,241.116441,1
368.160386,0.0,0,0,22363049984,94.61456109331588,-1032192,0.0,48,39,0.5,4,40.000000000000036,226.136602,1
368.160386,0.0,0,0,22363049984,94.61456109331588,-1032192,0.0,48,40,0.5,4,39.99999999999998,251.108795,1
368.160386,0.0,0,0,22363049984,94.61456109331588,-1032192,0.0,48,41,0.5,4,39.99999999999998,235.932424,1
368.160386,0.0,0,0,22363049984,94.61456109331588,-1032192,0.0,48,42,0.5,4,39.99999999999998,208.007226,1
368.160386,0.0,0,0,22363049984,94.61456109331588,-1032192,0.0,48,43,0.5,4,40.000000000000036,164.096222,1
368.160386,0.0,0,0,22363049984,94.61456109331588,-1032192,0.0,48,44,0.5,4,39.99999999999998,180.004976,1
368.160386,0.0,0,0,22363049984,94.61456109331588,-1032192,0.0,48,45,0.5,4,49.999999999999986,147.851952,1
368.160386,0.0,0,0,22363049984,94.61456109331588,-1032192,0.0,48,46,0.5,4,39.99999999999998,223.263355,1
368.160386,0.0,0,0,22363049984,94.61456109331588,-1032192,0.0,48,47,0.5,4,49.999999999999986,256.002207,1
368.160386,0.0,0,0,22363049984,94.61456109331588,-1032192,0.0,48,48,0.5,4,39.99999999999998,204.560833,1
346.436508,0.0,0,0,22363049984,97.66099285739566,0,0.0,48,1,0.5,5,40.000000000000036,40.721232,1
346.436508,0.0,0,0,22363049984,97.66099285739566,0,0.0,48,2,0.5,5,40.000000000000036,69.181515,1
346.436508,0.0,0,0,22363049984,97.66099285739566,0,0.0,48,3,0.5,5,40.000000000000036,54.927419,1
346.436508,0.0,0,0,22363049984,97.66099285739566,0,0.0,48,4,0.5,5,40.000000000000036,98.114848,1
346.436508,0.0,0,0,22363049984,97.66099285739566,0,0.0,48,5,0.5,5,30.00000000000003,112.718972,1
346.436508,0.0,0,0,22363049984,97.66099285739566,0,0.0,48,6,0.5,5,39.99999999999998,191.447773,1
346.436508,0.0,0,0,22363049984,97.66099285739566,0,0.0,48,7,0.5,5,40.000000000000036,40.250675,1
346.436508,0.0,0,0,22363049984,97.66099285739566,0,0.0,48,8,0.5,5,39.99999999999998,180.288797,1
346.436508,0.0,0,0,22363049984,97.66099285739566,0,0.0,48,9,0.5,5,39.99999999999998,255.938567,1
346.436508,0.0,0,0,22363049984,97.66099285739566,0,0.0,48,10,0.5,5,40.000000000000036,255.807879,1
346.436508,0.0,0,0,22363049984,97.66099285739566,0,0.0,48,11,0.5,5,40.000000000000036,211.840042,1
346.436508,0.0,0,0,22363049984,97.66099285739566,0,0.0,48,12,0.5,5,39.99999999999998,263.848975,1
346.436508,0.0,0,0,22363049984,97.66099285739566,0,0.0,48,13,0.5,5,50.00000000000004,224.007308,1
346.436508,0.0,0,0,22363049984,97.66099285739566,0,0.0,48,14,0.5,5,50.00000000000004,275.689125,1
346.436508,0.0,0,0,22363049984,97.66099285739566,0,0.0,48,15,0.5,5,40.000000000000036,49.712673,1
346.436508,0.0,0,0,22363049984,97.66099285739566,0,0.0,48,16,0.5,5,40.000000000000036,223.954316,1
346.436508,0.0,0,0,22363049984,97.66099285739566,0,0.0,48,17,0.5,5,49.999999999999986,277.289187,1
346.436508,0.0,0,0,22363049984,97.66099285739566,0,0.0,48,18,0.5,5,40.000000000000036,127.220549,1
346.436508,0.0,0,0,22363049984,97.66099285739566,0,0.0,48,19,0.5,5,50.00000000000004,272.822559,1
346.436508,0.0,0,0,22363049984,97.66099285739566,0,0.0,48,20,0.5,5,49.999999999999986,184.633669,1
346.436508,0.0,0,0,22363049984,97.66099285739566,0,0.0,48,21,0.5,5,39.99999999999998,184.557498,1
346.436508,0.0,0,0,22363049984,97.66099285739566,0,0.0,48,22,0.5,5,39.99999999999998,267.945571,1
346.436508,0.0,0,0,22363049984,97.66099285739566,0,0.0,48,23,0.5,5,40.000000000000036,260.173368,1
346.436508,0.0,0,0,22363049984,97.66099285739566,0,0.0,48,24,0.5,5,49.999999999999986,213.807344,1
346.436508,0.0,0,0,22363049984,97.66099285739566,0,0.0,48,25,0.5,5,40.000000000000036,246.507232,1
346.436508,0.0,0,0,22363049984,97.66099285739566,0,0.0,48,26,0.5,5,40.000000000000036,265.867429,1
346.436508,0.0,0,0,22363049984,97.66099285739566,0,0.0,48,27,0.5,5,39.99999999999998,45.619956,1
346.436508,0.0,0,0,22363049984,97.66099285739566,0,0.0,48,28,0.5,5,40.000000000000036,208.23541,1
346.436508,0.0,0,0,22363049984,97.66099285739566,0,0.0,48,29,0.5,5,40.000000000000036,240.950437,1
346.436508,0.0,0,0,22363049984,97.66099285739566,0,0.0,48,30,0.5,5,40.000000000000036,218.077811,1
346.436508,0.0,0,0,22363049984,97.66099285739566,0,0.0,48,31,0.5,5,40.000000000000036,101.155999,1
346.436508,0.0,0,0,22363049984,97.66099285739566,0,0.0,48,32,0.5,5,40.000000000000036,244.1446,1
346.436508,0.0,0,0,22363049984,97.66099285739566,0,0.0,48,33,0.5,5,40.000000000000036,170.468985,1
346.436508,0.0,0,0,22363049984,97.66099285739566,0,0.0,48,34,0.5,5,50.00000000000004,237.657007,1
346.436508,0.0,0,0,22363049984,97.66099285739566,0,0.0,48,35,0.5,5,40.000000000000036,172.886538,1
346.436508,0.0,0,0,22363049984,97.66099285739566,0,0.0,48,36,0.5,5,40.000000000000036,217.675639,1
346.436508,0.0,0,0,22363049984,97.66099285739566,0,0.0,48,37,0.5,5,40.000000000000036,192.290748,1
346.436508,0.0,0,0,22363049984,97.66099285739566,0,0.0,48,38,0.5,5,40.000000000000036,227.363178,1
346.436508,0.0,0,0,22363049984,97.66099285739566,0,0.0,48,39,0.5,5,39.99999999999998,208.503225,1
346.436508,0.0,0,0,22363049984,97.66099285739566,0,0.0,48,40,0.5,5,50.00000000000004,116.551266,1
346.436508,0.0,0,0,22363049984,97.66099285739566,0,0.0,48,41,0.5,5,40.000000000000036,114.063969,1
346.436508,0.0,0,0,22363049984,97.66099285739566,0,0.0,48,42,0.5,5,40.000000000000036,218.534253,1
346.436508,0.0,0,0,22363049984,97.66099285739566,0,0.0,48,43,0.5,5,39.99999999999998,107.522239,1
346.436508,0.0,0,0,22363049984,97.66099285739566,0,0.0,48,44,0.5,5,40.000000000000036,204.130266,1
346.436508,0.0,0,0,22363049984,97.66099285739566,0,0.0,48,45,0.5,5,40.000000000000036,203.469316,1
346.436508,0.0,0,0,22363049984,97.66099285739566,0,0.0,48,46,0.5,5,40.000000000000036,191.08485,1
346.436508,0.0,0,0,22363049984,97.66099285739566,0,0.0,48,47,0.5,5,40.000000000000036,98.796732,1
346.436508,0.0,0,0,22363049984,97.66099285739566,0,0.0,48,48,0.5,5,39.99999999999998,209.219319,1
342.64552799999996,0.0,0,0,22363049984,97.28226580950252,0,0.0,48,1,0.5,6,39.99999999999998,47.572859,1
342.64552799999996,0.0,0,0,22363049984,97.28226580950252,0,0.0,48,2,0.5,6,39.99999999999998,73.82267,1
342.64552799999996,0.0,0,0,22363049984,97.28226580950252,0,0.0,48,3,0.5,6,39.99999999999998,114.753838,1
342.64552799999996,0.0,0,0,22363049984,97.28226580950252,0,0.0,48,4,0.5,6,39.99999999999998,60.938992,1
342.64552799999996,0.0,0,0,22363049984,97.28226580950252,0,0.0,48,5,0.5,6,49.999999999999986,269.200122,1
342.64552799999996,0.0,0,0,22363049984,97.28226580950252,0,0.0,48,6,0.5,6,49.999999999999986,262.762042,1
342.64552799999996,0.0,0,0,22363049984,97.28226580950252,0,0.0,48,7,0.5,6,39.99999999999998,104.728753,1
342.64552799999996,0.0,0,0,22363049984,97.28226580950252,0,0.0,48,8,0.5,6,30.00000000000003,72.093504,1
342.64552799999996,0.0,0,0,22363049984,97.28226580950252,0,0.0,48,9,0.5,6,40.000000000000036,121.013761,1
342.64552799999996,0.0,0,0,22363049984,97.28226580950252,0,0.0,48,10,0.5,6,39.99999999999998,191.334376,1
342.64552799999996,0.0,0,0,22363049984,97.28226580950252,0,0.0,48,11,0.5,6,39.99999999999998,156.315282,1
342.64552799999996,0.0,0,0,22363049984,97.28226580950252,0,0.0,48,12,0.5,6,40.000000000000036,152.393445,1
342.64552799999996,0.0,0,0,22363049984,97.28226580950252,0,0.0,48,13,0.5,6,39.99999999999998,102.592325,1
342.64552799999996,0.0,0,0,22363049984,97.28226580950252,0,0.0,48,14,0.5,6,39.99999999999998,161.059992,1
342.64552799999996,0.0,0,0,22363049984,97.28226580950252,0,0.0,48,15,0.5,6,49.999999999999986,265.374555,1
342.64552799999996,0.0,0,0,22363049984,97.28226580950252,0,0.0,48,16,0.5,6,49.999999999999986,290.760636,1
342.64552799999996,0.0,0,0,22363049984,97.28226580950252,0,0.0,48,17,0.5,6,40.000000000000036,151.516124,1
342.64552799999996,0.0,0,0,22363049984,97.28226580950252,0,0.0,48,18,0.5,6,39.99999999999998,286.072216,1
342.64552799999996,0.0,0,0,22363049984,97.28226580950252,0,0.0,48,19,0.5,6,39.99999999999998,275.957191,1
342.64552799999996,0.0,0,0,22363049984,97.28226580950252,0,0.0,48,20,0.5,6,40.000000000000036,144.681934,1
342.64552799999996,0.0,0,0,22363049984,97.28226580950252,0,0.0,48,21,0.5,6,40.000000000000036,222.38683,1
342.64552799999996,0.0,0,0,22363049984,97.28226580950252,0,0.0,48,22,0.5,6,49.999999999999986,144.280114,1
342.64552799999996,0.0,0,0,22363049984,97.28226580950252,0,0.0,48,23,0.5,6,49.999999999999986,282.077946,1
342.64552799999996,0.0,0,0,22363049984,97.28226580950252,0,0.0,48,24,0.5,6,40.000000000000036,186.156373,1
342.64552799999996,0.0,0,0,22363049984,97.28226580950252,0,0.0,48,25,0.5,6,49.999999999999986,276.00865,1
342.64552799999996,0.0,0,0,22363049984,97.28226580950252,0,0.0,48,26,0.5,6,39.99999999999998,163.169354,1
342.64552799999996,0.0,0,0,22363049984,97.28226580950252,0,0.0,48,27,0.5,6,40.000000000000036,274.479646,1
342.64552799999996,0.0,0,0,22363049984,97.28226580950252,0,0.0,48,28,0.5,6,39.99999999999998,213.054717,1
342.64552799999996,0.0,0,0,22363049984,97.28226580950252,0,0.0,48,29,0.5,6,39.99999999999998,235.644116,1
342.64552799999996,0.0,0,0,22363049984,97.28226580950252,0,0.0,48,30,0.5,6,39.99999999999998,259.355994,1
342.64552799999996,0.0,0,0,22363049984,97.28226580950252,0,0.0,48,31,0.5,6,39.99999999999998,256.692319,1
342.64552799999996,0.0,0,0,22363049984,97.28226580950252,0,0.0,48,32,0.5,6,39.99999999999998,69.924962,1
342.64552799999996,0.0,0,0,22363049984,97.28226580950252,0,0.0,48,33,0.5,6,39.99999999999998,240.994262,1
342.64552799999996,0.0,0,0,22363049984,97.28226580950252,0,0.0,48,34,0.5,6,39.99999999999998,245.108781,1
342.64552799999996,0.0,0,0,22363049984,97.28226580950252,0,0.0,48,35,0.5,6,39.99999999999998,241.512122,1
342.64552799999996,0.0,0,0,22363049984,97.28226580950252,0,0.0,48,36,0.5,6,39.99999999999998,187.818514,1
342.64552799999996,0.0,0,0,22363049984,97.28226580950252,0,0.0,48,37,0.5,6,39.99999999999998,165.789357,1
342.64552799999996,0.0,0,0,22363049984,97.28226580950252,0,0.0,48,38,0.5,6,49.999999999999986,204.230973,1
342.64552799999996,0.0,0,0,22363049984,97.28226580950252,0,0.0,48,39,0.5,6,39.99999999999998,75.766502,1
342.64552799999996,0.0,0,0,22363049984,97.28226580950252,0,0.0,48,40,0.5,6,39.99999999999998,222.953573,1
342.64552799999996,0.0,0,0,22363049984,97.28226580950252,0,0.0,48,41,0.5,6,39.99999999999998,189.14963,1
342.64552799999996,0.0,0,0,22363049984,97.28226580950252,0,0.0,48,42,0.5,6,39.99999999999998,99.418647,1
342.64552799999996,0.0,0,0,22363049984,97.28226580950252,0,0.0,48,43,0.5,6,49.999999999999986,220.877142,1
342.64552799999996,0.0,0,0,22363049984,97.28226580950252,0,0.0,48,44,0.5,6,39.99999999999998,137.891391,1
342.64552799999996,0.0,0,0,22363049984,97.28226580950252,0,0.0,48,45,0.5,6,39.99999999999998,145.477854,1
342.64552799999996,0.0,0,0,22363049984,97.28226580950252,0,0.0,48,46,0.5,6,39.99999999999998,200.862078,1
342.64552799999996,0.0,0,0,22363049984,97.28226580950252,0,0.0,48,47,0.5,6,39.99999999999998,201.512818,1
342.64552799999996,0.0,0,0,22363049984,97.28226580950252,0,0.0,48,48,0.5,6,40.000000000000036,108.832023,1
357.03792,0.0,0,0,22331555840,96.6283917405612,-31494144,0.0,48,1,0.5,7,39.99999999999998,233.192682,1
357.03792,0.0,0,0,22331555840,96.6283917405612,-31494144,0.0,48,2,0.5,7,39.99999999999998,39.791358,1
357.03792,0.0,0,0,22331555840,96.6283917405612,-31494144,0.0,48,3,0.5,7,39.99999999999998,117.412439,1
357.03792,0.0,0,0,22331555840,96.6283917405612,-31494144,0.0,48,4,0.5,7,49.999999999999986,248.66035,1
357.03792,0.0,0,0,22331555840,96.6283917405612,-31494144,0.0,48,5,0.5,7,30.00000000000003,40.21528,1
357.03792,0.0,0,0,22331555840,96.6283917405612,-31494144,0.0,48,6,0.5,7,39.99999999999998,192.128816,1
357.03792,0.0,0,0,22331555840,96.6283917405612,-31494144,0.0,48,7,0.5,7,39.99999999999998,58.758099,1
357.03792,0.0,0,0,22331555840,96.6283917405612,-31494144,0.0,48,8,0.5,7,39.99999999999998,267.993821,1
357.03792,0.0,0,0,22331555840,96.6283917405612,-31494144,0.0,48,9,0.5,7,39.99999999999998,107.897069,1
357.03792,0.0,0,0,22331555840,96.6283917405612,-31494144,0.0,48,10,0.5,7,39.99999999999998,203.963382,1
357.03792,0.0,0,0,22331555840,96.6283917405612,-31494144,0.0,48,11,0.5,7,39.99999999999998,179.885525,1
357.03792,0.0,0,0,22331555840,96.6283917405612,-31494144,0.0,48,12,0.5,7,39.99999999999998,226.5871,1
357.03792,0.0,0,0,22331555840,96.6283917405612,-31494144,0.0,48,13,0.5,7,39.99999999999998,251.948467,1
357.03792,0.0,0,0,22331555840,96.6283917405612,-31494144,0.0,48,14,0.5,7,39.99999999999998,248.918098,1
357.03792,0.0,0,0,22331555840,96.6283917405612,-31494144,0.0,48,15,0.5,7,39.99999999999998,276.718011,1
357.03792,0.0,0,0,22331555840,96.6283917405612,-31494144,0.0,48,16,0.5,7,39.99999999999998,292.523802,1
357.03792,0.0,0,0,22331555840,96.6283917405612,-31494144,0.0,48,17,0.5,7,39.99999999999998,223.564879,1
357.03792,0.0,0,0,22331555840,96.6283917405612,-31494144,0.0,48,18,0.5,7,39.99999999999998,293.040497,1
357.03792,0.0,0,0,22331555840,96.6283917405612,-31494144,0.0,48,19,0.5,7,39.99999999999998,203.103168,1
357.03792,0.0,0,0,22331555840,96.6283917405612,-31494144,0.0,48,20,0.5,7,39.99999999999998,211.318933,1
357.03792,0.0,0,0,22331555840,96.6283917405612,-31494144,0.0,48,21,0.5,7,39.99999999999998,123.801112,1
357.03792,0.0,0,0,22331555840,96.6283917405612,-31494144,0.0,48,22,0.5,7,30.00000000000003,95.734894,1
357.03792,0.0,0,0,22331555840,96.6283917405612,-31494144,0.0,48,23,0.5,7,39.99999999999998,219.75365,1
357.03792,0.0,0,0,22331555840,96.6283917405612,-31494144,0.0,48,24,0.5,7,39.99999999999998,220.002149,1
357.03792,0.0,0,0,22331555840,96.6283917405612,-31494144,0.0,48,25,0.5,7,39.99999999999998,165.961022,1
357.03792,0.0,0,0,22331555840,96.6283917405612,-31494144,0.0,48,26,0.5,7,39.99999999999998,128.308639,1
357.03792,0.0,0,0,22331555840,96.6283917405612,-31494144,0.0,48,27,0.5,7,39.99999999999998,263.074206,1
357.03792,0.0,0,0,22331555840,96.6283917405612,-31494144,0.0,48,28,0.5,7,39.99999999999998,120.066399,1
357.03792,0.0,0,0,22331555840,96.6283917405612,-31494144,0.0,48,29,0.5,7,39.99999999999998,233.031286,1
357.03792,0.0,0,0,22331555840,96.6283917405612,-31494144,0.0,48,30,0.5,7,49.999999999999986,264.861811,1
357.03792,0.0,0,0,22331555840,96.6283917405612,-31494144,0.0,48,31,0.5,7,39.99999999999998,192.330465,1
357.03792,0.0,0,0,22331555840,96.6283917405612,-31494144,0.0,48,32,0.5,7,49.999999999999986,226.002364,1
357.03792,0.0,0,0,22331555840,96.6283917405612,-31494144,0.0,48,33,0.5,7,39.99999999999998,235.090142,1
357.03792,0.0,0,0,22331555840,96.6283917405612,-31494144,0.0,48,34,0.5,7,39.99999999999998,144.104527,1
357.03792,0.0,0,0,22331555840,96.6283917405612,-31494144,0.0,48,35,0.5,7,39.99999999999998,123.574342,1
357.03792,0.0,0,0,22331555840,96.6283917405612,-31494144,0.0,48,36,0.5,7,39.99999999999998,232.969478,1
357.03792,0.0,0,0,22331555840,96.6283917405612,-31494144,0.0,48,37,0.5,7,39.99999999999998,245.636076,1
357.03792,0.0,0,0,22331555840,96.6283917405612,-31494144,0.0,48,38,0.5,7,39.99999999999998,226.394897,1
357.03792,0.0,0,0,22331555840,96.6283917405612,-31494144,0.0,48,39,0.5,7,40.000000000000036,128.569131,1
357.03792,0.0,0,0,22331555840,96.6283917405612,-31494144,0.0,48,40,0.5,7,39.99999999999998,236.727313,1
357.03792,0.0,0,0,22331555840,96.6283917405612,-31494144,0.0,48,41,0.5,7,39.99999999999998,190.631275,1
357.03792,0.0,0,0,22331555840,96.6283917405612,-31494144,0.0,48,42,0.5,7,39.99999999999998,228.884534,1
357.03792,0.0,0,0,22331555840,96.6283917405612,-31494144,0.0,48,43,0.5,7,39.99999999999998,223.380419,1
357.03792,0.0,0,0,22331555840,96.6283917405612,-31494144,0.0,48,44,0.5,7,39.99999999999998,198.542273,1
357.03792,0.0,0,0,22331555840,96.6283917405612,-31494144,0.0,48,45,0.5,7,39.99999999999998,225.543656,1
357.03792,0.0,0,0,22331555840,96.6283917405612,-31494144,0.0,48,46,0.5,7,39.99999999999998,132.861926,1
357.03792,0.0,0,0,22331555840,96.6283917405612,-31494144,0.0,48,47,0.5,7,49.999999999999986,204.078927,1
357.03792,0.0,0,0,22331555840,96.6283917405612,-31494144,0.0,48,48,0.5,7,39.99999999999998,203.114541,1
377.622992,0.0,0,0,22290100224,96.65725014962366,-37384192,0.0,48,1,0.5,8,40.000000000000036,117.587291,1
377.622992,0.0,0,0,22290100224,96.65725014962366,-37384192,0.0,48,2,0.5,8,40.000000000000036,193.058059,1
377.622992,0.0,0,0,22290100224,96.65725014962366,-37384192,0.0,48,3,0.5,8,40.000000000000036,168.694736,1
377.622992,0.0,0,0,22290100224,96.65725014962366,-37384192,0.0,48,4,0.5,8,40.000000000000036,148.428786,1
377.622992,0.0,0,0,22290100224,96.65725014962366,-37384192,0.0,48,5,0.5,8,49.999999999999986,168.104259,1
377.622992,0.0,0,0,22290100224,96.65725014962366,-37384192,0.0,48,6,0.5,8,40.000000000000036,116.268129,1
377.622992,0.0,0,0,22290100224,96.65725014962366,-37384192,0.0,48,7,0.5,8,40.000000000000036,204.034305,1
377.622992,0.0,0,0,22290100224,96.65725014962366,-37384192,0.0,48,8,0.5,8,50.00000000000004,143.802803,1
377.622992,0.0,0,0,22290100224,96.65725014962366,-37384192,0.0,48,9,0.5,8,50.00000000000004,119.682212,1
377.622992,0.0,0,0,22290100224,96.65725014962366,-37384192,0.0,48,10,0.5,8,40.000000000000036,187.875781,1
377.622992,0.0,0,0,22290100224,96.65725014962366,-37384192,0.0,48,11,0.5,8,40.000000000000036,244.128335,1
377.622992,0.0,0,0,22290100224,96.65725014962366,-37384192,0.0,48,12,0.5,8,40.000000000000036,210.764484,1
377.622992,0.0,0,0,22290100224,96.65725014962366,-37384192,0.0,48,13,0.5,8,40.000000000000036,202.080335,1
377.622992,0.0,0,0,22290100224,96.65725014962366,-37384192,0.0,48,14,0.5,8,40.000000000000036,89.024898,1
377.622992,0.0,0,0,22290100224,96.65725014962366,-37384192,0.0,48,15,0.5,8,40.000000000000036,237.140634,1
377.622992,0.0,0,0,22290100224,96.65725014962366,-37384192,0.0,48,16,0.5,8,40.000000000000036,165.282316,1
377.622992,0.0,0,0,22290100224,96.65725014962366,-37384192,0.0,48,17,0.5,8,40.000000000000036,232.998568,1
377.622992,0.0,0,0,22290100224,96.65725014962366,-37384192,0.0,48,18,0.5,8,50.00000000000004,305.103547,1
377.622992,0.0,0,0,22290100224,96.65725014962366,-37384192,0.0,48,19,0.5,8,40.000000000000036,131.805331,1
377.622992,0.0,0,0,22290100224,96.65725014962366,-37384192,0.0,48,20,0.5,8,40.000000000000036,208.368746,1
377.622992,0.0,0,0,22290100224,96.65725014962366,-37384192,0.0,48,21,0.5,8,40.000000000000036,296.362774,1
377.622992,0.0,0,0,22290100224,96.65725014962366,-37384192,0.0,48,22,0.5,8,49.999999999999986,293.736158,1
377.622992,0.0,0,0,22290100224,96.65725014962366,-37384192,0.0,48,23,0.5,8,40.000000000000036,207.744769,1
377.622992,0.0,0,0,22290100224,96.65725014962366,-37384192,0.0,48,24,0.5,8,40.000000000000036,157.939239,1
377.622992,0.0,0,0,22290100224,96.65725014962366,-37384192,0.0,48,25,0.5,8,40.000000000000036,241.528893,1
377.622992,0.0,0,0,22290100224,96.65725014962366,-37384192,0.0,48,26,0.5,8,50.00000000000004,246.413664,1
377.622992,0.0,0,0,22290100224,96.65725014962366,-37384192,0.0,48,27,0.5,8,50.00000000000004,237.593039,1
377.622992,0.0,0,0,22290100224,96.65725014962366,-37384192,0.0,48,28,0.5,8,50.00000000000004,188.049312,1
377.622992,0.0,0,0,22290100224,96.65725014962366,-37384192,0.0,48,29,0.5,8,40.000000000000036,211.276172,1
377.622992,0.0,0,0,22290100224,96.65725014962366,-37384192,0.0,48,30,0.5,8,40.000000000000036,215.410058,1
377.622992,0.0,0,0,22290100224,96.65725014962366,-37384192,0.0,48,31,0.5,8,40.000000000000036,180.331887,1
377.622992,0.0,0,0,22290100224,96.65725014962366,-37384192,0.0,48,32,0.5,8,40.000000000000036,217.733074,1
377.622992,0.0,0,0,22290100224,96.65725014962366,-37384192,0.0,48,33,0.5,8,40.000000000000036,151.022111,1
377.622992,0.0,0,0,22290100224,96.65725014962366,-37384192,0.0,48,34,0.5,8,40.000000000000036,191.757056,1
377.622992,0.0,0,0,22290100224,96.65725014962366,-37384192,0.0,48,35,0.5,8,50.00000000000004,214.108644,1
377.622992,0.0,0,0,22290100224,96.65725014962366,-37384192,0.0,48,36,0.5,8,50.00000000000004,216.768579,1
377.622992,0.0,0,0,22290100224,96.65725014962366,-37384192,0.0,48,37,0.5,8,40.000000000000036,78.888902,1
377.622992,0.0,0,0,22290100224,96.65725014962366,-37384192,0.0,48,38,0.5,8,40.000000000000036,125.862713,1
377.622992,0.0,0,0,22290100224,96.65725014962366,-37384192,0.0,48,39,0.5,8,39.99999999999998,167.425983,1
377.622992,0.0,0,0,22290100224,96.65725014962366,-37384192,0.0,48,40,0.5,8,40.000000000000036,183.83675,1
377.622992,0.0,0,0,22290100224,96.65725014962366,-37384192,0.0,48,41,0.5,8,40.000000000000036,190.891937,1
377.622992,0.0,0,0,22290100224,96.65725014962366,-37384192,0.0,48,42,0.5,8,50.00000000000004,167.544348,1
377.622992,0.0,0,0,22290100224,96.65725014962366,-37384192,0.0,48,43,0.5,8,40.000000000000036,209.511928,1
377.622992,0.0,0,0,22290100224,96.65725014962366,-37384192,0.0,48,44,0.5,8,40.000000000000036,69.900509,1
377.622992,0.0,0,0,22290100224,96.65725014962366,-37384192,0.0,48,45,0.5,8,40.000000000000036,139.824053,1
377.622992,0.0,0,0,22290100224,96.65725014962366,-37384192,0.0,48,46,0.5,8,40.000000000000036,176.001771,1
377.622992,0.0,0,0,22290100224,96.65725014962366,-37384192,0.0,48,47,0.5,8,40.000000000000036,81.982321,1
377.622992,0.0,0,0,22290100224,96.65725014962366,-37384192,0.0,48,48,0.5,8,50.00000000000004,119.465155,1
365.99863300000004,0.0,0,0,22289874944,96.99489779246518,-225280,0.0,48,1,0.5,9,40.000000000000036,121.264818,1
365.99863300000004,0.0,0,0,22289874944,96.99489779246518,-225280,0.0,48,2,0.5,9,50.00000000000004,86.019049,1
365.99863300000004,0.0,0,0,22289874944,96.99489779246518,-225280,0.0,48,3,0.5,9,40.000000000000036,54.804084,1
365.99863300000004,0.0,0,0,22289874944,96.99489779246518,-225280,0.0,48,4,0.5,9,40.000000000000036,227.781541,1
365.99863300000004,0.0,0,0,22289874944,96.99489779246518,-225280,0.0,48,5,0.5,9,40.000000000000036,101.017037,1
365.99863300000004,0.0,0,0,22289874944,96.99489779246518,-225280,0.0,48,6,0.5,9,50.00000000000004,281.795483,1
365.99863300000004,0.0,0,0,22289874944,96.99489779246518,-225280,0.0,48,7,0.5,9,40.000000000000036,115.317518,1
365.99863300000004,0.0,0,0,22289874944,96.99489779246518,-225280,0.0,48,8,0.5,9,39.99999999999992,263.81989,1
365.99863300000004,0.0,0,0,22289874944,96.99489779246518,-225280,0.0,48,9,0.5,9,49.999999999999936,108.470183,1
365.99863300000004,0.0,0,0,22289874944,96.99489779246518,-225280,0.0,48,10,0.5,9,40.000000000000036,144.784084,1
365.99863300000004,0.0,0,0,22289874944,96.99489779246518,-225280,0.0,48,11,0.5,9,49.999999999999936,229.503488,1
365.99863300000004,0.0,0,0,22289874944,96.99489779246518,-225280,0.0,48,12,0.5,9,49.999999999999936,129.280519,1
365.99863300000004,0.0,0,0,22289874944,96.99489779246518,-225280,0.0,48,13,0.5,9,40.000000000000036,286.073605,1
365.99863300000004,0.0,0,0,22289874944,96.99489779246518,-225280,0.0,48,14,0.5,9,40.000000000000036,272.150325,1
365.99863300000004,0.0,0,0,22289874944,96.99489779246518,-225280,0.0,48,15,0.5,9,49.999999999999936,263.982308,1
365.99863300000004,0.0,0,0,22289874944,96.99489779246518,-225280,0.0,48,16,0.5,9,49.999999999999936,189.670044,1
365.99863300000004,0.0,0,0,22289874944,96.99489779246518,-225280,0.0,48,17,0.5,9,49.999999999999936,275.124814,1
365.99863300000004,0.0,0,0,22289874944,96.99489779246518,-225280,0.0,48,18,0.5,9,39.99999999999992,61.351126,1
365.99863300000004,0.0,0,0,22289874944,96.99489779246518,-225280,0.0,48,19,0.5,9,49.999999999999936,229.098343,1
365.99863300000004,0.0,0,0,22289874944,96.99489779246518,-225280,0.0,48,20,0.5,9,39.99999999999992,276.482878,1
365.99863300000004,0.0,0,0,22289874944,96.99489779246518,-225280,0.0,48,21,0.5,9,49.999999999999936,284.931271,1
365.99863300000004,0.0,0,0,22289874944,96.99489779246518,-225280,0.0,48,22,0.5,9,40.000000000000036,102.656615,1
365.99863300000004,0.0,0,0,22289874944,96.99489779246518,-225280,0.0,48,23,0.5,9,39.99999999999992,251.406168,1
365.99863300000004,0.0,0,0,22289874944,96.99489779246518,-225280,0.0,48,24,0.5,9,39.99999999999992,214.132715,1
365.99863300000004,0.0,0,0,22289874944,96.99489779246518,-225280,0.0,48,25,0.5,9,40.000000000000036,139.592738,1
365.99863300000004,0.0,0,0,22289874944,96.99489779246518,-225280,0.0,48,26,0.5,9,39.99999999999992,206.763618,1
365.99863300000004,0.0,0,0,22289874944,96.99489779246518,-225280,0.0,48,27,0.5,9,39.99999999999992,87.400162,1
365.99863300000004,0.0,0,0,22289874944,96.99489779246518,-225280,0.0,48,28,0.5,9,40.000000000000036,252.08049,1
365.99863300000004,0.0,0,0,22289874944,96.99489779246518,-225280,0.0,48,29,0.5,9,49.999999999999936,240.775037,1
365.99863300000004,0.0,0,0,22289874944,96.99489779246518,-225280,0.0,48,30,0.5,9,49.999999999999936,241.661751,1
365.99863300000004,0.0,0,0,22289874944,96.99489779246518,-225280,0.0,48,31,0.5,9,50.00000000000004,236.079897,1
365.99863300000004,0.0,0,0,22289874944,96.99489779246518,-225280,0.0,48,32,0.5,9,49.999999999999936,55.572718,1
365.99863300000004,0.0,0,0,22289874944,96.99489779246518,-225280,0.0,48,33,0.5,9,40.000000000000036,203.339457,1
365.99863300000004,0.0,0,0,22289874944,96.99489779246518,-225280,0.0,48,34,0.5,9,40.000000000000036,207.644207,1
365.99863300000004,0.0,0,0,22289874944,96.99489779246518,-225280,0.0,48,35,0.5,9,40.000000000000036,222.124628,1
365.99863300000004,0.0,0,0,22289874944,96.99489779246518,-225280,0.0,48,36,0.5,9,39.99999999999992,77.398036,1
365.99863300000004,0.0,0,0,22289874944,96.99489779246518,-225280,0.0,48,37,0.5,9,40.000000000000036,129.755604,1
365.99863300000004,0.0,0,0,22289874944,96.99489779246518,-225280,0.0,48,38,0.5,9,40.000000000000036,223.492726,1
365.99863300000004,0.0,0,0,22289874944,96.99489779246518,-225280,0.0,48,39,0.5,9,50.00000000000004,127.64479,1
365.99863300000004,0.0,0,0,22289874944,96.99489779246518,-225280,0.0,48,40,0.5,9,40.000000000000036,224.914384,1
365.99863300000004,0.0,0,0,22289874944,96.99489779246518,-225280,0.0,48,41,0.5,9,50.00000000000004,211.403261,1
365.99863300000004,0.0,0,0,22289874944,96.99489779246518,-225280,0.0,48,42,0.5,9,39.99999999999992,221.590776,1
365.99863300000004,0.0,0,0,22289874944,96.99489779246518,-225280,0.0,48,43,0.5,9,50.00000000000004,187.781243,1
365.99863300000004,0.0,0,0,22289874944,96.99489779246518,-225280,0.0,48,44,0.5,9,40.000000000000036,201.68858,1
365.99863300000004,0.0,0,0,22289874944,96.99489779246518,-225280,0.0,48,45,0.5,9,40.000000000000036,129.515264,1
365.99863300000004,0.0,0,0,22289874944,96.99489779246518,-225280,0.0,48,46,0.5,9,50.00000000000004,148.739802,1
365.99863300000004,0.0,0,0,22289874944,96.99489779246518,-225280,0.0,48,47,0.5,9,39.99999999999992,202.903219,1
365.99863300000004,0.0,0,0,22289874944,96.99489779246518,-225280,0.0,48,48,0.5,9,39.99999999999992,203.18594,1
373.02063000000004,0.0,0,0,22289842176,96.50940753597884,-32768,0.0,48,1,0.5,10,39.99999999999992,101.31181,1
373.02063000000004,0.0,0,0,22289842176,96.50940753597884,-32768,0.0,48,2,0.5,10,39.99999999999992,133.552375,1
373.02063000000004,0.0,0,0,22289842176,96.50940753597884,-32768,0.0,48,3,0.5,10,49.999999999999936,225.380701,1
373.02063000000004,0.0,0,0,22289842176,96.50940753597884,-32768,0.0,48,4,0.5,10,69.99999999999996,283.791914,1
373.02063000000004,0.0,0,0,22289842176,96.50940753597884,-32768,0.0,48,5,0.5,10,29.999999999999915,88.712909,1
373.02063000000004,0.0,0,0,22289842176,96.50940753597884,-32768,0.0,48,6,0.5,10,39.99999999999992,44.690569,1
373.02063000000004,0.0,0,0,22289842176,96.50940753597884,-32768,0.0,48,7,0.5,10,49.999999999999936,139.764841,1
373.02063000000004,0.0,0,0,22289842176,96.50940753597884,-32768,0.0,48,8,0.5,10,40.000000000000036,80.463075,1
373.02063000000004,0.0,0,0,22289842176,96.50940753597884,-32768,0.0,48,9,0.5,10,40.000000000000036,231.387902,1
373.02063000000004,0.0,0,0,22289842176,96.50940753597884,-32768,0.0,48,10,0.5,10,59.99999999999994,247.936267,1
373.02063000000004,0.0,0,0,22289842176,96.50940753597884,-32768,0.0,48,11,0.5,10,50.00000000000004,321.599016,1
373.02063000000004,0.0,0,0,22289842176,96.50940753597884,-32768,0.0,48,12,0.5,10,40.000000000000036,268.069867,1
373.02063000000004,0.0,0,0,22289842176,96.50940753597884,-32768,0.0,48,13,0.5,10,59.99999999999994,304.567089,1
373.02063000000004,0.0,0,0,22289842176,96.50940753597884,-32768,0.0,48,14,0.5,10,39.99999999999992,147.394346,1
373.02063000000004,0.0,0,0,22289842176,96.50940753597884,-32768,0.0,48,15,0.5,10,40.000000000000036,140.120569,1
373.02063000000004,0.0,0,0,22289842176,96.50940753597884,-32768,0.0,48,16,0.5,10,40.000000000000036,224.271134,1
373.02063000000004,0.0,0,0,22289842176,96.50940753597884,-32768,0.0,48,17,0.5,10,40.000000000000036,266.465751,1
373.02063000000004,0.0,0,0,22289842176,96.50940753597884,-32768,0.0,48,18,0.5,10,40.000000000000036,278.875165,1
373.02063000000004,0.0,0,0,22289842176,96.50940753597884,-32768,0.0,48,19,0.5,10,40.000000000000036,289.738037,1
373.02063000000004,0.0,0,0,22289842176,96.50940753597884,-32768,0.0,48,20,0.5,10,50.00000000000004,255.933343,1
373.02063000000004,0.0,0,0,22289842176,96.50940753597884,-32768,0.0,48,21,0.5,10,40.000000000000036,96.01537,1
373.02063000000004,0.0,0,0,22289842176,96.50940753597884,-32768,0.0,48,22,0.5,10,39.99999999999992,259.963354,1
373.02063000000004,0.0,0,0,22289842176,96.50940753597884,-32768,0.0,48,23,0.5,10,40.000000000000036,157.769164,1
373.02063000000004,0.0,0,0,22289842176,96.50940753597884,-32768,0.0,48,24,0.5,10,50.00000000000004,263.742394,1
373.02063000000004,0.0,0,0,22289842176,96.50940753597884,-32768,0.0,48,25,0.5,10,49.999999999999936,233.44577,1
373.02063000000004,0.0,0,0,22289842176,96.50940753597884,-32768,0.0,48,26,0.5,10,40.000000000000036,83.165849,1
373.02063000000004,0.0,0,0,22289842176,96.50940753597884,-32768,0.0,48,27,0.5,10,40.000000000000036,229.035472,1
373.02063000000004,0.0,0,0,22289842176,96.50940753597884,-32768,0.0,48,28,0.5,10,39.99999999999992,191.538024,1
373.02063000000004,0.0,0,0,22289842176,96.50940753597884,-32768,0.0,48,29,0.5,10,40.000000000000036,192.048861,1
373.02063000000004,0.0,0,0,22289842176,96.50940753597884,-32768,0.0,48,30,0.5,10,40.000000000000036,243.27436,1
373.02063000000004,0.0,0,0,22289842176,96.50940753597884,-32768,0.0,48,31,0.5,10,39.99999999999992,187.705361,1
373.02063000000004,0.0,0,0,22289842176,96.50940753597884,-32768,0.0,48,32,0.5,10,40.000000000000036,216.411497,1
373.02063000000004,0.0,0,0,22289842176,96.50940753597884,-32768,0.0,48,33,0.5,10,49.999999999999936,151.042334,1
373.02063000000004,0.0,0,0,22289842176,96.50940753597884,-32768,0.0,48,34,0.5,10,39.99999999999992,177.466137,1
373.02063000000004,0.0,0,0,22289842176,96.50940753597884,-32768,0.0,48,35,0.5,10,39.99999999999992,224.33594,1
373.02063000000004,0.0,0,0,22289842176,96.50940753597884,-32768,0.0,48,36,0.5,10,40.000000000000036,213.635414,1
373.02063000000004,0.0,0,0,22289842176,96.50940753597884,-32768,0.0,48,37,0.5,10,49.999999999999936,220.316183,1
373.02063000000004,0.0,0,0,22289842176,96.50940753597884,-32768,0.0,48,38,0.5,10,39.99999999999992,80.573597,1
373.02063000000004,0.0,0,0,22289842176,96.50940753597884,-32768,0.0,48,39,0.5,10,39.99999999999992,205.366733,1
373.02063000000004,0.0,0,0,22289842176,96.50940753597884,-32768,0.0,48,40,0.5,10,39.99999999999992,135.532867,1
373.02063000000004,0.0,0,0,22289842176,96.50940753597884,-32768,0.0,48,41,0.5,10,39.99999999999992,166.35272,1
373.02063000000004,0.0,0,0,22289842176,96.50940753597884,-32768,0.0,48,42,0.5,10,40.000000000000036,194.391892,1
373.02063000000004,0.0,0,0,22289842176,96.50940753597884,-32768,0.0,48,43,0.5,10,39.99999999999992,219.003607,1
373.02063000000004,0.0,0,0,22289842176,96.50940753597884,-32768,0.0,48,44,0.5,10,39.99999999999992,78.377897,1
373.02063000000004,0.0,0,0,22289842176,96.50940753597884,-32768,0.0,48,45,0.5,10,39.99999999999992,112.395015,1
373.02063000000004,0.0,0,0,22289842176,96.50940753597884,-32768,0.0,48,46,0.5,10,39.99999999999992,160.926593,1
373.02063000000004,0.0,0,0,22289842176,96.50940753597884,-32768,0.0,48,47,0.5,10,40.000000000000036,177.121881,1
373.02063000000004,0.0,0,0,22289842176,96.50940753597884,-32768,0.0,48,48,0.5,10,40.000000000000036,50.750327,1
380.204967,2.1041282188194033,10539008,0,22279856128,96.87757007481163,10412032,0.0,48,1,0.5,1,40.00000000000001,70.126224,2
380.204967,2.1041282188194033,10539008,0,22279856128,96.87757007481163,10412032,0.0,48,2,0.5,1,39.99999999999998,76.391979,2
380.204967,2.1041282188194033,10539008,0,22279856128,96.87757007481163,10412032,0.0,48,3,0.5,1,39.99999999999998,46.317675,2
380.204967,2.1041282188194033,10539008,0,22279856128,96.87757007481163,10412032,0.0,48,4,0.5,1,39.99999999999998,55.614879,2
380.204967,2.1041282188194033,10539008,0,22279856128,96.87757007481163,10412032,0.0,48,5,0.5,1,39.99999999999998,208.002821,2
380.204967,2.1041282188194033,10539008,0,22279856128,96.87757007481163,10412032,0.0,48,6,0.5,1,39.99999999999998,178.278722,2
380.204967,2.1041282188194033,10539008,0,22279856128,96.87757007481163,10412032,0.0,48,7,0.5,1,50.000000000000014,243.686237,2
380.204967,2.1041282188194033,10539008,0,22279856128,96.87757007481163,10412032,0.0,48,8,0.5,1,39.99999999999998,247.803374,2
380.204967,2.1041282188194033,10539008,0,22279856128,96.87757007481163,10412032,0.0,48,9,0.5,1,40.00000000000001,48.770174,2
380.204967,2.1041282188194033,10539008,0,22279856128,96.87757007481163,10412032,0.0,48,10,0.5,1,40.00000000000001,256.225006,2
380.204967,2.1041282188194033,10539008,0,22279856128,96.87757007481163,10412032,0.0,48,11,0.5,1,50.000000000000014,220.022389,2
380.204967,2.1041282188194033,10539008,0,22279856128,96.87757007481163,10412032,0.0,48,12,0.5,1,39.99999999999998,279.859486,2
380.204967,2.1041282188194033,10539008,0,22279856128,96.87757007481163,10412032,0.0,48,13,0.5,1,49.999999999999986,228.767209,2
380.204967,2.1041282188194033,10539008,0,22279856128,96.87757007481163,10412032,0.0,48,14,0.5,1,40.00000000000001,269.994257,2
380.204967,2.1041282188194033,10539008,0,22279856128,96.87757007481163,10412032,0.0,48,15,0.5,1,39.99999999999998,85.584024,2
380.204967,2.1041282188194033,10539008,0,22279856128,96.87757007481163,10412032,0.0,48,16,0.5,1,49.999999999999986,303.564721,2
380.204967,2.1041282188194033,10539008,0,22279856128,96.87757007481163,10412032,0.0,48,17,0.5,1,49.999999999999986,245.664359,2
380.204967,2.1041282188194033,10539008,0,22279856128,96.87757007481163,10412032,0.0,48,18,0.5,1,49.999999999999986,171.235066,2
380.204967,2.1041282188194033,10539008,0,22279856128,96.87757007481163,10412032,0.0,48,19,0.5,1,49.999999999999986,267.020404,2
380.204967,2.1041282188194033,10539008,0,22279856128,96.87757007481163,10412032,0.0,48,20,0.5,1,40.00000000000001,71.973014,2
380.204967,2.1041282188194033,10539008,0,22279856128,96.87757007481163,10412032,0.0,48,21,0.5,1,39.99999999999998,109.780515,2
380.204967,2.1041282188194033,10539008,0,22279856128,96.87757007481163,10412032,0.0,48,22,0.5,1,39.99999999999998,271.310547,2
380.204967,2.1041282188194033,10539008,0,22279856128,96.87757007481163,10412032,0.0,48,23,0.5,1,49.999999999999986,265.754711,2
380.204967,2.1041282188194033,10539008,0,22279856128,96.87757007481163,10412032,0.0,48,24,0.5,1,50.000000000000014,258.407809,2
380.204967,2.1041282188194033,10539008,0,22279856128,96.87757007481163,10412032,0.0,48,25,0.5,1,39.99999999999998,252.375305,2
380.204967,2.1041282188194033,10539008,0,22279856128,96.87757007481163,10412032,0.0,48,26,0.5,1,40.00000000000001,178.198396,2
380.204967,2.1041282188194033,10539008,0,22279856128,96.87757007481163,10412032,0.0,48,27,0.5,1,49.999999999999986,277.247726,2
380.204967,2.1041282188194033,10539008,0,22279856128,96.87757007481163,10412032,0.0,48,28,0.5,1,40.00000000000001,224.757267,2
380.204967,2.1041282188194033,10539008,0,22279856128,96.87757007481163,10412032,0.0,48,29,0.5,1,40.00000000000001,233.652602,2
380.204967,2.1041282188194033,10539008,0,22279856128,96.87757007481163,10412032,0.0,48,30,0.5,1,50.000000000000014,123.352264,2
380.204967,2.1041282188194033,10539008,0,22279856128,96.87757007481163,10412032,0.0,48,31,0.5,1,40.00000000000001,271.423066,2
380.204967,2.1041282188194033,10539008,0,22279856128,96.87757007481163,10412032,0.0,48,32,0.5,1,39.99999999999998,266.496393,2
380.204967,2.1041282188194033,10539008,0,22279856128,96.87757007481163,10412032,0.0,48,33,0.5,1,49.999999999999986,246.05269,2
380.204967,2.1041282188194033,10539008,0,22279856128,96.87757007481163,10412032,0.0,48,34,0.5,1,40.00000000000001,185.695226,2
380.204967,2.1041282188194033,10539008,0,22279856128,96.87757007481163,10412032,0.0,48,35,0.5,1,49.999999999999986,259.590548,2
380.204967,2.1041282188194033,10539008,0,22279856128,96.87757007481163,10412032,0.0,48,36,0.5,1,39.99999999999998,221.030647,2
380.204967,2.1041282188194033,10539008,0,22279856128,96.87757007481163,10412032,0.0,48,37,0.5,1,49.999999999999986,139.585403,2
380.204967,2.1041282188194033,10539008,0,22279856128,96.87757007481163,10412032,0.0,48,38,0.5,1,49.999999999999986,258.39433,2
380.204967,2.1041282188194033,10539008,0,22279856128,96.87757007481163,10412032,0.0,48,39,0.5,1,39.99999999999998,262.652143,2
380.204967,2.1041282188194033,10539008,0,22279856128,96.87757007481163,10412032,0.0,48,40,0.5,1,50.000000000000014,197.666352,2
380.204967,2.1041282188194033,10539008,0,22279856128,96.87757007481163,10412032,0.0,48,41,0.5,1,39.99999999999998,159.040046,2
380.204967,2.1041282188194033,10539008,0,22279856128,96.87757007481163,10412032,0.0,48,42,0.5,1,50.000000000000014,249.643076,2
380.204967,2.1041282188194033,10539008,0,22279856128,96.87757007481163,10412032,0.0,48,43,0.5,1,49.999999999999986,241.511493,2
380.204967,2.1041282188194033,10539008,0,22279856128,96.87757007481163,10412032,0.0,48,44,0.5,1,49.999999999999986,100.634272,2
380.204967,2.1041282188194033,10539008,0,22279856128,96.87757007481163,10412032,0.0,48,45,0.5,1,49.999999999999986,263.999334,2
380.204967,2.1041282188194033,10539008,0,22279856128,96.87757007481163,10412032,0.0,48,46,0.5,1,49.999999999999986,256.879863,2
380.204967,2.1041282188194033,10539008,0,22279856128,96.87757007481163,10412032,0.0,48,47,0.5,1,60.0,81.099163,2
380.204967,2.1041282188194033,10539008,0,22279856128,96.87757007481163,10412032,0.0,48,48,0.5,1,49.999999999999986,249.731953,2
356.01569,0.0,0,0,22279364608,96.4376972636796,-491520,0.0,48,1,0.5,2,39.99999999999998,243.632678,2
356.01569,0.0,0,0,22279364608,96.4376972636796,-491520,0.0,48,2,0.5,2,49.999999999999986,217.766127,2
356.01569,0.0,0,0,22279364608,96.4376972636796,-491520,0.0,48,3,0.5,2,40.000000000000036,40.374617,2
356.01569,0.0,0,0,22279364608,96.4376972636796,-491520,0.0,48,4,0.5,2,40.000000000000036,65.178342,2
356.01569,0.0,0,0,22279364608,96.4376972636796,-491520,0.0,48,5,0.5,2,40.000000000000036,40.046058,2
356.01569,0.0,0,0,22279364608,96.4376972636796,-491520,0.0,48,6,0.5,2,40.000000000000036,152.95484,2
356.01569,0.0,0,0,22279364608,96.4376972636796,-491520,0.0,48,7,0.5,2,39.99999999999998,173.507628,2
356.01569,0.0,0,0,22279364608,96.4376972636796,-491520,0.0,48,8,0.5,2,40.000000000000036,66.33994,2
356.01569,0.0,0,0,22279364608,96.4376972636796,-491520,0.0,48,9,0.5,2,50.000000000000014,282.465644,2
356.01569,0.0,0,0,22279364608,96.4376972636796,-491520,0.0,48,10,0.5,2,39.99999999999998,53.778527,2
356.01569,0.0,0,0,22279364608,96.4376972636796,-491520,0.0,48,11,0.5,2,39.99999999999998,260.155605,2
356.01569,0.0,0,0,22279364608,96.4376972636796,-491520,0.0,48,12,0.5,2,40.000000000000036,279.990427,2
356.01569,0.0,0,0,22279364608,96.4376972636796,-491520,0.0,48,13,0.5,2,39.99999999999998,200.002367,2
356.01569,0.0,0,0,22279364608,96.4376972636796,-491520,0.0,48,14,0.5,2,39.99999999999998,107.723985,2
356.01569,0.0,0,0,22279364608,96.4376972636796,-491520,0.0,48,15,0.5,2,49.999999999999986,293.260304,2
356.01569,0.0,0,0,22279364608,96.4376972636796,-491520,0.0,48,16,0.5,2,39.99999999999998,272.130972,2
356.01569,0.0,0,0,22279364608,96.4376972636796,-491520,0.0,48,17,0.5,2,39.99999999999998,286.642245,2
356.01569,0.0,0,0,22279364608,96.4376972636796,-491520,0.0,48,18,0.5,2,40.000000000000036,291.432635,2
356.01569,0.0,0,0,22279364608,96.4376972636796,-491520,0.0,48,19,0.5,2,39.99999999999998,176.902609,2
356.01569,0.0,0,0,22279364608,96.4376972636796,-491520,0.0,48,20,0.5,2,39.99999999999998,291.227938,2
356.01569,0.0,0,0,22279364608,96.4376972636796,-491520,0.0,48,21,0.5,2,40.000000000000036,55.190628,2
356.01569,0.0,0,0,22279364608,96.4376972636796,-491520,0.0,48,22,0.5,2,49.999999999999986,177.716883,2
356.01569,0.0,0,0,22279364608,96.4376972636796,-491520,0.0,48,23,0.5,2,39.99999999999998,51.518097,2
356.01569,0.0,0,0,22279364608,96.4376972636796,-491520,0.0,48,24,0.5,2,39.99999999999998,244.056294,2
356.01569,0.0,0,0,22279364608,96.4376972636796,-491520,0.0,48,25,0.5,2,49.999999999999986,260.181489,2
356.01569,0.0,0,0,22279364608,96.4376972636796,-491520,0.0,48,26,0.5,2,39.99999999999998,256.155191,2
356.01569,0.0,0,0,22279364608,96.4376972636796,-491520,0.0,48,27,0.5,2,39.99999999999998,192.276846,2
356.01569,0.0,0,0,22279364608,96.4376972636796,-491520,0.0,48,28,0.5,2,39.99999999999998,268.650067,2
356.01569,0.0,0,0,22279364608,96.4376972636796,-491520,0.0,48,29,0.5,2,40.000000000000036,217.111973,2
356.01569,0.0,0,0,22279364608,96.4376972636796,-491520,0.0,48,30,0.5,2,40.000000000000036,269.288694,2
356.01569,0.0,0,0,22279364608,96.4376972636796,-491520,0.0,48,31,0.5,2,50.000000000000014,193.533581,2
356.01569,0.0,0,0,22279364608,96.4376972636796,-491520,0.0,48,32,0.5,2,40.000000000000036,231.494097,2
356.01569,0.0,0,0,22279364608,96.4376972636796,-491520,0.0,48,33,0.5,2,39.99999999999998,240.322692,2
356.01569,0.0,0,0,22279364608,96.4376972636796,-491520,0.0,48,34,0.5,2,39.99999999999998,266.835291,2
356.01569,0.0,0,0,22279364608,96.4376972636796,-491520,0.0,48,35,0.5,2,39.99999999999998,245.432249,2
356.01569,0.0,0,0,22279364608,96.4376972636796,-491520,0.0,48,36,0.5,2,49.999999999999986,251.702322,2
356.01569,0.0,0,0,22279364608,96.4376972636796,-491520,0.0,48,37,0.5,2,40.000000000000036,223.505183,2
356.01569,0.0,0,0,22279364608,96.4376972636796,-491520,0.0,48,38,0.5,2,40.000000000000036,263.176392,2
356.01569,0.0,0,0,22279364608,96.4376972636796,-491520,0.0,48,39,0.5,2,49.999999999999986,232.833882,2
356.01569,0.0,0,0,22279364608,96.4376972636796,-491520,0.0,48,40,0.5,2,39.99999999999998,226.338355,2
356.01569,0.0,0,0,22279364608,96.4376972636796,-491520,0.0,48,41,0.5,2,40.000000000000036,138.834071,2
356.01569,0.0,0,0,22279364608,96.4376972636796,-491520,0.0,48,42,0.5,2,40.000000000000036,140.016486,2
356.01569,0.0,0,0,22279364608,96.4376972636796,-491520,0.0,48,43,0.5,2,39.99999999999998,98.443713,2
356.01569,0.0,0,0,22279364608,96.4376972636796,-491520,0.0,48,44,0.5,2,39.99999999999998,136.538145,2
356.01569,0.0,0,0,22279364608,96.4376972636796,-491520,0.0,48,45,0.5,2,39.99999999999998,128.063667,2
356.01569,0.0,0,0,22279364608,96.4376972636796,-491520,0.0,48,46,0.5,2,39.99999999999998,124.154573,2
356.01569,0.0,0,0,22279364608,96.4376972636796,-491520,0.0,48,47,0.5,2,39.99999999999998,41.48522,2
356.01569,0.0,0,0,22279364608,96.4376972636796,-491520,0.0,48,48,0.5,2,40.000000000000036,211.70389,2
352.307605,0.0,0,0,22275432448,97.45271701791633,-3932160,0.0,48,1,0.5,3,40.000000000000036,308.660947,2
352.307605,0.0,0,0,22275432448,97.45271701791633,-3932160,0.0,48,2,0.5,3,40.000000000000036,223.888112,2
352.307605,0.0,0,0,22275432448,97.45271701791633,-3932160,0.0,48,3,0.5,3,39.99999999999998,47.460769,2
352.307605,0.0,0,0,22275432448,97.45271701791633,-3932160,0.0,48,4,0.5,3,39.99999999999998,95.758674,2
352.307605,0.0,0,0,22275432448,97.45271701791633,-3932160,0.0,48,5,0.5,3,39.99999999999998,259.798749,2
352.307605,0.0,0,0,22275432448,97.45271701791633,-3932160,0.0,48,6,0.5,3,39.99999999999998,163.642922,2
352.307605,0.0,0,0,22275432448,97.45271701791633,-3932160,0.0,48,7,0.5,3,40.000000000000036,280.830947,2
352.307605,0.0,0,0,22275432448,97.45271701791633,-3932160,0.0,48,8,0.5,3,49.999999999999986,291.656334,2
352.307605,0.0,0,0,22275432448,97.45271701791633,-3932160,0.0,48,9,0.5,3,39.99999999999998,47.449351,2
352.307605,0.0,0,0,22275432448,97.45271701791633,-3932160,0.0,48,10,0.5,3,40.000000000000036,280.039784,2
352.307605,0.0,0,0,22275432448,97.45271701791633,-3932160,0.0,48,11,0.5,3,40.000000000000036,103.794064,2
352.307605,0.0,0,0,22275432448,97.45271701791633,-3932160,0.0,48,12,0.5,3,39.99999999999998,315.716842,2
352.307605,0.0,0,0,22275432448,97.45271701791633,-3932160,0.0,48,13,0.5,3,40.000000000000036,279.970768,2
352.307605,0.0,0,0,22275432448,97.45271701791633,-3932160,0.0,48,14,0.5,3,50.00000000000004,318.920183,2
352.307605,0.0,0,0,22275432448,97.45271701791633,-3932160,0.0,48,15,0.5,3,40.000000000000036,250.718793,2
352.307605,0.0,0,0,22275432448,97.45271701791633,-3932160,0.0,48,16,0.5,3,40.000000000000036,279.807833,2
352.307605,0.0,0,0,22275432448,97.45271701791633,-3932160,0.0,48,17,0.5,3,40.000000000000036,305.667149,2
352.307605,0.0,0,0,22275432448,97.45271701791633,-3932160,0.0,48,18,0.5,3,39.99999999999998,187.929258,2
352.307605,0.0,0,0,22275432448,97.45271701791633,-3932160,0.0,48,19,0.5,3,40.000000000000036,156.504496,2
352.307605,0.0,0,0,22275432448,97.45271701791633,-3932160,0.0,48,20,0.5,3,40.000000000000036,151.398698,2
352.307605,0.0,0,0,22275432448,97.45271701791633,-3932160,0.0,48,21,0.5,3,39.99999999999998,277.682041,2
352.307605,0.0,0,0,22275432448,97.45271701791633,-3932160,0.0,48,22,0.5,3,40.000000000000036,216.64216,2
352.307605,0.0,0,0,22275432448,97.45271701791633,-3932160,0.0,48,23,0.5,3,40.000000000000036,279.052524,2
352.307605,0.0,0,0,22275432448,97.45271701791633,-3932160,0.0,48,24,0.5,3,40.000000000000036,251.357259,2
352.307605,0.0,0,0,22275432448,97.45271701791633,-3932160,0.0,48,25,0.5,3,40.000000000000036,289.445925,2
352.307605,0.0,0,0,22275432448,97.45271701791633,-3932160,0.0,48,26,0.5,3,50.00000000000004,272.999802,2
352.307605,0.0,0,0,22275432448,97.45271701791633,-3932160,0.0,48,27,0.5,3,40.000000000000036,232.472486,2
352.307605,0.0,0,0,22275432448,97.45271701791633,-3932160,0.0,48,28,0.5,3,40.000000000000036,264.921835,2
352.307605,0.0,0,0,22275432448,97.45271701791633,-3932160,0.0,48,29,0.5,3,49.999999999999986,157.169799,2
352.307605,0.0,0,0,22275432448,97.45271701791633,-3932160,0.0,48,30,0.5,3,39.99999999999998,279.180453,2
352.307605,0.0,0,0,22275432448,97.45271701791633,-3932160,0.0,48,31,0.5,3,39.99999999999998,275.969348,2
352.307605,0.0,0,0,22275432448,97.45271701791633,-3932160,0.0,48,32,0.5,3,39.99999999999998,108.524792,2
352.307605,0.0,0,0,22275432448,97.45271701791633,-3932160,0.0,48,33,0.5,3,40.000000000000036,256.376173,2
352.307605,0.0,0,0,22275432448,97.45271701791633,-3932160,0.0,48,34,0.5,3,50.00000000000004,151.598096,2
352.307605,0.0,0,0,22275432448,97.45271701791633,-3932160,0.0,48,35,0.5,3,40.000000000000036,254.311139,2
352.307605,0.0,0,0,22275432448,97.45271701791633,-3932160,0.0,48,36,0.5,3,40.000000000000036,230.736888,2
352.307605,0.0,0,0,22275432448,97.45271701791633,-3932160,0.0,48,37,0.5,3,39.99999999999998,255.061175,2
352.307605,0.0,0,0,22275432448,97.45271701791633,-3932160,0.0,48,38,0.5,3,49.999999999999986,273.77876,2
352.307605,0.0,0,0,22275432448,97.45271701791633,-3932160,0.0,48,39,0.5,3,40.000000000000036,234.209892,2
352.307605,0.0,0,0,22275432448,97.45271701791633,-3932160,0.0,48,40,0.5,3,40.000000000000036,269.737291,2
352.307605,0.0,0,0,22275432448,97.45271701791633,-3932160,0.0,48,41,0.5,3,49.999999999999986,249.23726,2
352.307605,0.0,0,0,22275432448,97.45271701791633,-3932160,0.0,48,42,0.5,3,39.99999999999998,250.581881,2
352.307605,0.0,0,0,22275432448,97.45271701791633,-3932160,0.0,48,43,0.5,3,40.000000000000036,170.664472,2
352.307605,0.0,0,0,22275432448,97.45271701791633,-3932160,0.0,48,44,0.5,3,40.000000000000036,246.792101,2
352.307605,0.0,0,0,22275432448,97.45271701791633,-3932160,0.0,48,45,0.5,3,40.000000000000036,239.56668,2
352.307605,0.0,0,0,22275432448,97.45271701791633,-3932160,0.0,48,46,0.5,3,40.000000000000036,249.123452,2
352.307605,0.0,0,0,22275432448,97.45271701791633,-3932160,0.0,48,47,0.5,3,40.000000000000036,157.230329,2
352.307605,0.0,0,0,22275432448,97.45271701791633,-3932160,0.0,48,48,0.5,3,39.99999999999998,150.032117,2
351.68810299999996,0.0,0,0,22275080192,96.20266663762888,-352256,0.0,48,1,0.5,4,39.99999999999998,190.208865,2
351.68810299999996,0.0,0,0,22275080192,96.20266663762888,-352256,0.0,48,2,0.5,4,39.99999999999998,44.683904,2
351.68810299999996,0.0,0,0,22275080192,96.20266663762888,-352256,0.0,48,3,0.5,4,39.99999999999998,89.298903,2
351.68810299999996,0.0,0,0,22275080192,96.20266663762888,-352256,0.0,48,4,0.5,4,39.99999999999998,68.386776,2
351.68810299999996,0.0,0,0,22275080192,96.20266663762888,-352256,0.0,48,5,0.5,4,39.99999999999998,51.802983,2
351.68810299999996,0.0,0,0,22275080192,96.20266663762888,-352256,0.0,48,6,0.5,4,39.99999999999998,50.164606,2
351.68810299999996,0.0,0,0,22275080192,96.20266663762888,-352256,0.0,48,7,0.5,4,39.99999999999998,241.800399,2
351.68810299999996,0.0,0,0,22275080192,96.20266663762888,-352256,0.0,48,8,0.5,4,39.99999999999998,283.375347,2
351.68810299999996,0.0,0,0,22275080192,96.20266663762888,-352256,0.0,48,9,0.5,4,39.99999999999998,279.641584,2
351.68810299999996,0.0,0,0,22275080192,96.20266663762888,-352256,0.0,48,10,0.5,4,39.99999999999998,100.090631,2
351.68810299999996,0.0,0,0,22275080192,96.20266663762888,-352256,0.0,48,11,0.5,4,39.99999999999998,198.525887,2
351.68810299999996,0.0,0,0,22275080192,96.20266663762888,-352256,0.0,48,12,0.5,4,39.99999999999998,51.656089,2
351.68810299999996,0.0,0,0,22275080192,96.20266663762888,-352256,0.0,48,13,0.5,4,49.999999999999986,283.569291,2
351.68810299999996,0.0,0,0,22275080192,96.20266663762888,-352256,0.0,48,14,0.5,4,39.99999999999998,65.097682,2
351.68810299999996,0.0,0,0,22275080192,96.20266663762888,-352256,0.0,48,15,0.5,4,39.99999999999998,243.198738,2
351.68810299999996,0.0,0,0,22275080192,96.20266663762888,-352256,0.0,48,16,0.5,4,39.99999999999998,134.871727,2
351.68810299999996,0.0,0,0,22275080192,96.20266663762888,-352256,0.0,48,17,0.5,4,49.999999999999986,280.820596,2
351.68810299999996,0.0,0,0,22275080192,96.20266663762888,-352256,0.0,48,18,0.5,4,39.99999999999998,165.140081,2
351.68810299999996,0.0,0,0,22275080192,96.20266663762888,-352256,0.0,48,19,0.5,4,39.99999999999998,270.742264,2
351.68810299999996,0.0,0,0,22275080192,96.20266663762888,-352256,0.0,48,20,0.5,4,39.99999999999998,186.287471,2
351.68810299999996,0.0,0,0,22275080192,96.20266663762888,-352256,0.0,48,21,0.5,4,49.999999999999986,249.041804,2
351.68810299999996,0.0,0,0,22275080192,96.20266663762888,-352256,0.0,48,22,0.5,4,39.99999999999998,251.272531,2
351.68810299999996,0.0,0,0,22275080192,96.20266663762888,-352256,0.0,48,23,0.5,4,49.999999999999986,269.846084,2
351.68810299999996,0.0,0,0,22275080192,96.20266663762888,-352256,0.0,48,24,0.5,4,39.99999999999998,228.409052,2
351.68810299999996,0.0,0,0,22275080192,96.20266663762888,-352256,0.0,48,25,0.5,4,39.99999999999998,267.9758,2
351.68810299999996,0.0,0,0,22275080192,96.20266663762888,-352256,0.0,48,26,0.5,4,39.99999999999998,171.98695,2
351.68810299999996,0.0,0,0,22275080192,96.20266663762888,-352256,0.0,48,27,0.5,4,39.99999999999998,188.670479,2
351.68810299999996,0.0,0,0,22275080192,96.20266663762888,-352256,0.0,48,28,0.5,4,49.999999999999986,160.339248,2
351.68810299999996,0.0,0,0,22275080192,96.20266663762888,-352256,0.0,48,29,0.5,4,39.99999999999998,202.367559,2
351.68810299999996,0.0,0,0,22275080192,96.20266663762888,-352256,0.0,48,30,0.5,4,49.999999999999986,209.5855,2
351.68810299999996,0.0,0,0,22275080192,96.20266663762888,-352256,0.0,48,31,0.5,4,39.99999999999998,179.563585,2
351.68810299999996,0.0,0,0,22275080192,96.20266663762888,-352256,0.0,48,32,0.5,4,39.99999999999998,218.796612,2
351.68810299999996,0.0,0,0,22275080192,96.20266663762888,-352256,0.0,48,33,0.5,4,39.99999999999998,246.718147,2
351.68810299999996,0.0,0,0,22275080192,96.20266663762888,-352256,0.0,48,34,0.5,4,39.99999999999998,217.842183,2
351.68810299999996,0.0,0,0,22275080192,96.20266663762888,-352256,0.0,48,35,0.5,4,39.99999999999998,92.034507,2
351.68810299999996,0.0,0,0,22275080192,96.20266663762888,-352256,0.0,48,36,0.5,4,39.99999999999998,207.586051,2
351.68810299999996,0.0,0,0,22275080192,96.20266663762888,-352256,0.0,48,37,0.5,4,49.999999999999986,230.393301,2
351.68810299999996,0.0,0,0,22275080192,96.20266663762888,-352256,0.0,48,38,0.5,4,39.99999999999998,94.419694,2
351.68810299999996,0.0,0,0,22275080192,96.20266663762888,-352256,0.0,48,39,0.5,4,39.99999999999998,220.586034,2
351.68810299999996,0.0,0,0,22275080192,96.20266663762888,-352256,0.0,48,40,0.5,4,39.99999999999998,168.710099,2
351.68810299999996,0.0,0,0,22275080192,96.20266663762888,-352256,0.0,48,41,0.5,4,39.99999999999998,198.756638,2
351.68810299999996,0.0,0,0,22275080192,96.20266663762888,-352256,0.0,48,42,0.5,4,49.999999999999986,194.448834,2
351.68810299999996,0.0,0,0,22275080192,96.20266663762888,-352256,0.0,48,43,0.5,4,39.99999999999998,130.6623,2
351.68810299999996,0.0,0,0,22275080192,96.20266663762888,-352256,0.0,48,44,0.5,4,39.99999999999998,168.860775,2
351.68810299999996,0.0,0,0,22275080192,96.20266663762888,-352256,0.0,48,45,0.5,4,39.99999999999998,170.763521,2
351.68810299999996,0.0,0,0,22275080192,96.20266663762888,-352256,0.0,48,46,0.5,4,39.99999999999998,183.888961,2
351.68810299999996,0.0,0,0,22275080192,96.20266663762888,-352256,0.0,48,47,0.5,4,39.99999999999998,67.390947,2
351.68810299999996,0.0,0,0,22275080192,96.20266663762888,-352256,0.0,48,48,0.5,4,39.99999999999998,167.819417,2
345.14930300000003,0.0,0,0,22275080192,96.09367997669989,0,0.0,48,1,0.5,5,39.99999999999998,88.958715,2
345.14930300000003,0.0,0,0,22275080192,96.09367997669989,0,0.0,48,2,0.5,5,39.99999999999998,80.189144,2
345.14930300000003,0.0,0,0,22275080192,96.09367997669989,0,0.0,48,3,0.5,5,40.000000000000036,65.302538,2
345.14930300000003,0.0,0,0,22275080192,96.09367997669989,0,0.0,48,4,0.5,5,40.000000000000036,135.499371,2
345.14930300000003,0.0,0,0,22275080192,96.09367997669989,0,0.0,48,5,0.5,5,40.000000000000036,120.751446,2
345.14930300000003,0.0,0,0,22275080192,96.09367997669989,0,0.0,48,6,0.5,5,40.000000000000036,121.25828,2
345.14930300000003,0.0,0,0,22275080192,96.09367997669989,0,0.0,48,7,0.5,5,39.99999999999998,81.223322,2
345.14930300000003,0.0,0,0,22275080192,96.09367997669989,0,0.0,48,8,0.5,5,39.99999999999998,106.417636,2
345.14930300000003,0.0,0,0,22275080192,96.09367997669989,0,0.0,48,9,0.5,5,40.000000000000036,81.435333,2
345.14930300000003,0.0,0,0,22275080192,96.09367997669989,0,0.0,48,10,0.5,5,39.99999999999998,127.369944,2
345.14930300000003,0.0,0,0,22275080192,96.09367997669989,0,0.0,48,11,0.5,5,49.999999999999986,83.840125,2
345.14930300000003,0.0,0,0,22275080192,96.09367997669989,0,0.0,48,12,0.5,5,49.999999999999986,135.677424,2
345.14930300000003,0.0,0,0,22275080192,96.09367997669989,0,0.0,48,13,0.5,5,39.99999999999998,162.233958,2
345.14930300000003,0.0,0,0,22275080192,96.09367997669989,0,0.0,48,14,0.5,5,39.99999999999998,214.724836,2
345.14930300000003,0.0,0,0,22275080192,96.09367997669989,0,0.0,48,15,0.5,5,39.99999999999998,147.844562,2
345.14930300000003,0.0,0,0,22275080192,96.09367997669989,0,0.0,48,16,0.5,5,39.99999999999998,155.991866,2
345.14930300000003,0.0,0,0,22275080192,96.09367997669989,0,0.0,48,17,0.5,5,39.99999999999998,96.31795,2
345.14930300000003,0.0,0,0,22275080192,96.09367997669989,0,0.0,48,18,0.5,5,40.000000000000036,199.742352,2
345.14930300000003,0.0,0,0,22275080192,96.09367997669989,0,0.0,48,19,0.5,5,39.99999999999998,159.71999,2
345.14930300000003,0.0,0,0,22275080192,96.09367997669989,0,0.0,48,20,0.5,5,39.99999999999998,150.205497,2
345.14930300000003,0.0,0,0,22275080192,96.09367997669989,0,0.0,48,21,0.5,5,39.99999999999998,68.913769,2
345.14930300000003,0.0,0,0,22275080192,96.09367997669989,0,0.0,48,22,0.5,5,39.99999999999998,211.212634,2
345.14930300000003,0.0,0,0,22275080192,96.09367997669989,0,0.0,48,23,0.5,5,39.99999999999998,93.51127,2
345.14930300000003,0.0,0,0,22275080192,96.09367997669989,0,0.0,48,24,0.5,5,39.99999999999998,127.893235,2
345.14930300000003,0.0,0,0,22275080192,96.09367997669989,0,0.0,48,25,0.5,5,39.99999999999998,82.343098,2
345.14930300000003,0.0,0,0,22275080192,96.09367997669989,0,0.0,48,26,0.5,5,29.99999999999997,163.943972,2
345.14930300000003,0.0,0,0,22275080192,96.09367997669989,0,0.0,48,27,0.5,5,39.99999999999998,184.986883,2
345.14930300000003,0.0,0,0,22275080192,96.09367997669989,0,0.0,48,28,0.5,5,39.99999999999998,162.822627,2
345.14930300000003,0.0,0,0,22275080192,96.09367997669989,0,0.0,48,29,0.5,5,40.000000000000036,199.54094,2
345.14930300000003,0.0,0,0,22275080192,96.09367997669989,0,0.0,48,30,0.5,5,39.99999999999998,200.370217,2
345.14930300000003,0.0,0,0,22275080192,96.09367997669989,0,0.0,48,31,0.5,5,40.000000000000036,104.811133,2
345.14930300000003,0.0,0,0,22275080192,96.09367997669989,0,0.0,48,32,0.5,5,49.999999999999986,148.083051,2
345.14930300000003,0.0,0,0,22275080192,96.09367997669989,0,0.0,48,33,0.5,5,39.99999999999998,191.210616,2
345.14930300000003,0.0,0,0,22275080192,96.09367997669989,0,0.0,48,34,0.5,5,39.99999999999998,191.170821,2
345.14930300000003,0.0,0,0,22275080192,96.09367997669989,0,0.0,48,35,0.5,5,39.99999999999998,174.496432,2
345.14930300000003,0.0,0,0,22275080192,96.09367997669989,0,0.0,48,36,0.5,5,39.99999999999998,152.764476,2
345.14930300000003,0.0,0,0,22275080192,96.09367997669989,0,0.0,48,37,0.5,5,39.99999999999998,121.914275,2
345.14930300000003,0.0,0,0,22275080192,96.09367997669989,0,0.0,48,38,0.5,5,39.99999999999998,154.036172,2
345.14930300000003,0.0,0,0,22275080192,96.09367997669989,0,0.0,48,39,0.5,5,49.999999999999986,158.308378,2
345.14930300000003,0.0,0,0,22275080192,96.09367997669989,0,0.0,48,40,0.5,5,39.99999999999998,150.20736,2
345.14930300000003,0.0,0,0,22275080192,96.09367997669989,0,0.0,48,41,0.5,5,39.99999999999998,73.715717,2
345.14930300000003,0.0,0,0,22275080192,96.09367997669989,0,0.0,48,42,0.5,5,40.000000000000036,152.69756,2
345.14930300000003,0.0,0,0,22275080192,96.09367997669989,0,0.0,48,43,0.5,5,39.99999999999998,139.817947,2
345.14930300000003,0.0,0,0,22275080192,96.09367997669989,0,0.0,48,44,0.5,5,39.99999999999998,149.074558,2
345.14930300000003,0.0,0,0,22275080192,96.09367997669989,0,0.0,48,45,0.5,5,39.99999999999998,145.051466,2
345.14930300000003,0.0,0,0,22275080192,96.09367997669989,0,0.0,48,46,0.5,5,39.99999999999998,92.196353,2
345.14930300000003,0.0,0,0,22275080192,96.09367997669989,0,0.0,48,47,0.5,5,39.99999999999998,139.365311,2
345.14930300000003,0.0,0,0,22275080192,96.09367997669989,0,0.0,48,48,0.5,5,40.000000000000036,79.548205,2
358.91951,1.1144559959975426,3805184,0,22278008832,97.51489964975966,2928640,0.0,48,1,0.5,6,40.000000000000036,124.942255,2
358.91951,1.1144559959975426,3805184,0,22278008832,97.51489964975966,2928640,0.0,48,2,0.5,6,40.000000000000036,43.383177,2
358.91951,1.1144559959975426,3805184,0,22278008832,97.51489964975966,2928640,0.0,48,3,0.5,6,39.99999999999998,104.682636,2
358.91951,1.1144559959975426,3805184,0,22278008832,97.51489964975966,2928640,0.0,48,4,0.5,6,49.999999999999986,268.03678,2
358.91951,1.1144559959975426,3805184,0,22278008832,97.51489964975966,2928640,0.0,48,5,0.5,6,39.99999999999998,135.428879,2
358.91951,1.1144559959975426,3805184,0,22278008832,97.51489964975966,2928640,0.0,48,6,0.5,6,39.99999999999998,41.058509,2
358.91951,1.1144559959975426,3805184,0,22278008832,97.51489964975966,2928640,0.0,48,7,0.5,6,49.999999999999986,183.093657,2
358.91951,1.1144559959975426,3805184,0,22278008832,97.51489964975966,2928640,0.0,48,8,0.5,6,40.000000000000036,239.834235,2
358.91951,1.1144559959975426,3805184,0,22278008832,97.51489964975966,2928640,0.0,48,9,0.5,6,29.99999999999997,92.136516,2
358.91951,1.1144559959975426,3805184,0,22278008832,97.51489964975966,2928640,0.0,48,10,0.5,6,50.00000000000004,295.58079,2
358.91951,1.1144559959975426,3805184,0,22278008832,97.51489964975966,2928640,0.0,48,11,0.5,6,30.00000000000003,67.937776,2
358.91951,1.1144559959975426,3805184,0,22278008832,97.51489964975966,2928640,0.0,48,12,0.5,6,40.000000000000036,238.021805,2
358.91951,1.1144559959975426,3805184,0,22278008832,97.51489964975966,2928640,0.0,48,13,0.5,6,40.000000000000036,227.659532,2
358.91951,1.1144559959975426,3805184,0,22278008832,97.51489964975966,2928640,0.0,48,14,0.5,6,40.000000000000036,263.831637,2
358.91951,1.1144559959975426,3805184,0,22278008832,97.51489964975966,2928640,0.0,48,15,0.5,6,40.000000000000036,225.984761,2
358.91951,1.1144559959975426,3805184,0,22278008832,97.51489964975966,2928640,0.0,48,16,0.5,6,50.00000000000004,278.739334,2
358.91951,1.1144559959975426,3805184,0,22278008832,97.51489964975966,2928640,0.0,48,17,0.5,6,30.00000000000003,161.866795,2
358.91951,1.1144559959975426,3805184,0,22278008832,97.51489964975966,2928640,0.0,48,18,0.5,6,39.99999999999998,227.633298,2
358.91951,1.1144559959975426,3805184,0,22278008832,97.51489964975966,2928640,0.0,48,19,0.5,6,50.00000000000004,262.831266,2
358.91951,1.1144559959975426,3805184,0,22278008832,97.51489964975966,2928640,0.0,48,20,0.5,6,40.000000000000036,168.196673,2
358.91951,1.1144559959975426,3805184,0,22278008832,97.51489964975966,2928640,0.0,48,21,0.5,6,40.000000000000036,189.034239,2
358.91951,1.1144559959975426,3805184,0,22278008832,97.51489964975966,2928640,0.0,48,22,0.5,6,40.000000000000036,228.211932,2
358.91951,1.1144559959975426,3805184,0,22278008832,97.51489964975966,2928640,0.0,48,23,0.5,6,40.000000000000036,270.910936,2
358.91951,1.1144559959975426,3805184,0,22278008832,97.51489964975966,2928640,0.0,48,24,0.5,6,49.999999999999986,226.882488,2
358.91951,1.1144559959975426,3805184,0,22278008832,97.51489964975966,2928640,0.0,48,25,0.5,6,40.000000000000036,270.376011,2
358.91951,1.1144559959975426,3805184,0,22278008832,97.51489964975966,2928640,0.0,48,26,0.5,6,40.000000000000036,261.262185,2
358.91951,1.1144559959975426,3805184,0,22278008832,97.51489964975966,2928640,0.0,48,27,0.5,6,50.00000000000004,273.680493,2
358.91951,1.1144559959975426,3805184,0,22278008832,97.51489964975966,2928640,0.0,48,28,0.5,6,30.00000000000003,81.233384,2
358.91951,1.1144559959975426,3805184,0,22278008832,97.51489964975966,2928640,0.0,48,29,0.5,6,39.99999999999998,259.923136,2
358.91951,1.1144559959975426,3805184,0,22278008832,97.51489964975966,2928640,0.0,48,30,0.5,6,40.000000000000036,227.444561,2
358.91951,1.1144559959975426,3805184,0,22278008832,97.51489964975966,2928640,0.0,48,31,0.5,6,49.999999999999986,228.108332,2
358.91951,1.1144559959975426,3805184,0,22278008832,97.51489964975966,2928640,0.0,48,32,0.5,6,40.000000000000036,207.648291,2
358.91951,1.1144559959975426,3805184,0,22278008832,97.51489964975966,2928640,0.0,48,33,0.5,6,40.000000000000036,110.118255,2
358.91951,1.1144559959975426,3805184,0,22278008832,97.51489964975966,2928640,0.0,48,34,0.5,6,40.000000000000036,80.353252,2
358.91951,1.1144559959975426,3805184,0,22278008832,97.51489964975966,2928640,0.0,48,35,0.5,6,50.00000000000004,249.95606,2
358.91951,1.1144559959975426,3805184,0,22278008832,97.51489964975966,2928640,0.0,48,36,0.5,6,50.00000000000004,245.795001,2
358.91951,1.1144559959975426,3805184,0,22278008832,97.51489964975966,2928640,0.0,48,37,0.5,6,40.000000000000036,257.663735,2
358.91951,1.1144559959975426,3805184,0,22278008832,97.51489964975966,2928640,0.0,48,38,0.5,6,40.000000000000036,256.130094,2
358.91951,1.1144559959975426,3805184,0,22278008832,97.51489964975966,2928640,0.0,48,39,0.5,6,40.000000000000036,241.491756,2
358.91951,1.1144559959975426,3805184,0,22278008832,97.51489964975966,2928640,0.0,48,40,0.5,6,49.999999999999986,235.665961,2
358.91951,1.1144559959975426,3805184,0,22278008832,97.51489964975966,2928640,0.0,48,41,0.5,6,40.000000000000036,261.872102,2
358.91951,1.1144559959975426,3805184,0,22278008832,97.51489964975966,2928640,0.0,48,42,0.5,6,39.99999999999998,216.220968,2
358.91951,1.1144559959975426,3805184,0,22278008832,97.51489964975966,2928640,0.0,48,43,0.5,6,40.000000000000036,175.027637,2
358.91951,1.1144559959975426,3805184,0,22278008832,97.51489964975966,2928640,0.0,48,44,0.5,6,40.000000000000036,211.884508,2
358.91951,1.1144559959975426,3805184,0,22278008832,97.51489964975966,2928640,0.0,48,45,0.5,6,40.000000000000036,227.212194,2
358.91951,1.1144559959975426,3805184,0,22278008832,97.51489964975966,2928640,0.0,48,46,0.5,6,40.000000000000036,208.68914,2
358.91951,1.1144559959975426,3805184,0,22278008832,97.51489964975966,2928640,0.0,48,47,0.5,6,40.000000000000036,241.526366,2
358.91951,1.1144559959975426,3805184,0,22278008832,97.51489964975966,2928640,0.0,48,48,0.5,6,49.999999999999986,243.465817,2
344.854513,0.0,0,0,22278111232,95.69252759068009,102400,0.0,48,1,0.5,7,39.99999999999998,112.231965,2
344.854513,0.0,0,0,22278111232,95.69252759068009,102400,0.0,48,2,0.5,7,39.99999999999998,68.378568,2
344.854513,0.0,0,0,22278111232,95.69252759068009,102400,0.0,48,3,0.5,7,39.99999999999998,99.743774,2
344.854513,0.0,0,0,22278111232,95.69252759068009,102400,0.0,48,4,0.5,7,29.99999999999997,69.495324,2
344.854513,0.0,0,0,22278111232,95.69252759068009,102400,0.0,48,5,0.5,7,39.99999999999998,183.525796,2
344.854513,0.0,0,0,22278111232,95.69252759068009,102400,0.0,48,6,0.5,7,39.99999999999998,60.689399,2
344.854513,0.0,0,0,22278111232,95.69252759068009,102400,0.0,48,7,0.5,7,40.000000000000036,205.643928,2
344.854513,0.0,0,0,22278111232,95.69252759068009,102400,0.0,48,8,0.5,7,39.99999999999998,119.802746,2
344.854513,0.0,0,0,22278111232,95.69252759068009,102400,0.0,48,9,0.5,7,39.99999999999998,111.152592,2
344.854513,0.0,0,0,22278111232,95.69252759068009,102400,0.0,48,10,0.5,7,39.99999999999998,79.727873,2
344.854513,0.0,0,0,22278111232,95.69252759068009,102400,0.0,48,11,0.5,7,39.99999999999998,84.240874,2
344.854513,0.0,0,0,22278111232,95.69252759068009,102400,0.0,48,12,0.5,7,39.99999999999998,106.667108,2
344.854513,0.0,0,0,22278111232,95.69252759068009,102400,0.0,48,13,0.5,7,39.99999999999998,204.005522,2
344.854513,0.0,0,0,22278111232,95.69252759068009,102400,0.0,48,14,0.5,7,39.99999999999998,102.375222,2
344.854513,0.0,0,0,22278111232,95.69252759068009,102400,0.0,48,15,0.5,7,49.999999999999986,242.949738,2
344.854513,0.0,0,0,22278111232,95.69252759068009,102400,0.0,48,16,0.5,7,39.99999999999998,246.668642,2
344.854513,0.0,0,0,22278111232,95.69252759068009,102400,0.0,48,17,0.5,7,39.99999999999998,267.473853,2
344.854513,0.0,0,0,22278111232,95.69252759068009,102400,0.0,48,18,0.5,7,39.99999999999998,223.394069,2
344.854513,0.0,0,0,22278111232,95.69252759068009,102400,0.0,48,19,0.5,7,39.99999999999998,229.496254,2
344.854513,0.0,0,0,22278111232,95.69252759068009,102400,0.0,48,20,0.5,7,49.999999999999986,230.103152,2
344.854513,0.0,0,0,22278111232,95.69252759068009,102400,0.0,48,21,0.5,7,39.99999999999998,254.341217,2
344.854513,0.0,0,0,22278111232,95.69252759068009,102400,0.0,48,22,0.5,7,39.99999999999998,222.893121,2
344.854513,0.0,0,0,22278111232,95.69252759068009,102400,0.0,48,23,0.5,7,39.99999999999998,84.163239,2
344.854513,0.0,0,0,22278111232,95.69252759068009,102400,0.0,48,24,0.5,7,40.000000000000036,218.741339,2
344.854513,0.0,0,0,22278111232,95.69252759068009,102400,0.0,48,25,0.5,7,39.99999999999998,220.881594,2
344.854513,0.0,0,0,22278111232,95.69252759068009,102400,0.0,48,26,0.5,7,49.999999999999986,95.380363,2
344.854513,0.0,0,0,22278111232,95.69252759068009,102400,0.0,48,27,0.5,7,39.99999999999998,103.793808,2
344.854513,0.0,0,0,22278111232,95.69252759068009,102400,0.0,48,28,0.5,7,39.99999999999998,119.315712,2
344.854513,0.0,0,0,22278111232,95.69252759068009,102400,0.0,48,29,0.5,7,39.99999999999998,222.973714,2
344.854513,0.0,0,0,22278111232,95.69252759068009,102400,0.0,48,30,0.5,7,39.99999999999998,198.329507,2
344.854513,0.0,0,0,22278111232,95.69252759068009,102400,0.0,48,31,0.5,7,39.99999999999998,222.892398,2
344.854513,0.0,0,0,22278111232,95.69252759068009,102400,0.0,48,32,0.5,7,39.99999999999998,174.478563,2
344.854513,0.0,0,0,22278111232,95.69252759068009,102400,0.0,48,33,0.5,7,39.99999999999998,182.258589,2
344.854513,0.0,0,0,22278111232,95.69252759068009,102400,0.0,48,34,0.5,7,39.99999999999998,187.076965,2
344.854513,0.0,0,0,22278111232,95.69252759068009,102400,0.0,48,35,0.5,7,39.99999999999998,202.69983,2
344.854513,0.0,0,0,22278111232,95.69252759068009,102400,0.0,48,36,0.5,7,39.99999999999998,184.073373,2
344.854513,0.0,0,0,22278111232,95.69252759068009,102400,0.0,48,37,0.5,7,39.99999999999998,193.353283,2
344.854513,0.0,0,0,22278111232,95.69252759068009,102400,0.0,48,38,0.5,7,39.99999999999998,186.297241,2
344.854513,0.0,0,0,22278111232,95.69252759068009,102400,0.0,48,39,0.5,7,39.99999999999998,97.34001,2
344.854513,0.0,0,0,22278111232,95.69252759068009,102400,0.0,48,40,0.5,7,40.000000000000036,194.371307,2
344.854513,0.0,0,0,22278111232,95.69252759068009,102400,0.0,48,41,0.5,7,39.99999999999998,114.784155,2
344.854513,0.0,0,0,22278111232,95.69252759068009,102400,0.0,48,42,0.5,7,39.99999999999998,140.922884,2
344.854513,0.0,0,0,22278111232,95.69252759068009,102400,0.0,48,43,0.5,7,39.99999999999998,107.740905,2
344.854513,0.0,0,0,22278111232,95.69252759068009,102400,0.0,48,44,0.5,7,39.99999999999998,140.459124,2
344.854513,0.0,0,0,22278111232,95.69252759068009,102400,0.0,48,45,0.5,7,39.99999999999998,134.967921,2
344.854513,0.0,0,0,22278111232,95.69252759068009,102400,0.0,48,46,0.5,7,39.99999999999998,175.342096,2
344.854513,0.0,0,0,22278111232,95.69252759068009,102400,0.0,48,47,0.5,7,39.99999999999998,152.089723,2
344.854513,0.0,0,0,22278111232,95.69252759068009,102400,0.0,48,48,0.5,7,29.99999999999997,116.202637,2
345.952564,0.0,0,0,22277079040,96.35232341665342,-1032192,0.0,48,1,0.5,8,40.000000000000036,37.910366,2
345.952564,0.0,0,0,22277079040,96.35232341665342,-1032192,0.0,48,2,0.5,8,40.000000000000036,192.41891,2
345.952564,0.0,0,0,22277079040,96.35232341665342,-1032192,0.0,48,3,0.5,8,40.000000000000036,105.465113,2
345.952564,0.0,0,0,22277079040,96.35232341665342,-1032192,0.0,48,4,0.5,8,40.000000000000036,69.484763,2
345.952564,0.0,0,0,22277079040,96.35232341665342,-1032192,0.0,48,5,0.5,8,50.00000000000004,64.369472,2
345.952564,0.0,0,0,22277079040,96.35232341665342,-1032192,0.0,48,6,0.5,8,40.000000000000036,95.946343,2
345.952564,0.0,0,0,22277079040,96.35232341665342,-1032192,0.0,48,7,0.5,8,40.000000000000036,107.846608,2
345.952564,0.0,0,0,22277079040,96.35232341665342,-1032192,0.0,48,8,0.5,8,50.00000000000004,231.93967,2
345.952564,0.0,0,0,22277079040,96.35232341665342,-1032192,0.0,48,9,0.5,8,50.00000000000004,279.864654,2
345.952564,0.0,0,0,22277079040,96.35232341665342,-1032192,0.0,48,10,0.5,8,50.00000000000004,115.979877,2
345.952564,0.0,0,0,22277079040,96.35232341665342,-1032192,0.0,48,11,0.5,8,40.000000000000036,187.646893,2
345.952564,0.0,0,0,22277079040,96.35232341665342,-1032192,0.0,48,12,0.5,8,40.000000000000036,257.916871,2
345.952564,0.0,0,0,22277079040,96.35232341665342,-1032192,0.0,48,13,0.5,8,40.000000000000036,186.431608,2
345.952564,0.0,0,0,22277079040,96.35232341665342,-1032192,0.0,48,14,0.5,8,40.000000000000036,211.387264,2
345.952564,0.0,0,0,22277079040,96.35232341665342,-1032192,0.0,48,15,0.5,8,40.000000000000036,199.057697,2
345.952564,0.0,0,0,22277079040,96.35232341665342,-1032192,0.0,48,16,0.5,8,40.000000000000036,114.15653,2
345.952564,0.0,0,0,22277079040,96.35232341665342,-1032192,0.0,48,17,0.5,8,40.000000000000036,143.700607,2
345.952564,0.0,0,0,22277079040,96.35232341665342,-1032192,0.0,48,18,0.5,8,40.000000000000036,137.787869,2
345.952564,0.0,0,0,22277079040,96.35232341665342,-1032192,0.0,48,19,0.5,8,40.000000000000036,240.168287,2
345.952564,0.0,0,0,22277079040,96.35232341665342,-1032192,0.0,48,20,0.5,8,40.000000000000036,248.010556,2
345.952564,0.0,0,0,22277079040,96.35232341665342,-1032192,0.0,48,21,0.5,8,40.000000000000036,229.58782,2
345.952564,0.0,0,0,22277079040,96.35232341665342,-1032192,0.0,48,22,0.5,8,40.000000000000036,258.329732,2
345.952564,0.0,0,0,22277079040,96.35232341665342,-1032192,0.0,48,23,0.5,8,40.000000000000036,206.710557,2
345.952564,0.0,0,0,22277079040,96.35232341665342,-1032192,0.0,48,24,0.5,8,40.000000000000036,207.159592,2
345.952564,0.0,0,0,22277079040,96.35232341665342,-1032192,0.0,48,25,0.5,8,40.000000000000036,149.058722,2
345.952564,0.0,0,0,22277079040,96.35232341665342,-1032192,0.0,48,26,0.5,8,40.000000000000036,219.77829,2
345.952564,0.0,0,0,22277079040,96.35232341665342,-1032192,0.0,48,27,0.5,8,40.000000000000036,212.197847,2
345.952564,0.0,0,0,22277079040,96.35232341665342,-1032192,0.0,48,28,0.5,8,40.000000000000036,229.816336,2
345.952564,0.0,0,0,22277079040,96.35232341665342,-1032192,0.0,48,29,0.5,8,40.000000000000036,100.049278,2
345.952564,0.0,0,0,22277079040,96.35232341665342,-1032192,0.0,48,30,0.5,8,40.000000000000036,205.203491,2
345.952564,0.0,0,0,22277079040,96.35232341665342,-1032192,0.0,48,31,0.5,8,40.000000000000036,168.017037,2
345.952564,0.0,0,0,22277079040,96.35232341665342,-1032192,0.0,48,32,0.5,8,40.000000000000036,228.504642,2
345.952564,0.0,0,0,22277079040,96.35232341665342,-1032192,0.0,48,33,0.5,8,40.000000000000036,220.117867,2
345.952564,0.0,0,0,22277079040,96.35232341665342,-1032192,0.0,48,34,0.5,8,40.000000000000036,223.321455,2
345.952564,0.0,0,0,22277079040,96.35232341665342,-1032192,0.0,48,35,0.5,8,40.000000000000036,139.761098,2
345.952564,0.0,0,0,22277079040,96.35232341665342,-1032192,0.0,48,36,0.5,8,40.000000000000036,139.756566,2
345.952564,0.0,0,0,22277079040,96.35232341665342,-1032192,0.0,48,37,0.5,8,40.000000000000036,177.881004,2
345.952564,0.0,0,0,22277079040,96.35232341665342,-1032192,0.0,48,38,0.5,8,40.000000000000036,196.686642,2
345.952564,0.0,0,0,22277079040,96.35232341665342,-1032192,0.0,48,39,0.5,8,50.00000000000004,174.39428,2
345.952564,0.0,0,0,22277079040,96.35232341665342,-1032192,0.0,48,40,0.5,8,40.000000000000036,141.073648,2
345.952564,0.0,0,0,22277079040,96.35232341665342,-1032192,0.0,48,41,0.5,8,40.000000000000036,182.814443,2
345.952564,0.0,0,0,22277079040,96.35232341665342,-1032192,0.0,48,42,0.5,8,40.000000000000036,133.896965,2
345.952564,0.0,0,0,22277079040,96.35232341665342,-1032192,0.0,48,43,0.5,8,40.000000000000036,172.158798,2
345.952564,0.0,0,0,22277079040,96.35232341665342,-1032192,0.0,48,44,0.5,8,40.000000000000036,165.50071,2
345.952564,0.0,0,0,22277079040,96.35232341665342,-1032192,0.0,48,45,0.5,8,40.000000000000036,136.073251,2
345.952564,0.0,0,0,22277079040,96.35232341665342,-1032192,0.0,48,46,0.5,8,40.000000000000036,124.361253,2
345.952564,0.0,0,0,22277079040,96.35232341665342,-1032192,0.0,48,47,0.5,8,50.00000000000004,139.183278,2
345.952564,0.0,0,0,22277079040,96.35232341665342,-1032192,0.0,48,48,0.5,8,40.000000000000036,153.730556,2
352.019415,0.0,0,0,22276820992,97.53249926098538,-258048,0.0,48,1,0.5,9,39.99999999999992,38.662608,2
352.019415,0.0,0,0,22276820992,97.53249926098538,-258048,0.0,48,2,0.5,9,39.99999999999992,216.553757,2
352.019415,0.0,0,0,22276820992,97.53249926098538,-258048,0.0,48,3,0.5,9,40.000000000000036,77.946223,2
352.019415,0.0,0,0,22276820992,97.53249926098538,-258048,0.0,48,4,0.5,9,40.000000000000036,65.644919,2
352.019415,0.0,0,0,22276820992,97.53249926098538,-258048,0.0,48,5,0.5,9,39.99999999999992,56.688797,2
352.019415,0.0,0,0,22276820992,97.53249926098538,-258048,0.0,48,6,0.5,9,40.000000000000036,52.531545,2
352.019415,0.0,0,0,22276820992,97.53249926098538,-258048,0.0,48,7,0.5,9,39.99999999999992,195.965335,2
352.019415,0.0,0,0,22276820992,97.53249926098538,-258048,0.0,48,8,0.5,9,39.99999999999992,200.002306,2
352.019415,0.0,0,0,22276820992,97.53249926098538,-258048,0.0,48,9,0.5,9,40.000000000000036,63.704277,2
352.019415,0.0,0,0,22276820992,97.53249926098538,-258048,0.0,48,10,0.5,9,39.99999999999992,111.942017,2
352.019415,0.0,0,0,22276820992,97.53249926098538,-258048,0.0,48,11,0.5,9,49.999999999999936,271.916155,2
352.019415,0.0,0,0,22276820992,97.53249926098538,-258048,0.0,48,12,0.5,9,39.99999999999992,271.997241,2
352.019415,0.0,0,0,22276820992,97.53249926098538,-258048,0.0,48,13,0.5,9,39.99999999999992,191.428331,2
352.019415,0.0,0,0,22276820992,97.53249926098538,-258048,0.0,48,14,0.5,9,39.99999999999992,60.059809,2
352.019415,0.0,0,0,22276820992,97.53249926098538,-258048,0.0,48,15,0.5,9,39.99999999999992,215.585728,2
352.019415,0.0,0,0,22276820992,97.53249926098538,-258048,0.0,48,16,0.5,9,49.999999999999936,247.201191,2
352.019415,0.0,0,0,22276820992,97.53249926098538,-258048,0.0,48,17,0.5,9,39.99999999999992,215.489741,2
352.019415,0.0,0,0,22276820992,97.53249926098538,-258048,0.0,48,18,0.5,9,49.999999999999936,251.289585,2
352.019415,0.0,0,0,22276820992,97.53249926098538,-258048,0.0,48,19,0.5,9,59.99999999999994,247.759732,2
352.019415,0.0,0,0,22276820992,97.53249926098538,-258048,0.0,48,20,0.5,9,39.99999999999992,67.439957,2
352.019415,0.0,0,0,22276820992,97.53249926098538,-258048,0.0,48,21,0.5,9,49.999999999999936,258.657635,2
352.019415,0.0,0,0,22276820992,97.53249926098538,-258048,0.0,48,22,0.5,9,39.99999999999992,108.020321,2
352.019415,0.0,0,0,22276820992,97.53249926098538,-258048,0.0,48,23,0.5,9,49.999999999999936,258.257546,2
352.019415,0.0,0,0,22276820992,97.53249926098538,-258048,0.0,48,24,0.5,9,39.99999999999992,194.972114,2
352.019415,0.0,0,0,22276820992,97.53249926098538,-258048,0.0,48,25,0.5,9,49.999999999999936,248.17668,2
352.019415,0.0,0,0,22276820992,97.53249926098538,-258048,0.0,48,26,0.5,9,49.999999999999936,247.68216,2
352.019415,0.0,0,0,22276820992,97.53249926098538,-258048,0.0,48,27,0.5,9,39.99999999999992,203.888113,2
352.019415,0.0,0,0,22276820992,97.53249926098538,-258048,0.0,48,28,0.5,9,49.999999999999936,209.273283,2
352.019415,0.0,0,0,22276820992,97.53249926098538,-258048,0.0,48,29,0.5,9,40.000000000000036,84.465404,2
352.019415,0.0,0,0,22276820992,97.53249926098538,-258048,0.0,48,30,0.5,9,39.99999999999992,225.294965,2
352.019415,0.0,0,0,22276820992,97.53249926098538,-258048,0.0,48,31,0.5,9,39.99999999999992,221.51847,2
352.019415,0.0,0,0,22276820992,97.53249926098538,-258048,0.0,48,32,0.5,9,39.99999999999992,237.760074,2
352.019415,0.0,0,0,22276820992,97.53249926098538,-258048,0.0,48,33,0.5,9,39.99999999999992,239.494115,2
352.019415,0.0,0,0,22276820992,97.53249926098538,-258048,0.0,48,34,0.5,9,29.999999999999915,46.189604,2
352.019415,0.0,0,0,22276820992,97.53249926098538,-258048,0.0,48,35,0.5,9,39.99999999999992,224.257022,2
352.019415,0.0,0,0,22276820992,97.53249926098538,-258048,0.0,48,36,0.5,9,39.99999999999992,219.474101,2
352.019415,0.0,0,0,22276820992,97.53249926098538,-258048,0.0,48,37,0.5,9,49.999999999999936,220.543771,2
352.019415,0.0,0,0,22276820992,97.53249926098538,-258048,0.0,48,38,0.5,9,49.999999999999936,225.785285,2
352.019415,0.0,0,0,22276820992,97.53249926098538,-258048,0.0,48,39,0.5,9,39.99999999999992,193.912484,2
352.019415,0.0,0,0,22276820992,97.53249926098538,-258048,0.0,48,40,0.5,9,39.99999999999992,130.704203,2
352.019415,0.0,0,0,22276820992,97.53249926098538,-258048,0.0,48,41,0.5,9,39.99999999999992,201.263846,2
352.019415,0.0,0,0,22276820992,97.53249926098538,-258048,0.0,48,42,0.5,9,40.000000000000036,169.639125,2
352.019415,0.0,0,0,22276820992,97.53249926098538,-258048,0.0,48,43,0.5,9,49.999999999999936,196.151379,2
352.019415,0.0,0,0,22276820992,97.53249926098538,-258048,0.0,48,44,0.5,9,39.99999999999992,87.763124,2
352.019415,0.0,0,0,22276820992,97.53249926098538,-258048,0.0,48,45,0.5,9,39.99999999999992,102.477241,2
352.019415,0.0,0,0,22276820992,97.53249926098538,-258048,0.0,48,46,0.5,9,39.99999999999992,135.158527,2
352.019415,0.0,0,0,22276820992,97.53249926098538,-258048,0.0,48,47,0.5,9,39.99999999999992,200.579511,2
352.019415,0.0,0,0,22276820992,97.53249926098538,-258048,0.0,48,48,0.5,9,40.000000000000036,119.719122,2
343.269472,0.0,0,0,22276820992,95.64885902036292,0,0.0,48,1,0.5,10,40.000000000000036,111.174773,2
343.269472,0.0,0,0,22276820992,95.64885902036292,0,0.0,48,2,0.5,10,40.000000000000036,178.207937,2
343.269472,0.0,0,0,22276820992,95.64885902036292,0,0.0,48,3,0.5,10,39.99999999999992,191.033956,2
343.269472,0.0,0,0,22276820992,95.64885902036292,0,0.0,48,4,0.5,10,49.999999999999936,134.454796,2
343.269472,0.0,0,0,22276820992,95.64885902036292,0,0.0,48,5,0.5,10,30.00000000000003,71.279752,2
343.269472,0.0,0,0,22276820992,95.64885902036292,0,0.0,48,6,0.5,10,39.99999999999992,108.404651,2
343.269472,0.0,0,0,22276820992,95.64885902036292,0,0.0,48,7,0.5,10,40.000000000000036,178.05449,2
343.269472,0.0,0,0,22276820992,95.64885902036292,0,0.0,48,8,0.5,10,40.000000000000036,59.501792,2
343.269472,0.0,0,0,22276820992,95.64885902036292,0,0.0,48,9,0.5,10,39.99999999999992,112.244059,2
343.269472,0.0,0,0,22276820992,95.64885902036292,0,0.0,48,10,0.5,10,40.000000000000036,102.565416,2
343.269472,0.0,0,0,22276820992,95.64885902036292,0,0.0,48,11,0.5,10,40.000000000000036,168.066216,2
343.269472,0.0,0,0,22276820992,95.64885902036292,0,0.0,48,12,0.5,10,50.00000000000004,179.810101,2
343.269472,0.0,0,0,22276820992,95.64885902036292,0,0.0,48,13,0.5,10,40.000000000000036,52.742992,2
343.269472,0.0,0,0,22276820992,95.64885902036292,0,0.0,48,14,0.5,10,40.000000000000036,224.315647,2
343.269472,0.0,0,0,22276820992,95.64885902036292,0,0.0,48,15,0.5,10,40.000000000000036,199.862337,2
343.269472,0.0,0,0,22276820992,95.64885902036292,0,0.0,48,16,0.5,10,40.000000000000036,207.967728,2
343.269472,0.0,0,0,22276820992,95.64885902036292,0,0.0,48,17,0.5,10,40.000000000000036,183.900417,2
343.269472,0.0,0,0,22276820992,95.64885902036292,0,0.0,48,18,0.5,10,40.000000000000036,53.959572,2
343.269472,0.0,0,0,22276820992,95.64885902036292,0,0.0,48,19,0.5,10,40.000000000000036,199.754235,2
343.269472,0.0,0,0,22276820992,95.64885902036292,0,0.0,48,20,0.5,10,40.000000000000036,171.641019,2
343.269472,0.0,0,0,22276820992,95.64885902036292,0,0.0,48,21,0.5,10,40.000000000000036,220.100135,2
343.269472,0.0,0,0,22276820992,95.64885902036292,0,0.0,48,22,0.5,10,40.000000000000036,210.370355,2
343.269472,0.0,0,0,22276820992,95.64885902036292,0,0.0,48,23,0.5,10,40.000000000000036,194.458763,2
343.269472,0.0,0,0,22276820992,95.64885902036292,0,0.0,48,24,0.5,10,40.000000000000036,182.895086,2
343.269472,0.0,0,0,22276820992,95.64885902036292,0,0.0,48,25,0.5,10,40.000000000000036,98.744112,2
343.269472,0.0,0,0,22276820992,95.64885902036292,0,0.0,48,26,0.5,10,40.000000000000036,55.743109,2
343.269472,0.0,0,0,22276820992,95.64885902036292,0,0.0,48,27,0.5,10,40.000000000000036,208.426223,2
343.269472,0.0,0,0,22276820992,95.64885902036292,0,0.0,48,28,0.5,10,40.000000000000036,174.564253,2
343.269472,0.0,0,0,22276820992,95.64885902036292,0,0.0,48,29,0.5,10,39.99999999999992,164.427945,2
343.269472,0.0,0,0,22276820992,95.64885902036292,0,0.0,48,30,0.5,10,40.000000000000036,202.362127,2
343.269472,0.0,0,0,22276820992,95.64885902036292,0,0.0,48,31,0.5,10,40.000000000000036,115.931567,2
343.269472,0.0,0,0,22276820992,95.64885902036292,0,0.0,48,32,0.5,10,40.000000000000036,145.305421,2
343.269472,0.0,0,0,22276820992,95.64885902036292,0,0.0,48,33,0.5,10,40.000000000000036,206.995712,2
343.269472,0.0,0,0,22276820992,95.64885902036292,0,0.0,48,34,0.5,10,40.000000000000036,188.889201,2
343.269472,0.0,0,0,22276820992,95.64885902036292,0,0.0,48,35,0.5,10,40.000000000000036,48.268453,2
343.269472,0.0,0,0,22276820992,95.64885902036292,0,0.0,48,36,0.5,10,40.000000000000036,190.784962,2
343.269472,0.0,0,0,22276820992,95.64885902036292,0,0.0,48,37,0.5,10,40.000000000000036,143.815711,2
343.269472,0.0,0,0,22276820992,95.64885902036292,0,0.0,48,38,0.5,10,40.000000000000036,151.563975,2
343.269472,0.0,0,0,22276820992,95.64885902036292,0,0.0,48,39,0.5,10,40.000000000000036,158.789392,2
343.269472,0.0,0,0,22276820992,95.64885902036292,0,0.0,48,40,0.5,10,40.000000000000036,179.505264,2
343.269472,0.0,0,0,22276820992,95.64885902036292,0,0.0,48,41,0.5,10,50.00000000000004,122.825044,2
343.269472,0.0,0,0,22276820992,95.64885902036292,0,0.0,48,42,0.5,10,39.99999999999992,107.508722,2
343.269472,0.0,0,0,22276820992,95.64885902036292,0,0.0,48,43,0.5,10,40.000000000000036,143.593879,2
343.269472,0.0,0,0,22276820992,95.64885902036292,0,0.0,48,44,0.5,10,40.000000000000036,173.00435,2
343.269472,0.0,0,0,22276820992,95.64885902036292,0,0.0,48,45,0.5,10,40.000000000000036,182.782336,2
343.269472,0.0,0,0,22276820992,95.64885902036292,0,0.0,48,46,0.5,10,40.000000000000036,157.236979,2
343.269472,0.0,0,0,22276820992,95.64885902036292,0,0.0,48,47,0.5,10,40.000000000000036,52.473417,2
343.269472,0.0,0,0,22276820992,95.64885902036292,0,0.0,48,48,0.5,10,39.99999999999992,170.349739,2
463.369523,0.8632419271131044,3018752,0,22212587520,97.114716800185,-1417216,0.0,64,1,0.5,1,39.99999999999998,281.611835,1
463.369523,0.8632419271131044,3018752,0,22212587520,97.114716800185,-1417216,0.0,64,2,0.5,1,40.00000000000001,273.987894,1
463.369523,0.8632419271131044,3018752,0,22212587520,97.114716800185,-1417216,0.0,64,3,0.5,1,39.99999999999998,225.35993,1
463.369523,0.8632419271131044,3018752,0,22212587520,97.114716800185,-1417216,0.0,64,4,0.5,1,40.00000000000001,120.182412,1
463.369523,0.8632419271131044,3018752,0,22212587520,97.114716800185,-1417216,0.0,64,5,0.5,1,39.99999999999998,112.732144,1
463.369523,0.8632419271131044,3018752,0,22212587520,97.114716800185,-1417216,0.0,64,6,0.5,1,40.00000000000001,45.186663,1
463.369523,0.8632419271131044,3018752,0,22212587520,97.114716800185,-1417216,0.0,64,7,0.5,1,49.999999999999986,292.284561,1
463.369523,0.8632419271131044,3018752,0,22212587520,97.114716800185,-1417216,0.0,64,8,0.5,1,39.99999999999998,335.818285,1
463.369523,0.8632419271131044,3018752,0,22212587520,97.114716800185,-1417216,0.0,64,9,0.5,1,49.999999999999986,354.400152,1
463.369523,0.8632419271131044,3018752,0,22212587520,97.114716800185,-1417216,0.0,64,10,0.5,1,40.00000000000001,224.078175,1
463.369523,0.8632419271131044,3018752,0,22212587520,97.114716800185,-1417216,0.0,64,11,0.5,1,49.999999999999986,222.402893,1
463.369523,0.8632419271131044,3018752,0,22212587520,97.114716800185,-1417216,0.0,64,12,0.5,1,39.99999999999998,223.701757,1
463.369523,0.8632419271131044,3018752,0,22212587520,97.114716800185,-1417216,0.0,64,13,0.5,1,39.99999999999998,385.636552,1
463.369523,0.8632419271131044,3018752,0,22212587520,97.114716800185,-1417216,0.0,64,14,0.5,1,40.00000000000001,361.398116,1
463.369523,0.8632419271131044,3018752,0,22212587520,97.114716800185,-1417216,0.0,64,15,0.5,1,40.00000000000001,107.141649,1
463.369523,0.8632419271131044,3018752,0,22212587520,97.114716800185,-1417216,0.0,64,16,0.5,1,39.99999999999998,373.706686,1
463.369523,0.8632419271131044,3018752,0,22212587520,97.114716800185,-1417216,0.0,64,17,0.5,1,40.00000000000001,381.994107,1
463.369523,0.8632419271131044,3018752,0,22212587520,97.114716800185,-1417216,0.0,64,18,0.5,1,39.99999999999998,367.514934,1
463.369523,0.8632419271131044,3018752,0,22212587520,97.114716800185,-1417216,0.0,64,19,0.5,1,39.99999999999998,355.319972,1
463.369523,0.8632419271131044,3018752,0,22212587520,97.114716800185,-1417216,0.0,64,20,0.5,1,40.00000000000001,391.599466,1
463.369523,0.8632419271131044,3018752,0,22212587520,97.114716800185,-1417216,0.0,64,21,0.5,1,40.00000000000001,389.820314,1
463.369523,0.8632419271131044,3018752,0,22212587520,97.114716800185,-1417216,0.0,64,22,0.5,1,40.00000000000001,291.639891,1
463.369523,0.8632419271131044,3018752,0,22212587520,97.114716800185,-1417216,0.0,64,23,0.5,1,49.999999999999986,375.163621,1
463.369523,0.8632419271131044,3018752,0,22212587520,97.114716800185,-1417216,0.0,64,24,0.5,1,39.99999999999998,267.062186,1
463.369523,0.8632419271131044,3018752,0,22212587520,97.114716800185,-1417216,0.0,64,25,0.5,1,40.00000000000001,383.003752,1
463.369523,0.8632419271131044,3018752,0,22212587520,97.114716800185,-1417216,0.0,64,26,0.5,1,39.99999999999998,375.213124,1
463.369523,0.8632419271131044,3018752,0,22212587520,97.114716800185,-1417216,0.0,64,27,0.5,1,39.99999999999998,151.933629,1
463.369523,0.8632419271131044,3018752,0,22212587520,97.114716800185,-1417216,0.0,64,28,0.5,1,39.99999999999998,377.822791,1
463.369523,0.8632419271131044,3018752,0,22212587520,97.114716800185,-1417216,0.0,64,29,0.5,1,49.999999999999986,275.724068,1
463.369523,0.8632419271131044,3018752,0,22212587520,97.114716800185,-1417216,0.0,64,30,0.5,1,39.99999999999998,379.03128,1
463.369523,0.8632419271131044,3018752,0,22212587520,97.114716800185,-1417216,0.0,64,31,0.5,1,49.999999999999986,69.120321,1
463.369523,0.8632419271131044,3018752,0,22212587520,97.114716800185,-1417216,0.0,64,32,0.5,1,49.999999999999986,361.244798,1
463.369523,0.8632419271131044,3018752,0,22212587520,97.114716800185,-1417216,0.0,64,33,0.5,1,39.99999999999998,383.052673,1
463.369523,0.8632419271131044,3018752,0,22212587520,97.114716800185,-1417216,0.0,64,34,0.5,1,39.99999999999998,374.703981,1
463.369523,0.8632419271131044,3018752,0,22212587520,97.114716800185,-1417216,0.0,64,35,0.5,1,39.99999999999998,288.696698,1
463.369523,0.8632419271131044,3018752,0,22212587520,97.114716800185,-1417216,0.0,64,36,0.5,1,40.00000000000001,343.590556,1
463.369523,0.8632419271131044,3018752,0,22212587520,97.114716800185,-1417216,0.0,64,37,0.5,1,40.00000000000001,354.577918,1
463.369523,0.8632419271131044,3018752,0,22212587520,97.114716800185,-1417216,0.0,64,38,0.5,1,39.99999999999998,333.333569,1
463.369523,0.8632419271131044,3018752,0,22212587520,97.114716800185,-1417216,0.0,64,39,0.5,1,39.99999999999998,324.701698,1
463.369523,0.8632419271131044,3018752,0,22212587520,97.114716800185,-1417216,0.0,64,40,0.5,1,40.00000000000001,320.695995,1
463.369523,0.8632419271131044,3018752,0,22212587520,97.114716800185,-1417216,0.0,64,41,0.5,1,39.99999999999998,316.83547,1
463.369523,0.8632419271131044,3018752,0,22212587520,97.114716800185,-1417216,0.0,64,42,0.5,1,39.99999999999998,312.455456,1
463.369523,0.8632419271131044,3018752,0,22212587520,97.114716800185,-1417216,0.0,64,43,0.5,1,39.99999999999998,315.355769,1
463.369523,0.8632419271131044,3018752,0,22212587520,97.114716800185,-1417216,0.0,64,44,0.5,1,39.99999999999998,271.879006,1
463.369523,0.8632419271131044,3018752,0,22212587520,97.114716800185,-1417216,0.0,64,45,0.5,1,39.99999999999998,306.162605,1
463.369523,0.8632419271131044,3018752,0,22212587520,97.114716800185,-1417216,0.0,64,46,0.5,1,39.99999999999998,267.481323,1
463.369523,0.8632419271131044,3018752,0,22212587520,97.114716800185,-1417216,0.0,64,47,0.5,1,39.99999999999998,200.013375,1
463.369523,0.8632419271131044,3018752,0,22212587520,97.114716800185,-1417216,0.0,64,48,0.5,1,39.99999999999998,286.587409,1
463.369523,0.8632419271131044,3018752,0,22212587520,97.114716800185,-1417216,0.0,64,49,0.5,1,40.00000000000001,291.427924,1
463.369523,0.8632419271131044,3018752,0,22212587520,97.114716800185,-1417216,0.0,64,50,0.5,1,39.99999999999998,258.29286,1
463.369523,0.8632419271131044,3018752,0,22212587520,97.114716800185,-1417216,0.0,64,51,0.5,1,49.999999999999986,257.993954,1
463.369523,0.8632419271131044,3018752,0,22212587520,97.114716800185,-1417216,0.0,64,52,0.5,1,40.00000000000001,292.69096,1
463.369523,0.8632419271131044,3018752,0,22212587520,97.114716800185,-1417216,0.0,64,53,0.5,1,39.99999999999998,305.031711,1
463.369523,0.8632419271131044,3018752,0,22212587520,97.114716800185,-1417216,0.0,64,54,0.5,1,39.99999999999998,277.796618,1
463.369523,0.8632419271131044,3018752,0,22212587520,97.114716800185,-1417216,0.0,64,55,0.5,1,39.99999999999998,301.280062,1
463.369523,0.8632419271131044,3018752,0,22212587520,97.114716800185,-1417216,0.0,64,56,0.5,1,40.00000000000001,289.344028,1
463.369523,0.8632419271131044,3018752,0,22212587520,97.114716800185,-1417216,0.0,64,57,0.5,1,40.00000000000001,227.78617,1
463.369523,0.8632419271131044,3018752,0,22212587520,97.114716800185,-1417216,0.0,64,58,0.5,1,39.99999999999998,269.116753,1
463.369523,0.8632419271131044,3018752,0,22212587520,97.114716800185,-1417216,0.0,64,59,0.5,1,40.00000000000001,274.767595,1
463.369523,0.8632419271131044,3018752,0,22212587520,97.114716800185,-1417216,0.0,64,60,0.5,1,39.99999999999998,242.561424,1
463.369523,0.8632419271131044,3018752,0,22212587520,97.114716800185,-1417216,0.0,64,61,0.5,1,50.000000000000014,232.707025,1
463.369523,0.8632419271131044,3018752,0,22212587520,97.114716800185,-1417216,0.0,64,62,0.5,1,39.99999999999998,232.188266,1
463.369523,0.8632419271131044,3018752,0,22212587520,97.114716800185,-1417216,0.0,64,63,0.5,1,40.00000000000001,232.215787,1
463.369523,0.8632419271131044,3018752,0,22212587520,97.114716800185,-1417216,0.0,64,64,0.5,1,49.999999999999986,211.456652,1
452.891483,0.0,0,0,22212587520,97.52152187564049,0,0.0,64,1,0.5,2,40.000000000000036,136.397892,1
452.891483,0.0,0,0,22212587520,97.52152187564049,0,0.0,64,2,0.5,2,40.00000000000001,96.188553,1
452.891483,0.0,0,0,22212587520,97.52152187564049,0,0.0,64,3,0.5,2,30.00000000000003,108.216545,1
452.891483,0.0,0,0,22212587520,97.52152187564049,0,0.0,64,4,0.5,2,40.00000000000001,51.777654,1
452.891483,0.0,0,0,22212587520,97.52152187564049,0,0.0,64,5,0.5,2,40.000000000000036,86.161487,1
452.891483,0.0,0,0,22212587520,97.52152187564049,0,0.0,64,6,0.5,2,39.99999999999998,40.920211,1
452.891483,0.0,0,0,22212587520,97.52152187564049,0,0.0,64,7,0.5,2,40.000000000000036,227.889507,1
452.891483,0.0,0,0,22212587520,97.52152187564049,0,0.0,64,8,0.5,2,40.000000000000036,96.016969,1
452.891483,0.0,0,0,22212587520,97.52152187564049,0,0.0,64,9,0.5,2,39.99999999999998,212.214247,1
452.891483,0.0,0,0,22212587520,97.52152187564049,0,0.0,64,10,0.5,2,30.00000000000003,140.018187,1
452.891483,0.0,0,0,22212587520,97.52152187564049,0,0.0,64,11,0.5,2,40.000000000000036,275.965213,1
452.891483,0.0,0,0,22212587520,97.52152187564049,0,0.0,64,12,0.5,2,40.000000000000036,142.13538,1
452.891483,0.0,0,0,22212587520,97.52152187564049,0,0.0,64,13,0.5,2,40.000000000000036,95.709945,1
452.891483,0.0,0,0,22212587520,97.52152187564049,0,0.0,64,14,0.5,2,39.99999999999998,239.872974,1
452.891483,0.0,0,0,22212587520,97.52152187564049,0,0.0,64,15,0.5,2,39.99999999999998,184.034983,1
452.891483,0.0,0,0,22212587520,97.52152187564049,0,0.0,64,16,0.5,2,40.000000000000036,179.963801,1
452.891483,0.0,0,0,22212587520,97.52152187564049,0,0.0,64,17,0.5,2,40.00000000000001,342.256404,1
452.891483,0.0,0,0,22212587520,97.52152187564049,0,0.0,64,18,0.5,2,40.000000000000036,255.461666,1
452.891483,0.0,0,0,22212587520,97.52152187564049,0,0.0,64,19,0.5,2,40.000000000000036,256.060748,1
452.891483,0.0,0,0,22212587520,97.52152187564049,0,0.0,64,20,0.5,2,39.99999999999998,291.849459,1
452.891483,0.0,0,0,22212587520,97.52152187564049,0,0.0,64,21,0.5,2,39.99999999999998,262.921319,1
452.891483,0.0,0,0,22212587520,97.52152187564049,0,0.0,64,22,0.5,2,49.999999999999986,343.95351,1
452.891483,0.0,0,0,22212587520,97.52152187564049,0,0.0,64,23,0.5,2,40.000000000000036,271.679786,1
452.891483,0.0,0,0,22212587520,97.52152187564049,0,0.0,64,24,0.5,2,40.000000000000036,225.844114,1
452.891483,0.0,0,0,22212587520,97.52152187564049,0,0.0,64,25,0.5,2,50.000000000000014,300.272137,1
452.891483,0.0,0,0,22212587520,97.52152187564049,0,0.0,64,26,0.5,2,40.000000000000036,290.765156,1
452.891483,0.0,0,0,22212587520,97.52152187564049,0,0.0,64,27,0.5,2,49.999999999999986,302.702738,1
452.891483,0.0,0,0,22212587520,97.52152187564049,0,0.0,64,28,0.5,2,49.999999999999986,250.919631,1
452.891483,0.0,0,0,22212587520,97.52152187564049,0,0.0,64,29,0.5,2,39.99999999999998,325.576401,1
452.891483,0.0,0,0,22212587520,97.52152187564049,0,0.0,64,30,0.5,2,40.000000000000036,279.408759,1
452.891483,0.0,0,0,22212587520,97.52152187564049,0,0.0,64,31,0.5,2,39.99999999999998,269.94283,1
452.891483,0.0,0,0,22212587520,97.52152187564049,0,0.0,64,32,0.5,2,39.99999999999998,248.112486,1
452.891483,0.0,0,0,22212587520,97.52152187564049,0,0.0,64,33,0.5,2,40.000000000000036,113.747132,1
452.891483,0.0,0,0,22212587520,97.52152187564049,0,0.0,64,34,0.5,2,40.000000000000036,238.188252,1
452.891483,0.0,0,0,22212587520,97.52152187564049,0,0.0,64,35,0.5,2,49.999999999999986,304.579811,1
452.891483,0.0,0,0,22212587520,97.52152187564049,0,0.0,64,36,0.5,2,39.99999999999998,266.598616,1
452.891483,0.0,0,0,22212587520,97.52152187564049,0,0.0,64,37,0.5,2,40.00000000000001,204.728394,1
452.891483,0.0,0,0,22212587520,97.52152187564049,0,0.0,64,38,0.5,2,49.999999999999986,245.51372,1
452.891483,0.0,0,0,22212587520,97.52152187564049,0,0.0,64,39,0.5,2,40.000000000000036,259.280147,1
452.891483,0.0,0,0,22212587520,97.52152187564049,0,0.0,64,40,0.5,2,40.00000000000001,257.645661,1
452.891483,0.0,0,0,22212587520,97.52152187564049,0,0.0,64,41,0.5,2,40.000000000000036,195.667032,1
452.891483,0.0,0,0,22212587520,97.52152187564049,0,0.0,64,42,0.5,2,40.000000000000036,287.414006,1
452.891483,0.0,0,0,22212587520,97.52152187564049,0,0.0,64,43,0.5,2,40.000000000000036,281.657566,1
452.891483,0.0,0,0,22212587520,97.52152187564049,0,0.0,64,44,0.5,2,40.000000000000036,302.850851,1
452.891483,0.0,0,0,22212587520,97.52152187564049,0,0.0,64,45,0.5,2,40.000000000000036,147.053541,1
452.891483,0.0,0,0,22212587520,97.52152187564049,0,0.0,64,46,0.5,2,40.000000000000036,289.85034,1
452.891483,0.0,0,0,22212587520,97.52152187564049,0,0.0,64,47,0.5,2,49.999999999999986,226.160028,1
452.891483,0.0,0,0,22212587520,97.52152187564049,0,0.0,64,48,0.5,2,40.000000000000036,283.345349,1
452.891483,0.0,0,0,22212587520,97.52152187564049,0,0.0,64,49,0.5,2,40.00000000000001,276.138911,1
452.891483,0.0,0,0,22212587520,97.52152187564049,0,0.0,64,50,0.5,2,40.000000000000036,236.787021,1
452.891483,0.0,0,0,22212587520,97.52152187564049,0,0.0,64,51,0.5,2,39.99999999999998,272.026742,1
452.891483,0.0,0,0,22212587520,97.52152187564049,0,0.0,64,52,0.5,2,39.99999999999998,225.701289,1
452.891483,0.0,0,0,22212587520,97.52152187564049,0,0.0,64,53,0.5,2,40.000000000000036,205.629321,1
452.891483,0.0,0,0,22212587520,97.52152187564049,0,0.0,64,54,0.5,2,40.000000000000036,230.32075,1
452.891483,0.0,0,0,22212587520,97.52152187564049,0,0.0,64,55,0.5,2,40.000000000000036,236.272656,1
452.891483,0.0,0,0,22212587520,97.52152187564049,0,0.0,64,56,0.5,2,40.00000000000001,204.75833,1
452.891483,0.0,0,0,22212587520,97.52152187564049,0,0.0,64,57,0.5,2,40.00000000000001,243.240765,1
452.891483,0.0,0,0,22212587520,97.52152187564049,0,0.0,64,58,0.5,2,40.000000000000036,193.785572,1
452.891483,0.0,0,0,22212587520,97.52152187564049,0,0.0,64,59,0.5,2,40.00000000000001,184.485612,1
452.891483,0.0,0,0,22212587520,97.52152187564049,0,0.0,64,60,0.5,2,40.000000000000036,216.821254,1
452.891483,0.0,0,0,22212587520,97.52152187564049,0,0.0,64,61,0.5,2,40.00000000000001,180.14018,1
452.891483,0.0,0,0,22212587520,97.52152187564049,0,0.0,64,62,0.5,2,40.000000000000036,184.451145,1
452.891483,0.0,0,0,22212587520,97.52152187564049,0,0.0,64,63,0.5,2,40.00000000000001,179.713365,1
452.891483,0.0,0,0,22212587520,97.52152187564049,0,0.0,64,64,0.5,2,39.99999999999998,206.241945,1
462.91511099999997,0.0,0,0,22212153344,97.21004765384937,-434176,0.0,64,1,0.5,3,39.99999999999998,66.096306,1
462.91511099999997,0.0,0,0,22212153344,97.21004765384937,-434176,0.0,64,2,0.5,3,39.99999999999998,113.385796,1
462.91511099999997,0.0,0,0,22212153344,97.21004765384937,-434176,0.0,64,3,0.5,3,39.99999999999998,117.155314,1
462.91511099999997,0.0,0,0,22212153344,97.21004765384937,-434176,0.0,64,4,0.5,3,39.99999999999998,103.571402,1
462.91511099999997,0.0,0,0,22212153344,97.21004765384937,-434176,0.0,64,5,0.5,3,39.99999999999998,44.860008,1
462.91511099999997,0.0,0,0,22212153344,97.21004765384937,-434176,0.0,64,6,0.5,3,40.000000000000036,163.685856,1
462.91511099999997,0.0,0,0,22212153344,97.21004765384937,-434176,0.0,64,7,0.5,3,39.99999999999998,42.046545,1
462.91511099999997,0.0,0,0,22212153344,97.21004765384937,-434176,0.0,64,8,0.5,3,39.99999999999998,175.719119,1
462.91511099999997,0.0,0,0,22212153344,97.21004765384937,-434176,0.0,64,9,0.5,3,40.000000000000036,167.999537,1
462.91511099999997,0.0,0,0,22212153344,97.21004765384937,-434176,0.0,64,10,0.5,3,49.999999999999986,216.015365,1
462.91511099999997,0.0,0,0,22212153344,97.21004765384937,-434176,0.0,64,11,0.5,3,29.99999999999997,151.33575,1
462.91511099999997,0.0,0,0,22212153344,97.21004765384937,-434176,0.0,64,12,0.5,3,39.99999999999998,146.692701,1
462.91511099999997,0.0,0,0,22212153344,97.21004765384937,-434176,0.0,64,13,0.5,3,39.99999999999998,257.052203,1
462.91511099999997,0.0,0,0,22212153344,97.21004765384937,-434176,0.0,64,14,0.5,3,40.000000000000036,183.811031,1
462.91511099999997,0.0,0,0,22212153344,97.21004765384937,-434176,0.0,64,15,0.5,3,40.000000000000036,42.889607,1
462.91511099999997,0.0,0,0,22212153344,97.21004765384937,-434176,0.0,64,16,0.5,3,39.99999999999998,141.537499,1
462.91511099999997,0.0,0,0,22212153344,97.21004765384937,-434176,0.0,64,17,0.5,3,39.99999999999998,144.202363,1
462.91511099999997,0.0,0,0,22212153344,97.21004765384937,-434176,0.0,64,18,0.5,3,49.999999999999986,287.906931,1
462.91511099999997,0.0,0,0,22212153344,97.21004765384937,-434176,0.0,64,19,0.5,3,49.999999999999986,295.646203,1
462.91511099999997,0.0,0,0,22212153344,97.21004765384937,-434176,0.0,64,20,0.5,3,40.000000000000036,290.167853,1
462.91511099999997,0.0,0,0,22212153344,97.21004765384937,-434176,0.0,64,21,0.5,3,40.000000000000036,313.947448,1
462.91511099999997,0.0,0,0,22212153344,97.21004765384937,-434176,0.0,64,22,0.5,3,40.000000000000036,199.777563,1
462.91511099999997,0.0,0,0,22212153344,97.21004765384937,-434176,0.0,64,23,0.5,3,39.99999999999998,170.9174,1
462.91511099999997,0.0,0,0,22212153344,97.21004765384937,-434176,0.0,64,24,0.5,3,39.99999999999998,124.575983,1
462.91511099999997,0.0,0,0,22212153344,97.21004765384937,-434176,0.0,64,25,0.5,3,39.99999999999998,260.49421,1
462.91511099999997,0.0,0,0,22212153344,97.21004765384937,-434176,0.0,64,26,0.5,3,39.99999999999998,262.403475,1
462.91511099999997,0.0,0,0,22212153344,97.21004765384937,-434176,0.0,64,27,0.5,3,40.000000000000036,223.345908,1
462.91511099999997,0.0,0,0,22212153344,97.21004765384937,-434176,0.0,64,28,0.5,3,40.000000000000036,331.754316,1
462.91511099999997,0.0,0,0,22212153344,97.21004765384937,-434176,0.0,64,29,0.5,3,40.000000000000036,224.123396,1
462.91511099999997,0.0,0,0,22212153344,97.21004765384937,-434176,0.0,64,30,0.5,3,49.999999999999986,305.95134,1
462.91511099999997,0.0,0,0,22212153344,97.21004765384937,-434176,0.0,64,31,0.5,3,40.000000000000036,300.262906,1
462.91511099999997,0.0,0,0,22212153344,97.21004765384937,-434176,0.0,64,32,0.5,3,40.000000000000036,264.028006,1
462.91511099999997,0.0,0,0,22212153344,97.21004765384937,-434176,0.0,64,33,0.5,3,49.999999999999986,319.406308,1
462.91511099999997,0.0,0,0,22212153344,97.21004765384937,-434176,0.0,64,34,0.5,3,39.99999999999998,179.876411,1
462.91511099999997,0.0,0,0,22212153344,97.21004765384937,-434176,0.0,64,35,0.5,3,40.000000000000036,224.989066,1
462.91511099999997,0.0,0,0,22212153344,97.21004765384937,-434176,0.0,64,36,0.5,3,40.000000000000036,291.797156,1
462.91511099999997,0.0,0,0,22212153344,97.21004765384937,-434176,0.0,64,37,0.5,3,39.99999999999998,195.699501,1
462.91511099999997,0.0,0,0,22212153344,97.21004765384937,-434176,0.0,64,38,0.5,3,40.000000000000036,298.710268,1
462.91511099999997,0.0,0,0,22212153344,97.21004765384937,-434176,0.0,64,39,0.5,3,49.999999999999986,286.4555,1
462.91511099999997,0.0,0,0,22212153344,97.21004765384937,-434176,0.0,64,40,0.5,3,39.99999999999998,283.989824,1
462.91511099999997,0.0,0,0,22212153344,97.21004765384937,-434176,0.0,64,41,0.5,3,39.99999999999998,258.385076,1
462.91511099999997,0.0,0,0,22212153344,97.21004765384937,-434176,0.0,64,42,0.5,3,39.99999999999998,180.363296,1
462.91511099999997,0.0,0,0,22212153344,97.21004765384937,-434176,0.0,64,43,0.5,3,49.999999999999986,276.603745,1
462.91511099999997,0.0,0,0,22212153344,97.21004765384937,-434176,0.0,64,44,0.5,3,49.999999999999986,232.340654,1
462.91511099999997,0.0,0,0,22212153344,97.21004765384937,-434176,0.0,64,45,0.5,3,49.999999999999986,214.651348,1
462.91511099999997,0.0,0,0,22212153344,97.21004765384937,-434176,0.0,64,46,0.5,3,39.99999999999998,254.424748,1
462.91511099999997,0.0,0,0,22212153344,97.21004765384937,-434176,0.0,64,47,0.5,3,40.000000000000036,220.110377,1
462.91511099999997,0.0,0,0,22212153344,97.21004765384937,-434176,0.0,64,48,0.5,3,39.99999999999998,181.71463,1
462.91511099999997,0.0,0,0,22212153344,97.21004765384937,-434176,0.0,64,49,0.5,3,49.999999999999986,164.713463,1
462.91511099999997,0.0,0,0,22212153344,97.21004765384937,-434176,0.0,64,50,0.5,3,39.99999999999998,234.304089,1
462.91511099999997,0.0,0,0,22212153344,97.21004765384937,-434176,0.0,64,51,0.5,3,40.000000000000036,184.32961,1
462.91511099999997,0.0,0,0,22212153344,97.21004765384937,-434176,0.0,64,52,0.5,3,40.000000000000036,250.659969,1
462.91511099999997,0.0,0,0,22212153344,97.21004765384937,-434176,0.0,64,53,0.5,3,49.999999999999986,260.822395,1
462.91511099999997,0.0,0,0,22212153344,97.21004765384937,-434176,0.0,64,54,0.5,3,39.99999999999998,264.140565,1
462.91511099999997,0.0,0,0,22212153344,97.21004765384937,-434176,0.0,64,55,0.5,3,39.99999999999998,260.866367,1
462.91511099999997,0.0,0,0,22212153344,97.21004765384937,-434176,0.0,64,56,0.5,3,39.99999999999998,257.304955,1
462.91511099999997,0.0,0,0,22212153344,97.21004765384937,-434176,0.0,64,57,0.5,3,39.99999999999998,238.060855,1
462.91511099999997,0.0,0,0,22212153344,97.21004765384937,-434176,0.0,64,58,0.5,3,39.99999999999998,261.843356,1
462.91511099999997,0.0,0,0,22212153344,97.21004765384937,-434176,0.0,64,59,0.5,3,39.99999999999998,249.644431,1
462.91511099999997,0.0,0,0,22212153344,97.21004765384937,-434176,0.0,64,60,0.5,3,39.99999999999998,255.511404,1
462.91511099999997,0.0,0,0,22212153344,97.21004765384937,-434176,0.0,64,61,0.5,3,39.99999999999998,235.425457,1
462.91511099999997,0.0,0,0,22212153344,97.21004765384937,-434176,0.0,64,62,0.5,3,39.99999999999998,183.396077,1
462.91511099999997,0.0,0,0,22212153344,97.21004765384937,-434176,0.0,64,63,0.5,3,39.99999999999998,233.417208,1
462.91511099999997,0.0,0,0,22212153344,97.21004765384937,-434176,0.0,64,64,0.5,3,40.000000000000036,232.321555,1
468.362149,0.0,0,0,22212153344,96.7911976450889,0,0.0,64,1,0.5,4,39.99999999999998,136.060349,1
468.362149,0.0,0,0,22212153344,96.7911976450889,0,0.0,64,2,0.5,4,39.99999999999998,280.068391,1
468.362149,0.0,0,0,22212153344,96.7911976450889,0,0.0,64,3,0.5,4,39.99999999999998,120.75603,1
468.362149,0.0,0,0,22212153344,96.7911976450889,0,0.0,64,4,0.5,4,39.99999999999998,131.088646,1
468.362149,0.0,0,0,22212153344,96.7911976450889,0,0.0,64,5,0.5,4,39.99999999999998,271.507694,1
468.362149,0.0,0,0,22212153344,96.7911976450889,0,0.0,64,6,0.5,4,39.99999999999998,282.756735,1
468.362149,0.0,0,0,22212153344,96.7911976450889,0,0.0,64,7,0.5,4,39.99999999999998,119.028711,1
468.362149,0.0,0,0,22212153344,96.7911976450889,0,0.0,64,8,0.5,4,39.99999999999998,117.088186,1
468.362149,0.0,0,0,22212153344,96.7911976450889,0,0.0,64,9,0.5,4,39.99999999999998,179.927005,1
468.362149,0.0,0,0,22212153344,96.7911976450889,0,0.0,64,10,0.5,4,29.99999999999997,123.985787,1
468.362149,0.0,0,0,22212153344,96.7911976450889,0,0.0,64,11,0.5,4,39.99999999999998,175.281837,1
468.362149,0.0,0,0,22212153344,96.7911976450889,0,0.0,64,12,0.5,4,39.99999999999998,175.525995,1
468.362149,0.0,0,0,22212153344,96.7911976450889,0,0.0,64,13,0.5,4,49.999999999999986,424.263842,1
468.362149,0.0,0,0,22212153344,96.7911976450889,0,0.0,64,14,0.5,4,39.99999999999998,423.664858,1
468.362149,0.0,0,0,22212153344,96.7911976450889,0,0.0,64,15,0.5,4,39.99999999999998,407.582735,1
468.362149,0.0,0,0,22212153344,96.7911976450889,0,0.0,64,16,0.5,4,39.99999999999998,323.909697,1
468.362149,0.0,0,0,22212153344,96.7911976450889,0,0.0,64,17,0.5,4,49.999999999999986,417.571893,1
468.362149,0.0,0,0,22212153344,96.7911976450889,0,0.0,64,18,0.5,4,39.99999999999998,339.514196,1
468.362149,0.0,0,0,22212153344,96.7911976450889,0,0.0,64,19,0.5,4,39.99999999999998,339.147364,1
468.362149,0.0,0,0,22212153344,96.7911976450889,0,0.0,64,20,0.5,4,39.99999999999998,244.020871,1
468.362149,0.0,0,0,22212153344,96.7911976450889,0,0.0,64,21,0.5,4,49.999999999999986,343.450544,1
468.362149,0.0,0,0,22212153344,96.7911976450889,0,0.0,64,22,0.5,4,39.99999999999998,403.956579,1
468.362149,0.0,0,0,22212153344,96.7911976450889,0,0.0,64,23,0.5,4,39.99999999999998,364.413412,1
468.362149,0.0,0,0,22212153344,96.7911976450889,0,0.0,64,24,0.5,4,39.99999999999998,68.089089,1
468.362149,0.0,0,0,22212153344,96.7911976450889,0,0.0,64,25,0.5,4,39.99999999999998,396.91416,1
468.362149,0.0,0,0,22212153344,96.7911976450889,0,0.0,64,26,0.5,4,39.99999999999998,372.539223,1
468.362149,0.0,0,0,22212153344,96.7911976450889,0,0.0,64,27,0.5,4,39.99999999999998,393.793189,1
468.362149,0.0,0,0,22212153344,96.7911976450889,0,0.0,64,28,0.5,4,39.99999999999998,223.577137,1
468.362149,0.0,0,0,22212153344,96.7911976450889,0,0.0,64,29,0.5,4,39.99999999999998,392.704561,1
468.362149,0.0,0,0,22212153344,96.7911976450889,0,0.0,64,30,0.5,4,39.99999999999998,393.395504,1
468.362149,0.0,0,0,22212153344,96.7911976450889,0,0.0,64,31,0.5,4,49.999999999999986,374.143112,1
468.362149,0.0,0,0,22212153344,96.7911976450889,0,0.0,64,32,0.5,4,39.99999999999998,388.79195,1
468.362149,0.0,0,0,22212153344,96.7911976450889,0,0.0,64,33,0.5,4,39.99999999999998,263.336871,1
468.362149,0.0,0,0,22212153344,96.7911976450889,0,0.0,64,34,0.5,4,49.999999999999986,320.833476,1
468.362149,0.0,0,0,22212153344,96.7911976450889,0,0.0,64,35,0.5,4,39.99999999999998,251.950149,1
468.362149,0.0,0,0,22212153344,96.7911976450889,0,0.0,64,36,0.5,4,49.999999999999986,263.525934,1
468.362149,0.0,0,0,22212153344,96.7911976450889,0,0.0,64,37,0.5,4,49.999999999999986,345.12581,1
468.362149,0.0,0,0,22212153344,96.7911976450889,0,0.0,64,38,0.5,4,39.99999999999998,300.732482,1
468.362149,0.0,0,0,22212153344,96.7911976450889,0,0.0,64,39,0.5,4,39.99999999999998,274.840229,1
468.362149,0.0,0,0,22212153344,96.7911976450889,0,0.0,64,40,0.5,4,39.99999999999998,262.667879,1
468.362149,0.0,0,0,22212153344,96.7911976450889,0,0.0,64,41,0.5,4,39.99999999999998,301.822467,1
468.362149,0.0,0,0,22212153344,96.7911976450889,0,0.0,64,42,0.5,4,49.999999999999986,330.387945,1
468.362149,0.0,0,0,22212153344,96.7911976450889,0,0.0,64,43,0.5,4,39.99999999999998,154.634356,1
468.362149,0.0,0,0,22212153344,96.7911976450889,0,0.0,64,44,0.5,4,39.99999999999998,259.995537,1
468.362149,0.0,0,0,22212153344,96.7911976450889,0,0.0,64,45,0.5,4,39.99999999999998,220.139707,1
468.362149,0.0,0,0,22212153344,96.7911976450889,0,0.0,64,46,0.5,4,49.999999999999986,295.172868,1
468.362149,0.0,0,0,22212153344,96.7911976450889,0,0.0,64,47,0.5,4,39.99999999999998,264.281713,1
468.362149,0.0,0,0,22212153344,96.7911976450889,0,0.0,64,48,0.5,4,39.99999999999998,257.0943,1
468.362149,0.0,0,0,22212153344,96.7911976450889,0,0.0,64,49,0.5,4,39.99999999999998,279.7174,1
468.362149,0.0,0,0,22212153344,96.7911976450889,0,0.0,64,50,0.5,4,39.99999999999998,257.258695,1
468.362149,0.0,0,0,22212153344,96.7911976450889,0,0.0,64,51,0.5,4,39.99999999999998,228.585852,1
468.362149,0.0,0,0,22212153344,96.7911976450889,0,0.0,64,52,0.5,4,39.99999999999998,254.981072,1
468.362149,0.0,0,0,22212153344,96.7911976450889,0,0.0,64,53,0.5,4,39.99999999999998,232.04417,1
468.362149,0.0,0,0,22212153344,96.7911976450889,0,0.0,64,54,0.5,4,39.99999999999998,252.221598,1
468.362149,0.0,0,0,22212153344,96.7911976450889,0,0.0,64,55,0.5,4,39.99999999999998,225.983141,1
468.362149,0.0,0,0,22212153344,96.7911976450889,0,0.0,64,56,0.5,4,49.999999999999986,279.583146,1
468.362149,0.0,0,0,22212153344,96.7911976450889,0,0.0,64,57,0.5,4,39.99999999999998,244.465133,1
468.362149,0.0,0,0,22212153344,96.7911976450889,0,0.0,64,58,0.5,4,39.99999999999998,230.951189,1
468.362149,0.0,0,0,22212153344,96.7911976450889,0,0.0,64,59,0.5,4,49.999999999999986,287.990009,1
468.362149,0.0,0,0,22212153344,96.7911976450889,0,0.0,64,60,0.5,4,39.99999999999998,194.685708,1
468.362149,0.0,0,0,22212153344,96.7911976450889,0,0.0,64,61,0.5,4,39.99999999999998,191.546112,1
468.362149,0.0,0,0,22212153344,96.7911976450889,0,0.0,64,62,0.5,4,39.99999999999998,271.391873,1
468.362149,0.0,0,0,22212153344,96.7911976450889,0,0.0,64,63,0.5,4,49.999999999999986,233.962612,1
468.362149,0.0,0,0,22212153344,96.7911976450889,0,0.0,64,64,0.5,4,39.99999999999998,222.471045,1
465.073161,0.0,0,0,22211088384,97.47570303959643,-1064960,0.0,64,1,0.5,5,40.000000000000036,149.192586,1
465.073161,0.0,0,0,22211088384,97.47570303959643,-1064960,0.0,64,2,0.5,5,40.000000000000036,151.323244,1
465.073161,0.0,0,0,22211088384,97.47570303959643,-1064960,0.0,64,3,0.5,5,50.00000000000004,199.722988,1
465.073161,0.0,0,0,22211088384,97.47570303959643,-1064960,0.0,64,4,0.5,5,40.000000000000036,41.390751,1
465.073161,0.0,0,0,22211088384,97.47570303959643,-1064960,0.0,64,5,0.5,5,40.000000000000036,194.519197,1
465.073161,0.0,0,0,22211088384,97.47570303959643,-1064960,0.0,64,6,0.5,5,39.99999999999998,41.985835,1
465.073161,0.0,0,0,22211088384,97.47570303959643,-1064960,0.0,64,7,0.5,5,40.000000000000036,146.985853,1
465.073161,0.0,0,0,22211088384,97.47570303959643,-1064960,0.0,64,8,0.5,5,40.000000000000036,84.077217,1
465.073161,0.0,0,0,22211088384,97.47570303959643,-1064960,0.0,64,9,0.5,5,39.99999999999998,108.415851,1
465.073161,0.0,0,0,22211088384,97.47570303959643,-1064960,0.0,64,10,0.5,5,40.000000000000036,156.147844,1
465.073161,0.0,0,0,22211088384,97.47570303959643,-1064960,0.0,64,11,0.5,5,40.000000000000036,162.477434,1
465.073161,0.0,0,0,22211088384,97.47570303959643,-1064960,0.0,64,12,0.5,5,40.000000000000036,114.4559,1
465.073161,0.0,0,0,22211088384,97.47570303959643,-1064960,0.0,64,13,0.5,5,39.99999999999998,191.855191,1
465.073161,0.0,0,0,22211088384,97.47570303959643,-1064960,0.0,64,14,0.5,5,39.99999999999998,188.273558,1
465.073161,0.0,0,0,22211088384,97.47570303959643,-1064960,0.0,64,15,0.5,5,49.999999999999986,311.834113,1
465.073161,0.0,0,0,22211088384,97.47570303959643,-1064960,0.0,64,16,0.5,5,40.000000000000036,202.038469,1
465.073161,0.0,0,0,22211088384,97.47570303959643,-1064960,0.0,64,17,0.5,5,40.000000000000036,223.715788,1
465.073161,0.0,0,0,22211088384,97.47570303959643,-1064960,0.0,64,18,0.5,5,39.99999999999998,342.533517,1
465.073161,0.0,0,0,22211088384,97.47570303959643,-1064960,0.0,64,19,0.5,5,39.99999999999998,321.348724,1
465.073161,0.0,0,0,22211088384,97.47570303959643,-1064960,0.0,64,20,0.5,5,49.999999999999986,344.149949,1
465.073161,0.0,0,0,22211088384,97.47570303959643,-1064960,0.0,64,21,0.5,5,39.99999999999998,319.494371,1
465.073161,0.0,0,0,22211088384,97.47570303959643,-1064960,0.0,64,22,0.5,5,49.999999999999986,243.172113,1
465.073161,0.0,0,0,22211088384,97.47570303959643,-1064960,0.0,64,23,0.5,5,49.999999999999986,351.336171,1
465.073161,0.0,0,0,22211088384,97.47570303959643,-1064960,0.0,64,24,0.5,5,30.00000000000003,137.354491,1
465.073161,0.0,0,0,22211088384,97.47570303959643,-1064960,0.0,64,25,0.5,5,40.000000000000036,169.406957,1
465.073161,0.0,0,0,22211088384,97.47570303959643,-1064960,0.0,64,26,0.5,5,49.999999999999986,355.441253,1
465.073161,0.0,0,0,22211088384,97.47570303959643,-1064960,0.0,64,27,0.5,5,39.99999999999998,219.647753,1
465.073161,0.0,0,0,22211088384,97.47570303959643,-1064960,0.0,64,28,0.5,5,39.99999999999998,341.939847,1
465.073161,0.0,0,0,22211088384,97.47570303959643,-1064960,0.0,64,29,0.5,5,39.99999999999998,223.716152,1
465.073161,0.0,0,0,22211088384,97.47570303959643,-1064960,0.0,64,30,0.5,5,39.99999999999998,235.782118,1
465.073161,0.0,0,0,22211088384,97.47570303959643,-1064960,0.0,64,31,0.5,5,39.99999999999998,254.0125,1
465.073161,0.0,0,0,22211088384,97.47570303959643,-1064960,0.0,64,32,0.5,5,39.99999999999998,148.182393,1
465.073161,0.0,0,0,22211088384,97.47570303959643,-1064960,0.0,64,33,0.5,5,39.99999999999998,327.475178,1
465.073161,0.0,0,0,22211088384,97.47570303959643,-1064960,0.0,64,34,0.5,5,39.99999999999998,306.951744,1
465.073161,0.0,0,0,22211088384,97.47570303959643,-1064960,0.0,64,35,0.5,5,49.999999999999986,242.685816,1
465.073161,0.0,0,0,22211088384,97.47570303959643,-1064960,0.0,64,36,0.5,5,39.99999999999998,321.265985,1
465.073161,0.0,0,0,22211088384,97.47570303959643,-1064960,0.0,64,37,0.5,5,40.000000000000036,283.179947,1
465.073161,0.0,0,0,22211088384,97.47570303959643,-1064960,0.0,64,38,0.5,5,39.99999999999998,332.526258,1
465.073161,0.0,0,0,22211088384,97.47570303959643,-1064960,0.0,64,39,0.5,5,39.99999999999998,325.879765,1
465.073161,0.0,0,0,22211088384,97.47570303959643,-1064960,0.0,64,40,0.5,5,50.00000000000004,332.768959,1
465.073161,0.0,0,0,22211088384,97.47570303959643,-1064960,0.0,64,41,0.5,5,40.000000000000036,300.912829,1
465.073161,0.0,0,0,22211088384,97.47570303959643,-1064960,0.0,64,42,0.5,5,39.99999999999998,240.737228,1
465.073161,0.0,0,0,22211088384,97.47570303959643,-1064960,0.0,64,43,0.5,5,39.99999999999998,305.544021,1
465.073161,0.0,0,0,22211088384,97.47570303959643,-1064960,0.0,64,44,0.5,5,39.99999999999998,272.273817,1
465.073161,0.0,0,0,22211088384,97.47570303959643,-1064960,0.0,64,45,0.5,5,39.99999999999998,286.693952,1
465.073161,0.0,0,0,22211088384,97.47570303959643,-1064960,0.0,64,46,0.5,5,39.99999999999998,291.916094,1
465.073161,0.0,0,0,22211088384,97.47570303959643,-1064960,0.0,64,47,0.5,5,39.99999999999998,295.255748,1
465.073161,0.0,0,0,22211088384,97.47570303959643,-1064960,0.0,64,48,0.5,5,49.999999999999986,234.44905,1
465.073161,0.0,0,0,22211088384,97.47570303959643,-1064960,0.0,64,49,0.5,5,40.000000000000036,275.418484,1
465.073161,0.0,0,0,22211088384,97.47570303959643,-1064960,0.0,64,50,0.5,5,40.000000000000036,287.94474,1
465.073161,0.0,0,0,22211088384,97.47570303959643,-1064960,0.0,64,51,0.5,5,39.99999999999998,256.493373,1
465.073161,0.0,0,0,22211088384,97.47570303959643,-1064960,0.0,64,52,0.5,5,30.00000000000003,280.42988,1
465.073161,0.0,0,0,22211088384,97.47570303959643,-1064960,0.0,64,53,0.5,5,39.99999999999998,260.205649,1
465.073161,0.0,0,0,22211088384,97.47570303959643,-1064960,0.0,64,54,0.5,5,40.000000000000036,265.073501,1
465.073161,0.0,0,0,22211088384,97.47570303959643,-1064960,0.0,64,55,0.5,5,40.000000000000036,213.269913,1
465.073161,0.0,0,0,22211088384,97.47570303959643,-1064960,0.0,64,56,0.5,5,40.000000000000036,165.542219,1
465.073161,0.0,0,0,22211088384,97.47570303959643,-1064960,0.0,64,57,0.5,5,50.00000000000004,239.100882,1
465.073161,0.0,0,0,22211088384,97.47570303959643,-1064960,0.0,64,58,0.5,5,40.000000000000036,247.249017,1
465.073161,0.0,0,0,22211088384,97.47570303959643,-1064960,0.0,64,59,0.5,5,40.000000000000036,252.872633,1
465.073161,0.0,0,0,22211088384,97.47570303959643,-1064960,0.0,64,60,0.5,5,50.00000000000004,247.09242,1
465.073161,0.0,0,0,22211088384,97.47570303959643,-1064960,0.0,64,61,0.5,5,40.000000000000036,256.423128,1
465.073161,0.0,0,0,22211088384,97.47570303959643,-1064960,0.0,64,62,0.5,5,40.000000000000036,147.883589,1
465.073161,0.0,0,0,22211088384,97.47570303959643,-1064960,0.0,64,63,0.5,5,40.000000000000036,249.109638,1
465.073161,0.0,0,0,22211088384,97.47570303959643,-1064960,0.0,64,64,0.5,5,39.99999999999998,194.671577,1
446.37262,0.0,0,0,22211088384,98.57235419148383,0,0.0,64,1,0.5,6,39.99999999999998,45.01435,1
446.37262,0.0,0,0,22211088384,98.57235419148383,0,0.0,64,2,0.5,6,39.99999999999998,48.45164,1
446.37262,0.0,0,0,22211088384,98.57235419148383,0,0.0,64,3,0.5,6,39.99999999999998,117.386482,1
446.37262,0.0,0,0,22211088384,98.57235419148383,0,0.0,64,4,0.5,6,39.99999999999998,77.754249,1
446.37262,0.0,0,0,22211088384,98.57235419148383,0,0.0,64,5,0.5,6,49.999999999999986,175.23918,1
446.37262,0.0,0,0,22211088384,98.57235419148383,0,0.0,64,6,0.5,6,40.000000000000036,60.988505,1
446.37262,0.0,0,0,22211088384,98.57235419148383,0,0.0,64,7,0.5,6,39.99999999999998,88.135377,1
446.37262,0.0,0,0,22211088384,98.57235419148383,0,0.0,64,8,0.5,6,39.99999999999998,143.916313,1
446.37262,0.0,0,0,22211088384,98.57235419148383,0,0.0,64,9,0.5,6,40.000000000000036,119.703259,1
446.37262,0.0,0,0,22211088384,98.57235419148383,0,0.0,64,10,0.5,6,39.99999999999998,93.53928,1
446.37262,0.0,0,0,22211088384,98.57235419148383,0,0.0,64,11,0.5,6,39.99999999999998,50.101639,1
446.37262,0.0,0,0,22211088384,98.57235419148383,0,0.0,64,12,0.5,6,29.99999999999997,139.759489,1
446.37262,0.0,0,0,22211088384,98.57235419148383,0,0.0,64,13,0.5,6,40.000000000000036,291.943746,1
446.37262,0.0,0,0,22211088384,98.57235419148383,0,0.0,64,14,0.5,6,40.000000000000036,167.899531,1
446.37262,0.0,0,0,22211088384,98.57235419148383,0,0.0,64,15,0.5,6,40.000000000000036,72.08271,1
446.37262,0.0,0,0,22211088384,98.57235419148383,0,0.0,64,16,0.5,6,39.99999999999998,155.311547,1
446.37262,0.0,0,0,22211088384,98.57235419148383,0,0.0,64,17,0.5,6,39.99999999999998,304.849065,1
446.37262,0.0,0,0,22211088384,98.57235419148383,0,0.0,64,18,0.5,6,40.000000000000036,111.597629,1
446.37262,0.0,0,0,22211088384,98.57235419148383,0,0.0,64,19,0.5,6,40.000000000000036,137.625183,1
446.37262,0.0,0,0,22211088384,98.57235419148383,0,0.0,64,20,0.5,6,30.00000000000003,122.169469,1
446.37262,0.0,0,0,22211088384,98.57235419148383,0,0.0,64,21,0.5,6,40.000000000000036,307.107024,1
446.37262,0.0,0,0,22211088384,98.57235419148383,0,0.0,64,22,0.5,6,30.00000000000003,145.732727,1
446.37262,0.0,0,0,22211088384,98.57235419148383,0,0.0,64,23,0.5,6,40.000000000000036,77.999941,1
446.37262,0.0,0,0,22211088384,98.57235419148383,0,0.0,64,24,0.5,6,39.99999999999998,145.202782,1
446.37262,0.0,0,0,22211088384,98.57235419148383,0,0.0,64,25,0.5,6,49.999999999999986,303.367139,1
446.37262,0.0,0,0,22211088384,98.57235419148383,0,0.0,64,26,0.5,6,40.000000000000036,184.689375,1
446.37262,0.0,0,0,22211088384,98.57235419148383,0,0.0,64,27,0.5,6,40.000000000000036,180.045056,1
446.37262,0.0,0,0,22211088384,98.57235419148383,0,0.0,64,28,0.5,6,40.000000000000036,94.597445,1
446.37262,0.0,0,0,22211088384,98.57235419148383,0,0.0,64,29,0.5,6,50.00000000000004,287.752444,1
446.37262,0.0,0,0,22211088384,98.57235419148383,0,0.0,64,30,0.5,6,40.000000000000036,248.968184,1
446.37262,0.0,0,0,22211088384,98.57235419148383,0,0.0,64,31,0.5,6,40.000000000000036,264.825408,1
446.37262,0.0,0,0,22211088384,98.57235419148383,0,0.0,64,32,0.5,6,50.00000000000004,240.490765,1
446.37262,0.0,0,0,22211088384,98.57235419148383,0,0.0,64,33,0.5,6,40.000000000000036,268.066613,1
446.37262,0.0,0,0,22211088384,98.57235419148383,0,0.0,64,34,0.5,6,40.000000000000036,225.510543,1
446.37262,0.0,0,0,22211088384,98.57235419148383,0,0.0,64,35,0.5,6,40.000000000000036,267.99307,1
446.37262,0.0,0,0,22211088384,98.57235419148383,0,0.0,64,36,0.5,6,40.000000000000036,69.731659,1
446.37262,0.0,0,0,22211088384,98.57235419148383,0,0.0,64,37,0.5,6,39.99999999999998,260.378672,1
446.37262,0.0,0,0,22211088384,98.57235419148383,0,0.0,64,38,0.5,6,40.000000000000036,256.19534,1
446.37262,0.0,0,0,22211088384,98.57235419148383,0,0.0,64,39,0.5,6,40.000000000000036,140.06566,1
446.37262,0.0,0,0,22211088384,98.57235419148383,0,0.0,64,40,0.5,6,39.99999999999998,141.799893,1
446.37262,0.0,0,0,22211088384,98.57235419148383,0,0.0,64,41,0.5,6,39.99999999999998,242.743368,1
446.37262,0.0,0,0,22211088384,98.57235419148383,0,0.0,64,42,0.5,6,40.000000000000036,251.74869,1
446.37262,0.0,0,0,22211088384,98.57235419148383,0,0.0,64,43,0.5,6,40.000000000000036,244.025157,1
446.37262,0.0,0,0,22211088384,98.57235419148383,0,0.0,64,44,0.5,6,40.000000000000036,241.742343,1
446.37262,0.0,0,0,22211088384,98.57235419148383,0,0.0,64,45,0.5,6,40.000000000000036,239.354058,1
446.37262,0.0,0,0,22211088384,98.57235419148383,0,0.0,64,46,0.5,6,40.000000000000036,222.217208,1
446.37262,0.0,0,0,22211088384,98.57235419148383,0,0.0,64,47,0.5,6,40.000000000000036,226.444534,1
446.37262,0.0,0,0,22211088384,98.57235419148383,0,0.0,64,48,0.5,6,40.000000000000036,216.570734,1
446.37262,0.0,0,0,22211088384,98.57235419148383,0,0.0,64,49,0.5,6,39.99999999999998,131.62439,1
446.37262,0.0,0,0,22211088384,98.57235419148383,0,0.0,64,50,0.5,6,39.99999999999998,216.974455,1
446.37262,0.0,0,0,22211088384,98.57235419148383,0,0.0,64,51,0.5,6,40.000000000000036,156.804528,1
446.37262,0.0,0,0,22211088384,98.57235419148383,0,0.0,64,52,0.5,6,49.999999999999986,127.232904,1
446.37262,0.0,0,0,22211088384,98.57235419148383,0,0.0,64,53,0.5,6,40.000000000000036,208.900794,1
446.37262,0.0,0,0,22211088384,98.57235419148383,0,0.0,64,54,0.5,6,39.99999999999998,219.185796,1
446.37262,0.0,0,0,22211088384,98.57235419148383,0,0.0,64,55,0.5,6,39.99999999999998,183.713151,1
446.37262,0.0,0,0,22211088384,98.57235419148383,0,0.0,64,56,0.5,6,39.99999999999998,160.061877,1
446.37262,0.0,0,0,22211088384,98.57235419148383,0,0.0,64,57,0.5,6,39.99999999999998,167.067287,1
446.37262,0.0,0,0,22211088384,98.57235419148383,0,0.0,64,58,0.5,6,39.99999999999998,216.983589,1
446.37262,0.0,0,0,22211088384,98.57235419148383,0,0.0,64,59,0.5,6,39.99999999999998,214.58342,1
446.37262,0.0,0,0,22211088384,98.57235419148383,0,0.0,64,60,0.5,6,39.99999999999998,198.886426,1
446.37262,0.0,0,0,22211088384,98.57235419148383,0,0.0,64,61,0.5,6,39.99999999999998,191.751076,1
446.37262,0.0,0,0,22211088384,98.57235419148383,0,0.0,64,62,0.5,6,49.999999999999986,207.549886,1
446.37262,0.0,0,0,22211088384,98.57235419148383,0,0.0,64,63,0.5,6,39.99999999999998,121.307597,1
446.37262,0.0,0,0,22211088384,98.57235419148383,0,0.0,64,64,0.5,6,40.000000000000036,186.165972,1
456.14747900000003,0.0,0,0,22209282048,97.9215466992446,-1806336,0.0,64,1,0.5,7,29.99999999999997,111.215877,1
456.14747900000003,0.0,0,0,22209282048,97.9215466992446,-1806336,0.0,64,2,0.5,7,39.99999999999998,147.521661,1
456.14747900000003,0.0,0,0,22209282048,97.9215466992446,-1806336,0.0,64,3,0.5,7,29.99999999999997,222.489288,1
456.14747900000003,0.0,0,0,22209282048,97.9215466992446,-1806336,0.0,64,4,0.5,7,39.99999999999998,66.407022,1
456.14747900000003,0.0,0,0,22209282048,97.9215466992446,-1806336,0.0,64,5,0.5,7,29.99999999999997,81.700849,1
456.14747900000003,0.0,0,0,22209282048,97.9215466992446,-1806336,0.0,64,6,0.5,7,39.99999999999998,98.307433,1
456.14747900000003,0.0,0,0,22209282048,97.9215466992446,-1806336,0.0,64,7,0.5,7,39.99999999999998,259.769806,1
456.14747900000003,0.0,0,0,22209282048,97.9215466992446,-1806336,0.0,64,8,0.5,7,29.99999999999997,136.361108,1
456.14747900000003,0.0,0,0,22209282048,97.9215466992446,-1806336,0.0,64,9,0.5,7,39.99999999999998,92.341627,1
456.14747900000003,0.0,0,0,22209282048,97.9215466992446,-1806336,0.0,64,10,0.5,7,39.99999999999998,272.023374,1
456.14747900000003,0.0,0,0,22209282048,97.9215466992446,-1806336,0.0,64,11,0.5,7,39.99999999999998,335.373228,1
456.14747900000003,0.0,0,0,22209282048,97.9215466992446,-1806336,0.0,64,12,0.5,7,49.999999999999986,169.893434,1
456.14747900000003,0.0,0,0,22209282048,97.9215466992446,-1806336,0.0,64,13,0.5,7,39.99999999999998,274.687295,1
456.14747900000003,0.0,0,0,22209282048,97.9215466992446,-1806336,0.0,64,14,0.5,7,49.999999999999986,349.728322,1
456.14747900000003,0.0,0,0,22209282048,97.9215466992446,-1806336,0.0,64,15,0.5,7,39.99999999999998,264.032079,1
456.14747900000003,0.0,0,0,22209282048,97.9215466992446,-1806336,0.0,64,16,0.5,7,39.99999999999998,192.052355,1
456.14747900000003,0.0,0,0,22209282048,97.9215466992446,-1806336,0.0,64,17,0.5,7,49.999999999999986,295.773629,1
456.14747900000003,0.0,0,0,22209282048,97.9215466992446,-1806336,0.0,64,18,0.5,7,49.999999999999986,344.024614,1
456.14747900000003,0.0,0,0,22209282048,97.9215466992446,-1806336,0.0,64,19,0.5,7,39.99999999999998,267.728886,1
456.14747900000003,0.0,0,0,22209282048,97.9215466992446,-1806336,0.0,64,20,0.5,7,39.99999999999998,331.493117,1
456.14747900000003,0.0,0,0,22209282048,97.9215466992446,-1806336,0.0,64,21,0.5,7,39.99999999999998,293.815523,1
456.14747900000003,0.0,0,0,22209282048,97.9215466992446,-1806336,0.0,64,22,0.5,7,39.99999999999998,172.016344,1
456.14747900000003,0.0,0,0,22209282048,97.9215466992446,-1806336,0.0,64,23,0.5,7,39.99999999999998,326.921622,1
456.14747900000003,0.0,0,0,22209282048,97.9215466992446,-1806336,0.0,64,24,0.5,7,39.99999999999998,164.769196,1
456.14747900000003,0.0,0,0,22209282048,97.9215466992446,-1806336,0.0,64,25,0.5,7,39.99999999999998,308.044556,1
456.14747900000003,0.0,0,0,22209282048,97.9215466992446,-1806336,0.0,64,26,0.5,7,39.99999999999998,202.99894,1
456.14747900000003,0.0,0,0,22209282048,97.9215466992446,-1806336,0.0,64,27,0.5,7,49.999999999999986,349.235732,1
456.14747900000003,0.0,0,0,22209282048,97.9215466992446,-1806336,0.0,64,28,0.5,7,39.99999999999998,332.135673,1
456.14747900000003,0.0,0,0,22209282048,97.9215466992446,-1806336,0.0,64,29,0.5,7,39.99999999999998,331.86682,1
456.14747900000003,0.0,0,0,22209282048,97.9215466992446,-1806336,0.0,64,30,0.5,7,39.99999999999998,338.208243,1
456.14747900000003,0.0,0,0,22209282048,97.9215466992446,-1806336,0.0,64,31,0.5,7,39.99999999999998,220.681253,1
456.14747900000003,0.0,0,0,22209282048,97.9215466992446,-1806336,0.0,64,32,0.5,7,39.99999999999998,259.660219,1
456.14747900000003,0.0,0,0,22209282048,97.9215466992446,-1806336,0.0,64,33,0.5,7,39.99999999999998,332.201632,1
456.14747900000003,0.0,0,0,22209282048,97.9215466992446,-1806336,0.0,64,34,0.5,7,39.99999999999998,310.137489,1
456.14747900000003,0.0,0,0,22209282048,97.9215466992446,-1806336,0.0,64,35,0.5,7,39.99999999999998,179.637262,1
456.14747900000003,0.0,0,0,22209282048,97.9215466992446,-1806336,0.0,64,36,0.5,7,39.99999999999998,295.766721,1
456.14747900000003,0.0,0,0,22209282048,97.9215466992446,-1806336,0.0,64,37,0.5,7,39.99999999999998,211.923706,1
456.14747900000003,0.0,0,0,22209282048,97.9215466992446,-1806336,0.0,64,38,0.5,7,49.999999999999986,172.78188,1
456.14747900000003,0.0,0,0,22209282048,97.9215466992446,-1806336,0.0,64,39,0.5,7,39.99999999999998,241.289079,1
456.14747900000003,0.0,0,0,22209282048,97.9215466992446,-1806336,0.0,64,40,0.5,7,39.99999999999998,286.374346,1
456.14747900000003,0.0,0,0,22209282048,97.9215466992446,-1806336,0.0,64,41,0.5,7,39.99999999999998,290.743532,1
456.14747900000003,0.0,0,0,22209282048,97.9215466992446,-1806336,0.0,64,42,0.5,7,49.999999999999986,311.860697,1
456.14747900000003,0.0,0,0,22209282048,97.9215466992446,-1806336,0.0,64,43,0.5,7,39.99999999999998,300.804552,1
456.14747900000003,0.0,0,0,22209282048,97.9215466992446,-1806336,0.0,64,44,0.5,7,39.99999999999998,292.896123,1
456.14747900000003,0.0,0,0,22209282048,97.9215466992446,-1806336,0.0,64,45,0.5,7,39.99999999999998,285.354599,1
456.14747900000003,0.0,0,0,22209282048,97.9215466992446,-1806336,0.0,64,46,0.5,7,39.99999999999998,283.962872,1
456.14747900000003,0.0,0,0,22209282048,97.9215466992446,-1806336,0.0,64,47,0.5,7,49.999999999999986,178.249172,1
456.14747900000003,0.0,0,0,22209282048,97.9215466992446,-1806336,0.0,64,48,0.5,7,39.99999999999998,269.835596,1
456.14747900000003,0.0,0,0,22209282048,97.9215466992446,-1806336,0.0,64,49,0.5,7,39.99999999999998,227.954824,1
456.14747900000003,0.0,0,0,22209282048,97.9215466992446,-1806336,0.0,64,50,0.5,7,39.99999999999998,191.416314,1
456.14747900000003,0.0,0,0,22209282048,97.9215466992446,-1806336,0.0,64,51,0.5,7,39.99999999999998,179.972146,1
456.14747900000003,0.0,0,0,22209282048,97.9215466992446,-1806336,0.0,64,52,0.5,7,39.99999999999998,242.784019,1
456.14747900000003,0.0,0,0,22209282048,97.9215466992446,-1806336,0.0,64,53,0.5,7,39.99999999999998,247.585008,1
456.14747900000003,0.0,0,0,22209282048,97.9215466992446,-1806336,0.0,64,54,0.5,7,49.999999999999986,146.083532,1
456.14747900000003,0.0,0,0,22209282048,97.9215466992446,-1806336,0.0,64,55,0.5,7,39.99999999999998,241.103059,1
456.14747900000003,0.0,0,0,22209282048,97.9215466992446,-1806336,0.0,64,56,0.5,7,39.99999999999998,263.952291,1
456.14747900000003,0.0,0,0,22209282048,97.9215466992446,-1806336,0.0,64,57,0.5,7,39.99999999999998,261.569511,1
456.14747900000003,0.0,0,0,22209282048,97.9215466992446,-1806336,0.0,64,58,0.5,7,39.99999999999998,264.267569,1
456.14747900000003,0.0,0,0,22209282048,97.9215466992446,-1806336,0.0,64,59,0.5,7,39.99999999999998,225.773316,1
456.14747900000003,0.0,0,0,22209282048,97.9215466992446,-1806336,0.0,64,60,0.5,7,39.99999999999998,264.226098,1
456.14747900000003,0.0,0,0,22209282048,97.9215466992446,-1806336,0.0,64,61,0.5,7,39.99999999999998,262.438708,1
456.14747900000003,0.0,0,0,22209282048,97.9215466992446,-1806336,0.0,64,62,0.5,7,39.99999999999998,263.290555,1
456.14747900000003,0.0,0,0,22209282048,97.9215466992446,-1806336,0.0,64,63,0.5,7,39.99999999999998,258.762625,1
456.14747900000003,0.0,0,0,22209282048,97.9215466992446,-1806336,0.0,64,64,0.5,7,39.99999999999998,254.863015,1
466.456928,0.0,0,0,22209282048,96.82923321632481,0,0.0,64,1,0.5,8,40.000000000000036,73.383177,1
466.456928,0.0,0,0,22209282048,96.82923321632481,0,0.0,64,2,0.5,8,40.000000000000036,231.687318,1
466.456928,0.0,0,0,22209282048,96.82923321632481,0,0.0,64,3,0.5,8,40.000000000000036,167.71914,1
466.456928,0.0,0,0,22209282048,96.82923321632481,0,0.0,64,4,0.5,8,40.000000000000036,64.492839,1
466.456928,0.0,0,0,22209282048,96.82923321632481,0,0.0,64,5,0.5,8,40.000000000000036,207.388289,1
466.456928,0.0,0,0,22209282048,96.82923321632481,0,0.0,64,6,0.5,8,40.000000000000036,43.57825,1
466.456928,0.0,0,0,22209282048,96.82923321632481,0,0.0,64,7,0.5,8,40.000000000000036,75.017326,1
466.456928,0.0,0,0,22209282048,96.82923321632481,0,0.0,64,8,0.5,8,40.000000000000036,156.897438,1
466.456928,0.0,0,0,22209282048,96.82923321632481,0,0.0,64,9,0.5,8,40.000000000000036,378.04485,1
466.456928,0.0,0,0,22209282048,96.82923321632481,0,0.0,64,10,0.5,8,50.00000000000004,148.686935,1
466.456928,0.0,0,0,22209282048,96.82923321632481,0,0.0,64,11,0.5,8,50.00000000000004,367.786267,1
466.456928,0.0,0,0,22209282048,96.82923321632481,0,0.0,64,12,0.5,8,40.000000000000036,355.625564,1
466.456928,0.0,0,0,22209282048,96.82923321632481,0,0.0,64,13,0.5,8,50.00000000000004,127.028819,1
466.456928,0.0,0,0,22209282048,96.82923321632481,0,0.0,64,14,0.5,8,40.000000000000036,49.252477,1
466.456928,0.0,0,0,22209282048,96.82923321632481,0,0.0,64,15,0.5,8,40.000000000000036,164.142086,1
466.456928,0.0,0,0,22209282048,96.82923321632481,0,0.0,64,16,0.5,8,40.000000000000036,396.0527,1
466.456928,0.0,0,0,22209282048,96.82923321632481,0,0.0,64,17,0.5,8,40.000000000000036,46.652254,1
466.456928,0.0,0,0,22209282048,96.82923321632481,0,0.0,64,18,0.5,8,40.000000000000036,113.289857,1
466.456928,0.0,0,0,22209282048,96.82923321632481,0,0.0,64,19,0.5,8,50.00000000000004,384.028992,1
466.456928,0.0,0,0,22209282048,96.82923321632481,0,0.0,64,20,0.5,8,40.000000000000036,195.762378,1
466.456928,0.0,0,0,22209282048,96.82923321632481,0,0.0,64,21,0.5,8,50.00000000000004,368.28742,1
466.456928,0.0,0,0,22209282048,96.82923321632481,0,0.0,64,22,0.5,8,50.00000000000004,358.663987,1
466.456928,0.0,0,0,22209282048,96.82923321632481,0,0.0,64,23,0.5,8,40.000000000000036,219.837637,1
466.456928,0.0,0,0,22209282048,96.82923321632481,0,0.0,64,24,0.5,8,40.000000000000036,349.113021,1
466.456928,0.0,0,0,22209282048,96.82923321632481,0,0.0,64,25,0.5,8,40.000000000000036,59.665136,1
466.456928,0.0,0,0,22209282048,96.82923321632481,0,0.0,64,26,0.5,8,40.000000000000036,284.598902,1
466.456928,0.0,0,0,22209282048,96.82923321632481,0,0.0,64,27,0.5,8,40.000000000000036,204.450664,1
466.456928,0.0,0,0,22209282048,96.82923321632481,0,0.0,64,28,0.5,8,40.000000000000036,207.996049,1
466.456928,0.0,0,0,22209282048,96.82923321632481,0,0.0,64,29,0.5,8,40.000000000000036,204.16534,1
466.456928,0.0,0,0,22209282048,96.82923321632481,0,0.0,64,30,0.5,8,50.00000000000004,211.80444,1
466.456928,0.0,0,0,22209282048,96.82923321632481,0,0.0,64,31,0.5,8,40.000000000000036,324.019251,1
466.456928,0.0,0,0,22209282048,96.82923321632481,0,0.0,64,32,0.5,8,40.000000000000036,324.699673,1
466.456928,0.0,0,0,22209282048,96.82923321632481,0,0.0,64,33,0.5,8,40.000000000000036,196.831932,1
466.456928,0.0,0,0,22209282048,96.82923321632481,0,0.0,64,34,0.5,8,40.000000000000036,216.23123,1
466.456928,0.0,0,0,22209282048,96.82923321632481,0,0.0,64,35,0.5,8,40.000000000000036,123.424801,1
466.456928,0.0,0,0,22209282048,96.82923321632481,0,0.0,64,36,0.5,8,40.000000000000036,296.117256,1
466.456928,0.0,0,0,22209282048,96.82923321632481,0,0.0,64,37,0.5,8,40.000000000000036,310.037875,1
466.456928,0.0,0,0,22209282048,96.82923321632481,0,0.0,64,38,0.5,8,40.000000000000036,305.873661,1
466.456928,0.0,0,0,22209282048,96.82923321632481,0,0.0,64,39,0.5,8,40.000000000000036,232.627529,1
466.456928,0.0,0,0,22209282048,96.82923321632481,0,0.0,64,40,0.5,8,40.000000000000036,228.543924,1
466.456928,0.0,0,0,22209282048,96.82923321632481,0,0.0,64,41,0.5,8,40.000000000000036,211.742572,1
466.456928,0.0,0,0,22209282048,96.82923321632481,0,0.0,64,42,0.5,8,40.000000000000036,183.426769,1
466.456928,0.0,0,0,22209282048,96.82923321632481,0,0.0,64,43,0.5,8,50.00000000000004,199.10322,1
466.456928,0.0,0,0,22209282048,96.82923321632481,0,0.0,64,44,0.5,8,50.00000000000004,216.199412,1
466.456928,0.0,0,0,22209282048,96.82923321632481,0,0.0,64,45,0.5,8,40.000000000000036,216.096973,1
466.456928,0.0,0,0,22209282048,96.82923321632481,0,0.0,64,46,0.5,8,40.000000000000036,268.320271,1
466.456928,0.0,0,0,22209282048,96.82923321632481,0,0.0,64,47,0.5,8,40.000000000000036,263.982021,1
466.456928,0.0,0,0,22209282048,96.82923321632481,0,0.0,64,48,0.5,8,40.000000000000036,235.671664,1
466.456928,0.0,0,0,22209282048,96.82923321632481,0,0.0,64,49,0.5,8,40.000000000000036,248.613415,1
466.456928,0.0,0,0,22209282048,96.82923321632481,0,0.0,64,50,0.5,8,40.000000000000036,213.24189,1
466.456928,0.0,0,0,22209282048,96.82923321632481,0,0.0,64,51,0.5,8,40.000000000000036,253.322643,1
466.456928,0.0,0,0,22209282048,96.82923321632481,0,0.0,64,52,0.5,8,40.000000000000036,247.13491,1
466.456928,0.0,0,0,22209282048,96.82923321632481,0,0.0,64,53,0.5,8,40.000000000000036,211.235597,1
466.456928,0.0,0,0,22209282048,96.82923321632481,0,0.0,64,54,0.5,8,40.000000000000036,241.638204,1
466.456928,0.0,0,0,22209282048,96.82923321632481,0,0.0,64,55,0.5,8,50.00000000000004,211.127249,1
466.456928,0.0,0,0,22209282048,96.82923321632481,0,0.0,64,56,0.5,8,40.000000000000036,187.296103,1
466.456928,0.0,0,0,22209282048,96.82923321632481,0,0.0,64,57,0.5,8,40.000000000000036,240.648111,1
466.456928,0.0,0,0,22209282048,96.82923321632481,0,0.0,64,58,0.5,8,40.000000000000036,203.576287,1
466.456928,0.0,0,0,22209282048,96.82923321632481,0,0.0,64,59,0.5,8,40.000000000000036,202.986476,1
466.456928,0.0,0,0,22209282048,96.82923321632481,0,0.0,64,60,0.5,8,30.00000000000003,183.463588,1
466.456928,0.0,0,0,22209282048,96.82923321632481,0,0.0,64,61,0.5,8,40.000000000000036,170.703026,1
466.456928,0.0,0,0,22209282048,96.82923321632481,0,0.0,64,62,0.5,8,40.000000000000036,163.868388,1
466.456928,0.0,0,0,22209282048,96.82923321632481,0,0.0,64,63,0.5,8,40.000000000000036,173.046511,1
466.456928,0.0,0,0,22209282048,96.82923321632481,0,0.0,64,64,0.5,8,40.000000000000036,190.797437,1
459.91374,0.0,0,0,22209282048,98.56920850706138,0,0.0,64,1,0.5,9,40.000000000000036,104.440864,1
459.91374,0.0,0,0,22209282048,98.56920850706138,0,0.0,64,2,0.5,9,40.000000000000036,92.327412,1
459.91374,0.0,0,0,22209282048,98.56920850706138,0,0.0,64,3,0.5,9,50.00000000000004,159.023387,1
459.91374,0.0,0,0,22209282048,98.56920850706138,0,0.0,64,4,0.5,9,40.000000000000036,87.74777,1
459.91374,0.0,0,0,22209282048,98.56920850706138,0,0.0,64,5,0.5,9,49.999999999999936,222.812685,1
459.91374,0.0,0,0,22209282048,98.56920850706138,0,0.0,64,6,0.5,9,39.99999999999992,250.058759,1
459.91374,0.0,0,0,22209282048,98.56920850706138,0,0.0,64,7,0.5,9,40.000000000000036,239.812617,1
459.91374,0.0,0,0,22209282048,98.56920850706138,0,0.0,64,8,0.5,9,50.00000000000004,59.843676,1
459.91374,0.0,0,0,22209282048,98.56920850706138,0,0.0,64,9,0.5,9,39.99999999999992,135.229385,1
459.91374,0.0,0,0,22209282048,98.56920850706138,0,0.0,64,10,0.5,9,39.99999999999992,179.078858,1
459.91374,0.0,0,0,22209282048,98.56920850706138,0,0.0,64,11,0.5,9,40.000000000000036,185.913406,1
459.91374,0.0,0,0,22209282048,98.56920850706138,0,0.0,64,12,0.5,9,40.000000000000036,168.118908,1
459.91374,0.0,0,0,22209282048,98.56920850706138,0,0.0,64,13,0.5,9,39.99999999999992,135.959609,1
459.91374,0.0,0,0,22209282048,98.56920850706138,0,0.0,64,14,0.5,9,39.99999999999992,64.252089,1
459.91374,0.0,0,0,22209282048,98.56920850706138,0,0.0,64,15,0.5,9,39.99999999999992,100.746949,1
459.91374,0.0,0,0,22209282048,98.56920850706138,0,0.0,64,16,0.5,9,40.000000000000036,151.498408,1
459.91374,0.0,0,0,22209282048,98.56920850706138,0,0.0,64,17,0.5,9,39.99999999999992,160.094099,1
459.91374,0.0,0,0,22209282048,98.56920850706138,0,0.0,64,18,0.5,9,39.99999999999992,191.353636,1
459.91374,0.0,0,0,22209282048,98.56920850706138,0,0.0,64,19,0.5,9,39.99999999999992,139.012465,1
459.91374,0.0,0,0,22209282048,98.56920850706138,0,0.0,64,20,0.5,9,39.99999999999992,129.504867,1
459.91374,0.0,0,0,22209282048,98.56920850706138,0,0.0,64,21,0.5,9,39.99999999999992,270.151999,1
459.91374,0.0,0,0,22209282048,98.56920850706138,0,0.0,64,22,0.5,9,39.99999999999992,279.78709,1
459.91374,0.0,0,0,22209282048,98.56920850706138,0,0.0,64,23,0.5,9,30.00000000000003,167.56619,1
459.91374,0.0,0,0,22209282048,98.56920850706138,0,0.0,64,24,0.5,9,50.00000000000004,235.015609,1
459.91374,0.0,0,0,22209282048,98.56920850706138,0,0.0,64,25,0.5,9,39.99999999999992,295.329131,1
459.91374,0.0,0,0,22209282048,98.56920850706138,0,0.0,64,26,0.5,9,49.999999999999936,282.767181,1
459.91374,0.0,0,0,22209282048,98.56920850706138,0,0.0,64,27,0.5,9,39.99999999999992,254.987479,1
459.91374,0.0,0,0,22209282048,98.56920850706138,0,0.0,64,28,0.5,9,39.99999999999992,308.171188,1
459.91374,0.0,0,0,22209282048,98.56920850706138,0,0.0,64,29,0.5,9,39.99999999999992,295.777129,1
459.91374,0.0,0,0,22209282048,98.56920850706138,0,0.0,64,30,0.5,9,39.99999999999992,275.650922,1
459.91374,0.0,0,0,22209282048,98.56920850706138,0,0.0,64,31,0.5,9,39.99999999999992,144.004455,1
459.91374,0.0,0,0,22209282048,98.56920850706138,0,0.0,64,32,0.5,9,39.99999999999992,320.087833,1
459.91374,0.0,0,0,22209282048,98.56920850706138,0,0.0,64,33,0.5,9,49.999999999999936,255.081988,1
459.91374,0.0,0,0,22209282048,98.56920850706138,0,0.0,64,34,0.5,9,39.99999999999992,248.051224,1
459.91374,0.0,0,0,22209282048,98.56920850706138,0,0.0,64,35,0.5,9,39.99999999999992,297.94636,1
459.91374,0.0,0,0,22209282048,98.56920850706138,0,0.0,64,36,0.5,9,39.99999999999992,259.818709,1
459.91374,0.0,0,0,22209282048,98.56920850706138,0,0.0,64,37,0.5,9,40.000000000000036,259.841376,1
459.91374,0.0,0,0,22209282048,98.56920850706138,0,0.0,64,38,0.5,9,39.99999999999992,175.890078,1
459.91374,0.0,0,0,22209282048,98.56920850706138,0,0.0,64,39,0.5,9,39.99999999999992,278.467685,1
459.91374,0.0,0,0,22209282048,98.56920850706138,0,0.0,64,40,0.5,9,40.000000000000036,244.551413,1
459.91374,0.0,0,0,22209282048,98.56920850706138,0,0.0,64,41,0.5,9,40.000000000000036,239.795832,1
459.91374,0.0,0,0,22209282048,98.56920850706138,0,0.0,64,42,0.5,9,39.99999999999992,248.090193,1
459.91374,0.0,0,0,22209282048,98.56920850706138,0,0.0,64,43,0.5,9,39.99999999999992,230.831868,1
459.91374,0.0,0,0,22209282048,98.56920850706138,0,0.0,64,44,0.5,9,39.99999999999992,148.60259,1
459.91374,0.0,0,0,22209282048,98.56920850706138,0,0.0,64,45,0.5,9,39.99999999999992,259.237592,1
459.91374,0.0,0,0,22209282048,98.56920850706138,0,0.0,64,46,0.5,9,49.999999999999936,259.411258,1
459.91374,0.0,0,0,22209282048,98.56920850706138,0,0.0,64,47,0.5,9,39.99999999999992,259.270037,1
459.91374,0.0,0,0,22209282048,98.56920850706138,0,0.0,64,48,0.5,9,39.99999999999992,254.25634,1
459.91374,0.0,0,0,22209282048,98.56920850706138,0,0.0,64,49,0.5,9,40.000000000000036,257.116997,1
459.91374,0.0,0,0,22209282048,98.56920850706138,0,0.0,64,50,0.5,9,40.000000000000036,215.562502,1
459.91374,0.0,0,0,22209282048,98.56920850706138,0,0.0,64,51,0.5,9,39.99999999999992,249.127763,1
459.91374,0.0,0,0,22209282048,98.56920850706138,0,0.0,64,52,0.5,9,40.000000000000036,238.519089,1
459.91374,0.0,0,0,22209282048,98.56920850706138,0,0.0,64,53,0.5,9,39.99999999999992,245.861301,1
459.91374,0.0,0,0,22209282048,98.56920850706138,0,0.0,64,54,0.5,9,39.99999999999992,243.252136,1
459.91374,0.0,0,0,22209282048,98.56920850706138,0,0.0,64,55,0.5,9,39.99999999999992,218.076666,1
459.91374,0.0,0,0,22209282048,98.56920850706138,0,0.0,64,56,0.5,9,40.000000000000036,164.541541,1
459.91374,0.0,0,0,22209282048,98.56920850706138,0,0.0,64,57,0.5,9,40.000000000000036,59.970086,1
459.91374,0.0,0,0,22209282048,98.56920850706138,0,0.0,64,58,0.5,9,40.000000000000036,218.794984,1
459.91374,0.0,0,0,22209282048,98.56920850706138,0,0.0,64,59,0.5,9,40.000000000000036,209.739828,1
459.91374,0.0,0,0,22209282048,98.56920850706138,0,0.0,64,60,0.5,9,40.000000000000036,226.267257,1
459.91374,0.0,0,0,22209282048,98.56920850706138,0,0.0,64,61,0.5,9,40.000000000000036,214.894395,1
459.91374,0.0,0,0,22209282048,98.56920850706138,0,0.0,64,62,0.5,9,39.99999999999992,124.381758,1
459.91374,0.0,0,0,22209282048,98.56920850706138,0,0.0,64,63,0.5,9,40.000000000000036,179.409639,1
459.91374,0.0,0,0,22209282048,98.56920850706138,0,0.0,64,64,0.5,9,39.99999999999992,216.194712,1
459.65386800000005,0.0,0,0,22208507904,96.81197765967937,-774144,0.0,64,1,0.5,10,39.99999999999992,148.766403,1
459.65386800000005,0.0,0,0,22208507904,96.81197765967937,-774144,0.0,64,2,0.5,10,39.99999999999992,136.086459,1
459.65386800000005,0.0,0,0,22208507904,96.81197765967937,-774144,0.0,64,3,0.5,10,29.999999999999915,61.69591,1
459.65386800000005,0.0,0,0,22208507904,96.81197765967937,-774144,0.0,64,4,0.5,10,39.99999999999992,147.638772,1
459.65386800000005,0.0,0,0,22208507904,96.81197765967937,-774144,0.0,64,5,0.5,10,40.000000000000036,56.876442,1
459.65386800000005,0.0,0,0,22208507904,96.81197765967937,-774144,0.0,64,6,0.5,10,40.000000000000036,128.288055,1
459.65386800000005,0.0,0,0,22208507904,96.81197765967937,-774144,0.0,64,7,0.5,10,39.99999999999992,47.424744,1
459.65386800000005,0.0,0,0,22208507904,96.81197765967937,-774144,0.0,64,8,0.5,10,39.99999999999992,171.586868,1
459.65386800000005,0.0,0,0,22208507904,96.81197765967937,-774144,0.0,64,9,0.5,10,40.000000000000036,182.08439,1
459.65386800000005,0.0,0,0,22208507904,96.81197765967937,-774144,0.0,64,10,0.5,10,30.00000000000003,75.211647,1
459.65386800000005,0.0,0,0,22208507904,96.81197765967937,-774144,0.0,64,11,0.5,10,39.99999999999992,251.928619,1
459.65386800000005,0.0,0,0,22208507904,96.81197765967937,-774144,0.0,64,12,0.5,10,39.99999999999992,303.796798,1
459.65386800000005,0.0,0,0,22208507904,96.81197765967937,-774144,0.0,64,13,0.5,10,40.000000000000036,140.360102,1
459.65386800000005,0.0,0,0,22208507904,96.81197765967937,-774144,0.0,64,14,0.5,10,40.000000000000036,147.853262,1
459.65386800000005,0.0,0,0,22208507904,96.81197765967937,-774144,0.0,64,15,0.5,10,40.000000000000036,190.426357,1
459.65386800000005,0.0,0,0,22208507904,96.81197765967937,-774144,0.0,64,16,0.5,10,49.999999999999936,305.928333,1
459.65386800000005,0.0,0,0,22208507904,96.81197765967937,-774144,0.0,64,17,0.5,10,40.000000000000036,291.861633,1
459.65386800000005,0.0,0,0,22208507904,96.81197765967937,-774144,0.0,64,18,0.5,10,30.00000000000003,147.727176,1
459.65386800000005,0.0,0,0,22208507904,96.81197765967937,-774144,0.0,64,19,0.5,10,40.000000000000036,351.654778,1
459.65386800000005,0.0,0,0,22208507904,96.81197765967937,-774144,0.0,64,20,0.5,10,40.000000000000036,198.988235,1
459.65386800000005,0.0,0,0,22208507904,96.81197765967937,-774144,0.0,64,21,0.5,10,40.000000000000036,107.654609,1
459.65386800000005,0.0,0,0,22208507904,96.81197765967937,-774144,0.0,64,22,0.5,10,40.000000000000036,335.634865,1
459.65386800000005,0.0,0,0,22208507904,96.81197765967937,-774144,0.0,64,23,0.5,10,49.999999999999936,187.070616,1
459.65386800000005,0.0,0,0,22208507904,96.81197765967937,-774144,0.0,64,24,0.5,10,39.99999999999992,280.197356,1
459.65386800000005,0.0,0,0,22208507904,96.81197765967937,-774144,0.0,64,25,0.5,10,40.000000000000036,110.522721,1
459.65386800000005,0.0,0,0,22208507904,96.81197765967937,-774144,0.0,64,26,0.5,10,40.000000000000036,205.409886,1
459.65386800000005,0.0,0,0,22208507904,96.81197765967937,-774144,0.0,64,27,0.5,10,50.00000000000004,175.651091,1
459.65386800000005,0.0,0,0,22208507904,96.81197765967937,-774144,0.0,64,28,0.5,10,40.000000000000036,203.901404,1
459.65386800000005,0.0,0,0,22208507904,96.81197765967937,-774144,0.0,64,29,0.5,10,40.000000000000036,171.836217,1
459.65386800000005,0.0,0,0,22208507904,96.81197765967937,-774144,0.0,64,30,0.5,10,40.000000000000036,312.558304,1
459.65386800000005,0.0,0,0,22208507904,96.81197765967937,-774144,0.0,64,31,0.5,10,40.000000000000036,301.376051,1
459.65386800000005,0.0,0,0,22208507904,96.81197765967937,-774144,0.0,64,32,0.5,10,50.00000000000004,331.248957,1
459.65386800000005,0.0,0,0,22208507904,96.81197765967937,-774144,0.0,64,33,0.5,10,40.000000000000036,108.863202,1
459.65386800000005,0.0,0,0,22208507904,96.81197765967937,-774144,0.0,64,34,0.5,10,40.000000000000036,160.913002,1
459.65386800000005,0.0,0,0,22208507904,96.81197765967937,-774144,0.0,64,35,0.5,10,50.00000000000004,247.902816,1
459.65386800000005,0.0,0,0,22208507904,96.81197765967937,-774144,0.0,64,36,0.5,10,50.00000000000004,295.667293,1
459.65386800000005,0.0,0,0,22208507904,96.81197765967937,-774144,0.0,64,37,0.5,10,49.999999999999936,269.064567,1
459.65386800000005,0.0,0,0,22208507904,96.81197765967937,-774144,0.0,64,38,0.5,10,40.000000000000036,278.940787,1
459.65386800000005,0.0,0,0,22208507904,96.81197765967937,-774144,0.0,64,39,0.5,10,40.000000000000036,271.167732,1
459.65386800000005,0.0,0,0,22208507904,96.81197765967937,-774144,0.0,64,40,0.5,10,39.99999999999992,287.812999,1
459.65386800000005,0.0,0,0,22208507904,96.81197765967937,-774144,0.0,64,41,0.5,10,49.999999999999936,283.120245,1
459.65386800000005,0.0,0,0,22208507904,96.81197765967937,-774144,0.0,64,42,0.5,10,40.000000000000036,121.331089,1
459.65386800000005,0.0,0,0,22208507904,96.81197765967937,-774144,0.0,64,43,0.5,10,40.000000000000036,155.957756,1
459.65386800000005,0.0,0,0,22208507904,96.81197765967937,-774144,0.0,64,44,0.5,10,30.00000000000003,270.688815,1
459.65386800000005,0.0,0,0,22208507904,96.81197765967937,-774144,0.0,64,45,0.5,10,40.000000000000036,123.809718,1
459.65386800000005,0.0,0,0,22208507904,96.81197765967937,-774144,0.0,64,46,0.5,10,40.000000000000036,142.940551,1
459.65386800000005,0.0,0,0,22208507904,96.81197765967937,-774144,0.0,64,47,0.5,10,40.000000000000036,174.003704,1
459.65386800000005,0.0,0,0,22208507904,96.81197765967937,-774144,0.0,64,48,0.5,10,40.000000000000036,263.975117,1
459.65386800000005,0.0,0,0,22208507904,96.81197765967937,-774144,0.0,64,49,0.5,10,39.99999999999992,196.344954,1
459.65386800000005,0.0,0,0,22208507904,96.81197765967937,-774144,0.0,64,50,0.5,10,49.999999999999936,226.903244,1
459.65386800000005,0.0,0,0,22208507904,96.81197765967937,-774144,0.0,64,51,0.5,10,50.00000000000004,143.34678,1
459.65386800000005,0.0,0,0,22208507904,96.81197765967937,-774144,0.0,64,52,0.5,10,39.99999999999992,197.259992,1
459.65386800000005,0.0,0,0,22208507904,96.81197765967937,-774144,0.0,64,53,0.5,10,40.000000000000036,167.500548,1
459.65386800000005,0.0,0,0,22208507904,96.81197765967937,-774144,0.0,64,54,0.5,10,40.000000000000036,81.197133,1
459.65386800000005,0.0,0,0,22208507904,96.81197765967937,-774144,0.0,64,55,0.5,10,40.000000000000036,250.017965,1
459.65386800000005,0.0,0,0,22208507904,96.81197765967937,-774144,0.0,64,56,0.5,10,39.99999999999992,191.292996,1
459.65386800000005,0.0,0,0,22208507904,96.81197765967937,-774144,0.0,64,57,0.5,10,39.99999999999992,246.679792,1
459.65386800000005,0.0,0,0,22208507904,96.81197765967937,-774144,0.0,64,58,0.5,10,49.999999999999936,104.203918,1
459.65386800000005,0.0,0,0,22208507904,96.81197765967937,-774144,0.0,64,59,0.5,10,39.99999999999992,198.287732,1
459.65386800000005,0.0,0,0,22208507904,96.81197765967937,-774144,0.0,64,60,0.5,10,39.99999999999992,91.581447,1
459.65386800000005,0.0,0,0,22208507904,96.81197765967937,-774144,0.0,64,61,0.5,10,49.999999999999936,231.947145,1
459.65386800000005,0.0,0,0,22208507904,96.81197765967937,-774144,0.0,64,62,0.5,10,40.000000000000036,130.6786,1
459.65386800000005,0.0,0,0,22208507904,96.81197765967937,-774144,0.0,64,63,0.5,10,39.99999999999992,155.769795,1
459.65386800000005,0.0,0,0,22208507904,96.81197765967937,-774144,0.0,64,64,0.5,10,40.000000000000036,203.532774,1
455.66223099999996,0.0,0,0,22190514176,96.19698616916968,-163840,0.0,64,1,0.5,1,40.00000000000001,74.701773,2
455.66223099999996,0.0,0,0,22190514176,96.19698616916968,-163840,0.0,64,2,0.5,1,40.00000000000001,55.895265,2
455.66223099999996,0.0,0,0,22190514176,96.19698616916968,-163840,0.0,64,3,0.5,1,40.00000000000001,60.420324,2
455.66223099999996,0.0,0,0,22190514176,96.19698616916968,-163840,0.0,64,4,0.5,1,40.00000000000001,39.963783,2
455.66223099999996,0.0,0,0,22190514176,96.19698616916968,-163840,0.0,64,5,0.5,1,40.00000000000001,87.850873,2
455.66223099999996,0.0,0,0,22190514176,96.19698616916968,-163840,0.0,64,6,0.5,1,30.0,91.572789,2
455.66223099999996,0.0,0,0,22190514176,96.19698616916968,-163840,0.0,64,7,0.5,1,40.00000000000001,203.798022,2
455.66223099999996,0.0,0,0,22190514176,96.19698616916968,-163840,0.0,64,8,0.5,1,40.00000000000001,221.793059,2
455.66223099999996,0.0,0,0,22190514176,96.19698616916968,-163840,0.0,64,9,0.5,1,30.0,64.031449,2
455.66223099999996,0.0,0,0,22190514176,96.19698616916968,-163840,0.0,64,10,0.5,1,39.99999999999998,203.676858,2
455.66223099999996,0.0,0,0,22190514176,96.19698616916968,-163840,0.0,64,11,0.5,1,40.00000000000001,180.785581,2
455.66223099999996,0.0,0,0,22190514176,96.19698616916968,-163840,0.0,64,12,0.5,1,39.99999999999998,248.161429,2
455.66223099999996,0.0,0,0,22190514176,96.19698616916968,-163840,0.0,64,13,0.5,1,30.0,144.087773,2
455.66223099999996,0.0,0,0,22190514176,96.19698616916968,-163840,0.0,64,14,0.5,1,39.99999999999998,96.033815,2
455.66223099999996,0.0,0,0,22190514176,96.19698616916968,-163840,0.0,64,15,0.5,1,40.00000000000001,168.160325,2
455.66223099999996,0.0,0,0,22190514176,96.19698616916968,-163840,0.0,64,16,0.5,1,40.00000000000001,227.644712,2
455.66223099999996,0.0,0,0,22190514176,96.19698616916968,-163840,0.0,64,17,0.5,1,40.00000000000001,168.917908,2
455.66223099999996,0.0,0,0,22190514176,96.19698616916968,-163840,0.0,64,18,0.5,1,30.0,167.375873,2
455.66223099999996,0.0,0,0,22190514176,96.19698616916968,-163840,0.0,64,19,0.5,1,39.99999999999998,255.253708,2
455.66223099999996,0.0,0,0,22190514176,96.19698616916968,-163840,0.0,64,20,0.5,1,40.00000000000001,62.858156,2
455.66223099999996,0.0,0,0,22190514176,96.19698616916968,-163840,0.0,64,21,0.5,1,39.99999999999998,238.905788,2
455.66223099999996,0.0,0,0,22190514176,96.19698616916968,-163840,0.0,64,22,0.5,1,40.00000000000001,159.835721,2
455.66223099999996,0.0,0,0,22190514176,96.19698616916968,-163840,0.0,64,23,0.5,1,40.00000000000001,99.91151,2
455.66223099999996,0.0,0,0,22190514176,96.19698616916968,-163840,0.0,64,24,0.5,1,39.99999999999998,216.719264,2
455.66223099999996,0.0,0,0,22190514176,96.19698616916968,-163840,0.0,64,25,0.5,1,40.00000000000001,174.085912,2
455.66223099999996,0.0,0,0,22190514176,96.19698616916968,-163840,0.0,64,26,0.5,1,30.0,211.70352,2
455.66223099999996,0.0,0,0,22190514176,96.19698616916968,-163840,0.0,64,27,0.5,1,39.99999999999998,252.005419,2
455.66223099999996,0.0,0,0,22190514176,96.19698616916968,-163840,0.0,64,28,0.5,1,40.00000000000001,168.601856,2
455.66223099999996,0.0,0,0,22190514176,96.19698616916968,-163840,0.0,64,29,0.5,1,49.999999999999986,267.904455,2
455.66223099999996,0.0,0,0,22190514176,96.19698616916968,-163840,0.0,64,30,0.5,1,39.99999999999998,301.535412,2
455.66223099999996,0.0,0,0,22190514176,96.19698616916968,-163840,0.0,64,31,0.5,1,40.00000000000001,260.653971,2
455.66223099999996,0.0,0,0,22190514176,96.19698616916968,-163840,0.0,64,32,0.5,1,49.999999999999986,291.855852,2
455.66223099999996,0.0,0,0,22190514176,96.19698616916968,-163840,0.0,64,33,0.5,1,40.00000000000001,292.083898,2
455.66223099999996,0.0,0,0,22190514176,96.19698616916968,-163840,0.0,64,34,0.5,1,40.00000000000001,283.965175,2
455.66223099999996,0.0,0,0,22190514176,96.19698616916968,-163840,0.0,64,35,0.5,1,49.999999999999986,291.999417,2
455.66223099999996,0.0,0,0,22190514176,96.19698616916968,-163840,0.0,64,36,0.5,1,40.00000000000001,292.135325,2
455.66223099999996,0.0,0,0,22190514176,96.19698616916968,-163840,0.0,64,37,0.5,1,39.99999999999998,235.995638,2
455.66223099999996,0.0,0,0,22190514176,96.19698616916968,-163840,0.0,64,38,0.5,1,39.99999999999998,285.998,2
455.66223099999996,0.0,0,0,22190514176,96.19698616916968,-163840,0.0,64,39,0.5,1,40.00000000000001,233.63683,2
455.66223099999996,0.0,0,0,22190514176,96.19698616916968,-163840,0.0,64,40,0.5,1,39.99999999999998,281.785096,2
455.66223099999996,0.0,0,0,22190514176,96.19698616916968,-163840,0.0,64,41,0.5,1,39.99999999999998,190.007191,2
455.66223099999996,0.0,0,0,22190514176,96.19698616916968,-163840,0.0,64,42,0.5,1,40.00000000000001,193.558927,2
455.66223099999996,0.0,0,0,22190514176,96.19698616916968,-163840,0.0,64,43,0.5,1,40.00000000000001,221.051172,2
455.66223099999996,0.0,0,0,22190514176,96.19698616916968,-163840,0.0,64,44,0.5,1,39.99999999999998,261.047557,2
455.66223099999996,0.0,0,0,22190514176,96.19698616916968,-163840,0.0,64,45,0.5,1,49.999999999999986,263.619527,2
455.66223099999996,0.0,0,0,22190514176,96.19698616916968,-163840,0.0,64,46,0.5,1,39.99999999999998,222.634178,2
455.66223099999996,0.0,0,0,22190514176,96.19698616916968,-163840,0.0,64,47,0.5,1,30.0,179.343611,2
455.66223099999996,0.0,0,0,22190514176,96.19698616916968,-163840,0.0,64,48,0.5,1,39.99999999999998,192.646051,2
455.66223099999996,0.0,0,0,22190514176,96.19698616916968,-163840,0.0,64,49,0.5,1,39.99999999999998,212.073199,2
455.66223099999996,0.0,0,0,22190514176,96.19698616916968,-163840,0.0,64,50,0.5,1,39.99999999999998,211.002315,2
455.66223099999996,0.0,0,0,22190514176,96.19698616916968,-163840,0.0,64,51,0.5,1,39.99999999999998,161.772829,2
455.66223099999996,0.0,0,0,22190514176,96.19698616916968,-163840,0.0,64,52,0.5,1,39.99999999999998,216.321315,2
455.66223099999996,0.0,0,0,22190514176,96.19698616916968,-163840,0.0,64,53,0.5,1,40.00000000000001,200.139182,2
455.66223099999996,0.0,0,0,22190514176,96.19698616916968,-163840,0.0,64,54,0.5,1,49.999999999999986,175.131566,2
455.66223099999996,0.0,0,0,22190514176,96.19698616916968,-163840,0.0,64,55,0.5,1,39.99999999999998,202.522836,2
455.66223099999996,0.0,0,0,22190514176,96.19698616916968,-163840,0.0,64,56,0.5,1,39.99999999999998,199.050727,2
455.66223099999996,0.0,0,0,22190514176,96.19698616916968,-163840,0.0,64,57,0.5,1,40.00000000000001,163.571963,2
455.66223099999996,0.0,0,0,22190514176,96.19698616916968,-163840,0.0,64,58,0.5,1,39.99999999999998,148.309778,2
455.66223099999996,0.0,0,0,22190514176,96.19698616916968,-163840,0.0,64,59,0.5,1,39.99999999999998,155.586988,2
455.66223099999996,0.0,0,0,22190514176,96.19698616916968,-163840,0.0,64,60,0.5,1,39.99999999999998,179.092688,2
455.66223099999996,0.0,0,0,22190514176,96.19698616916968,-163840,0.0,64,61,0.5,1,39.99999999999998,175.570064,2
455.66223099999996,0.0,0,0,22190514176,96.19698616916968,-163840,0.0,64,62,0.5,1,40.00000000000001,148.70224,2
455.66223099999996,0.0,0,0,22190514176,96.19698616916968,-163840,0.0,64,63,0.5,1,39.99999999999998,151.426572,2
455.66223099999996,0.0,0,0,22190514176,96.19698616916968,-163840,0.0,64,64,0.5,1,40.00000000000001,170.623477,2
453.194636,0.0,0,0,22188711936,98.19180648908038,-1802240,0.0,64,1,0.5,2,30.0,173.912588,2
453.194636,0.0,0,0,22188711936,98.19180648908038,-1802240,0.0,64,2,0.5,2,39.99999999999998,114.359183,2
453.194636,0.0,0,0,22188711936,98.19180648908038,-1802240,0.0,64,3,0.5,2,39.99999999999998,174.638995,2
453.194636,0.0,0,0,22188711936,98.19180648908038,-1802240,0.0,64,4,0.5,2,40.00000000000001,113.964428,2
453.194636,0.0,0,0,22188711936,98.19180648908038,-1802240,0.0,64,5,0.5,2,40.00000000000001,97.78198,2
453.194636,0.0,0,0,22188711936,98.19180648908038,-1802240,0.0,64,6,0.5,2,40.000000000000036,56.122907,2
453.194636,0.0,0,0,22188711936,98.19180648908038,-1802240,0.0,64,7,0.5,2,30.00000000000003,168.139348,2
453.194636,0.0,0,0,22188711936,98.19180648908038,-1802240,0.0,64,8,0.5,2,50.000000000000014,212.268758,2
453.194636,0.0,0,0,22188711936,98.19180648908038,-1802240,0.0,64,9,0.5,2,49.999999999999986,101.016445,2
453.194636,0.0,0,0,22188711936,98.19180648908038,-1802240,0.0,64,10,0.5,2,40.000000000000036,191.814452,2
453.194636,0.0,0,0,22188711936,98.19180648908038,-1802240,0.0,64,11,0.5,2,40.00000000000001,231.477807,2
453.194636,0.0,0,0,22188711936,98.19180648908038,-1802240,0.0,64,12,0.5,2,40.000000000000036,96.53363,2
453.194636,0.0,0,0,22188711936,98.19180648908038,-1802240,0.0,64,13,0.5,2,49.999999999999986,148.883849,2
453.194636,0.0,0,0,22188711936,98.19180648908038,-1802240,0.0,64,14,0.5,2,40.000000000000036,119.96991,2
453.194636,0.0,0,0,22188711936,98.19180648908038,-1802240,0.0,64,15,0.5,2,39.99999999999998,232.248989,2
453.194636,0.0,0,0,22188711936,98.19180648908038,-1802240,0.0,64,16,0.5,2,39.99999999999998,231.930568,2
453.194636,0.0,0,0,22188711936,98.19180648908038,-1802240,0.0,64,17,0.5,2,39.99999999999998,271.962478,2
453.194636,0.0,0,0,22188711936,98.19180648908038,-1802240,0.0,64,18,0.5,2,49.999999999999986,259.527268,2
453.194636,0.0,0,0,22188711936,98.19180648908038,-1802240,0.0,64,19,0.5,2,40.000000000000036,161.833315,2
453.194636,0.0,0,0,22188711936,98.19180648908038,-1802240,0.0,64,20,0.5,2,39.99999999999998,183.436906,2
453.194636,0.0,0,0,22188711936,98.19180648908038,-1802240,0.0,64,21,0.5,2,40.000000000000036,234.542265,2
453.194636,0.0,0,0,22188711936,98.19180648908038,-1802240,0.0,64,22,0.5,2,40.00000000000001,175.733095,2
453.194636,0.0,0,0,22188711936,98.19180648908038,-1802240,0.0,64,23,0.5,2,40.00000000000001,104.515148,2
453.194636,0.0,0,0,22188711936,98.19180648908038,-1802240,0.0,64,24,0.5,2,40.000000000000036,148.307965,2
453.194636,0.0,0,0,22188711936,98.19180648908038,-1802240,0.0,64,25,0.5,2,40.00000000000001,267.798255,2
453.194636,0.0,0,0,22188711936,98.19180648908038,-1802240,0.0,64,26,0.5,2,40.00000000000001,151.212453,2
453.194636,0.0,0,0,22188711936,98.19180648908038,-1802240,0.0,64,27,0.5,2,40.000000000000036,271.997341,2
453.194636,0.0,0,0,22188711936,98.19180648908038,-1802240,0.0,64,28,0.5,2,40.00000000000001,279.809972,2
453.194636,0.0,0,0,22188711936,98.19180648908038,-1802240,0.0,64,29,0.5,2,30.00000000000003,156.708434,2
453.194636,0.0,0,0,22188711936,98.19180648908038,-1802240,0.0,64,30,0.5,2,49.999999999999986,271.308925,2
453.194636,0.0,0,0,22188711936,98.19180648908038,-1802240,0.0,64,31,0.5,2,39.99999999999998,155.527545,2
453.194636,0.0,0,0,22188711936,98.19180648908038,-1802240,0.0,64,32,0.5,2,40.000000000000036,268.587202,2
453.194636,0.0,0,0,22188711936,98.19180648908038,-1802240,0.0,64,33,0.5,2,40.00000000000001,236.032617,2
453.194636,0.0,0,0,22188711936,98.19180648908038,-1802240,0.0,64,34,0.5,2,40.00000000000001,176.074299,2
453.194636,0.0,0,0,22188711936,98.19180648908038,-1802240,0.0,64,35,0.5,2,40.000000000000036,280.194345,2
453.194636,0.0,0,0,22188711936,98.19180648908038,-1802240,0.0,64,36,0.5,2,39.99999999999998,263.683063,2
453.194636,0.0,0,0,22188711936,98.19180648908038,-1802240,0.0,64,37,0.5,2,40.000000000000036,239.263714,2
453.194636,0.0,0,0,22188711936,98.19180648908038,-1802240,0.0,64,38,0.5,2,40.000000000000036,280.386886,2
453.194636,0.0,0,0,22188711936,98.19180648908038,-1802240,0.0,64,39,0.5,2,39.99999999999998,246.763016,2
453.194636,0.0,0,0,22188711936,98.19180648908038,-1802240,0.0,64,40,0.5,2,49.999999999999986,256.012223,2
453.194636,0.0,0,0,22188711936,98.19180648908038,-1802240,0.0,64,41,0.5,2,49.999999999999986,263.457764,2
453.194636,0.0,0,0,22188711936,98.19180648908038,-1802240,0.0,64,42,0.5,2,50.000000000000014,255.450347,2
453.194636,0.0,0,0,22188711936,98.19180648908038,-1802240,0.0,64,43,0.5,2,39.99999999999998,257.90171,2
453.194636,0.0,0,0,22188711936,98.19180648908038,-1802240,0.0,64,44,0.5,2,40.000000000000036,252.666124,2
453.194636,0.0,0,0,22188711936,98.19180648908038,-1802240,0.0,64,45,0.5,2,39.99999999999998,256.873094,2
453.194636,0.0,0,0,22188711936,98.19180648908038,-1802240,0.0,64,46,0.5,2,40.000000000000036,259.59192,2
453.194636,0.0,0,0,22188711936,98.19180648908038,-1802240,0.0,64,47,0.5,2,40.000000000000036,257.667965,2
453.194636,0.0,0,0,22188711936,98.19180648908038,-1802240,0.0,64,48,0.5,2,40.000000000000036,253.736508,2
453.194636,0.0,0,0,22188711936,98.19180648908038,-1802240,0.0,64,49,0.5,2,40.000000000000036,250.568949,2
453.194636,0.0,0,0,22188711936,98.19180648908038,-1802240,0.0,64,50,0.5,2,40.000000000000036,226.540484,2
453.194636,0.0,0,0,22188711936,98.19180648908038,-1802240,0.0,64,51,0.5,2,40.000000000000036,244.6593,2
453.194636,0.0,0,0,22188711936,98.19180648908038,-1802240,0.0,64,52,0.5,2,40.000000000000036,179.722959,2
453.194636,0.0,0,0,22188711936,98.19180648908038,-1802240,0.0,64,53,0.5,2,40.00000000000001,228.565995,2
453.194636,0.0,0,0,22188711936,98.19180648908038,-1802240,0.0,64,54,0.5,2,39.99999999999998,226.632907,2
453.194636,0.0,0,0,22188711936,98.19180648908038,-1802240,0.0,64,55,0.5,2,40.000000000000036,239.081403,2
453.194636,0.0,0,0,22188711936,98.19180648908038,-1802240,0.0,64,56,0.5,2,40.000000000000036,207.268337,2
453.194636,0.0,0,0,22188711936,98.19180648908038,-1802240,0.0,64,57,0.5,2,50.000000000000014,215.310307,2
453.194636,0.0,0,0,22188711936,98.19180648908038,-1802240,0.0,64,58,0.5,2,40.000000000000036,237.464054,2
453.194636,0.0,0,0,22188711936,98.19180648908038,-1802240,0.0,64,59,0.5,2,40.000000000000036,232.221477,2
453.194636,0.0,0,0,22188711936,98.19180648908038,-1802240,0.0,64,60,0.5,2,40.000000000000036,215.513349,2
453.194636,0.0,0,0,22188711936,98.19180648908038,-1802240,0.0,64,61,0.5,2,40.000000000000036,199.310511,2
453.194636,0.0,0,0,22188711936,98.19180648908038,-1802240,0.0,64,62,0.5,2,39.99999999999998,221.112572,2
453.194636,0.0,0,0,22188711936,98.19180648908038,-1802240,0.0,64,63,0.5,2,40.000000000000036,168.376051,2
453.194636,0.0,0,0,22188711936,98.19180648908038,-1802240,0.0,64,64,0.5,2,40.00000000000001,164.893328,2
463.94428300000004,0.0,0,0,22188449792,97.71288276302079,-262144,0.0,64,1,0.5,3,39.99999999999998,146.663302,2
463.94428300000004,0.0,0,0,22188449792,97.71288276302079,-262144,0.0,64,2,0.5,3,40.000000000000036,81.849268,2
463.94428300000004,0.0,0,0,22188449792,97.71288276302079,-262144,0.0,64,3,0.5,3,40.000000000000036,250.010825,2
463.94428300000004,0.0,0,0,22188449792,97.71288276302079,-262144,0.0,64,4,0.5,3,39.99999999999998,232.078006,2
463.94428300000004,0.0,0,0,22188449792,97.71288276302079,-262144,0.0,64,5,0.5,3,39.99999999999998,38.834785,2
463.94428300000004,0.0,0,0,22188449792,97.71288276302079,-262144,0.0,64,6,0.5,3,39.99999999999998,113.834909,2
463.94428300000004,0.0,0,0,22188449792,97.71288276302079,-262144,0.0,64,7,0.5,3,49.999999999999986,247.641429,2
463.94428300000004,0.0,0,0,22188449792,97.71288276302079,-262144,0.0,64,8,0.5,3,39.99999999999998,267.957229,2
463.94428300000004,0.0,0,0,22188449792,97.71288276302079,-262144,0.0,64,9,0.5,3,40.000000000000036,159.968666,2
463.94428300000004,0.0,0,0,22188449792,97.71288276302079,-262144,0.0,64,10,0.5,3,39.99999999999998,136.360897,2
463.94428300000004,0.0,0,0,22188449792,97.71288276302079,-262144,0.0,64,11,0.5,3,49.999999999999986,292.0174,2
463.94428300000004,0.0,0,0,22188449792,97.71288276302079,-262144,0.0,64,12,0.5,3,39.99999999999998,327.996919,2
463.94428300000004,0.0,0,0,22188449792,97.71288276302079,-262144,0.0,64,13,0.5,3,40.000000000000036,197.626455,2
463.94428300000004,0.0,0,0,22188449792,97.71288276302079,-262144,0.0,64,14,0.5,3,29.99999999999997,205.645633,2
463.94428300000004,0.0,0,0,22188449792,97.71288276302079,-262144,0.0,64,15,0.5,3,40.000000000000036,211.604583,2
463.94428300000004,0.0,0,0,22188449792,97.71288276302079,-262144,0.0,64,16,0.5,3,40.000000000000036,242.272876,2
463.94428300000004,0.0,0,0,22188449792,97.71288276302079,-262144,0.0,64,17,0.5,3,40.000000000000036,208.175188,2
463.94428300000004,0.0,0,0,22188449792,97.71288276302079,-262144,0.0,64,18,0.5,3,40.000000000000036,325.119994,2
463.94428300000004,0.0,0,0,22188449792,97.71288276302079,-262144,0.0,64,19,0.5,3,39.99999999999998,280.101469,2
463.94428300000004,0.0,0,0,22188449792,97.71288276302079,-262144,0.0,64,20,0.5,3,40.000000000000036,291.843851,2
463.94428300000004,0.0,0,0,22188449792,97.71288276302079,-262144,0.0,64,21,0.5,3,39.99999999999998,203.584152,2
463.94428300000004,0.0,0,0,22188449792,97.71288276302079,-262144,0.0,64,22,0.5,3,39.99999999999998,275.885123,2
463.94428300000004,0.0,0,0,22188449792,97.71288276302079,-262144,0.0,64,23,0.5,3,39.99999999999998,375.105696,2
463.94428300000004,0.0,0,0,22188449792,97.71288276302079,-262144,0.0,64,24,0.5,3,39.99999999999998,323.570692,2
463.94428300000004,0.0,0,0,22188449792,97.71288276302079,-262144,0.0,64,25,0.5,3,49.999999999999986,327.71518,2
463.94428300000004,0.0,0,0,22188449792,97.71288276302079,-262144,0.0,64,26,0.5,3,39.99999999999998,265.647828,2
463.94428300000004,0.0,0,0,22188449792,97.71288276302079,-262144,0.0,64,27,0.5,3,39.99999999999998,263.939255,2
463.94428300000004,0.0,0,0,22188449792,97.71288276302079,-262144,0.0,64,28,0.5,3,39.99999999999998,368.496349,2
463.94428300000004,0.0,0,0,22188449792,97.71288276302079,-262144,0.0,64,29,0.5,3,49.999999999999986,312.435364,2
463.94428300000004,0.0,0,0,22188449792,97.71288276302079,-262144,0.0,64,30,0.5,3,40.000000000000036,343.635941,2
463.94428300000004,0.0,0,0,22188449792,97.71288276302079,-262144,0.0,64,31,0.5,3,40.000000000000036,352.743357,2
463.94428300000004,0.0,0,0,22188449792,97.71288276302079,-262144,0.0,64,32,0.5,3,39.99999999999998,345.015231,2
463.94428300000004,0.0,0,0,22188449792,97.71288276302079,-262144,0.0,64,33,0.5,3,39.99999999999998,254.582396,2
463.94428300000004,0.0,0,0,22188449792,97.71288276302079,-262144,0.0,64,34,0.5,3,39.99999999999998,320.149297,2
463.94428300000004,0.0,0,0,22188449792,97.71288276302079,-262144,0.0,64,35,0.5,3,39.99999999999998,319.331471,2
463.94428300000004,0.0,0,0,22188449792,97.71288276302079,-262144,0.0,64,36,0.5,3,50.00000000000004,326.016211,2
463.94428300000004,0.0,0,0,22188449792,97.71288276302079,-262144,0.0,64,37,0.5,3,39.99999999999998,227.009895,2
463.94428300000004,0.0,0,0,22188449792,97.71288276302079,-262144,0.0,64,38,0.5,3,39.99999999999998,232.740797,2
463.94428300000004,0.0,0,0,22188449792,97.71288276302079,-262144,0.0,64,39,0.5,3,40.000000000000036,331.696539,2
463.94428300000004,0.0,0,0,22188449792,97.71288276302079,-262144,0.0,64,40,0.5,3,40.000000000000036,305.430644,2
463.94428300000004,0.0,0,0,22188449792,97.71288276302079,-262144,0.0,64,41,0.5,3,40.000000000000036,187.101145,2
463.94428300000004,0.0,0,0,22188449792,97.71288276302079,-262144,0.0,64,42,0.5,3,39.99999999999998,285.380416,2
463.94428300000004,0.0,0,0,22188449792,97.71288276302079,-262144,0.0,64,43,0.5,3,40.000000000000036,284.048312,2
463.94428300000004,0.0,0,0,22188449792,97.71288276302079,-262144,0.0,64,44,0.5,3,39.99999999999998,173.638314,2
463.94428300000004,0.0,0,0,22188449792,97.71288276302079,-262144,0.0,64,45,0.5,3,40.000000000000036,306.728367,2
463.94428300000004,0.0,0,0,22188449792,97.71288276302079,-262144,0.0,64,46,0.5,3,39.99999999999998,273.832554,2
463.94428300000004,0.0,0,0,22188449792,97.71288276302079,-262144,0.0,64,47,0.5,3,49.999999999999986,274.889603,2
463.94428300000004,0.0,0,0,22188449792,97.71288276302079,-262144,0.0,64,48,0.5,3,39.99999999999998,273.287281,2
463.94428300000004,0.0,0,0,22188449792,97.71288276302079,-262144,0.0,64,49,0.5,3,49.999999999999986,287.847961,2
463.94428300000004,0.0,0,0,22188449792,97.71288276302079,-262144,0.0,64,50,0.5,3,39.99999999999998,273.732129,2
463.94428300000004,0.0,0,0,22188449792,97.71288276302079,-262144,0.0,64,51,0.5,3,39.99999999999998,240.852086,2
463.94428300000004,0.0,0,0,22188449792,97.71288276302079,-262144,0.0,64,52,0.5,3,39.99999999999998,290.230949,2
463.94428300000004,0.0,0,0,22188449792,97.71288276302079,-262144,0.0,64,53,0.5,3,39.99999999999998,270.471401,2
463.94428300000004,0.0,0,0,22188449792,97.71288276302079,-262144,0.0,64,54,0.5,3,40.000000000000036,235.090283,2
463.94428300000004,0.0,0,0,22188449792,97.71288276302079,-262144,0.0,64,55,0.5,3,49.999999999999986,266.88309,2
463.94428300000004,0.0,0,0,22188449792,97.71288276302079,-262144,0.0,64,56,0.5,3,39.99999999999998,213.644268,2
463.94428300000004,0.0,0,0,22188449792,97.71288276302079,-262144,0.0,64,57,0.5,3,39.99999999999998,247.253105,2
463.94428300000004,0.0,0,0,22188449792,97.71288276302079,-262144,0.0,64,58,0.5,3,39.99999999999998,177.501285,2
463.94428300000004,0.0,0,0,22188449792,97.71288276302079,-262144,0.0,64,59,0.5,3,39.99999999999998,247.937301,2
463.94428300000004,0.0,0,0,22188449792,97.71288276302079,-262144,0.0,64,60,0.5,3,39.99999999999998,174.228756,2
463.94428300000004,0.0,0,0,22188449792,97.71288276302079,-262144,0.0,64,61,0.5,3,39.99999999999998,253.649575,2
463.94428300000004,0.0,0,0,22188449792,97.71288276302079,-262144,0.0,64,62,0.5,3,40.000000000000036,129.147491,2
463.94428300000004,0.0,0,0,22188449792,97.71288276302079,-262144,0.0,64,63,0.5,3,39.99999999999998,255.452736,2
463.94428300000004,0.0,0,0,22188449792,97.71288276302079,-262144,0.0,64,64,0.5,3,39.99999999999998,261.083826,2
458.913838,0.0,0,0,22188449792,96.60491722485584,0,0.0,64,1,0.5,4,40.000000000000036,172.347772,2
458.913838,0.0,0,0,22188449792,96.60491722485584,0,0.0,64,2,0.5,4,39.99999999999998,149.249955,2
458.913838,0.0,0,0,22188449792,96.60491722485584,0,0.0,64,3,0.5,4,39.99999999999998,124.248964,2
458.913838,0.0,0,0,22188449792,96.60491722485584,0,0.0,64,4,0.5,4,39.99999999999998,90.407542,2
458.913838,0.0,0,0,22188449792,96.60491722485584,0,0.0,64,5,0.5,4,39.99999999999998,167.509371,2
458.913838,0.0,0,0,22188449792,96.60491722485584,0,0.0,64,6,0.5,4,39.99999999999998,222.908748,2
458.913838,0.0,0,0,22188449792,96.60491722485584,0,0.0,64,7,0.5,4,39.99999999999998,187.030336,2
458.913838,0.0,0,0,22188449792,96.60491722485584,0,0.0,64,8,0.5,4,39.99999999999998,47.136355,2
458.913838,0.0,0,0,22188449792,96.60491722485584,0,0.0,64,9,0.5,4,39.99999999999998,186.609484,2
458.913838,0.0,0,0,22188449792,96.60491722485584,0,0.0,64,10,0.5,4,39.99999999999998,227.966181,2
458.913838,0.0,0,0,22188449792,96.60491722485584,0,0.0,64,11,0.5,4,49.999999999999986,131.989641,2
458.913838,0.0,0,0,22188449792,96.60491722485584,0,0.0,64,12,0.5,4,39.99999999999998,200.333076,2
458.913838,0.0,0,0,22188449792,96.60491722485584,0,0.0,64,13,0.5,4,39.99999999999998,369.960252,2
458.913838,0.0,0,0,22188449792,96.60491722485584,0,0.0,64,14,0.5,4,39.99999999999998,362.043383,2
458.913838,0.0,0,0,22188449792,96.60491722485584,0,0.0,64,15,0.5,4,39.99999999999998,271.888709,2
458.913838,0.0,0,0,22188449792,96.60491722485584,0,0.0,64,16,0.5,4,39.99999999999998,308.093911,2
458.913838,0.0,0,0,22188449792,96.60491722485584,0,0.0,64,17,0.5,4,39.99999999999998,279.741843,2
458.913838,0.0,0,0,22188449792,96.60491722485584,0,0.0,64,18,0.5,4,39.99999999999998,203.759578,2
458.913838,0.0,0,0,22188449792,96.60491722485584,0,0.0,64,19,0.5,4,39.99999999999998,331.661967,2
458.913838,0.0,0,0,22188449792,96.60491722485584,0,0.0,64,20,0.5,4,39.99999999999998,334.481995,2
458.913838,0.0,0,0,22188449792,96.60491722485584,0,0.0,64,21,0.5,4,39.99999999999998,363.385582,2
458.913838,0.0,0,0,22188449792,96.60491722485584,0,0.0,64,22,0.5,4,39.99999999999998,333.119399,2
458.913838,0.0,0,0,22188449792,96.60491722485584,0,0.0,64,23,0.5,4,39.99999999999998,212.072608,2
458.913838,0.0,0,0,22188449792,96.60491722485584,0,0.0,64,24,0.5,4,49.999999999999986,280.955446,2
458.913838,0.0,0,0,22188449792,96.60491722485584,0,0.0,64,25,0.5,4,39.99999999999998,143.00865,2
458.913838,0.0,0,0,22188449792,96.60491722485584,0,0.0,64,26,0.5,4,49.999999999999986,365.894784,2
458.913838,0.0,0,0,22188449792,96.60491722485584,0,0.0,64,27,0.5,4,49.999999999999986,333.571688,2
458.913838,0.0,0,0,22188449792,96.60491722485584,0,0.0,64,28,0.5,4,39.99999999999998,39.679129,2
458.913838,0.0,0,0,22188449792,96.60491722485584,0,0.0,64,29,0.5,4,39.99999999999998,316.935125,2
458.913838,0.0,0,0,22188449792,96.60491722485584,0,0.0,64,30,0.5,4,39.99999999999998,275.783374,2
458.913838,0.0,0,0,22188449792,96.60491722485584,0,0.0,64,31,0.5,4,39.99999999999998,334.507824,2
458.913838,0.0,0,0,22188449792,96.60491722485584,0,0.0,64,32,0.5,4,49.999999999999986,280.054417,2
458.913838,0.0,0,0,22188449792,96.60491722485584,0,0.0,64,33,0.5,4,39.99999999999998,150.970397,2
458.913838,0.0,0,0,22188449792,96.60491722485584,0,0.0,64,34,0.5,4,39.99999999999998,281.275252,2
458.913838,0.0,0,0,22188449792,96.60491722485584,0,0.0,64,35,0.5,4,49.999999999999986,277.902646,2
458.913838,0.0,0,0,22188449792,96.60491722485584,0,0.0,64,36,0.5,4,39.99999999999998,138.792924,2
458.913838,0.0,0,0,22188449792,96.60491722485584,0,0.0,64,37,0.5,4,39.99999999999998,307.991005,2
458.913838,0.0,0,0,22188449792,96.60491722485584,0,0.0,64,38,0.5,4,49.999999999999986,291.141412,2
458.913838,0.0,0,0,22188449792,96.60491722485584,0,0.0,64,39,0.5,4,39.99999999999998,276.89631,2
458.913838,0.0,0,0,22188449792,96.60491722485584,0,0.0,64,40,0.5,4,39.99999999999998,276.875494,2
458.913838,0.0,0,0,22188449792,96.60491722485584,0,0.0,64,41,0.5,4,39.99999999999998,264.384747,2
458.913838,0.0,0,0,22188449792,96.60491722485584,0,0.0,64,42,0.5,4,39.99999999999998,236.166295,2
458.913838,0.0,0,0,22188449792,96.60491722485584,0,0.0,64,43,0.5,4,39.99999999999998,271.042337,2
458.913838,0.0,0,0,22188449792,96.60491722485584,0,0.0,64,44,0.5,4,39.99999999999998,292.52493,2
458.913838,0.0,0,0,22188449792,96.60491722485584,0,0.0,64,45,0.5,4,39.99999999999998,195.819333,2
458.913838,0.0,0,0,22188449792,96.60491722485584,0,0.0,64,46,0.5,4,39.99999999999998,264.855531,2
458.913838,0.0,0,0,22188449792,96.60491722485584,0,0.0,64,47,0.5,4,39.99999999999998,257.001406,2
458.913838,0.0,0,0,22188449792,96.60491722485584,0,0.0,64,48,0.5,4,39.99999999999998,237.536335,2
458.913838,0.0,0,0,22188449792,96.60491722485584,0,0.0,64,49,0.5,4,39.99999999999998,182.373413,2
458.913838,0.0,0,0,22188449792,96.60491722485584,0,0.0,64,50,0.5,4,49.999999999999986,246.406388,2
458.913838,0.0,0,0,22188449792,96.60491722485584,0,0.0,64,51,0.5,4,39.99999999999998,266.579812,2
458.913838,0.0,0,0,22188449792,96.60491722485584,0,0.0,64,52,0.5,4,39.99999999999998,128.593005,2
458.913838,0.0,0,0,22188449792,96.60491722485584,0,0.0,64,53,0.5,4,39.99999999999998,189.618559,2
458.913838,0.0,0,0,22188449792,96.60491722485584,0,0.0,64,54,0.5,4,39.99999999999998,237.875393,2
458.913838,0.0,0,0,22188449792,96.60491722485584,0,0.0,64,55,0.5,4,39.99999999999998,159.525548,2
458.913838,0.0,0,0,22188449792,96.60491722485584,0,0.0,64,56,0.5,4,39.99999999999998,151.510934,2
458.913838,0.0,0,0,22188449792,96.60491722485584,0,0.0,64,57,0.5,4,39.99999999999998,234.965355,2
458.913838,0.0,0,0,22188449792,96.60491722485584,0,0.0,64,58,0.5,4,39.99999999999998,235.148032,2
458.913838,0.0,0,0,22188449792,96.60491722485584,0,0.0,64,59,0.5,4,39.99999999999998,238.089518,2
458.913838,0.0,0,0,22188449792,96.60491722485584,0,0.0,64,60,0.5,4,39.99999999999998,230.482294,2
458.913838,0.0,0,0,22188449792,96.60491722485584,0,0.0,64,61,0.5,4,39.99999999999998,235.2801,2
458.913838,0.0,0,0,22188449792,96.60491722485584,0,0.0,64,62,0.5,4,39.99999999999998,125.390042,2
458.913838,0.0,0,0,22188449792,96.60491722485584,0,0.0,64,63,0.5,4,39.99999999999998,112.12111,2
458.913838,0.0,0,0,22188449792,96.60491722485584,0,0.0,64,64,0.5,4,39.99999999999998,193.946195,2
448.508875,0.0,0,0,22188191744,97.73125076581817,-258048,0.0,64,1,0.5,5,39.99999999999998,92.113973,2
448.508875,0.0,0,0,22188191744,97.73125076581817,-258048,0.0,64,2,0.5,5,39.99999999999998,106.883555,2
448.508875,0.0,0,0,22188191744,97.73125076581817,-258048,0.0,64,3,0.5,5,39.99999999999998,95.254645,2
448.508875,0.0,0,0,22188191744,97.73125076581817,-258048,0.0,64,4,0.5,5,40.000000000000036,150.391717,2
448.508875,0.0,0,0,22188191744,97.73125076581817,-258048,0.0,64,5,0.5,5,40.000000000000036,120.080623,2
448.508875,0.0,0,0,22188191744,97.73125076581817,-258048,0.0,64,6,0.5,5,40.000000000000036,147.687666,2
448.508875,0.0,0,0,22188191744,97.73125076581817,-258048,0.0,64,7,0.5,5,30.00000000000003,119.454191,2
448.508875,0.0,0,0,22188191744,97.73125076581817,-258048,0.0,64,8,0.5,5,40.000000000000036,47.602343,2
448.508875,0.0,0,0,22188191744,97.73125076581817,-258048,0.0,64,9,0.5,5,39.99999999999998,105.31643,2
448.508875,0.0,0,0,22188191744,97.73125076581817,-258048,0.0,64,10,0.5,5,40.000000000000036,103.796952,2
448.508875,0.0,0,0,22188191744,97.73125076581817,-258048,0.0,64,11,0.5,5,40.000000000000036,99.135814,2
448.508875,0.0,0,0,22188191744,97.73125076581817,-258048,0.0,64,12,0.5,5,40.000000000000036,236.072909,2
448.508875,0.0,0,0,22188191744,97.73125076581817,-258048,0.0,64,13,0.5,5,39.99999999999998,91.247694,2
448.508875,0.0,0,0,22188191744,97.73125076581817,-258048,0.0,64,14,0.5,5,40.000000000000036,82.410159,2
448.508875,0.0,0,0,22188191744,97.73125076581817,-258048,0.0,64,15,0.5,5,39.99999999999998,81.789001,2
448.508875,0.0,0,0,22188191744,97.73125076581817,-258048,0.0,64,16,0.5,5,39.99999999999998,140.1072,2
448.508875,0.0,0,0,22188191744,97.73125076581817,-258048,0.0,64,17,0.5,5,39.99999999999998,103.970247,2
448.508875,0.0,0,0,22188191744,97.73125076581817,-258048,0.0,64,18,0.5,5,39.99999999999998,80.816413,2
448.508875,0.0,0,0,22188191744,97.73125076581817,-258048,0.0,64,19,0.5,5,40.000000000000036,268.277795,2
448.508875,0.0,0,0,22188191744,97.73125076581817,-258048,0.0,64,20,0.5,5,39.99999999999998,198.735862,2
448.508875,0.0,0,0,22188191744,97.73125076581817,-258048,0.0,64,21,0.5,5,40.000000000000036,44.301687,2
448.508875,0.0,0,0,22188191744,97.73125076581817,-258048,0.0,64,22,0.5,5,40.000000000000036,330.337282,2
448.508875,0.0,0,0,22188191744,97.73125076581817,-258048,0.0,64,23,0.5,5,40.000000000000036,62.655225,2
448.508875,0.0,0,0,22188191744,97.73125076581817,-258048,0.0,64,24,0.5,5,39.99999999999998,318.904218,2
448.508875,0.0,0,0,22188191744,97.73125076581817,-258048,0.0,64,25,0.5,5,40.000000000000036,313.411704,2
448.508875,0.0,0,0,22188191744,97.73125076581817,-258048,0.0,64,26,0.5,5,40.000000000000036,259.196412,2
448.508875,0.0,0,0,22188191744,97.73125076581817,-258048,0.0,64,27,0.5,5,39.99999999999998,308.120085,2
448.508875,0.0,0,0,22188191744,97.73125076581817,-258048,0.0,64,28,0.5,5,40.000000000000036,266.747061,2
448.508875,0.0,0,0,22188191744,97.73125076581817,-258048,0.0,64,29,0.5,5,39.99999999999998,262.805507,2
448.508875,0.0,0,0,22188191744,97.73125076581817,-258048,0.0,64,30,0.5,5,39.99999999999998,255.188718,2
448.508875,0.0,0,0,22188191744,97.73125076581817,-258048,0.0,64,31,0.5,5,39.99999999999998,270.308197,2
448.508875,0.0,0,0,22188191744,97.73125076581817,-258048,0.0,64,32,0.5,5,39.99999999999998,259.907653,2
448.508875,0.0,0,0,22188191744,97.73125076581817,-258048,0.0,64,33,0.5,5,40.000000000000036,292.931669,2
448.508875,0.0,0,0,22188191744,97.73125076581817,-258048,0.0,64,34,0.5,5,40.000000000000036,303.399891,2
448.508875,0.0,0,0,22188191744,97.73125076581817,-258048,0.0,64,35,0.5,5,39.99999999999998,206.116963,2
448.508875,0.0,0,0,22188191744,97.73125076581817,-258048,0.0,64,36,0.5,5,39.99999999999998,274.82561,2
448.508875,0.0,0,0,22188191744,97.73125076581817,-258048,0.0,64,37,0.5,5,40.000000000000036,269.323056,2
448.508875,0.0,0,0,22188191744,97.73125076581817,-258048,0.0,64,38,0.5,5,39.99999999999998,238.945464,2
448.508875,0.0,0,0,22188191744,97.73125076581817,-258048,0.0,64,39,0.5,5,39.99999999999998,230.887003,2
448.508875,0.0,0,0,22188191744,97.73125076581817,-258048,0.0,64,40,0.5,5,39.99999999999998,45.594529,2
448.508875,0.0,0,0,22188191744,97.73125076581817,-258048,0.0,64,41,0.5,5,39.99999999999998,268.30376,2
448.508875,0.0,0,0,22188191744,97.73125076581817,-258048,0.0,64,42,0.5,5,40.000000000000036,283.381792,2
448.508875,0.0,0,0,22188191744,97.73125076581817,-258048,0.0,64,43,0.5,5,39.99999999999998,243.736096,2
448.508875,0.0,0,0,22188191744,97.73125076581817,-258048,0.0,64,44,0.5,5,40.000000000000036,244.349099,2
448.508875,0.0,0,0,22188191744,97.73125076581817,-258048,0.0,64,45,0.5,5,39.99999999999998,218.839571,2
448.508875,0.0,0,0,22188191744,97.73125076581817,-258048,0.0,64,46,0.5,5,40.000000000000036,227.539285,2
448.508875,0.0,0,0,22188191744,97.73125076581817,-258048,0.0,64,47,0.5,5,39.99999999999998,236.346343,2
448.508875,0.0,0,0,22188191744,97.73125076581817,-258048,0.0,64,48,0.5,5,50.00000000000004,210.090163,2
448.508875,0.0,0,0,22188191744,97.73125076581817,-258048,0.0,64,49,0.5,5,30.00000000000003,271.853375,2
448.508875,0.0,0,0,22188191744,97.73125076581817,-258048,0.0,64,50,0.5,5,30.00000000000003,99.438676,2
448.508875,0.0,0,0,22188191744,97.73125076581817,-258048,0.0,64,51,0.5,5,40.000000000000036,274.237603,2
448.508875,0.0,0,0,22188191744,97.73125076581817,-258048,0.0,64,52,0.5,5,40.000000000000036,250.978974,2
448.508875,0.0,0,0,22188191744,97.73125076581817,-258048,0.0,64,53,0.5,5,40.000000000000036,235.660131,2
448.508875,0.0,0,0,22188191744,97.73125076581817,-258048,0.0,64,54,0.5,5,39.99999999999998,163.782187,2
448.508875,0.0,0,0,22188191744,97.73125076581817,-258048,0.0,64,55,0.5,5,39.99999999999998,188.783605,2
448.508875,0.0,0,0,22188191744,97.73125076581817,-258048,0.0,64,56,0.5,5,40.000000000000036,229.706296,2
448.508875,0.0,0,0,22188191744,97.73125076581817,-258048,0.0,64,57,0.5,5,40.000000000000036,162.741255,2
448.508875,0.0,0,0,22188191744,97.73125076581817,-258048,0.0,64,58,0.5,5,40.000000000000036,162.739583,2
448.508875,0.0,0,0,22188191744,97.73125076581817,-258048,0.0,64,59,0.5,5,49.999999999999986,208.648264,2
448.508875,0.0,0,0,22188191744,97.73125076581817,-258048,0.0,64,60,0.5,5,40.000000000000036,108.03113,2
448.508875,0.0,0,0,22188191744,97.73125076581817,-258048,0.0,64,61,0.5,5,40.000000000000036,158.666219,2
448.508875,0.0,0,0,22188191744,97.73125076581817,-258048,0.0,64,62,0.5,5,39.99999999999998,128.054573,2
448.508875,0.0,0,0,22188191744,97.73125076581817,-258048,0.0,64,63,0.5,5,40.000000000000036,223.603885,2
448.508875,0.0,0,0,22188191744,97.73125076581817,-258048,0.0,64,64,0.5,5,40.000000000000036,197.324744,2
443.08344,0.0,0,0,22187933696,97.79948745847825,-258048,0.0,64,1,0.5,6,39.99999999999998,127.396676,2
443.08344,0.0,0,0,22187933696,97.79948745847825,-258048,0.0,64,2,0.5,6,40.000000000000036,120.056886,2
443.08344,0.0,0,0,22187933696,97.79948745847825,-258048,0.0,64,3,0.5,6,40.000000000000036,160.335493,2
443.08344,0.0,0,0,22187933696,97.79948745847825,-258048,0.0,64,4,0.5,6,39.99999999999998,107.855208,2
443.08344,0.0,0,0,22187933696,97.79948745847825,-258048,0.0,64,5,0.5,6,29.99999999999997,91.093351,2
443.08344,0.0,0,0,22187933696,97.79948745847825,-258048,0.0,64,6,0.5,6,39.99999999999998,106.990969,2
443.08344,0.0,0,0,22187933696,97.79948745847825,-258048,0.0,64,7,0.5,6,39.99999999999998,40.71615,2
443.08344,0.0,0,0,22187933696,97.79948745847825,-258048,0.0,64,8,0.5,6,39.99999999999998,156.590616,2
443.08344,0.0,0,0,22187933696,97.79948745847825,-258048,0.0,64,9,0.5,6,30.00000000000003,112.56465,2
443.08344,0.0,0,0,22187933696,97.79948745847825,-258048,0.0,64,10,0.5,6,39.99999999999998,160.295623,2
443.08344,0.0,0,0,22187933696,97.79948745847825,-258048,0.0,64,11,0.5,6,39.99999999999998,148.644369,2
443.08344,0.0,0,0,22187933696,97.79948745847825,-258048,0.0,64,12,0.5,6,39.99999999999998,179.88257,2
443.08344,0.0,0,0,22187933696,97.79948745847825,-258048,0.0,64,13,0.5,6,40.000000000000036,178.163674,2
443.08344,0.0,0,0,22187933696,97.79948745847825,-258048,0.0,64,14,0.5,6,39.99999999999998,167.776546,2
443.08344,0.0,0,0,22187933696,97.79948745847825,-258048,0.0,64,15,0.5,6,40.000000000000036,132.075293,2
443.08344,0.0,0,0,22187933696,97.79948745847825,-258048,0.0,64,16,0.5,6,40.000000000000036,66.59052,2
443.08344,0.0,0,0,22187933696,97.79948745847825,-258048,0.0,64,17,0.5,6,40.000000000000036,181.251274,2
443.08344,0.0,0,0,22187933696,97.79948745847825,-258048,0.0,64,18,0.5,6,40.000000000000036,224.071155,2
443.08344,0.0,0,0,22187933696,97.79948745847825,-258048,0.0,64,19,0.5,6,39.99999999999998,268.190153,2
443.08344,0.0,0,0,22187933696,97.79948745847825,-258048,0.0,64,20,0.5,6,40.000000000000036,296.078893,2
443.08344,0.0,0,0,22187933696,97.79948745847825,-258048,0.0,64,21,0.5,6,39.99999999999998,140.591449,2
443.08344,0.0,0,0,22187933696,97.79948745847825,-258048,0.0,64,22,0.5,6,39.99999999999998,150.101681,2
443.08344,0.0,0,0,22187933696,97.79948745847825,-258048,0.0,64,23,0.5,6,29.99999999999997,292.000632,2
443.08344,0.0,0,0,22187933696,97.79948745847825,-258048,0.0,64,24,0.5,6,40.000000000000036,243.305346,2
443.08344,0.0,0,0,22187933696,97.79948745847825,-258048,0.0,64,25,0.5,6,39.99999999999998,163.102341,2
443.08344,0.0,0,0,22187933696,97.79948745847825,-258048,0.0,64,26,0.5,6,39.99999999999998,203.026887,2
443.08344,0.0,0,0,22187933696,97.79948745847825,-258048,0.0,64,27,0.5,6,30.00000000000003,115.650243,2
443.08344,0.0,0,0,22187933696,97.79948745847825,-258048,0.0,64,28,0.5,6,39.99999999999998,292.164375,2
443.08344,0.0,0,0,22187933696,97.79948745847825,-258048,0.0,64,29,0.5,6,40.000000000000036,299.168909,2
443.08344,0.0,0,0,22187933696,97.79948745847825,-258048,0.0,64,30,0.5,6,40.000000000000036,262.922085,2
443.08344,0.0,0,0,22187933696,97.79948745847825,-258048,0.0,64,31,0.5,6,40.000000000000036,299.976391,2
443.08344,0.0,0,0,22187933696,97.79948745847825,-258048,0.0,64,32,0.5,6,40.000000000000036,263.899801,2
443.08344,0.0,0,0,22187933696,97.79948745847825,-258048,0.0,64,33,0.5,6,39.99999999999998,120.022948,2
443.08344,0.0,0,0,22187933696,97.79948745847825,-258048,0.0,64,34,0.5,6,49.999999999999986,263.461759,2
443.08344,0.0,0,0,22187933696,97.79948745847825,-258048,0.0,64,35,0.5,6,40.000000000000036,271.420466,2
443.08344,0.0,0,0,22187933696,97.79948745847825,-258048,0.0,64,36,0.5,6,40.000000000000036,287.330871,2
443.08344,0.0,0,0,22187933696,97.79948745847825,-258048,0.0,64,37,0.5,6,39.99999999999998,254.391458,2
443.08344,0.0,0,0,22187933696,97.79948745847825,-258048,0.0,64,38,0.5,6,40.000000000000036,219.010872,2
443.08344,0.0,0,0,22187933696,97.79948745847825,-258048,0.0,64,39,0.5,6,50.00000000000004,238.376982,2
443.08344,0.0,0,0,22187933696,97.79948745847825,-258048,0.0,64,40,0.5,6,30.00000000000003,165.133125,2
443.08344,0.0,0,0,22187933696,97.79948745847825,-258048,0.0,64,41,0.5,6,40.000000000000036,194.042899,2
443.08344,0.0,0,0,22187933696,97.79948745847825,-258048,0.0,64,42,0.5,6,39.99999999999998,123.588916,2
443.08344,0.0,0,0,22187933696,97.79948745847825,-258048,0.0,64,43,0.5,6,40.000000000000036,223.064845,2
443.08344,0.0,0,0,22187933696,97.79948745847825,-258048,0.0,64,44,0.5,6,39.99999999999998,199.41898,2
443.08344,0.0,0,0,22187933696,97.79948745847825,-258048,0.0,64,45,0.5,6,40.000000000000036,257.534186,2
443.08344,0.0,0,0,22187933696,97.79948745847825,-258048,0.0,64,46,0.5,6,39.99999999999998,247.332261,2
443.08344,0.0,0,0,22187933696,97.79948745847825,-258048,0.0,64,47,0.5,6,40.000000000000036,227.17057,2
443.08344,0.0,0,0,22187933696,97.79948745847825,-258048,0.0,64,48,0.5,6,39.99999999999998,247.199122,2
443.08344,0.0,0,0,22187933696,97.79948745847825,-258048,0.0,64,49,0.5,6,39.99999999999998,161.4686,2
443.08344,0.0,0,0,22187933696,97.79948745847825,-258048,0.0,64,50,0.5,6,39.99999999999998,84.481666,2
443.08344,0.0,0,0,22187933696,97.79948745847825,-258048,0.0,64,51,0.5,6,39.99999999999998,190.859835,2
443.08344,0.0,0,0,22187933696,97.79948745847825,-258048,0.0,64,52,0.5,6,39.99999999999998,223.749242,2
443.08344,0.0,0,0,22187933696,97.79948745847825,-258048,0.0,64,53,0.5,6,49.999999999999986,206.738769,2
443.08344,0.0,0,0,22187933696,97.79948745847825,-258048,0.0,64,54,0.5,6,40.000000000000036,225.291992,2
443.08344,0.0,0,0,22187933696,97.79948745847825,-258048,0.0,64,55,0.5,6,40.000000000000036,220.622758,2
443.08344,0.0,0,0,22187933696,97.79948745847825,-258048,0.0,64,56,0.5,6,39.99999999999998,196.791864,2
443.08344,0.0,0,0,22187933696,97.79948745847825,-258048,0.0,64,57,0.5,6,39.99999999999998,210.419062,2
443.08344,0.0,0,0,22187933696,97.79948745847825,-258048,0.0,64,58,0.5,6,39.99999999999998,225.005805,2
443.08344,0.0,0,0,22187933696,97.79948745847825,-258048,0.0,64,59,0.5,6,40.000000000000036,205.992079,2
443.08344,0.0,0,0,22187933696,97.79948745847825,-258048,0.0,64,60,0.5,6,39.99999999999998,114.423882,2
443.08344,0.0,0,0,22187933696,97.79948745847825,-258048,0.0,64,61,0.5,6,39.99999999999998,188.227059,2
443.08344,0.0,0,0,22187933696,97.79948745847825,-258048,0.0,64,62,0.5,6,40.000000000000036,104.043981,2
443.08344,0.0,0,0,22187933696,97.79948745847825,-258048,0.0,64,63,0.5,6,39.99999999999998,199.950324,2
443.08344,0.0,0,0,22187933696,97.79948745847825,-258048,0.0,64,64,0.5,6,39.99999999999998,79.950699,2
458.450041,0.0,0,0,22187933696,97.06619264977056,0,0.0,64,1,0.5,7,40.000000000000036,112.307025,2
458.450041,0.0,0,0,22187933696,97.06619264977056,0,0.0,64,2,0.5,7,49.999999999999986,191.94395,2
458.450041,0.0,0,0,22187933696,97.06619264977056,0,0.0,64,3,0.5,7,39.99999999999998,66.230195,2
458.450041,0.0,0,0,22187933696,97.06619264977056,0,0.0,64,4,0.5,7,30.00000000000003,101.42086,2
458.450041,0.0,0,0,22187933696,97.06619264977056,0,0.0,64,5,0.5,7,49.999999999999986,203.672872,2
458.450041,0.0,0,0,22187933696,97.06619264977056,0,0.0,64,6,0.5,7,39.99999999999998,75.615902,2
458.450041,0.0,0,0,22187933696,97.06619264977056,0,0.0,64,7,0.5,7,39.99999999999998,67.935377,2
458.450041,0.0,0,0,22187933696,97.06619264977056,0,0.0,64,8,0.5,7,39.99999999999998,104.060223,2
458.450041,0.0,0,0,22187933696,97.06619264977056,0,0.0,64,9,0.5,7,49.999999999999986,176.068634,2
458.450041,0.0,0,0,22187933696,97.06619264977056,0,0.0,64,10,0.5,7,39.99999999999998,116.061667,2
458.450041,0.0,0,0,22187933696,97.06619264977056,0,0.0,64,11,0.5,7,39.99999999999998,124.091223,2
458.450041,0.0,0,0,22187933696,97.06619264977056,0,0.0,64,12,0.5,7,39.99999999999998,163.911108,2
458.450041,0.0,0,0,22187933696,97.06619264977056,0,0.0,64,13,0.5,7,49.999999999999986,219.836729,2
458.450041,0.0,0,0,22187933696,97.06619264977056,0,0.0,64,14,0.5,7,39.99999999999998,151.694738,2
458.450041,0.0,0,0,22187933696,97.06619264977056,0,0.0,64,15,0.5,7,39.99999999999998,188.064599,2
458.450041,0.0,0,0,22187933696,97.06619264977056,0,0.0,64,16,0.5,7,39.99999999999998,60.583664,2
458.450041,0.0,0,0,22187933696,97.06619264977056,0,0.0,64,17,0.5,7,39.99999999999998,120.118728,2
458.450041,0.0,0,0,22187933696,97.06619264977056,0,0.0,64,18,0.5,7,39.99999999999998,261.865946,2
458.450041,0.0,0,0,22187933696,97.06619264977056,0,0.0,64,19,0.5,7,39.99999999999998,184.22,2
458.450041,0.0,0,0,22187933696,97.06619264977056,0,0.0,64,20,0.5,7,39.99999999999998,211.963014,2
458.450041,0.0,0,0,22187933696,97.06619264977056,0,0.0,64,21,0.5,7,39.99999999999998,321.415021,2
458.450041,0.0,0,0,22187933696,97.06619264977056,0,0.0,64,22,0.5,7,49.999999999999986,267.626691,2
458.450041,0.0,0,0,22187933696,97.06619264977056,0,0.0,64,23,0.5,7,40.000000000000036,316.023889,2
458.450041,0.0,0,0,22187933696,97.06619264977056,0,0.0,64,24,0.5,7,39.99999999999998,315.82041,2
458.450041,0.0,0,0,22187933696,97.06619264977056,0,0.0,64,25,0.5,7,39.99999999999998,316.036852,2
458.450041,0.0,0,0,22187933696,97.06619264977056,0,0.0,64,26,0.5,7,39.99999999999998,222.954799,2
458.450041,0.0,0,0,22187933696,97.06619264977056,0,0.0,64,27,0.5,7,39.99999999999998,245.876977,2
458.450041,0.0,0,0,22187933696,97.06619264977056,0,0.0,64,28,0.5,7,39.99999999999998,193.21538,2
458.450041,0.0,0,0,22187933696,97.06619264977056,0,0.0,64,29,0.5,7,39.99999999999998,203.760891,2
458.450041,0.0,0,0,22187933696,97.06619264977056,0,0.0,64,30,0.5,7,39.99999999999998,244.37866,2
458.450041,0.0,0,0,22187933696,97.06619264977056,0,0.0,64,31,0.5,7,39.99999999999998,190.362703,2
458.450041,0.0,0,0,22187933696,97.06619264977056,0,0.0,64,32,0.5,7,39.99999999999998,243.788842,2
458.450041,0.0,0,0,22187933696,97.06619264977056,0,0.0,64,33,0.5,7,39.99999999999998,305.667497,2
458.450041,0.0,0,0,22187933696,97.06619264977056,0,0.0,64,34,0.5,7,39.99999999999998,244.02165,2
458.450041,0.0,0,0,22187933696,97.06619264977056,0,0.0,64,35,0.5,7,39.99999999999998,231.432639,2
458.450041,0.0,0,0,22187933696,97.06619264977056,0,0.0,64,36,0.5,7,39.99999999999998,277.111088,2
458.450041,0.0,0,0,22187933696,97.06619264977056,0,0.0,64,37,0.5,7,39.99999999999998,292.450411,2
458.450041,0.0,0,0,22187933696,97.06619264977056,0,0.0,64,38,0.5,7,39.99999999999998,270.528866,2
458.450041,0.0,0,0,22187933696,97.06619264977056,0,0.0,64,39,0.5,7,39.99999999999998,219.500173,2
458.450041,0.0,0,0,22187933696,97.06619264977056,0,0.0,64,40,0.5,7,49.999999999999986,293.827896,2
458.450041,0.0,0,0,22187933696,97.06619264977056,0,0.0,64,41,0.5,7,39.99999999999998,289.723142,2
458.450041,0.0,0,0,22187933696,97.06619264977056,0,0.0,64,42,0.5,7,39.99999999999998,187.638257,2
458.450041,0.0,0,0,22187933696,97.06619264977056,0,0.0,64,43,0.5,7,39.99999999999998,287.971963,2
458.450041,0.0,0,0,22187933696,97.06619264977056,0,0.0,64,44,0.5,7,39.99999999999998,279.076704,2
458.450041,0.0,0,0,22187933696,97.06619264977056,0,0.0,64,45,0.5,7,39.99999999999998,208.910853,2
458.450041,0.0,0,0,22187933696,97.06619264977056,0,0.0,64,46,0.5,7,49.999999999999986,232.02653,2
458.450041,0.0,0,0,22187933696,97.06619264977056,0,0.0,64,47,0.5,7,39.99999999999998,213.603549,2
458.450041,0.0,0,0,22187933696,97.06619264977056,0,0.0,64,48,0.5,7,39.99999999999998,253.273763,2
458.450041,0.0,0,0,22187933696,97.06619264977056,0,0.0,64,49,0.5,7,39.99999999999998,210.384189,2
458.450041,0.0,0,0,22187933696,97.06619264977056,0,0.0,64,50,0.5,7,39.99999999999998,227.938875,2
458.450041,0.0,0,0,22187933696,97.06619264977056,0,0.0,64,51,0.5,7,49.999999999999986,194.965047,2
458.450041,0.0,0,0,22187933696,97.06619264977056,0,0.0,64,52,0.5,7,39.99999999999998,179.68157,2
458.450041,0.0,0,0,22187933696,97.06619264977056,0,0.0,64,53,0.5,7,39.99999999999998,199.621378,2
458.450041,0.0,0,0,22187933696,97.06619264977056,0,0.0,64,54,0.5,7,29.99999999999997,147.72277,2
458.450041,0.0,0,0,22187933696,97.06619264977056,0,0.0,64,55,0.5,7,39.99999999999998,189.819311,2
458.450041,0.0,0,0,22187933696,97.06619264977056,0,0.0,64,56,0.5,7,39.99999999999998,226.953106,2
458.450041,0.0,0,0,22187933696,97.06619264977056,0,0.0,64,57,0.5,7,39.99999999999998,185.763479,2
458.450041,0.0,0,0,22187933696,97.06619264977056,0,0.0,64,58,0.5,7,39.99999999999998,151.760265,2
458.450041,0.0,0,0,22187933696,97.06619264977056,0,0.0,64,59,0.5,7,39.99999999999998,191.873944,2
458.450041,0.0,0,0,22187933696,97.06619264977056,0,0.0,64,60,0.5,7,39.99999999999998,187.390483,2
458.450041,0.0,0,0,22187933696,97.06619264977056,0,0.0,64,61,0.5,7,39.99999999999998,209.475365,2
458.450041,0.0,0,0,22187933696,97.06619264977056,0,0.0,64,62,0.5,7,29.99999999999997,162.322604,2
458.450041,0.0,0,0,22187933696,97.06619264977056,0,0.0,64,63,0.5,7,39.99999999999998,181.298034,2
458.450041,0.0,0,0,22187933696,97.06619264977056,0,0.0,64,64,0.5,7,39.99999999999998,185.369051,2
457.757063,0.0,0,0,22186901504,98.30541926555006,-1032192,0.0,64,1,0.5,8,39.99999999999998,201.17522,2
457.757063,0.0,0,0,22186901504,98.30541926555006,-1032192,0.0,64,2,0.5,8,40.000000000000036,69.706027,2
457.757063,0.0,0,0,22186901504,98.30541926555006,-1032192,0.0,64,3,0.5,8,40.000000000000036,129.602151,2
457.757063,0.0,0,0,22186901504,98.30541926555006,-1032192,0.0,64,4,0.5,8,39.99999999999998,53.259836,2
457.757063,0.0,0,0,22186901504,98.30541926555006,-1032192,0.0,64,5,0.5,8,40.000000000000036,136.867977,2
457.757063,0.0,0,0,22186901504,98.30541926555006,-1032192,0.0,64,6,0.5,8,40.000000000000036,77.692145,2
457.757063,0.0,0,0,22186901504,98.30541926555006,-1032192,0.0,64,7,0.5,8,40.000000000000036,216.092248,2
457.757063,0.0,0,0,22186901504,98.30541926555006,-1032192,0.0,64,8,0.5,8,40.000000000000036,128.292208,2
457.757063,0.0,0,0,22186901504,98.30541926555006,-1032192,0.0,64,9,0.5,8,40.000000000000036,158.748288,2
457.757063,0.0,0,0,22186901504,98.30541926555006,-1032192,0.0,64,10,0.5,8,50.00000000000004,172.006339,2
457.757063,0.0,0,0,22186901504,98.30541926555006,-1032192,0.0,64,11,0.5,8,40.000000000000036,200.252809,2
457.757063,0.0,0,0,22186901504,98.30541926555006,-1032192,0.0,64,12,0.5,8,40.000000000000036,65.083339,2
457.757063,0.0,0,0,22186901504,98.30541926555006,-1032192,0.0,64,13,0.5,8,40.000000000000036,164.158093,2
457.757063,0.0,0,0,22186901504,98.30541926555006,-1032192,0.0,64,14,0.5,8,40.000000000000036,62.236637,2
457.757063,0.0,0,0,22186901504,98.30541926555006,-1032192,0.0,64,15,0.5,8,40.000000000000036,163.34655,2
457.757063,0.0,0,0,22186901504,98.30541926555006,-1032192,0.0,64,16,0.5,8,40.000000000000036,279.905518,2
457.757063,0.0,0,0,22186901504,98.30541926555006,-1032192,0.0,64,17,0.5,8,40.000000000000036,275.489463,2
457.757063,0.0,0,0,22186901504,98.30541926555006,-1032192,0.0,64,18,0.5,8,40.000000000000036,163.287221,2
457.757063,0.0,0,0,22186901504,98.30541926555006,-1032192,0.0,64,19,0.5,8,40.000000000000036,123.920119,2
457.757063,0.0,0,0,22186901504,98.30541926555006,-1032192,0.0,64,20,0.5,8,40.000000000000036,247.900891,2
457.757063,0.0,0,0,22186901504,98.30541926555006,-1032192,0.0,64,21,0.5,8,40.000000000000036,315.976656,2
457.757063,0.0,0,0,22186901504,98.30541926555006,-1032192,0.0,64,22,0.5,8,40.000000000000036,268.808217,2
457.757063,0.0,0,0,22186901504,98.30541926555006,-1032192,0.0,64,23,0.5,8,39.99999999999998,186.99902,2
457.757063,0.0,0,0,22186901504,98.30541926555006,-1032192,0.0,64,24,0.5,8,40.000000000000036,268.129712,2
457.757063,0.0,0,0,22186901504,98.30541926555006,-1032192,0.0,64,25,0.5,8,40.000000000000036,346.942299,2
457.757063,0.0,0,0,22186901504,98.30541926555006,-1032192,0.0,64,26,0.5,8,40.000000000000036,308.904841,2
457.757063,0.0,0,0,22186901504,98.30541926555006,-1032192,0.0,64,27,0.5,8,50.00000000000004,175.53098,2
457.757063,0.0,0,0,22186901504,98.30541926555006,-1032192,0.0,64,28,0.5,8,40.000000000000036,259.40466,2
457.757063,0.0,0,0,22186901504,98.30541926555006,-1032192,0.0,64,29,0.5,8,40.000000000000036,227.422834,2
457.757063,0.0,0,0,22186901504,98.30541926555006,-1032192,0.0,64,30,0.5,8,40.000000000000036,245.510293,2
457.757063,0.0,0,0,22186901504,98.30541926555006,-1032192,0.0,64,31,0.5,8,40.000000000000036,41.883676,2
457.757063,0.0,0,0,22186901504,98.30541926555006,-1032192,0.0,64,32,0.5,8,40.000000000000036,330.166912,2
457.757063,0.0,0,0,22186901504,98.30541926555006,-1032192,0.0,64,33,0.5,8,50.00000000000004,243.934547,2
457.757063,0.0,0,0,22186901504,98.30541926555006,-1032192,0.0,64,34,0.5,8,40.000000000000036,237.446454,2
457.757063,0.0,0,0,22186901504,98.30541926555006,-1032192,0.0,64,35,0.5,8,40.000000000000036,319.987468,2
457.757063,0.0,0,0,22186901504,98.30541926555006,-1032192,0.0,64,36,0.5,8,40.000000000000036,300.557412,2
457.757063,0.0,0,0,22186901504,98.30541926555006,-1032192,0.0,64,37,0.5,8,50.00000000000004,281.59463,2
457.757063,0.0,0,0,22186901504,98.30541926555006,-1032192,0.0,64,38,0.5,8,50.00000000000004,278.498455,2
457.757063,0.0,0,0,22186901504,98.30541926555006,-1032192,0.0,64,39,0.5,8,40.000000000000036,299.987751,2
457.757063,0.0,0,0,22186901504,98.30541926555006,-1032192,0.0,64,40,0.5,8,40.000000000000036,122.82047,2
457.757063,0.0,0,0,22186901504,98.30541926555006,-1032192,0.0,64,41,0.5,8,40.000000000000036,220.240121,2
457.757063,0.0,0,0,22186901504,98.30541926555006,-1032192,0.0,64,42,0.5,8,40.000000000000036,261.654225,2
457.757063,0.0,0,0,22186901504,98.30541926555006,-1032192,0.0,64,43,0.5,8,40.000000000000036,47.90177,2
457.757063,0.0,0,0,22186901504,98.30541926555006,-1032192,0.0,64,44,0.5,8,40.000000000000036,251.975589,2
457.757063,0.0,0,0,22186901504,98.30541926555006,-1032192,0.0,64,45,0.5,8,40.000000000000036,237.165608,2
457.757063,0.0,0,0,22186901504,98.30541926555006,-1032192,0.0,64,46,0.5,8,50.00000000000004,270.180681,2
457.757063,0.0,0,0,22186901504,98.30541926555006,-1032192,0.0,64,47,0.5,8,40.000000000000036,196.016898,2
457.757063,0.0,0,0,22186901504,98.30541926555006,-1032192,0.0,64,48,0.5,8,40.000000000000036,189.503378,2
457.757063,0.0,0,0,22186901504,98.30541926555006,-1032192,0.0,64,49,0.5,8,40.000000000000036,234.403985,2
457.757063,0.0,0,0,22186901504,98.30541926555006,-1032192,0.0,64,50,0.5,8,50.00000000000004,230.178718,2
457.757063,0.0,0,0,22186901504,98.30541926555006,-1032192,0.0,64,51,0.5,8,40.000000000000036,237.564325,2
457.757063,0.0,0,0,22186901504,98.30541926555006,-1032192,0.0,64,52,0.5,8,40.000000000000036,225.855417,2
457.757063,0.0,0,0,22186901504,98.30541926555006,-1032192,0.0,64,53,0.5,8,40.000000000000036,241.472431,2
457.757063,0.0,0,0,22186901504,98.30541926555006,-1032192,0.0,64,54,0.5,8,40.000000000000036,227.815603,2
457.757063,0.0,0,0,22186901504,98.30541926555006,-1032192,0.0,64,55,0.5,8,40.000000000000036,196.633485,2
457.757063,0.0,0,0,22186901504,98.30541926555006,-1032192,0.0,64,56,0.5,8,50.00000000000004,225.287259,2
457.757063,0.0,0,0,22186901504,98.30541926555006,-1032192,0.0,64,57,0.5,8,40.000000000000036,222.327334,2
457.757063,0.0,0,0,22186901504,98.30541926555006,-1032192,0.0,64,58,0.5,8,40.000000000000036,227.208327,2
457.757063,0.0,0,0,22186901504,98.30541926555006,-1032192,0.0,64,59,0.5,8,40.000000000000036,158.424676,2
457.757063,0.0,0,0,22186901504,98.30541926555006,-1032192,0.0,64,60,0.5,8,40.000000000000036,224.510731,2
457.757063,0.0,0,0,22186901504,98.30541926555006,-1032192,0.0,64,61,0.5,8,40.000000000000036,178.493201,2
457.757063,0.0,0,0,22186901504,98.30541926555006,-1032192,0.0,64,62,0.5,8,40.000000000000036,221.268961,2
457.757063,0.0,0,0,22186901504,98.30541926555006,-1032192,0.0,64,63,0.5,8,40.000000000000036,225.331804,2
457.757063,0.0,0,0,22186901504,98.30541926555006,-1032192,0.0,64,64,0.5,8,40.000000000000036,106.285001,2
461.24539799999997,0.0,0,0,22186643456,97.92328956024063,-258048,0.0,64,1,0.5,9,40.000000000000036,136.310354,2
461.24539799999997,0.0,0,0,22186643456,97.92328956024063,-258048,0.0,64,2,0.5,9,39.99999999999992,81.893073,2
461.24539799999997,0.0,0,0,22186643456,97.92328956024063,-258048,0.0,64,3,0.5,9,39.99999999999992,201.622412,2
461.24539799999997,0.0,0,0,22186643456,97.92328956024063,-258048,0.0,64,4,0.5,9,40.000000000000036,49.976337,2
461.24539799999997,0.0,0,0,22186643456,97.92328956024063,-258048,0.0,64,5,0.5,9,50.00000000000004,104.908793,2
461.24539799999997,0.0,0,0,22186643456,97.92328956024063,-258048,0.0,64,6,0.5,9,40.000000000000036,236.206333,2
461.24539799999997,0.0,0,0,22186643456,97.92328956024063,-258048,0.0,64,7,0.5,9,40.000000000000036,77.429114,2
461.24539799999997,0.0,0,0,22186643456,97.92328956024063,-258048,0.0,64,8,0.5,9,40.000000000000036,49.609205,2
461.24539799999997,0.0,0,0,22186643456,97.92328956024063,-258048,0.0,64,9,0.5,9,39.99999999999992,132.11455,2
461.24539799999997,0.0,0,0,22186643456,97.92328956024063,-258048,0.0,64,10,0.5,9,39.99999999999992,220.488239,2
461.24539799999997,0.0,0,0,22186643456,97.92328956024063,-258048,0.0,64,11,0.5,9,40.000000000000036,243.960611,2
461.24539799999997,0.0,0,0,22186643456,97.92328956024063,-258048,0.0,64,12,0.5,9,40.000000000000036,57.60344,2
461.24539799999997,0.0,0,0,22186643456,97.92328956024063,-258048,0.0,64,13,0.5,9,29.999999999999915,72.216574,2
461.24539799999997,0.0,0,0,22186643456,97.92328956024063,-258048,0.0,64,14,0.5,9,40.000000000000036,263.931029,2
461.24539799999997,0.0,0,0,22186643456,97.92328956024063,-258048,0.0,64,15,0.5,9,39.99999999999992,163.942175,2
461.24539799999997,0.0,0,0,22186643456,97.92328956024063,-258048,0.0,64,16,0.5,9,39.99999999999992,292.033003,2
461.24539799999997,0.0,0,0,22186643456,97.92328956024063,-258048,0.0,64,17,0.5,9,39.99999999999992,165.722023,2
461.24539799999997,0.0,0,0,22186643456,97.92328956024063,-258048,0.0,64,18,0.5,9,39.99999999999992,96.6017,2
461.24539799999997,0.0,0,0,22186643456,97.92328956024063,-258048,0.0,64,19,0.5,9,40.000000000000036,343.997541,2
461.24539799999997,0.0,0,0,22186643456,97.92328956024063,-258048,0.0,64,20,0.5,9,39.99999999999992,183.894635,2
461.24539799999997,0.0,0,0,22186643456,97.92328956024063,-258048,0.0,64,21,0.5,9,50.00000000000004,214.675398,2
461.24539799999997,0.0,0,0,22186643456,97.92328956024063,-258048,0.0,64,22,0.5,9,40.000000000000036,195.223587,2
461.24539799999997,0.0,0,0,22186643456,97.92328956024063,-258048,0.0,64,23,0.5,9,40.000000000000036,103.452702,2
461.24539799999997,0.0,0,0,22186643456,97.92328956024063,-258048,0.0,64,24,0.5,9,39.99999999999992,251.645296,2
461.24539799999997,0.0,0,0,22186643456,97.92328956024063,-258048,0.0,64,25,0.5,9,40.000000000000036,178.544445,2
461.24539799999997,0.0,0,0,22186643456,97.92328956024063,-258048,0.0,64,26,0.5,9,40.000000000000036,263.893405,2
461.24539799999997,0.0,0,0,22186643456,97.92328956024063,-258048,0.0,64,27,0.5,9,40.000000000000036,345.519409,2
461.24539799999997,0.0,0,0,22186643456,97.92328956024063,-258048,0.0,64,28,0.5,9,40.000000000000036,352.133358,2
461.24539799999997,0.0,0,0,22186643456,97.92328956024063,-258048,0.0,64,29,0.5,9,39.99999999999992,106.145934,2
461.24539799999997,0.0,0,0,22186643456,97.92328956024063,-258048,0.0,64,30,0.5,9,49.999999999999936,305.593546,2
461.24539799999997,0.0,0,0,22186643456,97.92328956024063,-258048,0.0,64,31,0.5,9,39.99999999999992,315.669909,2
461.24539799999997,0.0,0,0,22186643456,97.92328956024063,-258048,0.0,64,32,0.5,9,39.99999999999992,152.096938,2
461.24539799999997,0.0,0,0,22186643456,97.92328956024063,-258048,0.0,64,33,0.5,9,40.000000000000036,280.043771,2
461.24539799999997,0.0,0,0,22186643456,97.92328956024063,-258048,0.0,64,34,0.5,9,40.000000000000036,307.015336,2
461.24539799999997,0.0,0,0,22186643456,97.92328956024063,-258048,0.0,64,35,0.5,9,39.99999999999992,150.429913,2
461.24539799999997,0.0,0,0,22186643456,97.92328956024063,-258048,0.0,64,36,0.5,9,49.999999999999936,308.472972,2
461.24539799999997,0.0,0,0,22186643456,97.92328956024063,-258048,0.0,64,37,0.5,9,39.99999999999992,266.161184,2
461.24539799999997,0.0,0,0,22186643456,97.92328956024063,-258048,0.0,64,38,0.5,9,39.99999999999992,201.49298,2
461.24539799999997,0.0,0,0,22186643456,97.92328956024063,-258048,0.0,64,39,0.5,9,49.999999999999936,170.792452,2
461.24539799999997,0.0,0,0,22186643456,97.92328956024063,-258048,0.0,64,40,0.5,9,39.99999999999992,290.356538,2
461.24539799999997,0.0,0,0,22186643456,97.92328956024063,-258048,0.0,64,41,0.5,9,39.99999999999992,239.83003,2
461.24539799999997,0.0,0,0,22186643456,97.92328956024063,-258048,0.0,64,42,0.5,9,40.000000000000036,156.768548,2
461.24539799999997,0.0,0,0,22186643456,97.92328956024063,-258048,0.0,64,43,0.5,9,39.99999999999992,252.020729,2
461.24539799999997,0.0,0,0,22186643456,97.92328956024063,-258048,0.0,64,44,0.5,9,40.000000000000036,238.093685,2
461.24539799999997,0.0,0,0,22186643456,97.92328956024063,-258048,0.0,64,45,0.5,9,39.99999999999992,87.809232,2
461.24539799999997,0.0,0,0,22186643456,97.92328956024063,-258048,0.0,64,46,0.5,9,39.99999999999992,154.471994,2
461.24539799999997,0.0,0,0,22186643456,97.92328956024063,-258048,0.0,64,47,0.5,9,49.999999999999936,223.237044,2
461.24539799999997,0.0,0,0,22186643456,97.92328956024063,-258048,0.0,64,48,0.5,9,40.000000000000036,189.554933,2
461.24539799999997,0.0,0,0,22186643456,97.92328956024063,-258048,0.0,64,49,0.5,9,40.000000000000036,151.068792,2
461.24539799999997,0.0,0,0,22186643456,97.92328956024063,-258048,0.0,64,50,0.5,9,39.99999999999992,263.437456,2
461.24539799999997,0.0,0,0,22186643456,97.92328956024063,-258048,0.0,64,51,0.5,9,39.99999999999992,109.285146,2
461.24539799999997,0.0,0,0,22186643456,97.92328956024063,-258048,0.0,64,52,0.5,9,40.000000000000036,266.963777,2
461.24539799999997,0.0,0,0,22186643456,97.92328956024063,-258048,0.0,64,53,0.5,9,40.000000000000036,118.163999,2
461.24539799999997,0.0,0,0,22186643456,97.92328956024063,-258048,0.0,64,54,0.5,9,49.999999999999936,252.820857,2
461.24539799999997,0.0,0,0,22186643456,97.92328956024063,-258048,0.0,64,55,0.5,9,39.99999999999992,176.823113,2
461.24539799999997,0.0,0,0,22186643456,97.92328956024063,-258048,0.0,64,56,0.5,9,39.99999999999992,130.111931,2
461.24539799999997,0.0,0,0,22186643456,97.92328956024063,-258048,0.0,64,57,0.5,9,49.999999999999936,122.662996,2
461.24539799999997,0.0,0,0,22186643456,97.92328956024063,-258048,0.0,64,58,0.5,9,40.000000000000036,126.441859,2
461.24539799999997,0.0,0,0,22186643456,97.92328956024063,-258048,0.0,64,59,0.5,9,39.99999999999992,224.69827,2
461.24539799999997,0.0,0,0,22186643456,97.92328956024063,-258048,0.0,64,60,0.5,9,40.000000000000036,197.029289,2
461.24539799999997,0.0,0,0,22186643456,97.92328956024063,-258048,0.0,64,61,0.5,9,40.000000000000036,243.17663,2
461.24539799999997,0.0,0,0,22186643456,97.92328956024063,-258048,0.0,64,62,0.5,9,49.999999999999936,178.708886,2
461.24539799999997,0.0,0,0,22186643456,97.92328956024063,-258048,0.0,64,63,0.5,9,40.000000000000036,92.275597,2
461.24539799999997,0.0,0,0,22186643456,97.92328956024063,-258048,0.0,64,64,0.5,9,40.000000000000036,229.794759,2
457.643385,0.0,0,0,22186188800,97.96565361332999,-454656,0.0,64,1,0.5,10,39.99999999999992,61.746225,2
457.643385,0.0,0,0,22186188800,97.96565361332999,-454656,0.0,64,2,0.5,10,30.00000000000003,68.616649,2
457.643385,0.0,0,0,22186188800,97.96565361332999,-454656,0.0,64,3,0.5,10,40.000000000000036,40.794698,2
457.643385,0.0,0,0,22186188800,97.96565361332999,-454656,0.0,64,4,0.5,10,39.99999999999992,136.75673,2
457.643385,0.0,0,0,22186188800,97.96565361332999,-454656,0.0,64,5,0.5,10,29.999999999999915,192.142261,2
457.643385,0.0,0,0,22186188800,97.96565361332999,-454656,0.0,64,6,0.5,10,39.99999999999992,69.336337,2
457.643385,0.0,0,0,22186188800,97.96565361332999,-454656,0.0,64,7,0.5,10,49.999999999999936,283.827985,2
457.643385,0.0,0,0,22186188800,97.96565361332999,-454656,0.0,64,8,0.5,10,39.99999999999992,113.389135,2
457.643385,0.0,0,0,22186188800,97.96565361332999,-454656,0.0,64,9,0.5,10,40.000000000000036,240.947911,2
457.643385,0.0,0,0,22186188800,97.96565361332999,-454656,0.0,64,10,0.5,10,40.000000000000036,296.027337,2
457.643385,0.0,0,0,22186188800,97.96565361332999,-454656,0.0,64,11,0.5,10,39.99999999999992,84.238886,2
457.643385,0.0,0,0,22186188800,97.96565361332999,-454656,0.0,64,12,0.5,10,39.99999999999992,62.518927,2
457.643385,0.0,0,0,22186188800,97.96565361332999,-454656,0.0,64,13,0.5,10,40.000000000000036,251.924473,2
457.643385,0.0,0,0,22186188800,97.96565361332999,-454656,0.0,64,14,0.5,10,39.99999999999992,64.355665,2
457.643385,0.0,0,0,22186188800,97.96565361332999,-454656,0.0,64,15,0.5,10,40.000000000000036,216.117272,2
457.643385,0.0,0,0,22186188800,97.96565361332999,-454656,0.0,64,16,0.5,10,40.000000000000036,67.781538,2
457.643385,0.0,0,0,22186188800,97.96565361332999,-454656,0.0,64,17,0.5,10,50.00000000000004,325.142688,2
457.643385,0.0,0,0,22186188800,97.96565361332999,-454656,0.0,64,18,0.5,10,40.000000000000036,279.294064,2
457.643385,0.0,0,0,22186188800,97.96565361332999,-454656,0.0,64,19,0.5,10,49.999999999999936,339.047184,2
457.643385,0.0,0,0,22186188800,97.96565361332999,-454656,0.0,64,20,0.5,10,40.000000000000036,325.294986,2
457.643385,0.0,0,0,22186188800,97.96565361332999,-454656,0.0,64,21,0.5,10,39.99999999999992,287.978296,2
457.643385,0.0,0,0,22186188800,97.96565361332999,-454656,0.0,64,22,0.5,10,39.99999999999992,140.16812,2
457.643385,0.0,0,0,22186188800,97.96565361332999,-454656,0.0,64,23,0.5,10,49.999999999999936,307.598429,2
457.643385,0.0,0,0,22186188800,97.96565361332999,-454656,0.0,64,24,0.5,10,40.000000000000036,79.864488,2
457.643385,0.0,0,0,22186188800,97.96565361332999,-454656,0.0,64,25,0.5,10,39.99999999999992,302.715139,2
457.643385,0.0,0,0,22186188800,97.96565361332999,-454656,0.0,64,26,0.5,10,39.99999999999992,338.12872,2
457.643385,0.0,0,0,22186188800,97.96565361332999,-454656,0.0,64,27,0.5,10,39.99999999999992,104.173907,2
457.643385,0.0,0,0,22186188800,97.96565361332999,-454656,0.0,64,28,0.5,10,49.999999999999936,324.569828,2
457.643385,0.0,0,0,22186188800,97.96565361332999,-454656,0.0,64,29,0.5,10,40.000000000000036,313.131331,2
457.643385,0.0,0,0,22186188800,97.96565361332999,-454656,0.0,64,30,0.5,10,40.000000000000036,319.706217,2
457.643385,0.0,0,0,22186188800,97.96565361332999,-454656,0.0,64,31,0.5,10,40.000000000000036,328.824689,2
457.643385,0.0,0,0,22186188800,97.96565361332999,-454656,0.0,64,32,0.5,10,40.000000000000036,332.934837,2
457.643385,0.0,0,0,22186188800,97.96565361332999,-454656,0.0,64,33,0.5,10,39.99999999999992,301.248067,2
457.643385,0.0,0,0,22186188800,97.96565361332999,-454656,0.0,64,34,0.5,10,39.99999999999992,213.933349,2
457.643385,0.0,0,0,22186188800,97.96565361332999,-454656,0.0,64,35,0.5,10,40.000000000000036,322.579796,2
457.643385,0.0,0,0,22186188800,97.96565361332999,-454656,0.0,64,36,0.5,10,40.000000000000036,134.508497,2
457.643385,0.0,0,0,22186188800,97.96565361332999,-454656,0.0,64,37,0.5,10,40.000000000000036,313.576018,2
457.643385,0.0,0,0,22186188800,97.96565361332999,-454656,0.0,64,38,0.5,10,40.000000000000036,317.207696,2
457.643385,0.0,0,0,22186188800,97.96565361332999,-454656,0.0,64,39,0.5,10,40.000000000000036,280.737352,2
457.643385,0.0,0,0,22186188800,97.96565361332999,-454656,0.0,64,40,0.5,10,30.00000000000003,53.001111,2
457.643385,0.0,0,0,22186188800,97.96565361332999,-454656,0.0,64,41,0.5,10,50.00000000000004,299.245316,2
457.643385,0.0,0,0,22186188800,97.96565361332999,-454656,0.0,64,42,0.5,10,39.99999999999992,251.527341,2
457.643385,0.0,0,0,22186188800,97.96565361332999,-454656,0.0,64,43,0.5,10,40.000000000000036,292.522817,2
457.643385,0.0,0,0,22186188800,97.96565361332999,-454656,0.0,64,44,0.5,10,39.99999999999992,309.916773,2
457.643385,0.0,0,0,22186188800,97.96565361332999,-454656,0.0,64,45,0.5,10,40.000000000000036,291.837502,2
457.643385,0.0,0,0,22186188800,97.96565361332999,-454656,0.0,64,46,0.5,10,40.000000000000036,296.352488,2
457.643385,0.0,0,0,22186188800,97.96565361332999,-454656,0.0,64,47,0.5,10,40.000000000000036,273.721961,2
457.643385,0.0,0,0,22186188800,97.96565361332999,-454656,0.0,64,48,0.5,10,39.99999999999992,292.691065,2
457.643385,0.0,0,0,22186188800,97.96565361332999,-454656,0.0,64,49,0.5,10,49.999999999999936,282.608463,2
457.643385,0.0,0,0,22186188800,97.96565361332999,-454656,0.0,64,50,0.5,10,40.000000000000036,296.360342,2
457.643385,0.0,0,0,22186188800,97.96565361332999,-454656,0.0,64,51,0.5,10,40.000000000000036,285.360393,2
457.643385,0.0,0,0,22186188800,97.96565361332999,-454656,0.0,64,52,0.5,10,39.99999999999992,233.757179,2
457.643385,0.0,0,0,22186188800,97.96565361332999,-454656,0.0,64,53,0.5,10,39.99999999999992,293.670805,2
457.643385,0.0,0,0,22186188800,97.96565361332999,-454656,0.0,64,54,0.5,10,40.000000000000036,229.77317,2
457.643385,0.0,0,0,22186188800,97.96565361332999,-454656,0.0,64,55,0.5,10,40.000000000000036,151.131936,2
457.643385,0.0,0,0,22186188800,97.96565361332999,-454656,0.0,64,56,0.5,10,40.000000000000036,202.910014,2
457.643385,0.0,0,0,22186188800,97.96565361332999,-454656,0.0,64,57,0.5,10,40.000000000000036,292.558718,2
457.643385,0.0,0,0,22186188800,97.96565361332999,-454656,0.0,64,58,0.5,10,39.99999999999992,120.489009,2
457.643385,0.0,0,0,22186188800,97.96565361332999,-454656,0.0,64,59,0.5,10,40.000000000000036,291.982417,2
457.643385,0.0,0,0,22186188800,97.96565361332999,-454656,0.0,64,60,0.5,10,39.99999999999992,181.634951,2
457.643385,0.0,0,0,22186188800,97.96565361332999,-454656,0.0,64,61,0.5,10,39.99999999999992,281.072014,2
457.643385,0.0,0,0,22186188800,97.96565361332999,-454656,0.0,64,62,0.5,10,40.000000000000036,241.961355,2
457.643385,0.0,0,0,22186188800,97.96565361332999,-454656,0.0,64,63,0.5,10,39.99999999999992,272.327949,2
457.643385,0.0,0,0,22186188800,97.96565361332999,-454656,0.0,64,64,0.5,10,39.99999999999992,239.348177,2
706.247524,0.566373667031787,0,106496,21984100352,98.17143561888257,-1806336,0.0,96,1,0.5,1,40.00000000000001,40.857748,1
706.247524,0.566373667031787,0,106496,21984100352,98.17143561888257,-1806336,0.0,96,2,0.5,1,39.99999999999998,128.673156,1
706.247524,0.566373667031787,0,106496,21984100352,98.17143561888257,-1806336,0.0,96,3,0.5,1,40.00000000000001,127.57398,1
706.247524,0.566373667031787,0,106496,21984100352,98.17143561888257,-1806336,0.0,96,4,0.5,1,40.00000000000001,75.836312,1
706.247524,0.566373667031787,0,106496,21984100352,98.17143561888257,-1806336,0.0,96,5,0.5,1,40.00000000000001,128.002482,1
706.247524,0.566373667031787,0,106496,21984100352,98.17143561888257,-1806336,0.0,96,6,0.5,1,40.00000000000001,124.900805,1
706.247524,0.566373667031787,0,106496,21984100352,98.17143561888257,-1806336,0.0,96,7,0.5,1,39.99999999999998,99.959174,1
706.247524,0.566373667031787,0,106496,21984100352,98.17143561888257,-1806336,0.0,96,8,0.5,1,39.99999999999998,167.766085,1
706.247524,0.566373667031787,0,106496,21984100352,98.17143561888257,-1806336,0.0,96,9,0.5,1,40.00000000000001,95.983615,1
706.247524,0.566373667031787,0,106496,21984100352,98.17143561888257,-1806336,0.0,96,10,0.5,1,40.00000000000001,144.371273,1
706.247524,0.566373667031787,0,106496,21984100352,98.17143561888257,-1806336,0.0,96,11,0.5,1,40.00000000000001,155.527318,1
706.247524,0.566373667031787,0,106496,21984100352,98.17143561888257,-1806336,0.0,96,12,0.5,1,39.99999999999998,109.378431,1
706.247524,0.566373667031787,0,106496,21984100352,98.17143561888257,-1806336,0.0,96,13,0.5,1,50.000000000000014,160.521248,1
706.247524,0.566373667031787,0,106496,21984100352,98.17143561888257,-1806336,0.0,96,14,0.5,1,39.99999999999998,144.455705,1
706.247524,0.566373667031787,0,106496,21984100352,98.17143561888257,-1806336,0.0,96,15,0.5,1,40.00000000000001,139.201148,1
706.247524,0.566373667031787,0,106496,21984100352,98.17143561888257,-1806336,0.0,96,16,0.5,1,40.00000000000001,219.799917,1
706.247524,0.566373667031787,0,106496,21984100352,98.17143561888257,-1806336,0.0,96,17,0.5,1,39.99999999999998,144.426876,1
706.247524,0.566373667031787,0,106496,21984100352,98.17143561888257,-1806336,0.0,96,18,0.5,1,39.99999999999998,152.664503,1
706.247524,0.566373667031787,0,106496,21984100352,98.17143561888257,-1806336,0.0,96,19,0.5,1,30.0,153.839652,1
706.247524,0.566373667031787,0,106496,21984100352,98.17143561888257,-1806336,0.0,96,20,0.5,1,39.99999999999998,122.59467,1
706.247524,0.566373667031787,0,106496,21984100352,98.17143561888257,-1806336,0.0,96,21,0.5,1,39.99999999999998,112.721179,1
706.247524,0.566373667031787,0,106496,21984100352,98.17143561888257,-1806336,0.0,96,22,0.5,1,40.00000000000001,259.104205,1
706.247524,0.566373667031787,0,106496,21984100352,98.17143561888257,-1806336,0.0,96,23,0.5,1,40.00000000000001,167.823363,1
706.247524,0.566373667031787,0,106496,21984100352,98.17143561888257,-1806336,0.0,96,24,0.5,1,39.99999999999998,163.49048,1
706.247524,0.566373667031787,0,106496,21984100352,98.17143561888257,-1806336,0.0,96,25,0.5,1,39.99999999999998,268.04252,1
706.247524,0.566373667031787,0,106496,21984100352,98.17143561888257,-1806336,0.0,96,26,0.5,1,40.00000000000001,152.211354,1
706.247524,0.566373667031787,0,106496,21984100352,98.17143561888257,-1806336,0.0,96,27,0.5,1,39.99999999999998,116.999813,1
706.247524,0.566373667031787,0,106496,21984100352,98.17143561888257,-1806336,0.0,96,28,0.5,1,40.00000000000001,264.366753,1
706.247524,0.566373667031787,0,106496,21984100352,98.17143561888257,-1806336,0.0,96,29,0.5,1,49.999999999999986,310.508123,1
706.247524,0.566373667031787,0,106496,21984100352,98.17143561888257,-1806336,0.0,96,30,0.5,1,40.00000000000001,202.587306,1
706.247524,0.566373667031787,0,106496,21984100352,98.17143561888257,-1806336,0.0,96,31,0.5,1,39.99999999999998,90.532072,1
706.247524,0.566373667031787,0,106496,21984100352,98.17143561888257,-1806336,0.0,96,32,0.5,1,39.99999999999998,271.591828,1
706.247524,0.566373667031787,0,106496,21984100352,98.17143561888257,-1806336,0.0,96,33,0.5,1,39.99999999999998,65.318482,1
706.247524,0.566373667031787,0,106496,21984100352,98.17143561888257,-1806336,0.0,96,34,0.5,1,40.00000000000001,196.204682,1
706.247524,0.566373667031787,0,106496,21984100352,98.17143561888257,-1806336,0.0,96,35,0.5,1,39.99999999999998,343.958,1
706.247524,0.566373667031787,0,106496,21984100352,98.17143561888257,-1806336,0.0,96,36,0.5,1,39.99999999999998,367.734886,1
706.247524,0.566373667031787,0,106496,21984100352,98.17143561888257,-1806336,0.0,96,37,0.5,1,39.99999999999998,444.139257,1
706.247524,0.566373667031787,0,106496,21984100352,98.17143561888257,-1806336,0.0,96,38,0.5,1,50.000000000000014,341.392871,1
706.247524,0.566373667031787,0,106496,21984100352,98.17143561888257,-1806336,0.0,96,39,0.5,1,40.00000000000001,335.1258,1
706.247524,0.566373667031787,0,106496,21984100352,98.17143561888257,-1806336,0.0,96,40,0.5,1,49.999999999999986,304.52309,1
706.247524,0.566373667031787,0,106496,21984100352,98.17143561888257,-1806336,0.0,96,41,0.5,1,49.999999999999986,448.14025,1
706.247524,0.566373667031787,0,106496,21984100352,98.17143561888257,-1806336,0.0,96,42,0.5,1,39.99999999999998,395.361987,1
706.247524,0.566373667031787,0,106496,21984100352,98.17143561888257,-1806336,0.0,96,43,0.5,1,40.00000000000001,367.315725,1
706.247524,0.566373667031787,0,106496,21984100352,98.17143561888257,-1806336,0.0,96,44,0.5,1,49.999999999999986,339.286137,1
706.247524,0.566373667031787,0,106496,21984100352,98.17143561888257,-1806336,0.0,96,45,0.5,1,40.00000000000001,295.270135,1
706.247524,0.566373667031787,0,106496,21984100352,98.17143561888257,-1806336,0.0,96,46,0.5,1,40.00000000000001,462.614712,1
706.247524,0.566373667031787,0,106496,21984100352,98.17143561888257,-1806336,0.0,96,47,0.5,1,49.999999999999986,456.584163,1
706.247524,0.566373667031787,0,106496,21984100352,98.17143561888257,-1806336,0.0,96,48,0.5,1,39.99999999999998,354.318359,1
706.247524,0.566373667031787,0,106496,21984100352,98.17143561888257,-1806336,0.0,96,49,0.5,1,39.99999999999998,461.872085,1
706.247524,0.566373667031787,0,106496,21984100352,98.17143561888257,-1806336,0.0,96,50,0.5,1,40.00000000000001,373.73131,1
706.247524,0.566373667031787,0,106496,21984100352,98.17143561888257,-1806336,0.0,96,51,0.5,1,40.00000000000001,327.839111,1
706.247524,0.566373667031787,0,106496,21984100352,98.17143561888257,-1806336,0.0,96,52,0.5,1,50.000000000000014,327.873903,1
706.247524,0.566373667031787,0,106496,21984100352,98.17143561888257,-1806336,0.0,96,53,0.5,1,40.00000000000001,317.079638,1
706.247524,0.566373667031787,0,106496,21984100352,98.17143561888257,-1806336,0.0,96,54,0.5,1,39.99999999999998,387.410147,1
706.247524,0.566373667031787,0,106496,21984100352,98.17143561888257,-1806336,0.0,96,55,0.5,1,49.999999999999986,440.37844,1
706.247524,0.566373667031787,0,106496,21984100352,98.17143561888257,-1806336,0.0,96,56,0.5,1,40.00000000000001,419.035993,1
706.247524,0.566373667031787,0,106496,21984100352,98.17143561888257,-1806336,0.0,96,57,0.5,1,40.00000000000001,440.458363,1
706.247524,0.566373667031787,0,106496,21984100352,98.17143561888257,-1806336,0.0,96,58,0.5,1,40.00000000000001,440.867638,1
706.247524,0.566373667031787,0,106496,21984100352,98.17143561888257,-1806336,0.0,96,59,0.5,1,39.99999999999998,427.142225,1
706.247524,0.566373667031787,0,106496,21984100352,98.17143561888257,-1806336,0.0,96,60,0.5,1,49.999999999999986,439.660608,1
706.247524,0.566373667031787,0,106496,21984100352,98.17143561888257,-1806336,0.0,96,61,0.5,1,40.00000000000001,308.780921,1
706.247524,0.566373667031787,0,106496,21984100352,98.17143561888257,-1806336,0.0,96,62,0.5,1,39.99999999999998,424.297791,1
706.247524,0.566373667031787,0,106496,21984100352,98.17143561888257,-1806336,0.0,96,63,0.5,1,39.99999999999998,430.862501,1
706.247524,0.566373667031787,0,106496,21984100352,98.17143561888257,-1806336,0.0,96,64,0.5,1,39.99999999999998,378.829197,1
706.247524,0.566373667031787,0,106496,21984100352,98.17143561888257,-1806336,0.0,96,65,0.5,1,49.999999999999986,336.684295,1
706.247524,0.566373667031787,0,106496,21984100352,98.17143561888257,-1806336,0.0,96,66,0.5,1,40.00000000000001,365.402584,1
706.247524,0.566373667031787,0,106496,21984100352,98.17143561888257,-1806336,0.0,96,67,0.5,1,49.999999999999986,402.137992,1
706.247524,0.566373667031787,0,106496,21984100352,98.17143561888257,-1806336,0.0,96,68,0.5,1,40.00000000000001,345.06602,1
706.247524,0.566373667031787,0,106496,21984100352,98.17143561888257,-1806336,0.0,96,69,0.5,1,39.99999999999998,406.03489,1
706.247524,0.566373667031787,0,106496,21984100352,98.17143561888257,-1806336,0.0,96,70,0.5,1,39.99999999999998,410.049812,1
706.247524,0.566373667031787,0,106496,21984100352,98.17143561888257,-1806336,0.0,96,71,0.5,1,39.99999999999998,401.725103,1
706.247524,0.566373667031787,0,106496,21984100352,98.17143561888257,-1806336,0.0,96,72,0.5,1,49.999999999999986,342.997148,1
706.247524,0.566373667031787,0,106496,21984100352,98.17143561888257,-1806336,0.0,96,73,0.5,1,40.00000000000001,388.130165,1
706.247524,0.566373667031787,0,106496,21984100352,98.17143561888257,-1806336,0.0,96,74,0.5,1,39.99999999999998,374.036447,1
706.247524,0.566373667031787,0,106496,21984100352,98.17143561888257,-1806336,0.0,96,75,0.5,1,49.999999999999986,356.952554,1
706.247524,0.566373667031787,0,106496,21984100352,98.17143561888257,-1806336,0.0,96,76,0.5,1,40.00000000000001,366.096516,1
706.247524,0.566373667031787,0,106496,21984100352,98.17143561888257,-1806336,0.0,96,77,0.5,1,39.99999999999998,320.914009,1
706.247524,0.566373667031787,0,106496,21984100352,98.17143561888257,-1806336,0.0,96,78,0.5,1,40.00000000000001,387.099173,1
706.247524,0.566373667031787,0,106496,21984100352,98.17143561888257,-1806336,0.0,96,79,0.5,1,40.00000000000001,306.956816,1
706.247524,0.566373667031787,0,106496,21984100352,98.17143561888257,-1806336,0.0,96,80,0.5,1,39.99999999999998,344.422627,1
706.247524,0.566373667031787,0,106496,21984100352,98.17143561888257,-1806336,0.0,96,81,0.5,1,39.99999999999998,311.968271,1
706.247524,0.566373667031787,0,106496,21984100352,98.17143561888257,-1806336,0.0,96,82,0.5,1,49.999999999999986,376.047446,1
706.247524,0.566373667031787,0,106496,21984100352,98.17143561888257,-1806336,0.0,96,83,0.5,1,49.999999999999986,373.936258,1
706.247524,0.566373667031787,0,106496,21984100352,98.17143561888257,-1806336,0.0,96,84,0.5,1,39.99999999999998,356.86655,1
706.247524,0.566373667031787,0,106496,21984100352,98.17143561888257,-1806336,0.0,96,85,0.5,1,39.99999999999998,284.736573,1
706.247524,0.566373667031787,0,106496,21984100352,98.17143561888257,-1806336,0.0,96,86,0.5,1,40.00000000000001,351.196712,1
706.247524,0.566373667031787,0,106496,21984100352,98.17143561888257,-1806336,0.0,96,87,0.5,1,40.00000000000001,360.096795,1
706.247524,0.566373667031787,0,106496,21984100352,98.17143561888257,-1806336,0.0,96,88,0.5,1,40.00000000000001,233.821056,1
706.247524,0.566373667031787,0,106496,21984100352,98.17143561888257,-1806336,0.0,96,89,0.5,1,39.99999999999998,345.736169,1
706.247524,0.566373667031787,0,106496,21984100352,98.17143561888257,-1806336,0.0,96,90,0.5,1,39.99999999999998,354.680538,1
706.247524,0.566373667031787,0,106496,21984100352,98.17143561888257,-1806336,0.0,96,91,0.5,1,39.99999999999998,351.944057,1
706.247524,0.566373667031787,0,106496,21984100352,98.17143561888257,-1806336,0.0,96,92,0.5,1,39.99999999999998,302.669258,1
706.247524,0.566373667031787,0,106496,21984100352,98.17143561888257,-1806336,0.0,96,93,0.5,1,40.00000000000001,276.203614,1
706.247524,0.566373667031787,0,106496,21984100352,98.17143561888257,-1806336,0.0,96,94,0.5,1,40.00000000000001,277.914583,1
706.247524,0.566373667031787,0,106496,21984100352,98.17143561888257,-1806336,0.0,96,95,0.5,1,39.99999999999998,344.376051,1
706.247524,0.566373667031787,0,106496,21984100352,98.17143561888257,-1806336,0.0,96,96,0.5,1,40.00000000000001,348.820718,1
687.053851,0.0,0,0,21983236096,98.00299239331078,-864256,0.0,96,1,0.5,2,40.00000000000001,65.908067,1
687.053851,0.0,0,0,21983236096,98.00299239331078,-864256,0.0,96,2,0.5,2,40.000000000000036,106.53557,1
687.053851,0.0,0,0,21983236096,98.00299239331078,-864256,0.0,96,3,0.5,2,40.00000000000001,94.645606,1
687.053851,0.0,0,0,21983236096,98.00299239331078,-864256,0.0,96,4,0.5,2,40.00000000000001,85.598736,1
687.053851,0.0,0,0,21983236096,98.00299239331078,-864256,0.0,96,5,0.5,2,40.00000000000001,124.04218,1
687.053851,0.0,0,0,21983236096,98.00299239331078,-864256,0.0,96,6,0.5,2,40.00000000000001,80.929681,1
687.053851,0.0,0,0,21983236096,98.00299239331078,-864256,0.0,96,7,0.5,2,40.000000000000036,128.101682,1
687.053851,0.0,0,0,21983236096,98.00299239331078,-864256,0.0,96,8,0.5,2,40.000000000000036,108.324659,1
687.053851,0.0,0,0,21983236096,98.00299239331078,-864256,0.0,96,9,0.5,2,40.00000000000001,191.755167,1
687.053851,0.0,0,0,21983236096,98.00299239331078,-864256,0.0,96,10,0.5,2,40.00000000000001,119.854281,1
687.053851,0.0,0,0,21983236096,98.00299239331078,-864256,0.0,96,11,0.5,2,40.00000000000001,216.05344,1
687.053851,0.0,0,0,21983236096,98.00299239331078,-864256,0.0,96,12,0.5,2,40.000000000000036,171.756596,1
687.053851,0.0,0,0,21983236096,98.00299239331078,-864256,0.0,96,13,0.5,2,40.00000000000001,248.366302,1
687.053851,0.0,0,0,21983236096,98.00299239331078,-864256,0.0,96,14,0.5,2,40.000000000000036,291.800831,1
687.053851,0.0,0,0,21983236096,98.00299239331078,-864256,0.0,96,15,0.5,2,39.99999999999998,211.328516,1
687.053851,0.0,0,0,21983236096,98.00299239331078,-864256,0.0,96,16,0.5,2,40.00000000000001,203.895785,1
687.053851,0.0,0,0,21983236096,98.00299239331078,-864256,0.0,96,17,0.5,2,40.000000000000036,244.481928,1
687.053851,0.0,0,0,21983236096,98.00299239331078,-864256,0.0,96,18,0.5,2,40.000000000000036,363.469968,1
687.053851,0.0,0,0,21983236096,98.00299239331078,-864256,0.0,96,19,0.5,2,40.00000000000001,252.204542,1
687.053851,0.0,0,0,21983236096,98.00299239331078,-864256,0.0,96,20,0.5,2,49.999999999999986,426.674228,1
687.053851,0.0,0,0,21983236096,98.00299239331078,-864256,0.0,96,21,0.5,2,40.000000000000036,244.472428,1
687.053851,0.0,0,0,21983236096,98.00299239331078,-864256,0.0,96,22,0.5,2,39.99999999999998,275.384367,1
687.053851,0.0,0,0,21983236096,98.00299239331078,-864256,0.0,96,23,0.5,2,50.000000000000014,300.006018,1
687.053851,0.0,0,0,21983236096,98.00299239331078,-864256,0.0,96,24,0.5,2,40.000000000000036,316.007927,1
687.053851,0.0,0,0,21983236096,98.00299239331078,-864256,0.0,96,25,0.5,2,40.000000000000036,483.900008,1
687.053851,0.0,0,0,21983236096,98.00299239331078,-864256,0.0,96,26,0.5,2,39.99999999999998,324.148352,1
687.053851,0.0,0,0,21983236096,98.00299239331078,-864256,0.0,96,27,0.5,2,40.000000000000036,319.725865,1
687.053851,0.0,0,0,21983236096,98.00299239331078,-864256,0.0,96,28,0.5,2,50.000000000000014,476.052372,1
687.053851,0.0,0,0,21983236096,98.00299239331078,-864256,0.0,96,29,0.5,2,39.99999999999998,419.657663,1
687.053851,0.0,0,0,21983236096,98.00299239331078,-864256,0.0,96,30,0.5,2,40.00000000000001,287.500298,1
687.053851,0.0,0,0,21983236096,98.00299239331078,-864256,0.0,96,31,0.5,2,40.000000000000036,366.009841,1
687.053851,0.0,0,0,21983236096,98.00299239331078,-864256,0.0,96,32,0.5,2,40.000000000000036,355.877099,1
687.053851,0.0,0,0,21983236096,98.00299239331078,-864256,0.0,96,33,0.5,2,49.999999999999986,376.679638,1
687.053851,0.0,0,0,21983236096,98.00299239331078,-864256,0.02597432199945615,96,34,0.5,2,39.99999999999998,525.982155,1
687.053851,0.0,0,0,21983236096,98.00299239331078,-864256,0.0,96,35,0.5,2,40.000000000000036,367.966297,1
687.053851,0.0,0,0,21983236096,98.00299239331078,-864256,0.0,96,36,0.5,2,40.000000000000036,399.363767,1
687.053851,0.0,0,0,21983236096,98.00299239331078,-864256,0.0,96,37,0.5,2,49.999999999999986,367.272582,1
687.053851,0.0,0,0,21983236096,98.00299239331078,-864256,0.0,96,38,0.5,2,39.99999999999998,488.449304,1
687.053851,0.0,0,0,21983236096,98.00299239331078,-864256,0.0,96,39,0.5,2,39.99999999999998,469.711352,1
687.053851,0.0,0,0,21983236096,98.00299239331078,-864256,0.0,96,40,0.5,2,39.99999999999998,419.929447,1
687.053851,0.0,0,0,21983236096,98.00299239331078,-864256,0.01187235199904535,96,41,0.5,2,40.000000000000036,511.881224,1
687.053851,0.0,0,0,21983236096,98.00299239331078,-864256,0.0,96,42,0.5,2,40.000000000000036,476.030862,1
687.053851,0.0,0,0,21983236096,98.00299239331078,-864256,0.0,96,43,0.5,2,49.999999999999986,379.545492,1
687.053851,0.0,0,0,21983236096,98.00299239331078,-864256,0.0,96,44,0.5,2,40.000000000000036,469.721983,1
687.053851,0.0,0,0,21983236096,98.00299239331078,-864256,0.0,96,45,0.5,2,49.999999999999986,455.19368,1
687.053851,0.0,0,0,21983236096,98.00299239331078,-864256,0.0,96,46,0.5,2,39.99999999999998,359.025743,1
687.053851,0.0,0,0,21983236096,98.00299239331078,-864256,0.0,96,47,0.5,2,40.000000000000036,371.818231,1
687.053851,0.0,0,0,21983236096,98.00299239331078,-864256,0.0,96,48,0.5,2,40.000000000000036,463.371797,1
687.053851,0.0,0,0,21983236096,98.00299239331078,-864256,0.0,96,49,0.5,2,49.999999999999986,460.057852,1
687.053851,0.0,0,0,21983236096,98.00299239331078,-864256,0.0,96,50,0.5,2,39.99999999999998,343.884015,1
687.053851,0.0,0,0,21983236096,98.00299239331078,-864256,0.0,96,51,0.5,2,39.99999999999998,351.671578,1
687.053851,0.0,0,0,21983236096,98.00299239331078,-864256,0.0,96,52,0.5,2,39.99999999999998,483.431365,1
687.053851,0.0,0,0,21983236096,98.00299239331078,-864256,0.0,96,53,0.5,2,49.999999999999986,479.665051,1
687.053851,0.0,0,0,21983236096,98.00299239331078,-864256,0.0,96,54,0.5,2,49.999999999999986,419.123082,1
687.053851,0.0,0,0,21983236096,98.00299239331078,-864256,0.0,96,55,0.5,2,39.99999999999998,470.651938,1
687.053851,0.0,0,0,21983236096,98.00299239331078,-864256,0.0,96,56,0.5,2,39.99999999999998,440.586959,1
687.053851,0.0,0,0,21983236096,98.00299239331078,-864256,0.0,96,57,0.5,2,39.99999999999998,408.167386,1
687.053851,0.0,0,0,21983236096,98.00299239331078,-864256,0.0,96,58,0.5,2,39.99999999999998,443.633845,1
687.053851,0.0,0,0,21983236096,98.00299239331078,-864256,0.0,96,59,0.5,2,40.000000000000036,443.10137,1
687.053851,0.0,0,0,21983236096,98.00299239331078,-864256,0.0,96,60,0.5,2,39.99999999999998,336.077851,1
687.053851,0.0,0,0,21983236096,98.00299239331078,-864256,0.0,96,61,0.5,2,49.999999999999986,453.836247,1
687.053851,0.0,0,0,21983236096,98.00299239331078,-864256,0.0,96,62,0.5,2,49.999999999999986,402.698521,1
687.053851,0.0,0,0,21983236096,98.00299239331078,-864256,0.0,96,63,0.5,2,40.000000000000036,343.678067,1
687.053851,0.0,0,0,21983236096,98.00299239331078,-864256,0.0,96,64,0.5,2,40.000000000000036,426.545734,1
687.053851,0.0,0,0,21983236096,98.00299239331078,-864256,0.0,96,65,0.5,2,40.000000000000036,434.255084,1
687.053851,0.0,0,0,21983236096,98.00299239331078,-864256,0.0,96,66,0.5,2,49.999999999999986,379.619797,1
687.053851,0.0,0,0,21983236096,98.00299239331078,-864256,0.0,96,67,0.5,2,39.99999999999998,379.252038,1
687.053851,0.0,0,0,21983236096,98.00299239331078,-864256,0.0,96,68,0.5,2,40.000000000000036,426.343027,1
687.053851,0.0,0,0,21983236096,98.00299239331078,-864256,0.0,96,69,0.5,2,49.999999999999986,407.764661,1
687.053851,0.0,0,0,21983236096,98.00299239331078,-864256,0.0,96,70,0.5,2,49.999999999999986,453.087833,1
687.053851,0.0,0,0,21983236096,98.00299239331078,-864256,0.0,96,71,0.5,2,40.000000000000036,430.693844,1
687.053851,0.0,0,0,21983236096,98.00299239331078,-864256,0.0,96,72,0.5,2,39.99999999999998,434.309118,1
687.053851,0.0,0,0,21983236096,98.00299239331078,-864256,0.0,96,73,0.5,2,39.99999999999998,334.949581,1
687.053851,0.0,0,0,21983236096,98.00299239331078,-864256,0.0,96,74,0.5,2,40.000000000000036,367.4881,1
687.053851,0.0,0,0,21983236096,98.00299239331078,-864256,0.0,96,75,0.5,2,40.000000000000036,394.05808,1
687.053851,0.0,0,0,21983236096,98.00299239331078,-864256,0.0,96,76,0.5,2,39.99999999999998,394.6641,1
687.053851,0.0,0,0,21983236096,98.00299239331078,-864256,0.0,96,77,0.5,2,40.000000000000036,388.740775,1
687.053851,0.0,0,0,21983236096,98.00299239331078,-864256,0.0,96,78,0.5,2,40.000000000000036,256.705927,1
687.053851,0.0,0,0,21983236096,98.00299239331078,-864256,0.0,96,79,0.5,2,39.99999999999998,360.017405,1
687.053851,0.0,0,0,21983236096,98.00299239331078,-864256,0.0,96,80,0.5,2,49.999999999999986,384.355206,1
687.053851,0.0,0,0,21983236096,98.00299239331078,-864256,0.0,96,81,0.5,2,40.000000000000036,391.094255,1
687.053851,0.0,0,0,21983236096,98.00299239331078,-864256,0.0,96,82,0.5,2,40.000000000000036,392.573885,1
687.053851,0.0,0,0,21983236096,98.00299239331078,-864256,0.0,96,83,0.5,2,39.99999999999998,306.389072,1
687.053851,0.0,0,0,21983236096,98.00299239331078,-864256,0.0,96,84,0.5,2,40.000000000000036,307.941167,1
687.053851,0.0,0,0,21983236096,98.00299239331078,-864256,0.0,96,85,0.5,2,40.000000000000036,309.154996,1
687.053851,0.0,0,0,21983236096,98.00299239331078,-864256,0.0,96,86,0.5,2,39.99999999999998,344.245375,1
687.053851,0.0,0,0,21983236096,98.00299239331078,-864256,0.0,96,87,0.5,2,40.00000000000001,334.37506,1
687.053851,0.0,0,0,21983236096,98.00299239331078,-864256,0.0,96,88,0.5,2,39.99999999999998,261.943605,1
687.053851,0.0,0,0,21983236096,98.00299239331078,-864256,0.0,96,89,0.5,2,40.000000000000036,256.524863,1
687.053851,0.0,0,0,21983236096,98.00299239331078,-864256,0.0,96,90,0.5,2,40.000000000000036,314.922862,1
687.053851,0.0,0,0,21983236096,98.00299239331078,-864256,0.0,96,91,0.5,2,40.000000000000036,305.669137,1
687.053851,0.0,0,0,21983236096,98.00299239331078,-864256,0.0,96,92,0.5,2,40.000000000000036,316.389423,1
687.053851,0.0,0,0,21983236096,98.00299239331078,-864256,0.0,96,93,0.5,2,39.99999999999998,323.739353,1
687.053851,0.0,0,0,21983236096,98.00299239331078,-864256,0.0,96,94,0.5,2,50.000000000000014,314.345846,1
687.053851,0.0,0,0,21983236096,98.00299239331078,-864256,0.0,96,95,0.5,2,40.000000000000036,242.272328,1
687.053851,0.0,0,0,21983236096,98.00299239331078,-864256,0.0,96,96,0.5,2,40.00000000000001,250.375398,1
685.220314,0.0,0,0,21982461952,98.2652323020849,-774144,0.0,96,1,0.5,3,29.99999999999997,120.119394,1
685.220314,0.0,0,0,21982461952,98.2652323020849,-774144,0.0,96,2,0.5,3,39.99999999999998,47.687925,1
685.220314,0.0,0,0,21982461952,98.2652323020849,-774144,0.0,96,3,0.5,3,39.99999999999998,75.837163,1
685.220314,0.0,0,0,21982461952,98.2652323020849,-774144,0.0,96,4,0.5,3,39.99999999999998,143.144265,1
685.220314,0.0,0,0,21982461952,98.2652323020849,-774144,0.0,96,5,0.5,3,39.99999999999998,42.823278,1
685.220314,0.0,0,0,21982461952,98.2652323020849,-774144,0.0,96,6,0.5,3,39.99999999999998,114.769226,1
685.220314,0.0,0,0,21982461952,98.2652323020849,-774144,0.0,96,7,0.5,3,39.99999999999998,168.156688,1
685.220314,0.0,0,0,21982461952,98.2652323020849,-774144,0.0,96,8,0.5,3,29.99999999999997,159.848295,1
685.220314,0.0,0,0,21982461952,98.2652323020849,-774144,0.0,96,9,0.5,3,39.99999999999998,129.07247,1
685.220314,0.0,0,0,21982461952,98.2652323020849,-774144,0.0,96,10,0.5,3,29.99999999999997,135.983137,1
685.220314,0.0,0,0,21982461952,98.2652323020849,-774144,0.0,96,11,0.5,3,39.99999999999998,142.987506,1
685.220314,0.0,0,0,21982461952,98.2652323020849,-774144,0.0,96,12,0.5,3,39.99999999999998,128.208016,1
685.220314,0.0,0,0,21982461952,98.2652323020849,-774144,0.0,96,13,0.5,3,39.99999999999998,123.987689,1
685.220314,0.0,0,0,21982461952,98.2652323020849,-774144,0.0,96,14,0.5,3,39.99999999999998,107.673839,1
685.220314,0.0,0,0,21982461952,98.2652323020849,-774144,0.0,96,15,0.5,3,40.000000000000036,208.197073,1
685.220314,0.0,0,0,21982461952,98.2652323020849,-774144,0.0,96,16,0.5,3,39.99999999999998,156.696952,1
685.220314,0.0,0,0,21982461952,98.2652323020849,-774144,0.0,96,17,0.5,3,39.99999999999998,200.0959,1
685.220314,0.0,0,0,21982461952,98.2652323020849,-774144,0.0,96,18,0.5,3,39.99999999999998,87.906447,1
685.220314,0.0,0,0,21982461952,98.2652323020849,-774144,0.0,96,19,0.5,3,39.99999999999998,180.195129,1
685.220314,0.0,0,0,21982461952,98.2652323020849,-774144,0.0,96,20,0.5,3,40.000000000000036,128.363681,1
685.220314,0.0,0,0,21982461952,98.2652323020849,-774144,0.0,96,21,0.5,3,39.99999999999998,235.685499,1
685.220314,0.0,0,0,21982461952,98.2652323020849,-774144,0.0,96,22,0.5,3,40.000000000000036,125.26578,1
685.220314,0.0,0,0,21982461952,98.2652323020849,-774144,0.0,96,23,0.5,3,39.99999999999998,156.67411,1
685.220314,0.0,0,0,21982461952,98.2652323020849,-774144,0.0,96,24,0.5,3,39.99999999999998,109.284725,1
685.220314,0.0,0,0,21982461952,98.2652323020849,-774144,0.0,96,25,0.5,3,49.999999999999986,193.734349,1
685.220314,0.0,0,0,21982461952,98.2652323020849,-774144,0.0,96,26,0.5,3,40.000000000000036,160.56688,1
685.220314,0.0,0,0,21982461952,98.2652323020849,-774144,0.0,96,27,0.5,3,39.99999999999998,145.132714,1
685.220314,0.0,0,0,21982461952,98.2652323020849,-774144,0.0,96,28,0.5,3,39.99999999999998,116.246024,1
685.220314,0.0,0,0,21982461952,98.2652323020849,-774144,0.0,96,29,0.5,3,40.000000000000036,98.888762,1
685.220314,0.0,0,0,21982461952,98.2652323020849,-774144,0.0,96,30,0.5,3,39.99999999999998,296.108403,1
685.220314,0.0,0,0,21982461952,98.2652323020849,-774144,0.0,96,31,0.5,3,39.99999999999998,69.464956,1
685.220314,0.0,0,0,21982461952,98.2652323020849,-774144,0.0,96,32,0.5,3,39.99999999999998,76.337321,1
685.220314,0.0,0,0,21982461952,98.2652323020849,-774144,0.0,96,33,0.5,3,40.000000000000036,152.082074,1
685.220314,0.0,0,0,21982461952,98.2652323020849,-774144,0.0,96,34,0.5,3,50.00000000000004,103.998786,1
685.220314,0.0,0,0,21982461952,98.2652323020849,-774144,0.0,96,35,0.5,3,39.99999999999998,199.375419,1
685.220314,0.0,0,0,21982461952,98.2652323020849,-774144,0.0,96,36,0.5,3,39.99999999999998,174.348033,1
685.220314,0.0,0,0,21982461952,98.2652323020849,-774144,0.0,96,37,0.5,3,40.000000000000036,86.397864,1
685.220314,0.0,0,0,21982461952,98.2652323020849,-774144,0.0,96,38,0.5,3,40.000000000000036,140.47245,1
685.220314,0.0,0,0,21982461952,98.2652323020849,-774144,0.0,96,39,0.5,3,50.00000000000004,399.281512,1
685.220314,0.0,0,0,21982461952,98.2652323020849,-774144,0.0,96,40,0.5,3,40.000000000000036,292.038205,1
685.220314,0.0,0,0,21982461952,98.2652323020849,-774144,0.0,96,41,0.5,3,39.99999999999998,119.474015,1
685.220314,0.0,0,0,21982461952,98.2652323020849,-774144,0.0,96,42,0.5,3,49.999999999999986,400.367462,1
685.220314,0.0,0,0,21982461952,98.2652323020849,-774144,0.0,96,43,0.5,3,40.000000000000036,299.881379,1
685.220314,0.0,0,0,21982461952,98.2652323020849,-774144,0.0,96,44,0.5,3,39.99999999999998,323.984257,1
685.220314,0.0,0,0,21982461952,98.2652323020849,-774144,0.0,96,45,0.5,3,40.000000000000036,379.180225,1
685.220314,0.0,0,0,21982461952,98.2652323020849,-774144,0.0,96,46,0.5,3,40.000000000000036,306.666408,1
685.220314,0.0,0,0,21982461952,98.2652323020849,-774144,0.0,96,47,0.5,3,39.99999999999998,139.285248,1
685.220314,0.0,0,0,21982461952,98.2652323020849,-774144,0.0,96,48,0.5,3,39.99999999999998,370.850258,1
685.220314,0.0,0,0,21982461952,98.2652323020849,-774144,0.0,96,49,0.5,3,40.000000000000036,363.919111,1
685.220314,0.0,0,0,21982461952,98.2652323020849,-774144,0.0,96,50,0.5,3,40.000000000000036,387.229059,1
685.220314,0.0,0,0,21982461952,98.2652323020849,-774144,0.0,96,51,0.5,3,50.00000000000004,396.727605,1
685.220314,0.0,0,0,21982461952,98.2652323020849,-774144,0.0,96,52,0.5,3,40.000000000000036,101.677338,1
685.220314,0.0,0,0,21982461952,98.2652323020849,-774144,0.0,96,53,0.5,3,40.000000000000036,391.792315,1
685.220314,0.0,0,0,21982461952,98.2652323020849,-774144,0.0,96,54,0.5,3,40.000000000000036,122.849553,1
685.220314,0.0,0,0,21982461952,98.2652323020849,-774144,0.0,96,55,0.5,3,40.000000000000036,362.186855,1
685.220314,0.0,0,0,21982461952,98.2652323020849,-774144,0.0,96,56,0.5,3,40.000000000000036,377.830913,1
685.220314,0.0,0,0,21982461952,98.2652323020849,-774144,0.0,96,57,0.5,3,40.000000000000036,316.900929,1
685.220314,0.0,0,0,21982461952,98.2652323020849,-774144,0.0,96,58,0.5,3,40.000000000000036,353.576352,1
685.220314,0.0,0,0,21982461952,98.2652323020849,-774144,0.0,96,59,0.5,3,49.999999999999986,375.893086,1
685.220314,0.0,0,0,21982461952,98.2652323020849,-774144,0.0,96,60,0.5,3,40.000000000000036,244.518804,1
685.220314,0.0,0,0,21982461952,98.2652323020849,-774144,0.0,96,61,0.5,3,40.000000000000036,357.051105,1
685.220314,0.0,0,0,21982461952,98.2652323020849,-774144,0.0,96,62,0.5,3,40.000000000000036,356.913268,1
685.220314,0.0,0,0,21982461952,98.2652323020849,-774144,0.0,96,63,0.5,3,39.99999999999998,353.014861,1
685.220314,0.0,0,0,21982461952,98.2652323020849,-774144,0.0,96,64,0.5,3,39.99999999999998,345.486842,1
685.220314,0.0,0,0,21982461952,98.2652323020849,-774144,0.0,96,65,0.5,3,39.99999999999998,306.35354,1
685.220314,0.0,0,0,21982461952,98.2652323020849,-774144,0.0,96,66,0.5,3,40.000000000000036,361.248972,1
685.220314,0.0,0,0,21982461952,98.2652323020849,-774144,0.0,96,67,0.5,3,40.000000000000036,361.415494,1
685.220314,0.0,0,0,21982461952,98.2652323020849,-774144,0.0,96,68,0.5,3,39.99999999999998,353.685299,1
685.220314,0.0,0,0,21982461952,98.2652323020849,-774144,0.0,96,69,0.5,3,40.000000000000036,236.786745,1
685.220314,0.0,0,0,21982461952,98.2652323020849,-774144,0.0,96,70,0.5,3,40.000000000000036,264.886654,1
685.220314,0.0,0,0,21982461952,98.2652323020849,-774144,0.0,96,71,0.5,3,39.99999999999998,136.047887,1
685.220314,0.0,0,0,21982461952,98.2652323020849,-774144,0.0,96,72,0.5,3,40.000000000000036,343.408811,1
685.220314,0.0,0,0,21982461952,98.2652323020849,-774144,0.0,96,73,0.5,3,50.00000000000004,343.101425,1
685.220314,0.0,0,0,21982461952,98.2652323020849,-774144,0.0,96,74,0.5,3,49.999999999999986,346.532667,1
685.220314,0.0,0,0,21982461952,98.2652323020849,-774144,0.0,96,75,0.5,3,39.99999999999998,259.847147,1
685.220314,0.0,0,0,21982461952,98.2652323020849,-774144,0.0,96,76,0.5,3,40.000000000000036,338.189604,1
685.220314,0.0,0,0,21982461952,98.2652323020849,-774144,0.0,96,77,0.5,3,39.99999999999998,202.015355,1
685.220314,0.0,0,0,21982461952,98.2652323020849,-774144,0.0,96,78,0.5,3,39.99999999999998,311.744904,1
685.220314,0.0,0,0,21982461952,98.2652323020849,-774144,0.0,96,79,0.5,3,40.000000000000036,338.056594,1
685.220314,0.0,0,0,21982461952,98.2652323020849,-774144,0.0,96,80,0.5,3,40.000000000000036,144.028891,1
685.220314,0.0,0,0,21982461952,98.2652323020849,-774144,0.0,96,81,0.5,3,39.99999999999998,312.728931,1
685.220314,0.0,0,0,21982461952,98.2652323020849,-774144,0.0,96,82,0.5,3,39.99999999999998,260.097545,1
685.220314,0.0,0,0,21982461952,98.2652323020849,-774144,0.0,96,83,0.5,3,40.000000000000036,256.36393,1
685.220314,0.0,0,0,21982461952,98.2652323020849,-774144,0.0,96,84,0.5,3,39.99999999999998,292.492757,1
685.220314,0.0,0,0,21982461952,98.2652323020849,-774144,0.0,96,85,0.5,3,39.99999999999998,219.740238,1
685.220314,0.0,0,0,21982461952,98.2652323020849,-774144,0.0,96,86,0.5,3,50.00000000000004,318.14343,1
685.220314,0.0,0,0,21982461952,98.2652323020849,-774144,0.0,96,87,0.5,3,49.999999999999986,309.089913,1
685.220314,0.0,0,0,21982461952,98.2652323020849,-774144,0.0,96,88,0.5,3,40.000000000000036,294.269636,1
685.220314,0.0,0,0,21982461952,98.2652323020849,-774144,0.0,96,89,0.5,3,49.999999999999986,308.898883,1
685.220314,0.0,0,0,21982461952,98.2652323020849,-774144,0.0,96,90,0.5,3,39.99999999999998,226.564885,1
685.220314,0.0,0,0,21982461952,98.2652323020849,-774144,0.0,96,91,0.5,3,49.999999999999986,310.197845,1
685.220314,0.0,0,0,21982461952,98.2652323020849,-774144,0.0,96,92,0.5,3,39.99999999999998,264.95013,1
685.220314,0.0,0,0,21982461952,98.2652323020849,-774144,0.0,96,93,0.5,3,40.000000000000036,251.296622,1
685.220314,0.0,0,0,21982461952,98.2652323020849,-774144,0.0,96,94,0.5,3,39.99999999999998,155.915142,1
685.220314,0.0,0,0,21982461952,98.2652323020849,-774144,0.0,96,95,0.5,3,49.999999999999986,278.748893,1
685.220314,0.0,0,0,21982461952,98.2652323020849,-774144,0.0,96,96,0.5,3,49.999999999999986,261.990868,1
686.413784,0.0,0,0,21981786112,97.85157033891613,-675840,0.0,96,1,0.5,4,40.000000000000036,83.43166,1
686.413784,0.0,0,0,21981786112,97.85157033891613,-675840,0.0,96,2,0.5,4,39.99999999999998,87.407902,1
686.413784,0.0,0,0,21981786112,97.85157033891613,-675840,0.0,96,3,0.5,4,39.99999999999998,154.985226,1
686.413784,0.0,0,0,21981786112,97.85157033891613,-675840,0.0,96,4,0.5,4,30.00000000000003,74.852371,1
686.413784,0.0,0,0,21981786112,97.85157033891613,-675840,0.0,96,5,0.5,4,39.99999999999998,143.487081,1
686.413784,0.0,0,0,21981786112,97.85157033891613,-675840,0.0,96,6,0.5,4,39.99999999999998,130.143276,1
686.413784,0.0,0,0,21981786112,97.85157033891613,-675840,0.0,96,7,0.5,4,39.99999999999998,99.477788,1
686.413784,0.0,0,0,21981786112,97.85157033891613,-675840,0.0,96,8,0.5,4,39.99999999999998,124.316949,1
686.413784,0.0,0,0,21981786112,97.85157033891613,-675840,0.0,96,9,0.5,4,39.99999999999998,159.016871,1
686.413784,0.0,0,0,21981786112,97.85157033891613,-675840,0.0,96,10,0.5,4,40.000000000000036,244.141204,1
686.413784,0.0,0,0,21981786112,97.85157033891613,-675840,0.0,96,11,0.5,4,49.999999999999986,170.757809,1
686.413784,0.0,0,0,21981786112,97.85157033891613,-675840,0.0,96,12,0.5,4,39.99999999999998,208.340743,1
686.413784,0.0,0,0,21981786112,97.85157033891613,-675840,0.0,96,13,0.5,4,30.00000000000003,205.339011,1
686.413784,0.0,0,0,21981786112,97.85157033891613,-675840,0.0,96,14,0.5,4,39.99999999999998,204.676706,1
686.413784,0.0,0,0,21981786112,97.85157033891613,-675840,0.0,96,15,0.5,4,39.99999999999998,121.842159,1
686.413784,0.0,0,0,21981786112,97.85157033891613,-675840,0.0,96,16,0.5,4,39.99999999999998,118.293067,1
686.413784,0.0,0,0,21981786112,97.85157033891613,-675840,0.0,96,17,0.5,4,29.99999999999997,224.217818,1
686.413784,0.0,0,0,21981786112,97.85157033891613,-675840,0.0,96,18,0.5,4,39.99999999999998,192.212623,1
686.413784,0.0,0,0,21981786112,97.85157033891613,-675840,0.0,96,19,0.5,4,39.99999999999998,259.640512,1
686.413784,0.0,0,0,21981786112,97.85157033891613,-675840,0.0,96,20,0.5,4,39.99999999999998,223.993003,1
686.413784,0.0,0,0,21981786112,97.85157033891613,-675840,0.0,96,21,0.5,4,39.99999999999998,94.460117,1
686.413784,0.0,0,0,21981786112,97.85157033891613,-675840,0.0,96,22,0.5,4,39.99999999999998,255.428926,1
686.413784,0.0,0,0,21981786112,97.85157033891613,-675840,0.0,96,23,0.5,4,39.99999999999998,244.586662,1
686.413784,0.0,0,0,21981786112,97.85157033891613,-675840,0.0,96,24,0.5,4,39.99999999999998,312.238146,1
686.413784,0.0,0,0,21981786112,97.85157033891613,-675840,0.0,96,25,0.5,4,39.99999999999998,263.817419,1
686.413784,0.0,0,0,21981786112,97.85157033891613,-675840,0.0,96,26,0.5,4,39.99999999999998,294.402947,1
686.413784,0.0,0,0,21981786112,97.85157033891613,-675840,0.0,96,27,0.5,4,39.99999999999998,181.4026,1
686.413784,0.0,0,0,21981786112,97.85157033891613,-675840,0.0,96,28,0.5,4,39.99999999999998,188.108094,1
686.413784,0.0,0,0,21981786112,97.85157033891613,-675840,0.0,96,29,0.5,4,39.99999999999998,100.144478,1
686.413784,0.0,0,0,21981786112,97.85157033891613,-675840,0.0,96,30,0.5,4,49.999999999999986,168.019764,1
686.413784,0.0,0,0,21981786112,97.85157033891613,-675840,0.0,96,31,0.5,4,39.99999999999998,269.634102,1
686.413784,0.0,0,0,21981786112,97.85157033891613,-675840,0.0,96,32,0.5,4,39.99999999999998,275.606378,1
686.413784,0.0,0,0,21981786112,97.85157033891613,-675840,0.0,96,33,0.5,4,39.99999999999998,295.259479,1
686.413784,0.0,0,0,21981786112,97.85157033891613,-675840,0.0,96,34,0.5,4,39.99999999999998,298.748019,1
686.413784,0.0,0,0,21981786112,97.85157033891613,-675840,0.0,96,35,0.5,4,39.99999999999998,281.469432,1
686.413784,0.0,0,0,21981786112,97.85157033891613,-675840,0.0,96,36,0.5,4,39.99999999999998,289.481417,1
686.413784,0.0,0,0,21981786112,97.85157033891613,-675840,0.0,96,37,0.5,4,29.99999999999997,94.721519,1
686.413784,0.0,0,0,21981786112,97.85157033891613,-675840,0.0,96,38,0.5,4,39.99999999999998,399.544985,1
686.413784,0.0,0,0,21981786112,97.85157033891613,-675840,0.0,96,39,0.5,4,39.99999999999998,219.931375,1
686.413784,0.0,0,0,21981786112,97.85157033891613,-675840,0.0,96,40,0.5,4,39.99999999999998,279.80137,1
686.413784,0.0,0,0,21981786112,97.85157033891613,-675840,0.0,96,41,0.5,4,39.99999999999998,264.845398,1
686.413784,0.0,0,0,21981786112,97.85157033891613,-675840,0.0,96,42,0.5,4,39.99999999999998,224.130991,1
686.413784,0.0,0,0,21981786112,97.85157033891613,-675840,0.0,96,43,0.5,4,39.99999999999998,371.860205,1
686.413784,0.0,0,0,21981786112,97.85157033891613,-675840,0.0,96,44,0.5,4,39.99999999999998,235.615226,1
686.413784,0.0,0,0,21981786112,97.85157033891613,-675840,0.0,96,45,0.5,4,39.99999999999998,293.027164,1
686.413784,0.0,0,0,21981786112,97.85157033891613,-675840,0.0,96,46,0.5,4,39.99999999999998,308.108734,1
686.413784,0.0,0,0,21981786112,97.85157033891613,-675840,0.0,96,47,0.5,4,39.99999999999998,327.423581,1
686.413784,0.0,0,0,21981786112,97.85157033891613,-675840,0.0,96,48,0.5,4,39.99999999999998,275.33165,1
686.413784,0.0,0,0,21981786112,97.85157033891613,-675840,0.0,96,49,0.5,4,39.99999999999998,284.076509,1
686.413784,0.0,0,0,21981786112,97.85157033891613,-675840,0.0,96,50,0.5,4,39.99999999999998,303.69307,1
686.413784,0.0,0,0,21981786112,97.85157033891613,-675840,0.0,96,51,0.5,4,39.99999999999998,315.071324,1
686.413784,0.0,0,0,21981786112,97.85157033891613,-675840,0.0,96,52,0.5,4,39.99999999999998,332.717367,1
686.413784,0.0,0,0,21981786112,97.85157033891613,-675840,0.0,96,53,0.5,4,39.99999999999998,261.699909,1
686.413784,0.0,0,0,21981786112,97.85157033891613,-675840,0.0,96,54,0.5,4,39.99999999999998,358.567374,1
686.413784,0.0,0,0,21981786112,97.85157033891613,-675840,0.0,96,55,0.5,4,39.99999999999998,258.573717,1
686.413784,0.0,0,0,21981786112,97.85157033891613,-675840,0.0,96,56,0.5,4,49.999999999999986,384.569671,1
686.413784,0.0,0,0,21981786112,97.85157033891613,-675840,0.0,96,57,0.5,4,39.99999999999998,390.33808,1
686.413784,0.0,0,0,21981786112,97.85157033891613,-675840,0.0,96,58,0.5,4,49.999999999999986,358.170193,1
686.413784,0.0,0,0,21981786112,97.85157033891613,-675840,0.0,96,59,0.5,4,39.99999999999998,258.058835,1
686.413784,0.0,0,0,21981786112,97.85157033891613,-675840,0.0,96,60,0.5,4,39.99999999999998,395.439418,1
686.413784,0.0,0,0,21981786112,97.85157033891613,-675840,0.0,96,61,0.5,4,39.99999999999998,327.888042,1
686.413784,0.0,0,0,21981786112,97.85157033891613,-675840,0.0,96,62,0.5,4,39.99999999999998,256.402424,1
686.413784,0.0,0,0,21981786112,97.85157033891613,-675840,0.0,96,63,0.5,4,49.999999999999986,268.030098,1
686.413784,0.0,0,0,21981786112,97.85157033891613,-675840,0.0,96,64,0.5,4,39.99999999999998,243.68897,1
686.413784,0.0,0,0,21981786112,97.85157033891613,-675840,0.0,96,65,0.5,4,39.99999999999998,278.530966,1
686.413784,0.0,0,0,21981786112,97.85157033891613,-675840,0.0,96,66,0.5,4,39.99999999999998,362.735379,1
686.413784,0.0,0,0,21981786112,97.85157033891613,-675840,0.0,96,67,0.5,4,39.99999999999998,241.748919,1
686.413784,0.0,0,0,21981786112,97.85157033891613,-675840,0.0,96,68,0.5,4,39.99999999999998,247.324868,1
686.413784,0.0,0,0,21981786112,97.85157033891613,-675840,0.0,96,69,0.5,4,39.99999999999998,287.932228,1
686.413784,0.0,0,0,21981786112,97.85157033891613,-675840,0.0,96,70,0.5,4,39.99999999999998,317.028124,1
686.413784,0.0,0,0,21981786112,97.85157033891613,-675840,0.0,96,71,0.5,4,49.999999999999986,343.677276,1
686.413784,0.0,0,0,21981786112,97.85157033891613,-675840,0.0,96,72,0.5,4,39.99999999999998,303.497563,1
686.413784,0.0,0,0,21981786112,97.85157033891613,-675840,0.0,96,73,0.5,4,39.99999999999998,303.518146,1
686.413784,0.0,0,0,21981786112,97.85157033891613,-675840,0.0,96,74,0.5,4,39.99999999999998,250.124835,1
686.413784,0.0,0,0,21981786112,97.85157033891613,-675840,0.0,96,75,0.5,4,39.99999999999998,325.085798,1
686.413784,0.0,0,0,21981786112,97.85157033891613,-675840,0.0,96,76,0.5,4,39.99999999999998,342.488059,1
686.413784,0.0,0,0,21981786112,97.85157033891613,-675840,0.0,96,77,0.5,4,49.999999999999986,311.72406,1
686.413784,0.0,0,0,21981786112,97.85157033891613,-675840,0.0,96,78,0.5,4,39.99999999999998,337.460942,1
686.413784,0.0,0,0,21981786112,97.85157033891613,-675840,0.0,96,79,0.5,4,39.99999999999998,287.674574,1
686.413784,0.0,0,0,21981786112,97.85157033891613,-675840,0.0,96,80,0.5,4,39.99999999999998,327.135811,1
686.413784,0.0,0,0,21981786112,97.85157033891613,-675840,0.0,96,81,0.5,4,39.99999999999998,296.081819,1
686.413784,0.0,0,0,21981786112,97.85157033891613,-675840,0.0,96,82,0.5,4,39.99999999999998,259.745525,1
686.413784,0.0,0,0,21981786112,97.85157033891613,-675840,0.0,96,83,0.5,4,39.99999999999998,332.624576,1
686.413784,0.0,0,0,21981786112,97.85157033891613,-675840,0.0,96,84,0.5,4,49.999999999999986,292.059627,1
686.413784,0.0,0,0,21981786112,97.85157033891613,-675840,0.0,96,85,0.5,4,39.99999999999998,324.601127,1
686.413784,0.0,0,0,21981786112,97.85157033891613,-675840,0.0,96,86,0.5,4,29.99999999999997,183.199211,1
686.413784,0.0,0,0,21981786112,97.85157033891613,-675840,0.0,96,87,0.5,4,49.999999999999986,266.459368,1
686.413784,0.0,0,0,21981786112,97.85157033891613,-675840,0.0,96,88,0.5,4,49.999999999999986,266.548952,1
686.413784,0.0,0,0,21981786112,97.85157033891613,-675840,0.0,96,89,0.5,4,39.99999999999998,238.392189,1
686.413784,0.0,0,0,21981786112,97.85157033891613,-675840,0.0,96,90,0.5,4,39.99999999999998,275.970187,1
686.413784,0.0,0,0,21981786112,97.85157033891613,-675840,0.0,96,91,0.5,4,49.999999999999986,280.583402,1
686.413784,0.0,0,0,21981786112,97.85157033891613,-675840,0.0,96,92,0.5,4,49.999999999999986,279.145369,1
686.413784,0.0,0,0,21981786112,97.85157033891613,-675840,0.0,96,93,0.5,4,39.99999999999998,283.381269,1
686.413784,0.0,0,0,21981786112,97.85157033891613,-675840,0.0,96,94,0.5,4,29.99999999999997,184.781369,1
686.413784,0.0,0,0,21981786112,97.85157033891613,-675840,0.0,96,95,0.5,4,39.99999999999998,217.205415,1
686.413784,0.0,0,0,21981786112,97.85157033891613,-675840,0.0,96,96,0.5,4,39.99999999999998,263.850687,1
686.0856699999999,0.0,0,0,21980913664,97.6554429419977,-872448,0.0,96,1,0.5,5,39.99999999999998,138.192336,1
686.0856699999999,0.0,0,0,21980913664,97.6554429419977,-872448,0.0,96,2,0.5,5,40.000000000000036,96.817882,1
686.0856699999999,0.0,0,0,21980913664,97.6554429419977,-872448,0.0,96,3,0.5,5,40.000000000000036,85.765542,1
686.0856699999999,0.0,0,0,21980913664,97.6554429419977,-872448,0.0,96,4,0.5,5,39.99999999999998,67.115594,1
686.0856699999999,0.0,0,0,21980913664,97.6554429419977,-872448,0.0,96,5,0.5,5,30.00000000000003,76.632173,1
686.0856699999999,0.0,0,0,21980913664,97.6554429419977,-872448,0.0,96,6,0.5,5,40.000000000000036,171.602668,1
686.0856699999999,0.0,0,0,21980913664,97.6554429419977,-872448,0.0,96,7,0.5,5,40.000000000000036,116.143064,1
686.0856699999999,0.0,0,0,21980913664,97.6554429419977,-872448,0.0,96,8,0.5,5,40.000000000000036,165.128371,1
686.0856699999999,0.0,0,0,21980913664,97.6554429419977,-872448,0.0,96,9,0.5,5,40.000000000000036,167.618648,1
686.0856699999999,0.0,0,0,21980913664,97.6554429419977,-872448,0.0,96,10,0.5,5,39.99999999999998,139.716484,1
686.0856699999999,0.0,0,0,21980913664,97.6554429419977,-872448,0.0,96,11,0.5,5,40.000000000000036,80.229583,1
686.0856699999999,0.0,0,0,21980913664,97.6554429419977,-872448,0.0,96,12,0.5,5,30.00000000000003,148.793561,1
686.0856699999999,0.0,0,0,21980913664,97.6554429419977,-872448,0.0,96,13,0.5,5,39.99999999999998,135.91921,1
686.0856699999999,0.0,0,0,21980913664,97.6554429419977,-872448,0.0,96,14,0.5,5,40.000000000000036,199.789066,1
686.0856699999999,0.0,0,0,21980913664,97.6554429419977,-872448,0.0,96,15,0.5,5,39.99999999999998,114.964829,1
686.0856699999999,0.0,0,0,21980913664,97.6554429419977,-872448,0.0,96,16,0.5,5,40.000000000000036,76.799491,1
686.0856699999999,0.0,0,0,21980913664,97.6554429419977,-872448,0.0,96,17,0.5,5,40.000000000000036,59.965834,1
686.0856699999999,0.0,0,0,21980913664,97.6554429419977,-872448,0.0,96,18,0.5,5,40.000000000000036,92.289111,1
686.0856699999999,0.0,0,0,21980913664,97.6554429419977,-872448,0.0,96,19,0.5,5,40.000000000000036,80.454374,1
686.0856699999999,0.0,0,0,21980913664,97.6554429419977,-872448,0.0,96,20,0.5,5,30.00000000000003,115.549157,1
686.0856699999999,0.0,0,0,21980913664,97.6554429419977,-872448,0.0,96,21,0.5,5,40.000000000000036,311.390305,1
686.0856699999999,0.0,0,0,21980913664,97.6554429419977,-872448,0.0,96,22,0.5,5,39.99999999999998,115.655045,1
686.0856699999999,0.0,0,0,21980913664,97.6554429419977,-872448,0.0,96,23,0.5,5,40.000000000000036,84.09074,1
686.0856699999999,0.0,0,0,21980913664,97.6554429419977,-872448,0.0,96,24,0.5,5,40.000000000000036,268.446469,1
686.0856699999999,0.0,0,0,21980913664,97.6554429419977,-872448,0.0,96,25,0.5,5,40.000000000000036,76.16477,1
686.0856699999999,0.0,0,0,21980913664,97.6554429419977,-872448,0.0,96,26,0.5,5,39.99999999999998,108.026779,1
686.0856699999999,0.0,0,0,21980913664,97.6554429419977,-872448,0.0,96,27,0.5,5,40.000000000000036,103.870532,1
686.0856699999999,0.0,0,0,21980913664,97.6554429419977,-872448,0.0,96,28,0.5,5,40.000000000000036,63.960235,1
686.0856699999999,0.0,0,0,21980913664,97.6554429419977,-872448,0.0,96,29,0.5,5,39.99999999999998,376.812524,1
686.0856699999999,0.0,0,0,21980913664,97.6554429419977,-872448,0.0,96,30,0.5,5,40.000000000000036,372.145034,1
686.0856699999999,0.0,0,0,21980913664,97.6554429419977,-872448,0.0,96,31,0.5,5,30.00000000000003,64.830068,1
686.0856699999999,0.0,0,0,21980913664,97.6554429419977,-872448,0.0,96,32,0.5,5,40.000000000000036,319.338272,1
686.0856699999999,0.0,0,0,21980913664,97.6554429419977,-872448,0.0,96,33,0.5,5,39.99999999999998,315.886437,1
686.0856699999999,0.0,0,0,21980913664,97.6554429419977,-872448,0.0,96,34,0.5,5,39.99999999999998,132.47375,1
686.0856699999999,0.0,0,0,21980913664,97.6554429419977,-872448,0.0,96,35,0.5,5,49.999999999999986,411.04244,1
686.0856699999999,0.0,0,0,21980913664,97.6554429419977,-872448,0.0,96,36,0.5,5,49.999999999999986,384.001598,1
686.0856699999999,0.0,0,0,21980913664,97.6554429419977,-872448,0.0,96,37,0.5,5,40.000000000000036,133.313713,1
686.0856699999999,0.0,0,0,21980913664,97.6554429419977,-872448,0.0,96,38,0.5,5,39.99999999999998,463.989263,1
686.0856699999999,0.0,0,0,21980913664,97.6554429419977,-872448,0.0,96,39,0.5,5,39.99999999999998,438.62966,1
686.0856699999999,0.0,0,0,21980913664,97.6554429419977,-872448,0.0,96,40,0.5,5,39.99999999999998,287.742549,1
686.0856699999999,0.0,0,0,21980913664,97.6554429419977,-872448,0.0,96,41,0.5,5,40.000000000000036,147.611992,1
686.0856699999999,0.0,0,0,21980913664,97.6554429419977,-872448,0.0,96,42,0.5,5,39.99999999999998,415.947958,1
686.0856699999999,0.0,0,0,21980913664,97.6554429419977,-872448,0.0,96,43,0.5,5,39.99999999999998,414.878973,1
686.0856699999999,0.0,0,0,21980913664,97.6554429419977,-872448,0.0,96,44,0.5,5,40.000000000000036,239.922675,1
686.0856699999999,0.0,0,0,21980913664,97.6554429419977,-872448,0.0,96,45,0.5,5,39.99999999999998,399.499102,1
686.0856699999999,0.0,0,0,21980913664,97.6554429419977,-872448,0.0,96,46,0.5,5,39.99999999999998,391.988888,1
686.0856699999999,0.0,0,0,21980913664,97.6554429419977,-872448,0.0,96,47,0.5,5,40.000000000000036,46.032574,1
686.0856699999999,0.0,0,0,21980913664,97.6554429419977,-872448,0.0,96,48,0.5,5,40.000000000000036,273.526394,1
686.0856699999999,0.0,0,0,21980913664,97.6554429419977,-872448,0.0,96,49,0.5,5,39.99999999999998,415.990363,1
686.0856699999999,0.0,0,0,21980913664,97.6554429419977,-872448,0.0,96,50,0.5,5,49.999999999999986,335.910577,1
686.0856699999999,0.0,0,0,21980913664,97.6554429419977,-872448,0.0,96,51,0.5,5,39.99999999999998,390.882383,1
686.0856699999999,0.0,0,0,21980913664,97.6554429419977,-872448,0.0,96,52,0.5,5,39.99999999999998,368.025596,1
686.0856699999999,0.0,0,0,21980913664,97.6554429419977,-872448,0.0,96,53,0.5,5,39.99999999999998,439.870794,1
686.0856699999999,0.0,0,0,21980913664,97.6554429419977,-872448,0.0,96,54,0.5,5,39.99999999999998,434.10524,1
686.0856699999999,0.0,0,0,21980913664,97.6554429419977,-872448,0.0,96,55,0.5,5,39.99999999999998,282.183163,1
686.0856699999999,0.0,0,0,21980913664,97.6554429419977,-872448,0.0,96,56,0.5,5,29.99999999999997,272.84157,1
686.0856699999999,0.0,0,0,21980913664,97.6554429419977,-872448,0.0,96,57,0.5,5,49.999999999999986,426.998656,1
686.0856699999999,0.0,0,0,21980913664,97.6554429419977,-872448,0.0,96,58,0.5,5,39.99999999999998,86.102739,1
686.0856699999999,0.0,0,0,21980913664,97.6554429419977,-872448,0.0,96,59,0.5,5,39.99999999999998,283.972941,1
686.0856699999999,0.0,0,0,21980913664,97.6554429419977,-872448,0.0,96,60,0.5,5,39.99999999999998,406.650343,1
686.0856699999999,0.0,0,0,21980913664,97.6554429419977,-872448,0.0,96,61,0.5,5,49.999999999999986,304.629111,1
686.0856699999999,0.0,0,0,21980913664,97.6554429419977,-872448,0.0,96,62,0.5,5,39.99999999999998,408.434864,1
686.0856699999999,0.0,0,0,21980913664,97.6554429419977,-872448,0.0,96,63,0.5,5,39.99999999999998,408.502758,1
686.0856699999999,0.0,0,0,21980913664,97.6554429419977,-872448,0.0,96,64,0.5,5,49.999999999999986,371.906808,1
686.0856699999999,0.0,0,0,21980913664,97.6554429419977,-872448,0.0,96,65,0.5,5,40.000000000000036,92.597252,1
686.0856699999999,0.0,0,0,21980913664,97.6554429419977,-872448,0.0,96,66,0.5,5,49.999999999999986,396.555638,1
686.0856699999999,0.0,0,0,21980913664,97.6554429419977,-872448,0.0,96,67,0.5,5,39.99999999999998,350.757009,1
686.0856699999999,0.0,0,0,21980913664,97.6554429419977,-872448,0.0,96,68,0.5,5,40.000000000000036,301.692574,1
686.0856699999999,0.0,0,0,21980913664,97.6554429419977,-872448,0.0,96,69,0.5,5,39.99999999999998,361.496257,1
686.0856699999999,0.0,0,0,21980913664,97.6554429419977,-872448,0.0,96,70,0.5,5,49.999999999999986,375.709159,1
686.0856699999999,0.0,0,0,21980913664,97.6554429419977,-872448,0.0,96,71,0.5,5,49.999999999999986,374.099452,1
686.0856699999999,0.0,0,0,21980913664,97.6554429419977,-872448,0.0,96,72,0.5,5,49.999999999999986,345.086247,1
686.0856699999999,0.0,0,0,21980913664,97.6554429419977,-872448,0.0,96,73,0.5,5,39.99999999999998,264.918383,1
686.0856699999999,0.0,0,0,21980913664,97.6554429419977,-872448,0.0,96,74,0.5,5,39.99999999999998,191.121497,1
686.0856699999999,0.0,0,0,21980913664,97.6554429419977,-872448,0.0,96,75,0.5,5,40.000000000000036,354.635886,1
686.0856699999999,0.0,0,0,21980913664,97.6554429419977,-872448,0.0,96,76,0.5,5,39.99999999999998,347.676983,1
686.0856699999999,0.0,0,0,21980913664,97.6554429419977,-872448,0.0,96,77,0.5,5,39.99999999999998,340.170755,1
686.0856699999999,0.0,0,0,21980913664,97.6554429419977,-872448,0.0,96,78,0.5,5,40.000000000000036,322.708889,1
686.0856699999999,0.0,0,0,21980913664,97.6554429419977,-872448,0.0,96,79,0.5,5,49.999999999999986,355.169823,1
686.0856699999999,0.0,0,0,21980913664,97.6554429419977,-872448,0.0,96,80,0.5,5,39.99999999999998,131.03522,1
686.0856699999999,0.0,0,0,21980913664,97.6554429419977,-872448,0.0,96,81,0.5,5,40.000000000000036,344.99325,1
686.0856699999999,0.0,0,0,21980913664,97.6554429419977,-872448,0.0,96,82,0.5,5,40.000000000000036,313.306937,1
686.0856699999999,0.0,0,0,21980913664,97.6554429419977,-872448,0.0,96,83,0.5,5,49.999999999999986,236.753085,1
686.0856699999999,0.0,0,0,21980913664,97.6554429419977,-872448,0.0,96,84,0.5,5,39.99999999999998,130.168184,1
686.0856699999999,0.0,0,0,21980913664,97.6554429419977,-872448,0.0,96,85,0.5,5,49.999999999999986,348.855053,1
686.0856699999999,0.0,0,0,21980913664,97.6554429419977,-872448,0.0,96,86,0.5,5,49.999999999999986,277.661936,1
686.0856699999999,0.0,0,0,21980913664,97.6554429419977,-872448,0.0,96,87,0.5,5,40.000000000000036,320.124956,1
686.0856699999999,0.0,0,0,21980913664,97.6554429419977,-872448,0.0,96,88,0.5,5,39.99999999999998,302.247249,1
686.0856699999999,0.0,0,0,21980913664,97.6554429419977,-872448,0.0,96,89,0.5,5,39.99999999999998,339.305701,1
686.0856699999999,0.0,0,0,21980913664,97.6554429419977,-872448,0.0,96,90,0.5,5,40.000000000000036,220.833638,1
686.0856699999999,0.0,0,0,21980913664,97.6554429419977,-872448,0.0,96,91,0.5,5,39.99999999999998,146.101477,1
686.0856699999999,0.0,0,0,21980913664,97.6554429419977,-872448,0.0,96,92,0.5,5,40.000000000000036,341.083262,1
686.0856699999999,0.0,0,0,21980913664,97.6554429419977,-872448,0.0,96,93,0.5,5,39.99999999999998,129.047828,1
686.0856699999999,0.0,0,0,21980913664,97.6554429419977,-872448,0.0,96,94,0.5,5,40.000000000000036,341.550164,1
686.0856699999999,0.0,0,0,21980913664,97.6554429419977,-872448,0.0,96,95,0.5,5,39.99999999999998,288.927401,1
686.0856699999999,0.0,0,0,21980913664,97.6554429419977,-872448,0.0,96,96,0.5,5,40.000000000000036,266.953872,1
694.106531,0.0,0,0,21980139520,98.20778745369434,-774144,0.0,96,1,0.5,6,49.999999999999986,321.667101,1
694.106531,0.0,0,0,21980139520,98.20778745369434,-774144,0.0,96,2,0.5,6,39.99999999999998,76.004387,1
694.106531,0.0,0,0,21980139520,98.20778745369434,-774144,0.0,96,3,0.5,6,39.99999999999998,114.416568,1
694.106531,0.0,0,0,21980139520,98.20778745369434,-774144,0.0,96,4,0.5,6,39.99999999999998,132.731999,1
694.106531,0.0,0,0,21980139520,98.20778745369434,-774144,0.0,96,5,0.5,6,49.999999999999986,65.974844,1
694.106531,0.0,0,0,21980139520,98.20778745369434,-774144,0.0,96,6,0.5,6,39.99999999999998,175.057072,1
694.106531,0.0,0,0,21980139520,98.20778745369434,-774144,0.0,96,7,0.5,6,39.99999999999998,129.844578,1
694.106531,0.0,0,0,21980139520,98.20778745369434,-774144,0.0,96,8,0.5,6,39.99999999999998,306.118039,1
694.106531,0.0,0,0,21980139520,98.20778745369434,-774144,0.0,96,9,0.5,6,39.99999999999998,145.782043,1
694.106531,0.0,0,0,21980139520,98.20778745369434,-774144,0.0,96,10,0.5,6,49.999999999999986,340.524115,1
694.106531,0.0,0,0,21980139520,98.20778745369434,-774144,0.0,96,11,0.5,6,39.99999999999998,142.006961,1
694.106531,0.0,0,0,21980139520,98.20778745369434,-774144,0.0,96,12,0.5,6,39.99999999999998,59.682819,1
694.106531,0.0,0,0,21980139520,98.20778745369434,-774144,0.0,96,13,0.5,6,39.99999999999998,168.226089,1
694.106531,0.0,0,0,21980139520,98.20778745369434,-774144,0.0,96,14,0.5,6,49.999999999999986,76.669684,1
694.106531,0.0,0,0,21980139520,98.20778745369434,-774144,0.0,96,15,0.5,6,40.000000000000036,476.082635,1
694.106531,0.0,0,0,21980139520,98.20778745369434,-774144,0.0,96,16,0.5,6,39.99999999999998,266.674681,1
694.106531,0.0,0,0,21980139520,98.20778745369434,-774144,0.0,96,17,0.5,6,39.99999999999998,152.840134,1
694.106531,0.0,0,0,21980139520,98.20778745369434,-774144,0.0,96,18,0.5,6,39.99999999999998,395.964433,1
694.106531,0.0,0,0,21980139520,98.20778745369434,-774144,0.0,96,19,0.5,6,39.99999999999998,379.550181,1
694.106531,0.0,0,0,21980139520,98.20778745369434,-774144,0.0,96,20,0.5,6,49.999999999999986,188.941428,1
694.106531,0.0,0,0,21980139520,98.20778745369434,-774144,0.0,96,21,0.5,6,39.99999999999998,111.344703,1
694.106531,0.0,0,0,21980139520,98.20778745369434,-774144,0.0,96,22,0.5,6,30.00000000000003,38.04105,1
694.106531,0.0,0,0,21980139520,98.20778745369434,-774144,0.0,96,23,0.5,6,29.99999999999997,203.663056,1
694.106531,0.0,0,0,21980139520,98.20778745369434,-774144,0.0,96,24,0.5,6,39.99999999999998,199.708419,1
694.106531,0.0,0,0,21980139520,98.20778745369434,-774144,0.0,96,25,0.5,6,39.99999999999998,220.411692,1
694.106531,0.0,0,0,21980139520,98.20778745369434,-774144,0.0,96,26,0.5,6,40.000000000000036,488.309866,1
694.106531,0.0,0,0,21980139520,98.20778745369434,-774144,0.0,96,27,0.5,6,39.99999999999998,224.29188,1
694.106531,0.0,0,0,21980139520,98.20778745369434,-774144,0.0,96,28,0.5,6,39.99999999999998,407.957108,1
694.106531,0.0,0,0,21980139520,98.20778745369434,-774144,0.0,96,29,0.5,6,40.000000000000036,199.064017,1
694.106531,0.0,0,0,21980139520,98.20778745369434,-774144,0.0,96,30,0.5,6,39.99999999999998,493.884401,1
694.106531,0.0,0,0,21980139520,98.20778745369434,-774144,0.0,96,31,0.5,6,49.999999999999986,431.810377,1
694.106531,0.0,0,0,21980139520,98.20778745369434,-774144,0.0,96,32,0.5,6,39.99999999999998,141.17818,1
694.106531,0.0,0,0,21980139520,98.20778745369434,-774144,0.024049670000749757,96,33,0.5,6,40.000000000000036,524.059518,1
694.106531,0.0,0,0,21980139520,98.20778745369434,-774144,0.0,96,34,0.5,6,40.000000000000036,382.508544,1
694.106531,0.0,0,0,21980139520,98.20778745369434,-774144,0.0,96,35,0.5,6,30.00000000000003,215.858319,1
694.106531,0.0,0,0,21980139520,98.20778745369434,-774144,0.0,96,36,0.5,6,40.000000000000036,191.594257,1
694.106531,0.0,0,0,21980139520,98.20778745369434,-774144,0.0,96,37,0.5,6,49.999999999999986,475.680624,1
694.106531,0.0,0,0,21980139520,98.20778745369434,-774144,0.019725657999515533,96,38,0.5,6,49.999999999999986,519.734062,1
694.106531,0.0,0,0,21980139520,98.20778745369434,-774144,0.0,96,39,0.5,6,40.000000000000036,211.679738,1
694.106531,0.0,0,0,21980139520,98.20778745369434,-774144,0.0,96,40,0.5,6,40.000000000000036,434.983179,1
694.106531,0.0,0,0,21980139520,98.20778745369434,-774144,0.0,96,41,0.5,6,49.999999999999986,490.723272,1
694.106531,0.0,0,0,21980139520,98.20778745369434,-774144,0.0,96,42,0.5,6,40.000000000000036,246.439836,1
694.106531,0.0,0,0,21980139520,98.20778745369434,-774144,0.0,96,43,0.5,6,49.999999999999986,346.093882,1
694.106531,0.0,0,0,21980139520,98.20778745369434,-774144,0.0,96,44,0.5,6,49.999999999999986,324.219829,1
694.106531,0.0,0,0,21980139520,98.20778745369434,-774144,0.0,96,45,0.5,6,40.000000000000036,308.061281,1
694.106531,0.0,0,0,21980139520,98.20778745369434,-774144,0.0,96,46,0.5,6,40.000000000000036,282.292952,1
694.106531,0.0,0,0,21980139520,98.20778745369434,-774144,0.0,96,47,0.5,6,39.99999999999998,387.766345,1
694.106531,0.0,0,0,21980139520,98.20778745369434,-774144,0.0,96,48,0.5,6,49.999999999999986,479.262212,1
694.106531,0.0,0,0,21980139520,98.20778745369434,-774144,0.0,96,49,0.5,6,40.000000000000036,403.692969,1
694.106531,0.0,0,0,21980139520,98.20778745369434,-774144,0.0,96,50,0.5,6,40.000000000000036,260.011152,1
694.106531,0.0,0,0,21980139520,98.20778745369434,-774144,0.0,96,51,0.5,6,40.000000000000036,277.266936,1
694.106531,0.0,0,0,21980139520,98.20778745369434,-774144,0.0,96,52,0.5,6,49.999999999999986,439.985824,1
694.106531,0.0,0,0,21980139520,98.20778745369434,-774144,0.0,96,53,0.5,6,40.000000000000036,163.022717,1
694.106531,0.0,0,0,21980139520,98.20778745369434,-774144,0.0,96,54,0.5,6,40.000000000000036,156.441541,1
694.106531,0.0,0,0,21980139520,98.20778745369434,-774144,0.0,96,55,0.5,6,50.00000000000004,461.270538,1
694.106531,0.0,0,0,21980139520,98.20778745369434,-774144,0.0,96,56,0.5,6,50.00000000000004,455.778112,1
694.106531,0.0,0,0,21980139520,98.20778745369434,-774144,0.0,96,57,0.5,6,40.000000000000036,247.44922,1
694.106531,0.0,0,0,21980139520,98.20778745369434,-774144,0.0,96,58,0.5,6,39.99999999999998,372.731193,1
694.106531,0.0,0,0,21980139520,98.20778745369434,-774144,0.0,96,59,0.5,6,40.000000000000036,427.995171,1
694.106531,0.0,0,0,21980139520,98.20778745369434,-774144,0.0,96,60,0.5,6,40.000000000000036,330.833548,1
694.106531,0.0,0,0,21980139520,98.20778745369434,-774144,0.0,96,61,0.5,6,39.99999999999998,424.901366,1
694.106531,0.0,0,0,21980139520,98.20778745369434,-774144,0.0,96,62,0.5,6,50.00000000000004,425.300597,1
694.106531,0.0,0,0,21980139520,98.20778745369434,-774144,0.0,96,63,0.5,6,40.000000000000036,425.717376,1
694.106531,0.0,0,0,21980139520,98.20778745369434,-774144,0.0,96,64,0.5,6,40.000000000000036,319.185459,1
694.106531,0.0,0,0,21980139520,98.20778745369434,-774144,0.0,96,65,0.5,6,39.99999999999998,284.159002,1
694.106531,0.0,0,0,21980139520,98.20778745369434,-774144,0.0,96,66,0.5,6,39.99999999999998,386.417705,1
694.106531,0.0,0,0,21980139520,98.20778745369434,-774144,0.0,96,67,0.5,6,50.00000000000004,398.618339,1
694.106531,0.0,0,0,21980139520,98.20778745369434,-774144,0.0,96,68,0.5,6,39.99999999999998,348.057154,1
694.106531,0.0,0,0,21980139520,98.20778745369434,-774144,0.0,96,69,0.5,6,40.000000000000036,383.377681,1
694.106531,0.0,0,0,21980139520,98.20778745369434,-774144,0.0,96,70,0.5,6,40.000000000000036,318.593979,1
694.106531,0.0,0,0,21980139520,98.20778745369434,-774144,0.0,96,71,0.5,6,40.000000000000036,347.795251,1
694.106531,0.0,0,0,21980139520,98.20778745369434,-774144,0.0,96,72,0.5,6,40.000000000000036,287.61728,1
694.106531,0.0,0,0,21980139520,98.20778745369434,-774144,0.0,96,73,0.5,6,40.000000000000036,326.852051,1
694.106531,0.0,0,0,21980139520,98.20778745369434,-774144,0.0,96,74,0.5,6,40.000000000000036,366.579579,1
694.106531,0.0,0,0,21980139520,98.20778745369434,-774144,0.0,96,75,0.5,6,39.99999999999998,270.483944,1
694.106531,0.0,0,0,21980139520,98.20778745369434,-774144,0.0,96,76,0.5,6,50.00000000000004,310.454063,1
694.106531,0.0,0,0,21980139520,98.20778745369434,-774144,0.0,96,77,0.5,6,40.000000000000036,201.029713,1
694.106531,0.0,0,0,21980139520,98.20778745369434,-774144,0.0,96,78,0.5,6,49.999999999999986,214.725955,1
694.106531,0.0,0,0,21980139520,98.20778745369434,-774144,0.0,96,79,0.5,6,40.000000000000036,265.541254,1
694.106531,0.0,0,0,21980139520,98.20778745369434,-774144,0.0,96,80,0.5,6,40.000000000000036,331.818873,1
694.106531,0.0,0,0,21980139520,98.20778745369434,-774144,0.0,96,81,0.5,6,49.999999999999986,353.007474,1
694.106531,0.0,0,0,21980139520,98.20778745369434,-774144,0.0,96,82,0.5,6,39.99999999999998,212.856238,1
694.106531,0.0,0,0,21980139520,98.20778745369434,-774144,0.0,96,83,0.5,6,40.000000000000036,206.381709,1
694.106531,0.0,0,0,21980139520,98.20778745369434,-774144,0.0,96,84,0.5,6,40.000000000000036,263.303342,1
694.106531,0.0,0,0,21980139520,98.20778745369434,-774144,0.0,96,85,0.5,6,40.000000000000036,253.389089,1
694.106531,0.0,0,0,21980139520,98.20778745369434,-774144,0.0,96,86,0.5,6,40.000000000000036,342.048008,1
694.106531,0.0,0,0,21980139520,98.20778745369434,-774144,0.0,96,87,0.5,6,39.99999999999998,179.783162,1
694.106531,0.0,0,0,21980139520,98.20778745369434,-774144,0.0,96,88,0.5,6,40.000000000000036,307.717029,1
694.106531,0.0,0,0,21980139520,98.20778745369434,-774144,0.0,96,89,0.5,6,40.000000000000036,199.769307,1
694.106531,0.0,0,0,21980139520,98.20778745369434,-774144,0.0,96,90,0.5,6,39.99999999999998,277.214536,1
694.106531,0.0,0,0,21980139520,98.20778745369434,-774144,0.0,96,91,0.5,6,40.000000000000036,317.115802,1
694.106531,0.0,0,0,21980139520,98.20778745369434,-774144,0.0,96,92,0.5,6,39.99999999999998,303.812289,1
694.106531,0.0,0,0,21980139520,98.20778745369434,-774144,0.0,96,93,0.5,6,40.000000000000036,287.757642,1
694.106531,0.0,0,0,21980139520,98.20778745369434,-774144,0.0,96,94,0.5,6,49.999999999999986,211.688555,1
694.106531,0.0,0,0,21980139520,98.20778745369434,-774144,0.0,96,95,0.5,6,40.000000000000036,305.448856,1
694.106531,0.0,0,0,21980139520,98.20778745369434,-774144,0.0,96,96,0.5,6,39.99999999999998,300.059047,1
701.266582,0.0,0,0,21978181632,98.39339528086953,-1957888,0.0,96,1,0.5,7,39.99999999999998,182.071912,1
701.266582,0.0,0,0,21978181632,98.39339528086953,-1957888,0.0,96,2,0.5,7,39.99999999999998,98.513891,1
701.266582,0.0,0,0,21978181632,98.39339528086953,-1957888,0.0,96,3,0.5,7,40.000000000000036,255.419157,1
701.266582,0.0,0,0,21978181632,98.39339528086953,-1957888,0.0,96,4,0.5,7,49.999999999999986,198.235518,1
701.266582,0.0,0,0,21978181632,98.39339528086953,-1957888,0.0,96,5,0.5,7,39.99999999999998,132.726674,1
701.266582,0.0,0,0,21978181632,98.39339528086953,-1957888,0.0,96,6,0.5,7,39.99999999999998,108.680364,1
701.266582,0.0,0,0,21978181632,98.39339528086953,-1957888,0.0,96,7,0.5,7,39.99999999999998,264.755771,1
701.266582,0.0,0,0,21978181632,98.39339528086953,-1957888,0.0,96,8,0.5,7,49.999999999999986,219.309302,1
701.266582,0.0,0,0,21978181632,98.39339528086953,-1957888,0.0,96,9,0.5,7,39.99999999999998,275.345546,1
701.266582,0.0,0,0,21978181632,98.39339528086953,-1957888,0.0,96,10,0.5,7,39.99999999999998,238.742764,1
701.266582,0.0,0,0,21978181632,98.39339528086953,-1957888,0.0,96,11,0.5,7,39.99999999999998,120.225839,1
701.266582,0.0,0,0,21978181632,98.39339528086953,-1957888,0.0,96,12,0.5,7,49.999999999999986,323.919017,1
701.266582,0.0,0,0,21978181632,98.39339528086953,-1957888,0.0,96,13,0.5,7,40.000000000000036,260.005784,1
701.266582,0.0,0,0,21978181632,98.39339528086953,-1957888,0.0,96,14,0.5,7,39.99999999999998,311.778758,1
701.266582,0.0,0,0,21978181632,98.39339528086953,-1957888,0.0,96,15,0.5,7,49.999999999999986,229.717463,1
701.266582,0.0,0,0,21978181632,98.39339528086953,-1957888,0.0,96,16,0.5,7,39.99999999999998,182.308605,1
701.266582,0.0,0,0,21978181632,98.39339528086953,-1957888,0.0,96,17,0.5,7,39.99999999999998,488.071668,1
701.266582,0.0,0,0,21978181632,98.39339528086953,-1957888,0.0,96,18,0.5,7,39.99999999999998,407.533979,1
701.266582,0.0,0,0,21978181632,98.39339528086953,-1957888,0.07207674500023131,96,19,0.5,7,49.999999999999986,572.086664,1
701.266582,0.0,0,0,21978181632,98.39339528086953,-1957888,0.0,96,20,0.5,7,39.99999999999998,440.014938,1
701.266582,0.0,0,0,21978181632,98.39339528086953,-1957888,0.0,96,21,0.5,7,39.99999999999998,466.225123,1
701.266582,0.0,0,0,21978181632,98.39339528086953,-1957888,0.0040055049994407455,96,22,0.5,7,39.99999999999998,504.019821,1
701.266582,0.0,0,0,21978181632,98.39339528086953,-1957888,0.00893815800009179,96,23,0.5,7,49.999999999999986,508.949238,1
701.266582,0.0,0,0,21978181632,98.39339528086953,-1957888,0.004566055000395863,96,24,0.5,7,39.99999999999998,504.576995,1
701.266582,0.0,0,0,21978181632,98.39339528086953,-1957888,0.020146879000094486,96,25,0.5,7,39.99999999999998,520.153309,1
701.266582,0.0,0,0,21978181632,98.39339528086953,-1957888,0.0,96,26,0.5,7,49.999999999999986,363.985024,1
701.266582,0.0,0,0,21978181632,98.39339528086953,-1957888,0.0716139470005146,96,27,0.5,7,39.99999999999998,571.622749,1
701.266582,0.0,0,0,21978181632,98.39339528086953,-1957888,0.020086792999791214,96,28,0.5,7,39.99999999999998,520.096611,1
701.266582,0.0,0,0,21978181632,98.39339528086953,-1957888,0.004616822998286807,96,29,0.5,7,49.999999999999986,504.626682,1
701.266582,0.0,0,0,21978181632,98.39339528086953,-1957888,0.014768031000130577,96,30,0.5,7,49.999999999999986,514.77782,1
701.266582,0.0,0,0,21978181632,98.39339528086953,-1957888,0.06359231699934753,96,31,0.5,7,39.99999999999998,563.600483,1
701.266582,0.0,0,0,21978181632,98.39339528086953,-1957888,0.011327064001307008,96,32,0.5,7,39.99999999999998,511.335895,1
701.266582,0.0,0,0,21978181632,98.39339528086953,-1957888,0.0,96,33,0.5,7,39.99999999999998,107.0034,1
701.266582,0.0,0,0,21978181632,98.39339528086953,-1957888,0.032419422999737435,96,34,0.5,7,39.99999999999998,532.424829,1
701.266582,0.0,0,0,21978181632,98.39339528086953,-1957888,0.006542352999531431,96,35,0.5,7,49.999999999999986,506.553257,1
701.266582,0.0,0,0,21978181632,98.39339528086953,-1957888,0.05650331100150652,96,36,0.5,7,39.99999999999998,556.50831,1
701.266582,0.0,0,0,21978181632,98.39339528086953,-1957888,0.0037837109994143248,96,37,0.5,7,39.99999999999998,503.794172,1
701.266582,0.0,0,0,21978181632,98.39339528086953,-1957888,0.0,96,38,0.5,7,40.000000000000036,113.962212,1
701.266582,0.0,0,0,21978181632,98.39339528086953,-1957888,0.023552380000182893,96,39,0.5,7,39.99999999999998,523.592745,1
701.266582,0.0,0,0,21978181632,98.39339528086953,-1957888,0.048580975000731996,96,40,0.5,7,49.999999999999986,548.586815,1
701.266582,0.0,0,0,21978181632,98.39339528086953,-1957888,0.02863051999884192,96,41,0.5,7,39.99999999999998,528.63961,1
701.266582,0.0,0,0,21978181632,98.39339528086953,-1957888,0.05586354899969592,96,42,0.5,7,49.999999999999986,555.872635,1
701.266582,0.0,0,0,21978181632,98.39339528086953,-1957888,0.012018222998449346,96,43,0.5,7,40.000000000000036,512.025425,1
701.266582,0.0,0,0,21978181632,98.39339528086953,-1957888,0.0,96,44,0.5,7,39.99999999999998,191.512517,1
701.266582,0.0,0,0,21978181632,98.39339528086953,-1957888,0.0,96,45,0.5,7,39.99999999999998,495.284475,1
701.266582,0.0,0,0,21978181632,98.39339528086953,-1957888,0.05111705800118216,96,46,0.5,7,49.999999999999986,551.125499,1
701.266582,0.0,0,0,21978181632,98.39339528086953,-1957888,0.007568624001578428,96,47,0.5,7,39.99999999999998,507.575578,1
701.266582,0.0,0,0,21978181632,98.39339528086953,-1957888,0.005592609999439446,96,48,0.5,7,39.99999999999998,505.616081,1
701.266582,0.0,0,0,21978181632,98.39339528086953,-1957888,0.0005464410005515674,96,49,0.5,7,39.99999999999998,500.555822,1
701.266582,0.0,0,0,21978181632,98.39339528086953,-1957888,0.04240032599955157,96,50,0.5,7,39.99999999999998,542.409945,1
701.266582,0.0,0,0,21978181632,98.39339528086953,-1957888,0.022550880999915535,96,51,0.5,7,49.999999999999986,522.560731,1
701.266582,0.0,0,0,21978181632,98.39339528086953,-1957888,0.0,96,52,0.5,7,40.000000000000036,480.249413,1
701.266582,0.0,0,0,21978181632,98.39339528086953,-1957888,0.009363622999444488,96,53,0.5,7,39.99999999999998,509.370065,1
701.266582,0.0,0,0,21978181632,98.39339528086953,-1957888,0.02747273800014227,96,54,0.5,7,39.99999999999998,527.481361,1
701.266582,0.0,0,0,21978181632,98.39339528086953,-1957888,0.02771761000076367,96,55,0.5,7,39.99999999999998,527.72386,1
701.266582,0.0,0,0,21978181632,98.39339528086953,-1957888,0.026540204999037087,96,56,0.5,7,39.99999999999998,526.54612,1
701.266582,0.0,0,0,21978181632,98.39339528086953,-1957888,0.008589909000875195,96,57,0.5,7,39.99999999999998,508.594832,1
701.266582,0.0,0,0,21978181632,98.39339528086953,-1957888,0.0,96,58,0.5,7,40.000000000000036,276.705095,1
701.266582,0.0,0,0,21978181632,98.39339528086953,-1957888,0.0,96,59,0.5,7,39.99999999999998,124.833718,1
701.266582,0.0,0,0,21978181632,98.39339528086953,-1957888,0.003419590000703465,96,60,0.5,7,49.999999999999986,503.427893,1
701.266582,0.0,0,0,21978181632,98.39339528086953,-1957888,0.016133059998537647,96,61,0.5,7,40.000000000000036,516.140631,1
701.266582,0.0,0,0,21978181632,98.39339528086953,-1957888,0.0,96,62,0.5,7,39.99999999999998,499.743969,1
701.266582,0.0,0,0,21978181632,98.39339528086953,-1957888,0.0,96,63,0.5,7,39.99999999999998,439.659353,1
701.266582,0.0,0,0,21978181632,98.39339528086953,-1957888,0.020331298001110554,96,64,0.5,7,39.99999999999998,520.342702,1
701.266582,0.0,0,0,21978181632,98.39339528086953,-1957888,0.0,96,65,0.5,7,39.99999999999998,495.45669,1
701.266582,0.0,0,0,21978181632,98.39339528086953,-1957888,0.016044775000409572,96,66,0.5,7,40.000000000000036,516.053206,1
701.266582,0.0,0,0,21978181632,98.39339528086953,-1957888,0.0,96,67,0.5,7,39.99999999999998,446.094726,1
701.266582,0.0,0,0,21978181632,98.39339528086953,-1957888,0.0,96,68,0.5,7,39.99999999999998,362.620099,1
701.266582,0.0,0,0,21978181632,98.39339528086953,-1957888,0.0,96,69,0.5,7,49.999999999999986,478.681595,1
701.266582,0.0,0,0,21978181632,98.39339528086953,-1957888,0.002721286000451073,96,70,0.5,7,49.999999999999986,502.731973,1
701.266582,0.0,0,0,21978181632,98.39339528086953,-1957888,0.0,96,71,0.5,7,39.99999999999998,452.302404,1
701.266582,0.0,0,0,21978181632,98.39339528086953,-1957888,0.0,96,72,0.5,7,39.99999999999998,485.099109,1
701.266582,0.0,0,0,21978181632,98.39339528086953,-1957888,0.0,96,73,0.5,7,49.999999999999986,476.312088,1
701.266582,0.0,0,0,21978181632,98.39339528086953,-1957888,0.0,96,74,0.5,7,39.99999999999998,465.368014,1
701.266582,0.0,0,0,21978181632,98.39339528086953,-1957888,0.0,96,75,0.5,7,49.999999999999986,480.576857,1
701.266582,0.0,0,0,21978181632,98.39339528086953,-1957888,0.0,96,76,0.5,7,39.99999999999998,442.618562,1
701.266582,0.0,0,0,21978181632,98.39339528086953,-1957888,0.0,96,77,0.5,7,39.99999999999998,467.411182,1
701.266582,0.0,0,0,21978181632,98.39339528086953,-1957888,0.0,96,78,0.5,7,39.99999999999998,483.867336,1
701.266582,0.0,0,0,21978181632,98.39339528086953,-1957888,0.0,96,79,0.5,7,39.99999999999998,472.403004,1
701.266582,0.0,0,0,21978181632,98.39339528086953,-1957888,0.0,96,80,0.5,7,39.99999999999998,478.969139,1
701.266582,0.0,0,0,21978181632,98.39339528086953,-1957888,0.0,96,81,0.5,7,39.99999999999998,427.720036,1
701.266582,0.0,0,0,21978181632,98.39339528086953,-1957888,0.0,96,82,0.5,7,39.99999999999998,394.396634,1
701.266582,0.0,0,0,21978181632,98.39339528086953,-1957888,0.0,96,83,0.5,7,39.99999999999998,482.165866,1
701.266582,0.0,0,0,21978181632,98.39339528086953,-1957888,0.0,96,84,0.5,7,39.99999999999998,480.127277,1
701.266582,0.0,0,0,21978181632,98.39339528086953,-1957888,0.0,96,85,0.5,7,39.99999999999998,482.106372,1
701.266582,0.0,0,0,21978181632,98.39339528086953,-1957888,0.0,96,86,0.5,7,39.99999999999998,462.833174,1
701.266582,0.0,0,0,21978181632,98.39339528086953,-1957888,0.0,96,87,0.5,7,39.99999999999998,478.506716,1
701.266582,0.0,0,0,21978181632,98.39339528086953,-1957888,0.0,96,88,0.5,7,39.99999999999998,458.935491,1
701.266582,0.0,0,0,21978181632,98.39339528086953,-1957888,0.0,96,89,0.5,7,39.99999999999998,412.265265,1
701.266582,0.0,0,0,21978181632,98.39339528086953,-1957888,0.0,96,90,0.5,7,39.99999999999998,357.145943,1
701.266582,0.0,0,0,21978181632,98.39339528086953,-1957888,0.0,96,91,0.5,7,39.99999999999998,420.507127,1
701.266582,0.0,0,0,21978181632,98.39339528086953,-1957888,0.0,96,92,0.5,7,39.99999999999998,302.95935,1
701.266582,0.0,0,0,21978181632,98.39339528086953,-1957888,0.0,96,93,0.5,7,39.99999999999998,419.4993,1
701.266582,0.0,0,0,21978181632,98.39339528086953,-1957888,0.0,96,94,0.5,7,39.99999999999998,239.307069,1
701.266582,0.0,0,0,21978181632,98.39339528086953,-1957888,0.0,96,95,0.5,7,39.99999999999998,399.86052,1
701.266582,0.0,0,0,21978181632,98.39339528086953,-1957888,0.0,96,96,0.5,7,29.99999999999997,79.147933,1
682.871978,0.0,0,0,21977042944,98.6031576966362,-1138688,0.0,96,1,0.5,8,40.000000000000036,233.050186,1
682.871978,0.0,0,0,21977042944,98.6031576966362,-1138688,0.0,96,2,0.5,8,40.000000000000036,85.612838,1
682.871978,0.0,0,0,21977042944,98.6031576966362,-1138688,0.0,96,3,0.5,8,39.99999999999998,152.770492,1
682.871978,0.0,0,0,21977042944,98.6031576966362,-1138688,0.0,96,4,0.5,8,30.00000000000003,192.845827,1
682.871978,0.0,0,0,21977042944,98.6031576966362,-1138688,0.0,96,5,0.5,8,40.000000000000036,227.521811,1
682.871978,0.0,0,0,21977042944,98.6031576966362,-1138688,0.0,96,6,0.5,8,40.000000000000036,199.703831,1
682.871978,0.0,0,0,21977042944,98.6031576966362,-1138688,0.0,96,7,0.5,8,40.000000000000036,160.321259,1
682.871978,0.0,0,0,21977042944,98.6031576966362,-1138688,0.0,96,8,0.5,8,40.000000000000036,183.380693,1
682.871978,0.0,0,0,21977042944,98.6031576966362,-1138688,0.0,96,9,0.5,8,40.000000000000036,125.606407,1
682.871978,0.0,0,0,21977042944,98.6031576966362,-1138688,0.0,96,10,0.5,8,40.000000000000036,160.139915,1
682.871978,0.0,0,0,21977042944,98.6031576966362,-1138688,0.0,96,11,0.5,8,40.000000000000036,264.223015,1
682.871978,0.0,0,0,21977042944,98.6031576966362,-1138688,0.0,96,12,0.5,8,40.000000000000036,255.818427,1
682.871978,0.0,0,0,21977042944,98.6031576966362,-1138688,0.0,96,13,0.5,8,39.99999999999998,278.657087,1
682.871978,0.0,0,0,21977042944,98.6031576966362,-1138688,0.0,96,14,0.5,8,40.000000000000036,143.875826,1
682.871978,0.0,0,0,21977042944,98.6031576966362,-1138688,0.0,96,15,0.5,8,40.000000000000036,308.224671,1
682.871978,0.0,0,0,21977042944,98.6031576966362,-1138688,0.0,96,16,0.5,8,40.000000000000036,263.879627,1
682.871978,0.0,0,0,21977042944,98.6031576966362,-1138688,0.0,96,17,0.5,8,40.000000000000036,291.758542,1
682.871978,0.0,0,0,21977042944,98.6031576966362,-1138688,0.0,96,18,0.5,8,40.000000000000036,283.979552,1
682.871978,0.0,0,0,21977042944,98.6031576966362,-1138688,0.0,96,19,0.5,8,40.000000000000036,262.907819,1
682.871978,0.0,0,0,21977042944,98.6031576966362,-1138688,0.0,96,20,0.5,8,40.000000000000036,280.152409,1
682.871978,0.0,0,0,21977042944,98.6031576966362,-1138688,0.0,96,21,0.5,8,40.000000000000036,276.573428,1
682.871978,0.0,0,0,21977042944,98.6031576966362,-1138688,0.0,96,22,0.5,8,40.000000000000036,67.586709,1
682.871978,0.0,0,0,21977042944,98.6031576966362,-1138688,0.0,96,23,0.5,8,40.000000000000036,251.372876,1
682.871978,0.0,0,0,21977042944,98.6031576966362,-1138688,0.0,96,24,0.5,8,40.000000000000036,112.925572,1
682.871978,0.0,0,0,21977042944,98.6031576966362,-1138688,0.0,96,25,0.5,8,40.000000000000036,332.10743,1
682.871978,0.0,0,0,21977042944,98.6031576966362,-1138688,0.0,96,26,0.5,8,40.000000000000036,398.498243,1
682.871978,0.0,0,0,21977042944,98.6031576966362,-1138688,0.0,96,27,0.5,8,40.000000000000036,222.945567,1
682.871978,0.0,0,0,21977042944,98.6031576966362,-1138688,0.0,96,28,0.5,8,40.000000000000036,245.315022,1
682.871978,0.0,0,0,21977042944,98.6031576966362,-1138688,0.0,96,29,0.5,8,40.000000000000036,383.935422,1
682.871978,0.0,0,0,21977042944,98.6031576966362,-1138688,0.0,96,30,0.5,8,40.000000000000036,379.961874,1
682.871978,0.0,0,0,21977042944,98.6031576966362,-1138688,0.0,96,31,0.5,8,40.000000000000036,225.000523,1
682.871978,0.0,0,0,21977042944,98.6031576966362,-1138688,0.0,96,32,0.5,8,40.000000000000036,388.082957,1
682.871978,0.0,0,0,21977042944,98.6031576966362,-1138688,0.0,96,33,0.5,8,40.000000000000036,453.823661,1
682.871978,0.0,0,0,21977042944,98.6031576966362,-1138688,0.0,96,34,0.5,8,40.000000000000036,355.960501,1
682.871978,0.0,0,0,21977042944,98.6031576966362,-1138688,0.0,96,35,0.5,8,40.000000000000036,313.652537,1
682.871978,0.0,0,0,21977042944,98.6031576966362,-1138688,0.0,96,36,0.5,8,40.000000000000036,175.098101,1
682.871978,0.0,0,0,21977042944,98.6031576966362,-1138688,0.0,96,37,0.5,8,40.000000000000036,259.994511,1
682.871978,0.0,0,0,21977042944,98.6031576966362,-1138688,0.0,96,38,0.5,8,40.000000000000036,408.41356,1
682.871978,0.0,0,0,21977042944,98.6031576966362,-1138688,0.0,96,39,0.5,8,40.000000000000036,210.801298,1
682.871978,0.0,0,0,21977042944,98.6031576966362,-1138688,0.0,96,40,0.5,8,40.000000000000036,324.132929,1
682.871978,0.0,0,0,21977042944,98.6031576966362,-1138688,0.0,96,41,0.5,8,40.000000000000036,427.770081,1
682.871978,0.0,0,0,21977042944,98.6031576966362,-1138688,0.0,96,42,0.5,8,40.000000000000036,183.490872,1
682.871978,0.0,0,0,21977042944,98.6031576966362,-1138688,0.0,96,43,0.5,8,40.000000000000036,343.57082,1
682.871978,0.0,0,0,21977042944,98.6031576966362,-1138688,0.0,96,44,0.5,8,40.000000000000036,346.050226,1
682.871978,0.0,0,0,21977042944,98.6031576966362,-1138688,0.0,96,45,0.5,8,40.000000000000036,235.289746,1
682.871978,0.0,0,0,21977042944,98.6031576966362,-1138688,0.0,96,46,0.5,8,40.000000000000036,190.547128,1
682.871978,0.0,0,0,21977042944,98.6031576966362,-1138688,0.0,96,47,0.5,8,40.000000000000036,227.596627,1
682.871978,0.0,0,0,21977042944,98.6031576966362,-1138688,0.0,96,48,0.5,8,40.000000000000036,231.892133,1
682.871978,0.0,0,0,21977042944,98.6031576966362,-1138688,0.0,96,49,0.5,8,50.00000000000004,359.980842,1
682.871978,0.0,0,0,21977042944,98.6031576966362,-1138688,0.0,96,50,0.5,8,50.00000000000004,430.25677,1
682.871978,0.0,0,0,21977042944,98.6031576966362,-1138688,0.0,96,51,0.5,8,40.000000000000036,388.263012,1
682.871978,0.0,0,0,21977042944,98.6031576966362,-1138688,0.0,96,52,0.5,8,40.000000000000036,263.856998,1
682.871978,0.0,0,0,21977042944,98.6031576966362,-1138688,0.0,96,53,0.5,8,50.00000000000004,394.025928,1
682.871978,0.0,0,0,21977042944,98.6031576966362,-1138688,0.0,96,54,0.5,8,40.000000000000036,232.236375,1
682.871978,0.0,0,0,21977042944,98.6031576966362,-1138688,0.0,96,55,0.5,8,40.000000000000036,371.352924,1
682.871978,0.0,0,0,21977042944,98.6031576966362,-1138688,0.0,96,56,0.5,8,50.00000000000004,407.224042,1
682.871978,0.0,0,0,21977042944,98.6031576966362,-1138688,0.0,96,57,0.5,8,40.000000000000036,364.026053,1
682.871978,0.0,0,0,21977042944,98.6031576966362,-1138688,0.0,96,58,0.5,8,40.000000000000036,408.73372,1
682.871978,0.0,0,0,21977042944,98.6031576966362,-1138688,0.0,96,59,0.5,8,40.000000000000036,408.726069,1
682.871978,0.0,0,0,21977042944,98.6031576966362,-1138688,0.0,96,60,0.5,8,40.000000000000036,383.072584,1
682.871978,0.0,0,0,21977042944,98.6031576966362,-1138688,0.0,96,61,0.5,8,50.00000000000004,357.257253,1
682.871978,0.0,0,0,21977042944,98.6031576966362,-1138688,0.0,96,62,0.5,8,50.00000000000004,388.657623,1
682.871978,0.0,0,0,21977042944,98.6031576966362,-1138688,0.0,96,63,0.5,8,50.00000000000004,357.883152,1
682.871978,0.0,0,0,21977042944,98.6031576966362,-1138688,0.0,96,64,0.5,8,50.00000000000004,357.89681,1
682.871978,0.0,0,0,21977042944,98.6031576966362,-1138688,0.0,96,65,0.5,8,40.000000000000036,344.369143,1
682.871978,0.0,0,0,21977042944,98.6031576966362,-1138688,0.0,96,66,0.5,8,40.000000000000036,333.670714,1
682.871978,0.0,0,0,21977042944,98.6031576966362,-1138688,0.0,96,67,0.5,8,40.000000000000036,343.223792,1
682.871978,0.0,0,0,21977042944,98.6031576966362,-1138688,0.0,96,68,0.5,8,40.000000000000036,331.447783,1
682.871978,0.0,0,0,21977042944,98.6031576966362,-1138688,0.0,96,69,0.5,8,40.000000000000036,310.34858,1
682.871978,0.0,0,0,21977042944,98.6031576966362,-1138688,0.0,96,70,0.5,8,40.000000000000036,263.575742,1
682.871978,0.0,0,0,21977042944,98.6031576966362,-1138688,0.0,96,71,0.5,8,50.00000000000004,343.465701,1
682.871978,0.0,0,0,21977042944,98.6031576966362,-1138688,0.0,96,72,0.5,8,40.000000000000036,320.178045,1
682.871978,0.0,0,0,21977042944,98.6031576966362,-1138688,0.0,96,73,0.5,8,40.000000000000036,323.925846,1
682.871978,0.0,0,0,21977042944,98.6031576966362,-1138688,0.0,96,74,0.5,8,40.000000000000036,308.738821,1
682.871978,0.0,0,0,21977042944,98.6031576966362,-1138688,0.0,96,75,0.5,8,40.000000000000036,264.141114,1
682.871978,0.0,0,0,21977042944,98.6031576966362,-1138688,0.0,96,76,0.5,8,40.000000000000036,337.649254,1
682.871978,0.0,0,0,21977042944,98.6031576966362,-1138688,0.0,96,77,0.5,8,40.000000000000036,313.72013,1
682.871978,0.0,0,0,21977042944,98.6031576966362,-1138688,0.0,96,78,0.5,8,40.000000000000036,327.31062,1
682.871978,0.0,0,0,21977042944,98.6031576966362,-1138688,0.0,96,79,0.5,8,40.000000000000036,330.562567,1
682.871978,0.0,0,0,21977042944,98.6031576966362,-1138688,0.0,96,80,0.5,8,40.000000000000036,324.45733,1
682.871978,0.0,0,0,21977042944,98.6031576966362,-1138688,0.0,96,81,0.5,8,40.000000000000036,329.743246,1
682.871978,0.0,0,0,21977042944,98.6031576966362,-1138688,0.0,96,82,0.5,8,40.000000000000036,329.690901,1
682.871978,0.0,0,0,21977042944,98.6031576966362,-1138688,0.0,96,83,0.5,8,40.000000000000036,207.647513,1
682.871978,0.0,0,0,21977042944,98.6031576966362,-1138688,0.0,96,84,0.5,8,40.000000000000036,324.412796,1
682.871978,0.0,0,0,21977042944,98.6031576966362,-1138688,0.0,96,85,0.5,8,40.000000000000036,302.285946,1
682.871978,0.0,0,0,21977042944,98.6031576966362,-1138688,0.0,96,86,0.5,8,40.000000000000036,326.361821,1
682.871978,0.0,0,0,21977042944,98.6031576966362,-1138688,0.0,96,87,0.5,8,40.000000000000036,113.279601,1
682.871978,0.0,0,0,21977042944,98.6031576966362,-1138688,0.0,96,88,0.5,8,40.000000000000036,269.143862,1
682.871978,0.0,0,0,21977042944,98.6031576966362,-1138688,0.0,96,89,0.5,8,50.00000000000004,289.772929,1
682.871978,0.0,0,0,21977042944,98.6031576966362,-1138688,0.0,96,90,0.5,8,50.00000000000004,292.782043,1
682.871978,0.0,0,0,21977042944,98.6031576966362,-1138688,0.0,96,91,0.5,8,40.000000000000036,227.501048,1
682.871978,0.0,0,0,21977042944,98.6031576966362,-1138688,0.0,96,92,0.5,8,40.000000000000036,283.708834,1
682.871978,0.0,0,0,21977042944,98.6031576966362,-1138688,0.0,96,93,0.5,8,50.00000000000004,267.374904,1
682.871978,0.0,0,0,21977042944,98.6031576966362,-1138688,0.0,96,94,0.5,8,40.000000000000036,248.267413,1
682.871978,0.0,0,0,21977042944,98.6031576966362,-1138688,0.0,96,95,0.5,8,40.000000000000036,221.462672,1
682.871978,0.0,0,0,21977042944,98.6031576966362,-1138688,0.0,96,96,0.5,8,40.000000000000036,221.278206,1
702.085637,0.0,0,0,21976268800,98.5159972253218,-774144,0.0,96,1,0.5,9,40.000000000000036,47.415977,1
702.085637,0.0,0,0,21976268800,98.5159972253218,-774144,0.0,96,2,0.5,9,40.000000000000036,195.632799,1
702.085637,0.0,0,0,21976268800,98.5159972253218,-774144,0.0,96,3,0.5,9,40.000000000000036,172.244165,1
702.085637,0.0,0,0,21976268800,98.5159972253218,-774144,0.0,96,4,0.5,9,40.000000000000036,138.075907,1
702.085637,0.0,0,0,21976268800,98.5159972253218,-774144,0.0,96,5,0.5,9,40.000000000000036,181.905531,1
702.085637,0.0,0,0,21976268800,98.5159972253218,-774144,0.0,96,6,0.5,9,40.000000000000036,62.463393,1
702.085637,0.0,0,0,21976268800,98.5159972253218,-774144,0.0,96,7,0.5,9,40.000000000000036,133.603191,1
702.085637,0.0,0,0,21976268800,98.5159972253218,-774144,0.0,96,8,0.5,9,40.000000000000036,378.304071,1
702.085637,0.0,0,0,21976268800,98.5159972253218,-774144,0.0,96,9,0.5,9,40.000000000000036,139.926508,1
702.085637,0.0,0,0,21976268800,98.5159972253218,-774144,0.0,96,10,0.5,9,40.000000000000036,199.622201,1
702.085637,0.0,0,0,21976268800,98.5159972253218,-774144,0.0,96,11,0.5,9,40.000000000000036,158.651735,1
702.085637,0.0,0,0,21976268800,98.5159972253218,-774144,0.0,96,12,0.5,9,40.000000000000036,396.150889,1
702.085637,0.0,0,0,21976268800,98.5159972253218,-774144,0.0,96,13,0.5,9,40.000000000000036,467.688254,1
702.085637,0.0,0,0,21976268800,98.5159972253218,-774144,0.0,96,14,0.5,9,39.99999999999992,272.201064,1
702.085637,0.0,0,0,21976268800,98.5159972253218,-774144,0.0,96,15,0.5,9,39.99999999999992,143.198476,1
702.085637,0.0,0,0,21976268800,98.5159972253218,-774144,0.0,96,16,0.5,9,40.000000000000036,287.979063,1
702.085637,0.0,0,0,21976268800,98.5159972253218,-774144,0.0,96,17,0.5,9,50.00000000000004,323.974619,1
702.085637,0.0,0,0,21976268800,98.5159972253218,-774144,0.0,96,18,0.5,9,40.000000000000036,339.011629,1
702.085637,0.0,0,0,21976268800,98.5159972253218,-774144,0.0,96,19,0.5,9,40.000000000000036,255.345959,1
702.085637,0.0,0,0,21976268800,98.5159972253218,-774144,0.0,96,20,0.5,9,39.99999999999992,468.076445,1
702.085637,0.0,0,0,21976268800,98.5159972253218,-774144,0.0,96,21,0.5,9,40.000000000000036,218.853934,1
702.085637,0.0,0,0,21976268800,98.5159972253218,-774144,0.0,96,22,0.5,9,49.999999999999936,408.085226,1
702.085637,0.0,0,0,21976268800,98.5159972253218,-774144,0.0,96,23,0.5,9,40.000000000000036,306.317949,1
702.085637,0.0,0,0,21976268800,98.5159972253218,-774144,0.0,96,24,0.5,9,49.999999999999936,387.746566,1
702.085637,0.0,0,0,21976268800,98.5159972253218,-774144,0.0,96,25,0.5,9,40.000000000000036,467.603255,1
702.085637,0.0,0,0,21976268800,98.5159972253218,-774144,0.051754587000687025,96,26,0.5,9,39.99999999999992,551.791078,1
702.085637,0.0,0,0,21976268800,98.5159972253218,-774144,0.0,96,27,0.5,9,49.999999999999936,315.778634,1
702.085637,0.0,0,0,21976268800,98.5159972253218,-774144,0.0,96,28,0.5,9,49.999999999999936,371.538805,1
702.085637,0.0,0,0,21976268800,98.5159972253218,-774144,0.010355990001698956,96,29,0.5,9,39.99999999999992,510.362827,1
702.085637,0.0,0,0,21976268800,98.5159972253218,-774144,0.0,96,30,0.5,9,40.000000000000036,207.440016,1
702.085637,0.0,0,0,21976268800,98.5159972253218,-774144,0.0,96,31,0.5,9,40.000000000000036,247.398823,1
702.085637,0.0,0,0,21976268800,98.5159972253218,-774144,0.0,96,32,0.5,9,40.000000000000036,219.244629,1
702.085637,0.0,0,0,21976268800,98.5159972253218,-774144,0.0,96,33,0.5,9,49.999999999999936,479.962889,1
702.085637,0.0,0,0,21976268800,98.5159972253218,-774144,0.0,96,34,0.5,9,39.99999999999992,360.014193,1
702.085637,0.0,0,0,21976268800,98.5159972253218,-774144,0.0,96,35,0.5,9,39.99999999999992,486.135756,1
702.085637,0.0,0,0,21976268800,98.5159972253218,-774144,0.03653171800033306,96,36,0.5,9,49.999999999999936,536.540515,1
702.085637,0.0,0,0,21976268800,98.5159972253218,-774144,0.027816050000183168,96,37,0.5,9,39.99999999999992,527.825554,1
702.085637,0.0,0,0,21976268800,98.5159972253218,-774144,0.0,96,38,0.5,9,39.99999999999992,94.179275,1
702.085637,0.0,0,0,21976268800,98.5159972253218,-774144,0.015425704999870504,96,39,0.5,9,49.999999999999936,515.434652,1
702.085637,0.0,0,0,21976268800,98.5159972253218,-774144,0.0,96,40,0.5,9,39.99999999999992,358.837556,1
702.085637,0.0,0,0,21976268800,98.5159972253218,-774144,0.0,96,41,0.5,9,49.999999999999936,328.454179,1
702.085637,0.0,0,0,21976268800,98.5159972253218,-774144,0.0,96,42,0.5,9,39.99999999999992,459.964792,1
702.085637,0.0,0,0,21976268800,98.5159972253218,-774144,0.0,96,43,0.5,9,39.99999999999992,467.547185,1
702.085637,0.0,0,0,21976268800,98.5159972253218,-774144,0.0,96,44,0.5,9,39.99999999999992,157.19386,1
702.085637,0.0,0,0,21976268800,98.5159972253218,-774144,0.012246004998814897,96,45,0.5,9,49.999999999999936,512.252582,1
702.085637,0.0,0,0,21976268800,98.5159972253218,-774144,0.0,96,46,0.5,9,39.99999999999992,448.919542,1
702.085637,0.0,0,0,21976268800,98.5159972253218,-774144,0.007522859001255711,96,47,0.5,9,40.000000000000036,507.528876,1
702.085637,0.0,0,0,21976268800,98.5159972253218,-774144,0.005376474999138736,96,48,0.5,9,39.99999999999992,505.382483,1
702.085637,0.0,0,0,21976268800,98.5159972253218,-774144,0.0,96,49,0.5,9,39.99999999999992,466.908175,1
702.085637,0.0,0,0,21976268800,98.5159972253218,-774144,0.0,96,50,0.5,9,39.99999999999992,446.007168,1
702.085637,0.0,0,0,21976268800,98.5159972253218,-774144,0.0,96,51,0.5,9,49.999999999999936,447.858245,1
702.085637,0.0,0,0,21976268800,98.5159972253218,-774144,0.0,96,52,0.5,9,39.99999999999992,448.397606,1
702.085637,0.0,0,0,21976268800,98.5159972253218,-774144,0.0,96,53,0.5,9,39.99999999999992,393.953615,1
702.085637,0.0,0,0,21976268800,98.5159972253218,-774144,0.0,96,54,0.5,9,49.999999999999936,460.037398,1
702.085637,0.0,0,0,21976268800,98.5159972253218,-774144,0.0,96,55,0.5,9,49.999999999999936,324.401752,1
702.085637,0.0,0,0,21976268800,98.5159972253218,-774144,0.0,96,56,0.5,9,39.99999999999992,307.956956,1
702.085637,0.0,0,0,21976268800,98.5159972253218,-774144,0.0,96,57,0.5,9,49.999999999999936,440.031003,1
702.085637,0.0,0,0,21976268800,98.5159972253218,-774144,0.0,96,58,0.5,9,39.99999999999992,413.920837,1
702.085637,0.0,0,0,21976268800,98.5159972253218,-774144,0.0,96,59,0.5,9,39.99999999999992,415.935721,1
702.085637,0.0,0,0,21976268800,98.5159972253218,-774144,0.0,96,60,0.5,9,39.99999999999992,358.858092,1
702.085637,0.0,0,0,21976268800,98.5159972253218,-774144,0.0,96,61,0.5,9,39.99999999999992,367.420435,1
702.085637,0.0,0,0,21976268800,98.5159972253218,-774144,0.0,96,62,0.5,9,39.99999999999992,316.034258,1
702.085637,0.0,0,0,21976268800,98.5159972253218,-774144,0.0,96,63,0.5,9,39.99999999999992,308.105289,1
702.085637,0.0,0,0,21976268800,98.5159972253218,-774144,0.0,96,64,0.5,9,39.99999999999992,307.057273,1
702.085637,0.0,0,0,21976268800,98.5159972253218,-774144,0.0,96,65,0.5,9,49.999999999999936,408.845946,1
702.085637,0.0,0,0,21976268800,98.5159972253218,-774144,0.0,96,66,0.5,9,49.999999999999936,306.40268,1
702.085637,0.0,0,0,21976268800,98.5159972253218,-774144,0.0,96,67,0.5,9,39.99999999999992,426.325728,1
702.085637,0.0,0,0,21976268800,98.5159972253218,-774144,0.0,96,68,0.5,9,50.00000000000004,412.291289,1
702.085637,0.0,0,0,21976268800,98.5159972253218,-774144,0.0,96,69,0.5,9,39.99999999999992,393.702238,1
702.085637,0.0,0,0,21976268800,98.5159972253218,-774144,0.0,96,70,0.5,9,39.99999999999992,436.041705,1
702.085637,0.0,0,0,21976268800,98.5159972253218,-774144,0.0,96,71,0.5,9,39.99999999999992,424.170667,1
702.085637,0.0,0,0,21976268800,98.5159972253218,-774144,0.0,96,72,0.5,9,49.999999999999936,421.620925,1
702.085637,0.0,0,0,21976268800,98.5159972253218,-774144,0.0,96,73,0.5,9,49.999999999999936,341.067743,1
702.085637,0.0,0,0,21976268800,98.5159972253218,-774144,0.0,96,74,0.5,9,39.99999999999992,405.570139,1
702.085637,0.0,0,0,21976268800,98.5159972253218,-774144,0.0,96,75,0.5,9,39.99999999999992,385.457171,1
702.085637,0.0,0,0,21976268800,98.5159972253218,-774144,0.0,96,76,0.5,9,39.99999999999992,345.526027,1
702.085637,0.0,0,0,21976268800,98.5159972253218,-774144,0.0,96,77,0.5,9,49.999999999999936,392.156257,1
702.085637,0.0,0,0,21976268800,98.5159972253218,-774144,0.0,96,78,0.5,9,40.000000000000036,380.886853,1
702.085637,0.0,0,0,21976268800,98.5159972253218,-774144,0.0,96,79,0.5,9,39.99999999999992,371.624875,1
702.085637,0.0,0,0,21976268800,98.5159972253218,-774144,0.0,96,80,0.5,9,39.99999999999992,363.120864,1
702.085637,0.0,0,0,21976268800,98.5159972253218,-774144,0.0,96,81,0.5,9,39.99999999999992,376.666866,1
702.085637,0.0,0,0,21976268800,98.5159972253218,-774144,0.0,96,82,0.5,9,40.000000000000036,374.500905,1
702.085637,0.0,0,0,21976268800,98.5159972253218,-774144,0.0,96,83,0.5,9,39.99999999999992,302.300186,1
702.085637,0.0,0,0,21976268800,98.5159972253218,-774144,0.0,96,84,0.5,9,39.99999999999992,369.108967,1
702.085637,0.0,0,0,21976268800,98.5159972253218,-774144,0.0,96,85,0.5,9,49.999999999999936,346.2829,1
702.085637,0.0,0,0,21976268800,98.5159972253218,-774144,0.0,96,86,0.5,9,39.99999999999992,240.128828,1
702.085637,0.0,0,0,21976268800,98.5159972253218,-774144,0.0,96,87,0.5,9,40.000000000000036,321.189649,1
702.085637,0.0,0,0,21976268800,98.5159972253218,-774144,0.0,96,88,0.5,9,49.999999999999936,274.391352,1
702.085637,0.0,0,0,21976268800,98.5159972253218,-774144,0.0,96,89,0.5,9,39.99999999999992,321.420727,1
702.085637,0.0,0,0,21976268800,98.5159972253218,-774144,0.0,96,90,0.5,9,39.99999999999992,274.891878,1
702.085637,0.0,0,0,21976268800,98.5159972253218,-774144,0.0,96,91,0.5,9,39.99999999999992,320.596675,1
702.085637,0.0,0,0,21976268800,98.5159972253218,-774144,0.0,96,92,0.5,9,30.00000000000003,271.267132,1
702.085637,0.0,0,0,21976268800,98.5159972253218,-774144,0.0,96,93,0.5,9,39.99999999999992,309.7004,1
702.085637,0.0,0,0,21976268800,98.5159972253218,-774144,0.0,96,94,0.5,9,40.000000000000036,313.43157,1
702.085637,0.0,0,0,21976268800,98.5159972253218,-774144,0.0,96,95,0.5,9,39.99999999999992,308.515814,1
702.085637,0.0,0,0,21976268800,98.5159972253218,-774144,0.0,96,96,0.5,9,40.000000000000036,281.349805,1
674.2635,0.0,0,0,21976268800,98.13176401612435,0,0.0,96,1,0.5,10,39.99999999999992,180.948655,1
674.2635,0.0,0,0,21976268800,98.13176401612435,0,0.0,96,2,0.5,10,39.99999999999992,121.037338,1
674.2635,0.0,0,0,21976268800,98.13176401612435,0,0.0,96,3,0.5,10,39.99999999999992,149.281755,1
674.2635,0.0,0,0,21976268800,98.13176401612435,0,0.0,96,4,0.5,10,39.99999999999992,109.521262,1
674.2635,0.0,0,0,21976268800,98.13176401612435,0,0.0,96,5,0.5,10,39.99999999999992,111.366796,1
674.2635,0.0,0,0,21976268800,98.13176401612435,0,0.0,96,6,0.5,10,39.99999999999992,109.893707,1
674.2635,0.0,0,0,21976268800,98.13176401612435,0,0.0,96,7,0.5,10,39.99999999999992,109.41037,1
674.2635,0.0,0,0,21976268800,98.13176401612435,0,0.0,96,8,0.5,10,39.99999999999992,108.377381,1
674.2635,0.0,0,0,21976268800,98.13176401612435,0,0.0,96,9,0.5,10,39.99999999999992,92.255702,1
674.2635,0.0,0,0,21976268800,98.13176401612435,0,0.0,96,10,0.5,10,39.99999999999992,147.584686,1
674.2635,0.0,0,0,21976268800,98.13176401612435,0,0.0,96,11,0.5,10,29.999999999999915,135.800872,1
674.2635,0.0,0,0,21976268800,98.13176401612435,0,0.0,96,12,0.5,10,39.99999999999992,131.122,1
674.2635,0.0,0,0,21976268800,98.13176401612435,0,0.0,96,13,0.5,10,39.99999999999992,239.961887,1
674.2635,0.0,0,0,21976268800,98.13176401612435,0,0.0,96,14,0.5,10,40.000000000000036,163.557217,1
674.2635,0.0,0,0,21976268800,98.13176401612435,0,0.0,96,15,0.5,10,40.000000000000036,155.941161,1
674.2635,0.0,0,0,21976268800,98.13176401612435,0,0.0,96,16,0.5,10,39.99999999999992,192.576686,1
674.2635,0.0,0,0,21976268800,98.13176401612435,0,0.0,96,17,0.5,10,29.999999999999915,251.967498,1
674.2635,0.0,0,0,21976268800,98.13176401612435,0,0.0,96,18,0.5,10,49.999999999999936,200.090232,1
674.2635,0.0,0,0,21976268800,98.13176401612435,0,0.0,96,19,0.5,10,39.99999999999992,160.013086,1
674.2635,0.0,0,0,21976268800,98.13176401612435,0,0.0,96,20,0.5,10,40.000000000000036,252.297118,1
674.2635,0.0,0,0,21976268800,98.13176401612435,0,0.0,96,21,0.5,10,39.99999999999992,207.959729,1
674.2635,0.0,0,0,21976268800,98.13176401612435,0,0.0,96,22,0.5,10,30.00000000000003,169.447973,1
674.2635,0.0,0,0,21976268800,98.13176401612435,0,0.0,96,23,0.5,10,39.99999999999992,188.14753,1
674.2635,0.0,0,0,21976268800,98.13176401612435,0,0.0,96,24,0.5,10,40.000000000000036,251.877277,1
674.2635,0.0,0,0,21976268800,98.13176401612435,0,0.0,96,25,0.5,10,49.999999999999936,269.751447,1
674.2635,0.0,0,0,21976268800,98.13176401612435,0,0.0,96,26,0.5,10,40.000000000000036,253.328751,1
674.2635,0.0,0,0,21976268800,98.13176401612435,0,0.0,96,27,0.5,10,40.000000000000036,363.936556,1
674.2635,0.0,0,0,21976268800,98.13176401612435,0,0.0,96,28,0.5,10,40.000000000000036,232.139498,1
674.2635,0.0,0,0,21976268800,98.13176401612435,0,0.0,96,29,0.5,10,40.000000000000036,273.753071,1
674.2635,0.0,0,0,21976268800,98.13176401612435,0,0.0,96,30,0.5,10,39.99999999999992,247.674525,1
674.2635,0.0,0,0,21976268800,98.13176401612435,0,0.0,96,31,0.5,10,39.99999999999992,217.017895,1
674.2635,0.0,0,0,21976268800,98.13176401612435,0,0.0,96,32,0.5,10,39.99999999999992,356.299429,1
674.2635,0.0,0,0,21976268800,98.13176401612435,0,0.0,96,33,0.5,10,40.000000000000036,268.077264,1
674.2635,0.0,0,0,21976268800,98.13176401612435,0,0.0,96,34,0.5,10,40.000000000000036,227.87319,1
674.2635,0.0,0,0,21976268800,98.13176401612435,0,0.0,96,35,0.5,10,40.000000000000036,359.400663,1
674.2635,0.0,0,0,21976268800,98.13176401612435,0,0.0,96,36,0.5,10,40.000000000000036,222.802792,1
674.2635,0.0,0,0,21976268800,98.13176401612435,0,0.0,96,37,0.5,10,40.000000000000036,216.218851,1
674.2635,0.0,0,0,21976268800,98.13176401612435,0,0.0,96,38,0.5,10,40.000000000000036,244.465358,1
674.2635,0.0,0,0,21976268800,98.13176401612435,0,0.0,96,39,0.5,10,40.000000000000036,339.920124,1
674.2635,0.0,0,0,21976268800,98.13176401612435,0,0.0,96,40,0.5,10,40.000000000000036,367.549815,1
674.2635,0.0,0,0,21976268800,98.13176401612435,0,0.0,96,41,0.5,10,40.000000000000036,255.969716,1
674.2635,0.0,0,0,21976268800,98.13176401612435,0,0.0,96,42,0.5,10,40.000000000000036,259.697039,1
674.2635,0.0,0,0,21976268800,98.13176401612435,0,0.0,96,43,0.5,10,40.000000000000036,259.644771,1
674.2635,0.0,0,0,21976268800,98.13176401612435,0,0.0,96,44,0.5,10,40.000000000000036,346.199643,1
674.2635,0.0,0,0,21976268800,98.13176401612435,0,0.0,96,45,0.5,10,40.000000000000036,251.529852,1
674.2635,0.0,0,0,21976268800,98.13176401612435,0,0.0,96,46,0.5,10,40.000000000000036,268.05755,1
674.2635,0.0,0,0,21976268800,98.13176401612435,0,0.0,96,47,0.5,10,39.99999999999992,223.748451,1
674.2635,0.0,0,0,21976268800,98.13176401612435,0,0.0,96,48,0.5,10,50.00000000000004,427.874684,1
674.2635,0.0,0,0,21976268800,98.13176401612435,0,0.0,96,49,0.5,10,40.000000000000036,231.721477,1
674.2635,0.0,0,0,21976268800,98.13176401612435,0,0.0,96,50,0.5,10,40.000000000000036,328.343789,1
674.2635,0.0,0,0,21976268800,98.13176401612435,0,0.0,96,51,0.5,10,40.000000000000036,268.14906,1
674.2635,0.0,0,0,21976268800,98.13176401612435,0,0.0,96,52,0.5,10,40.000000000000036,383.89795,1
674.2635,0.0,0,0,21976268800,98.13176401612435,0,0.0,96,53,0.5,10,40.000000000000036,323.88291,1
674.2635,0.0,0,0,21976268800,98.13176401612435,0,0.0,96,54,0.5,10,40.000000000000036,192.959653,1
674.2635,0.0,0,0,21976268800,98.13176401612435,0,0.0,96,55,0.5,10,40.000000000000036,239.800689,1
674.2635,0.0,0,0,21976268800,98.13176401612435,0,0.0,96,56,0.5,10,40.000000000000036,377.080531,1
674.2635,0.0,0,0,21976268800,98.13176401612435,0,0.0,96,57,0.5,10,40.000000000000036,279.943807,1
674.2635,0.0,0,0,21976268800,98.13176401612435,0,0.0,96,58,0.5,10,50.00000000000004,291.83424,1
674.2635,0.0,0,0,21976268800,98.13176401612435,0,0.0,96,59,0.5,10,40.000000000000036,295.961122,1
674.2635,0.0,0,0,21976268800,98.13176401612435,0,0.0,96,60,0.5,10,50.00000000000004,374.757127,1
674.2635,0.0,0,0,21976268800,98.13176401612435,0,0.0,96,61,0.5,10,40.000000000000036,299.887785,1
674.2635,0.0,0,0,21976268800,98.13176401612435,0,0.0,96,62,0.5,10,40.000000000000036,320.292842,1
674.2635,0.0,0,0,21976268800,98.13176401612435,0,0.0,96,63,0.5,10,40.000000000000036,356.919525,1
674.2635,0.0,0,0,21976268800,98.13176401612435,0,0.0,96,64,0.5,10,40.000000000000036,287.981317,1
674.2635,0.0,0,0,21976268800,98.13176401612435,0,0.0,96,65,0.5,10,30.00000000000003,313.116785,1
674.2635,0.0,0,0,21976268800,98.13176401612435,0,0.0,96,66,0.5,10,40.000000000000036,340.082939,1
674.2635,0.0,0,0,21976268800,98.13176401612435,0,0.0,96,67,0.5,10,40.000000000000036,299.654811,1
674.2635,0.0,0,0,21976268800,98.13176401612435,0,0.0,96,68,0.5,10,39.99999999999992,331.327605,1
674.2635,0.0,0,0,21976268800,98.13176401612435,0,0.0,96,69,0.5,10,40.000000000000036,266.111386,1
674.2635,0.0,0,0,21976268800,98.13176401612435,0,0.0,96,70,0.5,10,40.000000000000036,134.185398,1
674.2635,0.0,0,0,21976268800,98.13176401612435,0,0.0,96,71,0.5,10,40.000000000000036,281.897874,1
674.2635,0.0,0,0,21976268800,98.13176401612435,0,0.0,96,72,0.5,10,40.000000000000036,259.752875,1
674.2635,0.0,0,0,21976268800,98.13176401612435,0,0.0,96,73,0.5,10,40.000000000000036,306.433446,1
674.2635,0.0,0,0,21976268800,98.13176401612435,0,0.0,96,74,0.5,10,40.000000000000036,123.864927,1
674.2635,0.0,0,0,21976268800,98.13176401612435,0,0.0,96,75,0.5,10,40.000000000000036,310.835454,1
674.2635,0.0,0,0,21976268800,98.13176401612435,0,0.0,96,76,0.5,10,40.000000000000036,275.724165,1
674.2635,0.0,0,0,21976268800,98.13176401612435,0,0.0,96,77,0.5,10,40.000000000000036,277.396214,1
674.2635,0.0,0,0,21976268800,98.13176401612435,0,0.0,96,78,0.5,10,39.99999999999992,92.488711,1
674.2635,0.0,0,0,21976268800,98.13176401612435,0,0.0,96,79,0.5,10,40.000000000000036,266.644502,1
674.2635,0.0,0,0,21976268800,98.13176401612435,0,0.0,96,80,0.5,10,40.000000000000036,280.29495,1
674.2635,0.0,0,0,21976268800,98.13176401612435,0,0.0,96,81,0.5,10,50.00000000000004,303.628824,1
674.2635,0.0,0,0,21976268800,98.13176401612435,0,0.0,96,82,0.5,10,39.99999999999992,143.818922,1
674.2635,0.0,0,0,21976268800,98.13176401612435,0,0.0,96,83,0.5,10,40.000000000000036,162.116849,1
674.2635,0.0,0,0,21976268800,98.13176401612435,0,0.0,96,84,0.5,10,40.000000000000036,248.685544,1
674.2635,0.0,0,0,21976268800,98.13176401612435,0,0.0,96,85,0.5,10,40.000000000000036,251.125427,1
674.2635,0.0,0,0,21976268800,98.13176401612435,0,0.0,96,86,0.5,10,40.000000000000036,223.995835,1
674.2635,0.0,0,0,21976268800,98.13176401612435,0,0.0,96,87,0.5,10,39.99999999999992,97.228732,1
674.2635,0.0,0,0,21976268800,98.13176401612435,0,0.0,96,88,0.5,10,40.000000000000036,266.06932,1
674.2635,0.0,0,0,21976268800,98.13176401612435,0,0.0,96,89,0.5,10,40.000000000000036,264.523391,1
674.2635,0.0,0,0,21976268800,98.13176401612435,0,0.0,96,90,0.5,10,40.000000000000036,151.220225,1
674.2635,0.0,0,0,21976268800,98.13176401612435,0,0.0,96,91,0.5,10,40.000000000000036,219.799997,1
674.2635,0.0,0,0,21976268800,98.13176401612435,0,0.0,96,92,0.5,10,39.99999999999992,86.782745,1
674.2635,0.0,0,0,21976268800,98.13176401612435,0,0.0,96,93,0.5,10,40.000000000000036,230.187186,1
674.2635,0.0,0,0,21976268800,98.13176401612435,0,0.0,96,94,0.5,10,39.99999999999992,239.109375,1
674.2635,0.0,0,0,21976268800,98.13176401612435,0,0.0,96,95,0.5,10,40.000000000000036,218.341564,1
674.2635,0.0,0,0,21976268800,98.13176401612435,0,0.0,96,96,0.5,10,49.999999999999936,236.60025,1
687.778102,0.0,0,0,21955551232,97.41513986150039,0,0.0,96,1,0.5,1,40.00000000000001,73.349505,2
687.778102,0.0,0,0,21955551232,97.41513986150039,0,0.0,96,2,0.5,1,39.99999999999998,84.335386,2
687.778102,0.0,0,0,21955551232,97.41513986150039,0,0.0,96,3,0.5,1,39.99999999999998,61.346259,2
687.778102,0.0,0,0,21955551232,97.41513986150039,0,0.0,96,4,0.5,1,39.99999999999998,169.834434,2
687.778102,0.0,0,0,21955551232,97.41513986150039,0,0.0,96,5,0.5,1,39.99999999999998,90.566502,2
687.778102,0.0,0,0,21955551232,97.41513986150039,0,0.0,96,6,0.5,1,40.00000000000001,84.283246,2
687.778102,0.0,0,0,21955551232,97.41513986150039,0,0.0,96,7,0.5,1,39.99999999999998,128.447844,2
687.778102,0.0,0,0,21955551232,97.41513986150039,0,0.0,96,8,0.5,1,39.99999999999998,73.944988,2
687.778102,0.0,0,0,21955551232,97.41513986150039,0,0.0,96,9,0.5,1,39.99999999999998,180.126153,2
687.778102,0.0,0,0,21955551232,97.41513986150039,0,0.0,96,10,0.5,1,39.99999999999998,66.585236,2
687.778102,0.0,0,0,21955551232,97.41513986150039,0,0.0,96,11,0.5,1,39.99999999999998,151.741028,2
687.778102,0.0,0,0,21955551232,97.41513986150039,0,0.0,96,12,0.5,1,40.00000000000001,68.310571,2
687.778102,0.0,0,0,21955551232,97.41513986150039,0,0.0,96,13,0.5,1,40.00000000000001,71.98309,2
687.778102,0.0,0,0,21955551232,97.41513986150039,0,0.0,96,14,0.5,1,49.999999999999986,184.529378,2
687.778102,0.0,0,0,21955551232,97.41513986150039,0,0.0,96,15,0.5,1,40.00000000000001,219.941801,2
687.778102,0.0,0,0,21955551232,97.41513986150039,0,0.0,96,16,0.5,1,40.00000000000001,107.938749,2
687.778102,0.0,0,0,21955551232,97.41513986150039,0,0.0,96,17,0.5,1,40.00000000000001,191.94111,2
687.778102,0.0,0,0,21955551232,97.41513986150039,0,0.0,96,18,0.5,1,40.00000000000001,112.794259,2
687.778102,0.0,0,0,21955551232,97.41513986150039,0,0.0,96,19,0.5,1,39.99999999999998,111.824016,2
687.778102,0.0,0,0,21955551232,97.41513986150039,0,0.0,96,20,0.5,1,49.999999999999986,217.462524,2
687.778102,0.0,0,0,21955551232,97.41513986150039,0,0.0,96,21,0.5,1,40.00000000000001,237.020307,2
687.778102,0.0,0,0,21955551232,97.41513986150039,0,0.0,96,22,0.5,1,40.00000000000001,331.691692,2
687.778102,0.0,0,0,21955551232,97.41513986150039,0,0.0,96,23,0.5,1,40.00000000000001,124.268038,2
687.778102,0.0,0,0,21955551232,97.41513986150039,0,0.0,96,24,0.5,1,39.99999999999998,172.025619,2
687.778102,0.0,0,0,21955551232,97.41513986150039,0,0.0,96,25,0.5,1,39.99999999999998,118.646279,2
687.778102,0.0,0,0,21955551232,97.41513986150039,0,0.0,96,26,0.5,1,39.99999999999998,103.579015,2
687.778102,0.0,0,0,21955551232,97.41513986150039,0,0.0,96,27,0.5,1,39.99999999999998,332.069017,2
687.778102,0.0,0,0,21955551232,97.41513986150039,0,0.0,96,28,0.5,1,49.999999999999986,316.281995,2
687.778102,0.0,0,0,21955551232,97.41513986150039,0,0.0,96,29,0.5,1,40.00000000000001,238.753128,2
687.778102,0.0,0,0,21955551232,97.41513986150039,0,0.0,96,30,0.5,1,40.00000000000001,360.554616,2
687.778102,0.0,0,0,21955551232,97.41513986150039,0,0.0,96,31,0.5,1,40.00000000000001,348.055124,2
687.778102,0.0,0,0,21955551232,97.41513986150039,0,0.0,96,32,0.5,1,40.00000000000001,285.497855,2
687.778102,0.0,0,0,21955551232,97.41513986150039,0,0.0,96,33,0.5,1,40.00000000000001,369.455311,2
687.778102,0.0,0,0,21955551232,97.41513986150039,0,0.0,96,34,0.5,1,40.00000000000001,335.599116,2
687.778102,0.0,0,0,21955551232,97.41513986150039,0,0.0,96,35,0.5,1,40.00000000000001,292.365185,2
687.778102,0.0,0,0,21955551232,97.41513986150039,0,0.0,96,36,0.5,1,40.00000000000001,280.912283,2
687.778102,0.0,0,0,21955551232,97.41513986150039,0,0.0,96,37,0.5,1,49.999999999999986,308.324483,2
687.778102,0.0,0,0,21955551232,97.41513986150039,0,0.0,96,38,0.5,1,40.00000000000001,323.854658,2
687.778102,0.0,0,0,21955551232,97.41513986150039,0,0.0,96,39,0.5,1,40.00000000000001,356.986383,2
687.778102,0.0,0,0,21955551232,97.41513986150039,0,0.0,96,40,0.5,1,40.00000000000001,374.099978,2
687.778102,0.0,0,0,21955551232,97.41513986150039,0,0.0,96,41,0.5,1,40.00000000000001,280.064808,2
687.778102,0.0,0,0,21955551232,97.41513986150039,0,0.0,96,42,0.5,1,39.99999999999998,345.727599,2
687.778102,0.0,0,0,21955551232,97.41513986150039,0,0.0,96,43,0.5,1,39.99999999999998,396.73596,2
687.778102,0.0,0,0,21955551232,97.41513986150039,0,0.0,96,44,0.5,1,40.00000000000001,375.443079,2
687.778102,0.0,0,0,21955551232,97.41513986150039,0,0.0,96,45,0.5,1,40.00000000000001,320.066999,2
687.778102,0.0,0,0,21955551232,97.41513986150039,0,0.0,96,46,0.5,1,50.000000000000014,284.070147,2
687.778102,0.0,0,0,21955551232,97.41513986150039,0,0.0,96,47,0.5,1,39.99999999999998,248.539511,2
687.778102,0.0,0,0,21955551232,97.41513986150039,0,0.0,96,48,0.5,1,40.00000000000001,255.656832,2
687.778102,0.0,0,0,21955551232,97.41513986150039,0,0.0,96,49,0.5,1,39.99999999999998,260.778346,2
687.778102,0.0,0,0,21955551232,97.41513986150039,0,0.0,96,50,0.5,1,39.99999999999998,305.913886,2
687.778102,0.0,0,0,21955551232,97.41513986150039,0,0.0,96,51,0.5,1,40.00000000000001,360.868705,2
687.778102,0.0,0,0,21955551232,97.41513986150039,0,0.0,96,52,0.5,1,40.00000000000001,279.93385,2
687.778102,0.0,0,0,21955551232,97.41513986150039,0,0.0,96,53,0.5,1,40.00000000000001,319.49319,2
687.778102,0.0,0,0,21955551232,97.41513986150039,0,0.0,96,54,0.5,1,40.00000000000001,343.810103,2
687.778102,0.0,0,0,21955551232,97.41513986150039,0,0.0,96,55,0.5,1,40.00000000000001,348.636432,2
687.778102,0.0,0,0,21955551232,97.41513986150039,0,0.0,96,56,0.5,1,49.999999999999986,304.573719,2
687.778102,0.0,0,0,21955551232,97.41513986150039,0,0.0,96,57,0.5,1,40.00000000000001,350.266004,2
687.778102,0.0,0,0,21955551232,97.41513986150039,0,0.0,96,58,0.5,1,39.99999999999998,346.630509,2
687.778102,0.0,0,0,21955551232,97.41513986150039,0,0.0,96,59,0.5,1,40.00000000000001,325.108415,2
687.778102,0.0,0,0,21955551232,97.41513986150039,0,0.0,96,60,0.5,1,40.00000000000001,234.314515,2
687.778102,0.0,0,0,21955551232,97.41513986150039,0,0.0,96,61,0.5,1,39.99999999999998,321.356548,2
687.778102,0.0,0,0,21955551232,97.41513986150039,0,0.0,96,62,0.5,1,40.00000000000001,353.903188,2
687.778102,0.0,0,0,21955551232,97.41513986150039,0,0.0,96,63,0.5,1,40.00000000000001,264.947023,2
687.778102,0.0,0,0,21955551232,97.41513986150039,0,0.0,96,64,0.5,1,50.000000000000014,356.099279,2
687.778102,0.0,0,0,21955551232,97.41513986150039,0,0.0,96,65,0.5,1,40.00000000000001,185.7125,2
687.778102,0.0,0,0,21955551232,97.41513986150039,0,0.0,96,66,0.5,1,50.000000000000014,331.660894,2
687.778102,0.0,0,0,21955551232,97.41513986150039,0,0.0,96,67,0.5,1,40.00000000000001,250.248404,2
687.778102,0.0,0,0,21955551232,97.41513986150039,0,0.0,96,68,0.5,1,50.000000000000014,334.105026,2
687.778102,0.0,0,0,21955551232,97.41513986150039,0,0.0,96,69,0.5,1,40.00000000000001,264.173211,2
687.778102,0.0,0,0,21955551232,97.41513986150039,0,0.0,96,70,0.5,1,40.00000000000001,295.487665,2
687.778102,0.0,0,0,21955551232,97.41513986150039,0,0.0,96,71,0.5,1,39.99999999999998,280.622414,2
687.778102,0.0,0,0,21955551232,97.41513986150039,0,0.0,96,72,0.5,1,49.999999999999986,185.327229,2
687.778102,0.0,0,0,21955551232,97.41513986150039,0,0.0,96,73,0.5,1,40.00000000000001,220.674602,2
687.778102,0.0,0,0,21955551232,97.41513986150039,0,0.0,96,74,0.5,1,39.99999999999998,224.637934,2
687.778102,0.0,0,0,21955551232,97.41513986150039,0,0.0,96,75,0.5,1,39.99999999999998,192.817602,2
687.778102,0.0,0,0,21955551232,97.41513986150039,0,0.0,96,76,0.5,1,40.00000000000001,129.295816,2
687.778102,0.0,0,0,21955551232,97.41513986150039,0,0.0,96,77,0.5,1,40.00000000000001,114.47436,2
687.778102,0.0,0,0,21955551232,97.41513986150039,0,0.0,96,78,0.5,1,40.00000000000001,137.912165,2
687.778102,0.0,0,0,21955551232,97.41513986150039,0,0.0,96,79,0.5,1,39.99999999999998,175.595335,2
687.778102,0.0,0,0,21955551232,97.41513986150039,0,0.0,96,80,0.5,1,49.999999999999986,128.788553,2
687.778102,0.0,0,0,21955551232,97.41513986150039,0,0.0,96,81,0.5,1,40.00000000000001,144.87817,2
687.778102,0.0,0,0,21955551232,97.41513986150039,0,0.0,96,82,0.5,1,39.99999999999998,103.885889,2
687.778102,0.0,0,0,21955551232,97.41513986150039,0,0.0,96,83,0.5,1,39.99999999999998,105.0517,2
687.778102,0.0,0,0,21955551232,97.41513986150039,0,0.0,96,84,0.5,1,39.99999999999998,139.691476,2
687.778102,0.0,0,0,21955551232,97.41513986150039,0,0.0,96,85,0.5,1,49.999999999999986,171.768759,2
687.778102,0.0,0,0,21955551232,97.41513986150039,0,0.0,96,86,0.5,1,39.99999999999998,128.329844,2
687.778102,0.0,0,0,21955551232,97.41513986150039,0,0.0,96,87,0.5,1,39.99999999999998,154.245067,2
687.778102,0.0,0,0,21955551232,97.41513986150039,0,0.0,96,88,0.5,1,40.00000000000001,124.392292,2
687.778102,0.0,0,0,21955551232,97.41513986150039,0,0.0,96,89,0.5,1,39.99999999999998,104.310658,2
687.778102,0.0,0,0,21955551232,97.41513986150039,0,0.0,96,90,0.5,1,40.00000000000001,118.935653,2
687.778102,0.0,0,0,21955551232,97.41513986150039,0,0.0,96,91,0.5,1,39.99999999999998,105.116162,2
687.778102,0.0,0,0,21955551232,97.41513986150039,0,0.0,96,92,0.5,1,39.99999999999998,125.365917,2
687.778102,0.0,0,0,21955551232,97.41513986150039,0,0.0,96,93,0.5,1,40.00000000000001,48.967003,2
687.778102,0.0,0,0,21955551232,97.41513986150039,0,0.0,96,94,0.5,1,40.00000000000001,95.646915,2
687.778102,0.0,0,0,21955551232,97.41513986150039,0,0.0,96,95,0.5,1,40.00000000000001,126.426029,2
687.778102,0.0,0,0,21955551232,97.41513986150039,0,0.0,96,96,0.5,1,40.00000000000001,95.462103,2
700.4406250000001,0.0,0,0,21953490944,98.98531132932347,-2060288,0.0,96,1,0.5,2,40.000000000000036,184.218175,2
700.4406250000001,0.0,0,0,21953490944,98.98531132932347,-2060288,0.0,96,2,0.5,2,40.000000000000036,91.047003,2
700.4406250000001,0.0,0,0,21953490944,98.98531132932347,-2060288,0.0,96,3,0.5,2,40.000000000000036,66.884601,2
700.4406250000001,0.0,0,0,21953490944,98.98531132932347,-2060288,0.0,96,4,0.5,2,40.000000000000036,39.182057,2
700.4406250000001,0.0,0,0,21953490944,98.98531132932347,-2060288,0.0,96,5,0.5,2,40.000000000000036,194.028261,2
700.4406250000001,0.0,0,0,21953490944,98.98531132932347,-2060288,0.0,96,6,0.5,2,40.00000000000001,115.498124,2
700.4406250000001,0.0,0,0,21953490944,98.98531132932347,-2060288,0.0,96,7,0.5,2,40.000000000000036,93.944548,2
700.4406250000001,0.0,0,0,21953490944,98.98531132932347,-2060288,0.0,96,8,0.5,2,40.000000000000036,152.056006,2
700.4406250000001,0.0,0,0,21953490944,98.98531132932347,-2060288,0.0,96,9,0.5,2,40.000000000000036,88.222503,2
700.4406250000001,0.0,0,0,21953490944,98.98531132932347,-2060288,0.0,96,10,0.5,2,40.000000000000036,195.764866,2
700.4406250000001,0.0,0,0,21953490944,98.98531132932347,-2060288,0.0,96,11,0.5,2,40.000000000000036,255.947471,2
700.4406250000001,0.0,0,0,21953490944,98.98531132932347,-2060288,0.0,96,12,0.5,2,49.999999999999986,336.376586,2
700.4406250000001,0.0,0,0,21953490944,98.98531132932347,-2060288,0.0,96,13,0.5,2,40.00000000000001,114.285853,2
700.4406250000001,0.0,0,0,21953490944,98.98531132932347,-2060288,0.0,96,14,0.5,2,40.000000000000036,290.008018,2
700.4406250000001,0.0,0,0,21953490944,98.98531132932347,-2060288,0.0,96,15,0.5,2,50.000000000000014,210.537934,2
700.4406250000001,0.0,0,0,21953490944,98.98531132932347,-2060288,0.0,96,16,0.5,2,39.99999999999998,159.678964,2
700.4406250000001,0.0,0,0,21953490944,98.98531132932347,-2060288,0.0,96,17,0.5,2,49.999999999999986,265.208731,2
700.4406250000001,0.0,0,0,21953490944,98.98531132932347,-2060288,0.0,96,18,0.5,2,39.99999999999998,359.515878,2
700.4406250000001,0.0,0,0,21953490944,98.98531132932347,-2060288,0.0,96,19,0.5,2,40.000000000000036,178.795831,2
700.4406250000001,0.0,0,0,21953490944,98.98531132932347,-2060288,0.0,96,20,0.5,2,39.99999999999998,267.920243,2
700.4406250000001,0.0,0,0,21953490944,98.98531132932347,-2060288,0.0,96,21,0.5,2,39.99999999999998,179.859433,2
700.4406250000001,0.0,0,0,21953490944,98.98531132932347,-2060288,0.0,96,22,0.5,2,39.99999999999998,324.127072,2
700.4406250000001,0.0,0,0,21953490944,98.98531132932347,-2060288,0.0,96,23,0.5,2,39.99999999999998,335.644191,2
700.4406250000001,0.0,0,0,21953490944,98.98531132932347,-2060288,0.0,96,24,0.5,2,40.000000000000036,248.218383,2
700.4406250000001,0.0,0,0,21953490944,98.98531132932347,-2060288,0.0,96,25,0.5,2,40.000000000000036,296.164305,2
700.4406250000001,0.0,0,0,21953490944,98.98531132932347,-2060288,0.0,96,26,0.5,2,40.000000000000036,307.835185,2
700.4406250000001,0.0,0,0,21953490944,98.98531132932347,-2060288,0.0,96,27,0.5,2,40.000000000000036,296.194714,2
700.4406250000001,0.0,0,0,21953490944,98.98531132932347,-2060288,0.0,96,28,0.5,2,39.99999999999998,313.535208,2
700.4406250000001,0.0,0,0,21953490944,98.98531132932347,-2060288,0.0,96,29,0.5,2,39.99999999999998,369.151025,2
700.4406250000001,0.0,0,0,21953490944,98.98531132932347,-2060288,0.0,96,30,0.5,2,39.99999999999998,274.199081,2
700.4406250000001,0.0,0,0,21953490944,98.98531132932347,-2060288,0.0,96,31,0.5,2,39.99999999999998,395.48307,2
700.4406250000001,0.0,0,0,21953490944,98.98531132932347,-2060288,0.0,96,32,0.5,2,49.999999999999986,347.412072,2
700.4406250000001,0.0,0,0,21953490944,98.98531132932347,-2060288,0.0,96,33,0.5,2,50.000000000000014,276.063886,2
700.4406250000001,0.0,0,0,21953490944,98.98531132932347,-2060288,0.0,96,34,0.5,2,49.999999999999986,369.475452,2
700.4406250000001,0.0,0,0,21953490944,98.98531132932347,-2060288,0.0,96,35,0.5,2,39.99999999999998,379.750381,2
700.4406250000001,0.0,0,0,21953490944,98.98531132932347,-2060288,0.0,96,36,0.5,2,49.999999999999986,375.423055,2
700.4406250000001,0.0,0,0,21953490944,98.98531132932347,-2060288,0.0,96,37,0.5,2,39.99999999999998,335.958879,2
700.4406250000001,0.0,0,0,21953490944,98.98531132932347,-2060288,0.0,96,38,0.5,2,39.99999999999998,379.990603,2
700.4406250000001,0.0,0,0,21953490944,98.98531132932347,-2060288,0.0,96,39,0.5,2,39.99999999999998,399.967089,2
700.4406250000001,0.0,0,0,21953490944,98.98531132932347,-2060288,0.0,96,40,0.5,2,39.99999999999998,308.021562,2
700.4406250000001,0.0,0,0,21953490944,98.98531132932347,-2060288,0.0,96,41,0.5,2,39.99999999999998,363.750145,2
700.4406250000001,0.0,0,0,21953490944,98.98531132932347,-2060288,0.0,96,42,0.5,2,40.000000000000036,411.752212,2
700.4406250000001,0.0,0,0,21953490944,98.98531132932347,-2060288,0.0,96,43,0.5,2,40.000000000000036,387.514335,2
700.4406250000001,0.0,0,0,21953490944,98.98531132932347,-2060288,0.0,96,44,0.5,2,39.99999999999998,355.706629,2
700.4406250000001,0.0,0,0,21953490944,98.98531132932347,-2060288,0.0,96,45,0.5,2,39.99999999999998,419.825595,2
700.4406250000001,0.0,0,0,21953490944,98.98531132932347,-2060288,0.0,96,46,0.5,2,39.99999999999998,419.814873,2
700.4406250000001,0.0,0,0,21953490944,98.98531132932347,-2060288,0.0,96,47,0.5,2,40.000000000000036,415.637191,2
700.4406250000001,0.0,0,0,21953490944,98.98531132932347,-2060288,0.0,96,48,0.5,2,39.99999999999998,408.000514,2
700.4406250000001,0.0,0,0,21953490944,98.98531132932347,-2060288,0.0,96,49,0.5,2,40.000000000000036,427.420764,2
700.4406250000001,0.0,0,0,21953490944,98.98531132932347,-2060288,0.0,96,50,0.5,2,49.999999999999986,403.891523,2
700.4406250000001,0.0,0,0,21953490944,98.98531132932347,-2060288,0.0,96,51,0.5,2,39.99999999999998,375.98708,2
700.4406250000001,0.0,0,0,21953490944,98.98531132932347,-2060288,0.0,96,52,0.5,2,39.99999999999998,375.800576,2
700.4406250000001,0.0,0,0,21953490944,98.98531132932347,-2060288,0.0,96,53,0.5,2,39.99999999999998,391.630439,2
700.4406250000001,0.0,0,0,21953490944,98.98531132932347,-2060288,0.0,96,54,0.5,2,49.999999999999986,400.837397,2
700.4406250000001,0.0,0,0,21953490944,98.98531132932347,-2060288,0.0,96,55,0.5,2,39.99999999999998,397.113324,2
700.4406250000001,0.0,0,0,21953490944,98.98531132932347,-2060288,0.0,96,56,0.5,2,39.99999999999998,400.316788,2
700.4406250000001,0.0,0,0,21953490944,98.98531132932347,-2060288,0.0,96,57,0.5,2,49.999999999999986,397.484272,2
700.4406250000001,0.0,0,0,21953490944,98.98531132932347,-2060288,0.0,96,58,0.5,2,40.000000000000036,395.012805,2
700.4406250000001,0.0,0,0,21953490944,98.98531132932347,-2060288,0.0,96,59,0.5,2,39.99999999999998,360.001071,2
700.4406250000001,0.0,0,0,21953490944,98.98531132932347,-2060288,0.0,96,60,0.5,2,39.99999999999998,393.642123,2
700.4406250000001,0.0,0,0,21953490944,98.98531132932347,-2060288,0.0,96,61,0.5,2,40.000000000000036,399.947946,2
700.4406250000001,0.0,0,0,21953490944,98.98531132932347,-2060288,0.0,96,62,0.5,2,39.99999999999998,412.080538,2
700.4406250000001,0.0,0,0,21953490944,98.98531132932347,-2060288,0.0,96,63,0.5,2,39.99999999999998,382.579373,2
700.4406250000001,0.0,0,0,21953490944,98.98531132932347,-2060288,0.0,96,64,0.5,2,39.99999999999998,376.924576,2
700.4406250000001,0.0,0,0,21953490944,98.98531132932347,-2060288,0.0,96,65,0.5,2,50.000000000000014,397.575952,2
700.4406250000001,0.0,0,0,21953490944,98.98531132932347,-2060288,0.0,96,66,0.5,2,39.99999999999998,343.919429,2
700.4406250000001,0.0,0,0,21953490944,98.98531132932347,-2060288,0.0,96,67,0.5,2,39.99999999999998,363.707506,2
700.4406250000001,0.0,0,0,21953490944,98.98531132932347,-2060288,0.0,96,68,0.5,2,39.99999999999998,347.35536,2
700.4406250000001,0.0,0,0,21953490944,98.98531132932347,-2060288,0.0,96,69,0.5,2,49.999999999999986,373.812468,2
700.4406250000001,0.0,0,0,21953490944,98.98531132932347,-2060288,0.0,96,70,0.5,2,39.99999999999998,358.992939,2
700.4406250000001,0.0,0,0,21953490944,98.98531132932347,-2060288,0.0,96,71,0.5,2,49.999999999999986,346.851296,2
700.4406250000001,0.0,0,0,21953490944,98.98531132932347,-2060288,0.0,96,72,0.5,2,39.99999999999998,353.715864,2
700.4406250000001,0.0,0,0,21953490944,98.98531132932347,-2060288,0.0,96,73,0.5,2,39.99999999999998,291.740087,2
700.4406250000001,0.0,0,0,21953490944,98.98531132932347,-2060288,0.0,96,74,0.5,2,40.000000000000036,336.015681,2
700.4406250000001,0.0,0,0,21953490944,98.98531132932347,-2060288,0.0,96,75,0.5,2,40.000000000000036,342.445893,2
700.4406250000001,0.0,0,0,21953490944,98.98531132932347,-2060288,0.0,96,76,0.5,2,39.99999999999998,327.79288,2
700.4406250000001,0.0,0,0,21953490944,98.98531132932347,-2060288,0.0,96,77,0.5,2,39.99999999999998,327.556007,2
700.4406250000001,0.0,0,0,21953490944,98.98531132932347,-2060288,0.0,96,78,0.5,2,39.99999999999998,305.704451,2
700.4406250000001,0.0,0,0,21953490944,98.98531132932347,-2060288,0.0,96,79,0.5,2,40.000000000000036,262.525872,2
700.4406250000001,0.0,0,0,21953490944,98.98531132932347,-2060288,0.0,96,80,0.5,2,39.99999999999998,316.835628,2
700.4406250000001,0.0,0,0,21953490944,98.98531132932347,-2060288,0.0,96,81,0.5,2,39.99999999999998,310.074712,2
700.4406250000001,0.0,0,0,21953490944,98.98531132932347,-2060288,0.0,96,82,0.5,2,49.999999999999986,310.027879,2
700.4406250000001,0.0,0,0,21953490944,98.98531132932347,-2060288,0.0,96,83,0.5,2,49.999999999999986,279.324974,2
700.4406250000001,0.0,0,0,21953490944,98.98531132932347,-2060288,0.0,96,84,0.5,2,40.000000000000036,293.786258,2
700.4406250000001,0.0,0,0,21953490944,98.98531132932347,-2060288,0.0,96,85,0.5,2,39.99999999999998,305.347769,2
700.4406250000001,0.0,0,0,21953490944,98.98531132932347,-2060288,0.0,96,86,0.5,2,40.000000000000036,307.955938,2
700.4406250000001,0.0,0,0,21953490944,98.98531132932347,-2060288,0.0,96,87,0.5,2,40.000000000000036,256.027254,2
700.4406250000001,0.0,0,0,21953490944,98.98531132932347,-2060288,0.0,96,88,0.5,2,39.99999999999998,285.626174,2
700.4406250000001,0.0,0,0,21953490944,98.98531132932347,-2060288,0.0,96,89,0.5,2,40.000000000000036,285.960952,2
700.4406250000001,0.0,0,0,21953490944,98.98531132932347,-2060288,0.0,96,90,0.5,2,40.000000000000036,283.853274,2
700.4406250000001,0.0,0,0,21953490944,98.98531132932347,-2060288,0.0,96,91,0.5,2,40.000000000000036,275.910682,2
700.4406250000001,0.0,0,0,21953490944,98.98531132932347,-2060288,0.0,96,92,0.5,2,49.999999999999986,278.57682,2
700.4406250000001,0.0,0,0,21953490944,98.98531132932347,-2060288,0.0,96,93,0.5,2,39.99999999999998,276.984284,2
700.4406250000001,0.0,0,0,21953490944,98.98531132932347,-2060288,0.0,96,94,0.5,2,39.99999999999998,253.676591,2
700.4406250000001,0.0,0,0,21953490944,98.98531132932347,-2060288,0.0,96,95,0.5,2,39.99999999999998,224.076353,2
700.4406250000001,0.0,0,0,21953490944,98.98531132932347,-2060288,0.0,96,96,0.5,2,39.99999999999998,249.059198,2
704.6792360000001,0.0,0,0,21953486848,97.4438626238303,-4096,0.0,96,1,0.5,3,39.99999999999998,87.296904,2
704.6792360000001,0.0,0,0,21953486848,97.4438626238303,-4096,0.0,96,2,0.5,3,39.99999999999998,99.33861,2
704.6792360000001,0.0,0,0,21953486848,97.4438626238303,-4096,0.0,96,3,0.5,3,39.99999999999998,87.9795,2
704.6792360000001,0.0,0,0,21953486848,97.4438626238303,-4096,0.0,96,4,0.5,3,39.99999999999998,61.173215,2
704.6792360000001,0.0,0,0,21953486848,97.4438626238303,-4096,0.0,96,5,0.5,3,39.99999999999998,61.906229,2
704.6792360000001,0.0,0,0,21953486848,97.4438626238303,-4096,0.0,96,6,0.5,3,39.99999999999998,87.985526,2
704.6792360000001,0.0,0,0,21953486848,97.4438626238303,-4096,0.0,96,7,0.5,3,39.99999999999998,96.92949,2
704.6792360000001,0.0,0,0,21953486848,97.4438626238303,-4096,0.0,96,8,0.5,3,39.99999999999998,159.928542,2
704.6792360000001,0.0,0,0,21953486848,97.4438626238303,-4096,0.0,96,9,0.5,3,39.99999999999998,112.071566,2
704.6792360000001,0.0,0,0,21953486848,97.4438626238303,-4096,0.0,96,10,0.5,3,39.99999999999998,206.026906,2
704.6792360000001,0.0,0,0,21953486848,97.4438626238303,-4096,0.0,96,11,0.5,3,39.99999999999998,187.973748,2
704.6792360000001,0.0,0,0,21953486848,97.4438626238303,-4096,0.0,96,12,0.5,3,40.000000000000036,244.091958,2
704.6792360000001,0.0,0,0,21953486848,97.4438626238303,-4096,0.0,96,13,0.5,3,39.99999999999998,96.016635,2
704.6792360000001,0.0,0,0,21953486848,97.4438626238303,-4096,0.0,96,14,0.5,3,39.99999999999998,116.251925,2
704.6792360000001,0.0,0,0,21953486848,97.4438626238303,-4096,0.0,96,15,0.5,3,39.99999999999998,288.899155,2
704.6792360000001,0.0,0,0,21953486848,97.4438626238303,-4096,0.0,96,16,0.5,3,40.000000000000036,156.023699,2
704.6792360000001,0.0,0,0,21953486848,97.4438626238303,-4096,0.0,96,17,0.5,3,40.000000000000036,220.041067,2
704.6792360000001,0.0,0,0,21953486848,97.4438626238303,-4096,0.0,96,18,0.5,3,40.000000000000036,296.063075,2
704.6792360000001,0.0,0,0,21953486848,97.4438626238303,-4096,0.0,96,19,0.5,3,39.99999999999998,204.388011,2
704.6792360000001,0.0,0,0,21953486848,97.4438626238303,-4096,0.0,96,20,0.5,3,40.000000000000036,163.959868,2
704.6792360000001,0.0,0,0,21953486848,97.4438626238303,-4096,0.0,96,21,0.5,3,40.000000000000036,227.054999,2
704.6792360000001,0.0,0,0,21953486848,97.4438626238303,-4096,0.0,96,22,0.5,3,50.00000000000004,244.472527,2
704.6792360000001,0.0,0,0,21953486848,97.4438626238303,-4096,0.0,96,23,0.5,3,40.000000000000036,334.669228,2
704.6792360000001,0.0,0,0,21953486848,97.4438626238303,-4096,0.0,96,24,0.5,3,39.99999999999998,291.491964,2
704.6792360000001,0.0,0,0,21953486848,97.4438626238303,-4096,0.0,96,25,0.5,3,39.99999999999998,286.726968,2
704.6792360000001,0.0,0,0,21953486848,97.4438626238303,-4096,0.0,96,26,0.5,3,49.999999999999986,328.072055,2
704.6792360000001,0.0,0,0,21953486848,97.4438626238303,-4096,0.0,96,27,0.5,3,49.999999999999986,183.897304,2
704.6792360000001,0.0,0,0,21953486848,97.4438626238303,-4096,0.0,96,28,0.5,3,40.000000000000036,299.778799,2
704.6792360000001,0.0,0,0,21953486848,97.4438626238303,-4096,0.0,96,29,0.5,3,40.000000000000036,259.298014,2
704.6792360000001,0.0,0,0,21953486848,97.4438626238303,-4096,0.0,96,30,0.5,3,40.000000000000036,207.89,2
704.6792360000001,0.0,0,0,21953486848,97.4438626238303,-4096,0.0,96,31,0.5,3,50.00000000000004,307.985006,2
704.6792360000001,0.0,0,0,21953486848,97.4438626238303,-4096,0.0,96,32,0.5,3,40.000000000000036,379.621847,2
704.6792360000001,0.0,0,0,21953486848,97.4438626238303,-4096,0.0,96,33,0.5,3,39.99999999999998,315.415827,2
704.6792360000001,0.0,0,0,21953486848,97.4438626238303,-4096,0.0,96,34,0.5,3,40.000000000000036,299.201716,2
704.6792360000001,0.0,0,0,21953486848,97.4438626238303,-4096,0.0,96,35,0.5,3,50.00000000000004,364.034612,2
704.6792360000001,0.0,0,0,21953486848,97.4438626238303,-4096,0.0,96,36,0.5,3,39.99999999999998,364.004808,2
704.6792360000001,0.0,0,0,21953486848,97.4438626238303,-4096,0.0,96,37,0.5,3,40.000000000000036,231.685154,2
704.6792360000001,0.0,0,0,21953486848,97.4438626238303,-4096,0.0,96,38,0.5,3,40.000000000000036,395.990667,2
704.6792360000001,0.0,0,0,21953486848,97.4438626238303,-4096,0.0,96,39,0.5,3,50.00000000000004,399.997827,2
704.6792360000001,0.0,0,0,21953486848,97.4438626238303,-4096,0.0,96,40,0.5,3,50.00000000000004,260.403518,2
704.6792360000001,0.0,0,0,21953486848,97.4438626238303,-4096,0.0,96,41,0.5,3,40.000000000000036,375.829759,2
704.6792360000001,0.0,0,0,21953486848,97.4438626238303,-4096,0.0,96,42,0.5,3,49.999999999999986,404.056414,2
704.6792360000001,0.0,0,0,21953486848,97.4438626238303,-4096,0.0,96,43,0.5,3,49.999999999999986,279.858411,2
704.6792360000001,0.0,0,0,21953486848,97.4438626238303,-4096,0.0,96,44,0.5,3,40.000000000000036,458.16809,2
704.6792360000001,0.0,0,0,21953486848,97.4438626238303,-4096,0.0,96,45,0.5,3,50.00000000000004,437.878973,2
704.6792360000001,0.0,0,0,21953486848,97.4438626238303,-4096,0.0,96,46,0.5,3,40.000000000000036,420.089058,2
704.6792360000001,0.0,0,0,21953486848,97.4438626238303,-4096,0.0,96,47,0.5,3,39.99999999999998,387.30228,2
704.6792360000001,0.0,0,0,21953486848,97.4438626238303,-4096,0.0,96,48,0.5,3,40.000000000000036,432.275329,2
704.6792360000001,0.0,0,0,21953486848,97.4438626238303,-4096,0.0,96,49,0.5,3,39.99999999999998,375.990633,2
704.6792360000001,0.0,0,0,21953486848,97.4438626238303,-4096,0.0,96,50,0.5,3,40.000000000000036,406.426455,2
704.6792360000001,0.0,0,0,21953486848,97.4438626238303,-4096,0.0,96,51,0.5,3,40.000000000000036,451.930228,2
704.6792360000001,0.0,0,0,21953486848,97.4438626238303,-4096,0.0,96,52,0.5,3,40.000000000000036,371.997073,2
704.6792360000001,0.0,0,0,21953486848,97.4438626238303,-4096,0.0,96,53,0.5,3,40.000000000000036,391.312123,2
704.6792360000001,0.0,0,0,21953486848,97.4438626238303,-4096,0.0,96,54,0.5,3,40.000000000000036,452.148801,2
704.6792360000001,0.0,0,0,21953486848,97.4438626238303,-4096,0.0,96,55,0.5,3,40.000000000000036,446.489491,2
704.6792360000001,0.0,0,0,21953486848,97.4438626238303,-4096,0.0,96,56,0.5,3,40.000000000000036,439.928128,2
704.6792360000001,0.0,0,0,21953486848,97.4438626238303,-4096,0.0,96,57,0.5,3,40.000000000000036,415.258596,2
704.6792360000001,0.0,0,0,21953486848,97.4438626238303,-4096,0.0,96,58,0.5,3,39.99999999999998,440.991887,2
704.6792360000001,0.0,0,0,21953486848,97.4438626238303,-4096,0.0,96,59,0.5,3,50.00000000000004,355.176105,2
704.6792360000001,0.0,0,0,21953486848,97.4438626238303,-4096,0.0,96,60,0.5,3,40.000000000000036,424.778659,2
704.6792360000001,0.0,0,0,21953486848,97.4438626238303,-4096,0.0,96,61,0.5,3,39.99999999999998,423.954116,2
704.6792360000001,0.0,0,0,21953486848,97.4438626238303,-4096,0.0,96,62,0.5,3,49.999999999999986,414.686078,2
704.6792360000001,0.0,0,0,21953486848,97.4438626238303,-4096,0.0,96,63,0.5,3,40.000000000000036,307.210946,2
704.6792360000001,0.0,0,0,21953486848,97.4438626238303,-4096,0.0,96,64,0.5,3,40.000000000000036,397.069393,2
704.6792360000001,0.0,0,0,21953486848,97.4438626238303,-4096,0.0,96,65,0.5,3,39.99999999999998,376.310008,2
704.6792360000001,0.0,0,0,21953486848,97.4438626238303,-4096,0.0,96,66,0.5,3,40.000000000000036,404.538707,2
704.6792360000001,0.0,0,0,21953486848,97.4438626238303,-4096,0.0,96,67,0.5,3,50.00000000000004,328.110984,2
704.6792360000001,0.0,0,0,21953486848,97.4438626238303,-4096,0.0,96,68,0.5,3,39.99999999999998,359.882811,2
704.6792360000001,0.0,0,0,21953486848,97.4438626238303,-4096,0.0,96,69,0.5,3,40.000000000000036,332.90564,2
704.6792360000001,0.0,0,0,21953486848,97.4438626238303,-4096,0.0,96,70,0.5,3,50.00000000000004,351.933409,2
704.6792360000001,0.0,0,0,21953486848,97.4438626238303,-4096,0.0,96,71,0.5,3,40.000000000000036,384.101054,2
704.6792360000001,0.0,0,0,21953486848,97.4438626238303,-4096,0.0,96,72,0.5,3,40.000000000000036,329.053608,2
704.6792360000001,0.0,0,0,21953486848,97.4438626238303,-4096,0.0,96,73,0.5,3,40.000000000000036,344.015188,2
704.6792360000001,0.0,0,0,21953486848,97.4438626238303,-4096,0.0,96,74,0.5,3,49.999999999999986,315.976636,2
704.6792360000001,0.0,0,0,21953486848,97.4438626238303,-4096,0.0,96,75,0.5,3,39.99999999999998,323.630743,2
704.6792360000001,0.0,0,0,21953486848,97.4438626238303,-4096,0.0,96,76,0.5,3,50.00000000000004,309.630313,2
704.6792360000001,0.0,0,0,21953486848,97.4438626238303,-4096,0.0,96,77,0.5,3,50.00000000000004,358.345702,2
704.6792360000001,0.0,0,0,21953486848,97.4438626238303,-4096,0.0,96,78,0.5,3,40.000000000000036,349.884725,2
704.6792360000001,0.0,0,0,21953486848,97.4438626238303,-4096,0.0,96,79,0.5,3,39.99999999999998,330.913274,2
704.6792360000001,0.0,0,0,21953486848,97.4438626238303,-4096,0.0,96,80,0.5,3,40.000000000000036,325.644977,2
704.6792360000001,0.0,0,0,21953486848,97.4438626238303,-4096,0.0,96,81,0.5,3,40.000000000000036,342.651327,2
704.6792360000001,0.0,0,0,21953486848,97.4438626238303,-4096,0.0,96,82,0.5,3,40.000000000000036,314.597263,2
704.6792360000001,0.0,0,0,21953486848,97.4438626238303,-4096,0.0,96,83,0.5,3,40.000000000000036,329.869161,2
704.6792360000001,0.0,0,0,21953486848,97.4438626238303,-4096,0.0,96,84,0.5,3,49.999999999999986,327.886148,2
704.6792360000001,0.0,0,0,21953486848,97.4438626238303,-4096,0.0,96,85,0.5,3,40.000000000000036,298.80275,2
704.6792360000001,0.0,0,0,21953486848,97.4438626238303,-4096,0.0,96,86,0.5,3,39.99999999999998,323.657646,2
704.6792360000001,0.0,0,0,21953486848,97.4438626238303,-4096,0.0,96,87,0.5,3,39.99999999999998,316.564917,2
704.6792360000001,0.0,0,0,21953486848,97.4438626238303,-4096,0.0,96,88,0.5,3,40.000000000000036,290.296398,2
704.6792360000001,0.0,0,0,21953486848,97.4438626238303,-4096,0.0,96,89,0.5,3,39.99999999999998,319.888316,2
704.6792360000001,0.0,0,0,21953486848,97.4438626238303,-4096,0.0,96,90,0.5,3,49.999999999999986,280.086982,2
704.6792360000001,0.0,0,0,21953486848,97.4438626238303,-4096,0.0,96,91,0.5,3,39.99999999999998,293.645987,2
704.6792360000001,0.0,0,0,21953486848,97.4438626238303,-4096,0.0,96,92,0.5,3,40.000000000000036,271.816587,2
704.6792360000001,0.0,0,0,21953486848,97.4438626238303,-4096,0.0,96,93,0.5,3,40.000000000000036,282.687164,2
704.6792360000001,0.0,0,0,21953486848,97.4438626238303,-4096,0.0,96,94,0.5,3,40.000000000000036,312.434311,2
704.6792360000001,0.0,0,0,21953486848,97.4438626238303,-4096,0.0,96,95,0.5,3,40.000000000000036,276.81628,2
704.6792360000001,0.0,0,0,21953486848,97.4438626238303,-4096,0.0,96,96,0.5,3,40.000000000000036,294.230694,2
679.4988360000001,0.0,0,0,21953228800,98.6020820792212,-258048,0.0,96,1,0.5,4,40.000000000000036,140.330034,2
679.4988360000001,0.0,0,0,21953228800,98.6020820792212,-258048,0.0,96,2,0.5,4,39.99999999999998,178.792603,2
679.4988360000001,0.0,0,0,21953228800,98.6020820792212,-258048,0.0,96,3,0.5,4,39.99999999999998,179.367952,2
679.4988360000001,0.0,0,0,21953228800,98.6020820792212,-258048,0.0,96,4,0.5,4,39.99999999999998,134.906721,2
679.4988360000001,0.0,0,0,21953228800,98.6020820792212,-258048,0.0,96,5,0.5,4,39.99999999999998,181.037115,2
679.4988360000001,0.0,0,0,21953228800,98.6020820792212,-258048,0.0,96,6,0.5,4,39.99999999999998,123.852602,2
679.4988360000001,0.0,0,0,21953228800,98.6020820792212,-258048,0.0,96,7,0.5,4,39.99999999999998,139.453801,2
679.4988360000001,0.0,0,0,21953228800,98.6020820792212,-258048,0.0,96,8,0.5,4,39.99999999999998,194.357623,2
679.4988360000001,0.0,0,0,21953228800,98.6020820792212,-258048,0.0,96,9,0.5,4,39.99999999999998,151.224807,2
679.4988360000001,0.0,0,0,21953228800,98.6020820792212,-258048,0.0,96,10,0.5,4,39.99999999999998,164.052929,2
679.4988360000001,0.0,0,0,21953228800,98.6020820792212,-258048,0.0,96,11,0.5,4,39.99999999999998,168.055196,2
679.4988360000001,0.0,0,0,21953228800,98.6020820792212,-258048,0.0,96,12,0.5,4,39.99999999999998,231.685381,2
679.4988360000001,0.0,0,0,21953228800,98.6020820792212,-258048,0.0,96,13,0.5,4,39.99999999999998,159.682729,2
679.4988360000001,0.0,0,0,21953228800,98.6020820792212,-258048,0.0,96,14,0.5,4,39.99999999999998,185.257116,2
679.4988360000001,0.0,0,0,21953228800,98.6020820792212,-258048,0.0,96,15,0.5,4,39.99999999999998,204.556564,2
679.4988360000001,0.0,0,0,21953228800,98.6020820792212,-258048,0.0,96,16,0.5,4,39.99999999999998,225.550488,2
679.4988360000001,0.0,0,0,21953228800,98.6020820792212,-258048,0.0,96,17,0.5,4,39.99999999999998,173.189783,2
679.4988360000001,0.0,0,0,21953228800,98.6020820792212,-258048,0.0,96,18,0.5,4,39.99999999999998,204.639502,2
679.4988360000001,0.0,0,0,21953228800,98.6020820792212,-258048,0.0,96,19,0.5,4,39.99999999999998,188.090299,2
679.4988360000001,0.0,0,0,21953228800,98.6020820792212,-258048,0.0,96,20,0.5,4,39.99999999999998,143.835894,2
679.4988360000001,0.0,0,0,21953228800,98.6020820792212,-258048,0.0,96,21,0.5,4,39.99999999999998,167.952989,2
679.4988360000001,0.0,0,0,21953228800,98.6020820792212,-258048,0.0,96,22,0.5,4,39.99999999999998,196.076374,2
679.4988360000001,0.0,0,0,21953228800,98.6020820792212,-258048,0.0,96,23,0.5,4,39.99999999999998,212.170958,2
679.4988360000001,0.0,0,0,21953228800,98.6020820792212,-258048,0.0,96,24,0.5,4,39.99999999999998,220.132033,2
679.4988360000001,0.0,0,0,21953228800,98.6020820792212,-258048,0.0,96,25,0.5,4,39.99999999999998,184.030726,2
679.4988360000001,0.0,0,0,21953228800,98.6020820792212,-258048,0.0,96,26,0.5,4,39.99999999999998,202.932705,2
679.4988360000001,0.0,0,0,21953228800,98.6020820792212,-258048,0.0,96,27,0.5,4,39.99999999999998,154.811989,2
679.4988360000001,0.0,0,0,21953228800,98.6020820792212,-258048,0.0,96,28,0.5,4,39.99999999999998,218.427808,2
679.4988360000001,0.0,0,0,21953228800,98.6020820792212,-258048,0.0,96,29,0.5,4,39.99999999999998,149.116882,2
679.4988360000001,0.0,0,0,21953228800,98.6020820792212,-258048,0.0,96,30,0.5,4,39.99999999999998,156.10778,2
679.4988360000001,0.0,0,0,21953228800,98.6020820792212,-258048,0.0,96,31,0.5,4,39.99999999999998,158.721736,2
679.4988360000001,0.0,0,0,21953228800,98.6020820792212,-258048,0.0,96,32,0.5,4,39.99999999999998,194.635345,2
679.4988360000001,0.0,0,0,21953228800,98.6020820792212,-258048,0.0,96,33,0.5,4,39.99999999999998,197.412862,2
679.4988360000001,0.0,0,0,21953228800,98.6020820792212,-258048,0.0,96,34,0.5,4,39.99999999999998,158.718542,2
679.4988360000001,0.0,0,0,21953228800,98.6020820792212,-258048,0.0,96,35,0.5,4,39.99999999999998,239.696778,2
679.4988360000001,0.0,0,0,21953228800,98.6020820792212,-258048,0.0,96,36,0.5,4,40.000000000000036,195.773012,2
679.4988360000001,0.0,0,0,21953228800,98.6020820792212,-258048,0.0,96,37,0.5,4,39.99999999999998,205.197813,2
679.4988360000001,0.0,0,0,21953228800,98.6020820792212,-258048,0.0,96,38,0.5,4,39.99999999999998,231.473522,2
679.4988360000001,0.0,0,0,21953228800,98.6020820792212,-258048,0.0,96,39,0.5,4,39.99999999999998,227.382388,2
679.4988360000001,0.0,0,0,21953228800,98.6020820792212,-258048,0.0,96,40,0.5,4,39.99999999999998,206.870937,2
679.4988360000001,0.0,0,0,21953228800,98.6020820792212,-258048,0.0,96,41,0.5,4,39.99999999999998,341.121947,2
679.4988360000001,0.0,0,0,21953228800,98.6020820792212,-258048,0.0,96,42,0.5,4,39.99999999999998,377.959894,2
679.4988360000001,0.0,0,0,21953228800,98.6020820792212,-258048,0.0,96,43,0.5,4,39.99999999999998,276.162496,2
679.4988360000001,0.0,0,0,21953228800,98.6020820792212,-258048,0.0,96,44,0.5,4,49.999999999999986,349.621587,2
679.4988360000001,0.0,0,0,21953228800,98.6020820792212,-258048,0.0,96,45,0.5,4,39.99999999999998,79.065207,2
679.4988360000001,0.0,0,0,21953228800,98.6020820792212,-258048,0.0,96,46,0.5,4,39.99999999999998,387.699857,2
679.4988360000001,0.0,0,0,21953228800,98.6020820792212,-258048,0.0,96,47,0.5,4,49.999999999999986,339.508888,2
679.4988360000001,0.0,0,0,21953228800,98.6020820792212,-258048,0.0,96,48,0.5,4,49.999999999999986,375.466687,2
679.4988360000001,0.0,0,0,21953228800,98.6020820792212,-258048,0.0,96,49,0.5,4,49.999999999999986,363.844888,2
679.4988360000001,0.0,0,0,21953228800,98.6020820792212,-258048,0.0,96,50,0.5,4,39.99999999999998,240.417736,2
679.4988360000001,0.0,0,0,21953228800,98.6020820792212,-258048,0.0,96,51,0.5,4,39.99999999999998,175.876351,2
679.4988360000001,0.0,0,0,21953228800,98.6020820792212,-258048,0.0,96,52,0.5,4,49.999999999999986,313.097394,2
679.4988360000001,0.0,0,0,21953228800,98.6020820792212,-258048,0.0,96,53,0.5,4,39.99999999999998,369.398001,2
679.4988360000001,0.0,0,0,21953228800,98.6020820792212,-258048,0.0,96,54,0.5,4,39.99999999999998,366.95126,2
679.4988360000001,0.0,0,0,21953228800,98.6020820792212,-258048,0.0,96,55,0.5,4,49.999999999999986,373.957098,2
679.4988360000001,0.0,0,0,21953228800,98.6020820792212,-258048,0.0,96,56,0.5,4,39.99999999999998,346.302922,2
679.4988360000001,0.0,0,0,21953228800,98.6020820792212,-258048,0.0,96,57,0.5,4,39.99999999999998,204.137591,2
679.4988360000001,0.0,0,0,21953228800,98.6020820792212,-258048,0.0,96,58,0.5,4,49.999999999999986,339.3097,2
679.4988360000001,0.0,0,0,21953228800,98.6020820792212,-258048,0.0,96,59,0.5,4,39.99999999999998,287.605355,2
679.4988360000001,0.0,0,0,21953228800,98.6020820792212,-258048,0.0,96,60,0.5,4,39.99999999999998,203.398195,2
679.4988360000001,0.0,0,0,21953228800,98.6020820792212,-258048,0.0,96,61,0.5,4,39.99999999999998,183.275373,2
679.4988360000001,0.0,0,0,21953228800,98.6020820792212,-258048,0.0,96,62,0.5,4,40.000000000000036,339.910891,2
679.4988360000001,0.0,0,0,21953228800,98.6020820792212,-258048,0.0,96,63,0.5,4,49.999999999999986,348.013858,2
679.4988360000001,0.0,0,0,21953228800,98.6020820792212,-258048,0.0,96,64,0.5,4,39.99999999999998,211.270138,2
679.4988360000001,0.0,0,0,21953228800,98.6020820792212,-258048,0.0,96,65,0.5,4,39.99999999999998,271.507223,2
679.4988360000001,0.0,0,0,21953228800,98.6020820792212,-258048,0.0,96,66,0.5,4,39.99999999999998,223.469562,2
679.4988360000001,0.0,0,0,21953228800,98.6020820792212,-258048,0.0,96,67,0.5,4,39.99999999999998,311.243638,2
679.4988360000001,0.0,0,0,21953228800,98.6020820792212,-258048,0.0,96,68,0.5,4,50.00000000000004,327.351083,2
679.4988360000001,0.0,0,0,21953228800,98.6020820792212,-258048,0.0,96,69,0.5,4,39.99999999999998,267.784505,2
679.4988360000001,0.0,0,0,21953228800,98.6020820792212,-258048,0.0,96,70,0.5,4,39.99999999999998,347.695758,2
679.4988360000001,0.0,0,0,21953228800,98.6020820792212,-258048,0.0,96,71,0.5,4,49.999999999999986,171.570522,2
679.4988360000001,0.0,0,0,21953228800,98.6020820792212,-258048,0.0,96,72,0.5,4,39.99999999999998,342.861338,2
679.4988360000001,0.0,0,0,21953228800,98.6020820792212,-258048,0.0,96,73,0.5,4,39.99999999999998,337.849025,2
679.4988360000001,0.0,0,0,21953228800,98.6020820792212,-258048,0.0,96,74,0.5,4,39.99999999999998,287.789562,2
679.4988360000001,0.0,0,0,21953228800,98.6020820792212,-258048,0.0,96,75,0.5,4,39.99999999999998,292.050936,2
679.4988360000001,0.0,0,0,21953228800,98.6020820792212,-258048,0.0,96,76,0.5,4,39.99999999999998,338.457848,2
679.4988360000001,0.0,0,0,21953228800,98.6020820792212,-258048,0.0,96,77,0.5,4,39.99999999999998,320.087431,2
679.4988360000001,0.0,0,0,21953228800,98.6020820792212,-258048,0.0,96,78,0.5,4,39.99999999999998,328.420844,2
679.4988360000001,0.0,0,0,21953228800,98.6020820792212,-258048,0.0,96,79,0.5,4,49.999999999999986,296.906438,2
679.4988360000001,0.0,0,0,21953228800,98.6020820792212,-258048,0.0,96,80,0.5,4,49.999999999999986,302.883513,2
679.4988360000001,0.0,0,0,21953228800,98.6020820792212,-258048,0.0,96,81,0.5,4,39.99999999999998,317.349386,2
679.4988360000001,0.0,0,0,21953228800,98.6020820792212,-258048,0.0,96,82,0.5,4,39.99999999999998,312.724695,2
679.4988360000001,0.0,0,0,21953228800,98.6020820792212,-258048,0.0,96,83,0.5,4,39.99999999999998,308.019826,2
679.4988360000001,0.0,0,0,21953228800,98.6020820792212,-258048,0.0,96,84,0.5,4,39.99999999999998,240.623902,2
679.4988360000001,0.0,0,0,21953228800,98.6020820792212,-258048,0.0,96,85,0.5,4,39.99999999999998,299.661761,2
679.4988360000001,0.0,0,0,21953228800,98.6020820792212,-258048,0.0,96,86,0.5,4,39.99999999999998,297.596733,2
679.4988360000001,0.0,0,0,21953228800,98.6020820792212,-258048,0.0,96,87,0.5,4,39.99999999999998,199.578242,2
679.4988360000001,0.0,0,0,21953228800,98.6020820792212,-258048,0.0,96,88,0.5,4,39.99999999999998,176.665151,2
679.4988360000001,0.0,0,0,21953228800,98.6020820792212,-258048,0.0,96,89,0.5,4,39.99999999999998,255.171564,2
679.4988360000001,0.0,0,0,21953228800,98.6020820792212,-258048,0.0,96,90,0.5,4,39.99999999999998,133.709434,2
679.4988360000001,0.0,0,0,21953228800,98.6020820792212,-258048,0.0,96,91,0.5,4,49.999999999999986,260.484962,2
679.4988360000001,0.0,0,0,21953228800,98.6020820792212,-258048,0.0,96,92,0.5,4,39.99999999999998,250.144989,2
679.4988360000001,0.0,0,0,21953228800,98.6020820792212,-258048,0.0,96,93,0.5,4,39.99999999999998,262.691911,2
679.4988360000001,0.0,0,0,21953228800,98.6020820792212,-258048,0.0,96,94,0.5,4,39.99999999999998,100.36927,2
679.4988360000001,0.0,0,0,21953228800,98.6020820792212,-258048,0.0,96,95,0.5,4,39.99999999999998,227.296018,2
679.4988360000001,0.0,0,0,21953228800,98.6020820792212,-258048,0.0,96,96,0.5,4,39.99999999999998,130.29798,2
680.556333,0.0,0,0,21953077248,97.46927640937267,-151552,0.0,96,1,0.5,5,39.99999999999998,123.695604,2
680.556333,0.0,0,0,21953077248,97.46927640937267,-151552,0.0,96,2,0.5,5,40.000000000000036,140.603784,2
680.556333,0.0,0,0,21953077248,97.46927640937267,-151552,0.0,96,3,0.5,5,40.000000000000036,89.097016,2
680.556333,0.0,0,0,21953077248,97.46927640937267,-151552,0.0,96,4,0.5,5,40.000000000000036,216.038403,2
680.556333,0.0,0,0,21953077248,97.46927640937267,-151552,0.0,96,5,0.5,5,40.000000000000036,112.264363,2
680.556333,0.0,0,0,21953077248,97.46927640937267,-151552,0.0,96,6,0.5,5,40.000000000000036,44.715393,2
680.556333,0.0,0,0,21953077248,97.46927640937267,-151552,0.0,96,7,0.5,5,40.000000000000036,183.638151,2
680.556333,0.0,0,0,21953077248,97.46927640937267,-151552,0.0,96,8,0.5,5,40.000000000000036,104.315997,2
680.556333,0.0,0,0,21953077248,97.46927640937267,-151552,0.0,96,9,0.5,5,40.000000000000036,97.490256,2
680.556333,0.0,0,0,21953077248,97.46927640937267,-151552,0.0,96,10,0.5,5,40.000000000000036,155.777437,2
680.556333,0.0,0,0,21953077248,97.46927640937267,-151552,0.0,96,11,0.5,5,40.000000000000036,87.973217,2
680.556333,0.0,0,0,21953077248,97.46927640937267,-151552,0.0,96,12,0.5,5,39.99999999999998,211.947888,2
680.556333,0.0,0,0,21953077248,97.46927640937267,-151552,0.0,96,13,0.5,5,40.000000000000036,188.468345,2
680.556333,0.0,0,0,21953077248,97.46927640937267,-151552,0.0,96,14,0.5,5,40.000000000000036,260.136478,2
680.556333,0.0,0,0,21953077248,97.46927640937267,-151552,0.0,96,15,0.5,5,40.000000000000036,252.017224,2
680.556333,0.0,0,0,21953077248,97.46927640937267,-151552,0.0,96,16,0.5,5,39.99999999999998,303.664124,2
680.556333,0.0,0,0,21953077248,97.46927640937267,-151552,0.0,96,17,0.5,5,39.99999999999998,179.785171,2
680.556333,0.0,0,0,21953077248,97.46927640937267,-151552,0.0,96,18,0.5,5,39.99999999999998,348.047174,2
680.556333,0.0,0,0,21953077248,97.46927640937267,-151552,0.0,96,19,0.5,5,40.000000000000036,212.353134,2
680.556333,0.0,0,0,21953077248,97.46927640937267,-151552,0.0,96,20,0.5,5,39.99999999999998,94.917055,2
680.556333,0.0,0,0,21953077248,97.46927640937267,-151552,0.0,96,21,0.5,5,39.99999999999998,84.50092,2
680.556333,0.0,0,0,21953077248,97.46927640937267,-151552,0.0,96,22,0.5,5,39.99999999999998,123.630383,2
680.556333,0.0,0,0,21953077248,97.46927640937267,-151552,0.0,96,23,0.5,5,39.99999999999998,294.006213,2
680.556333,0.0,0,0,21953077248,97.46927640937267,-151552,0.0,96,24,0.5,5,40.000000000000036,218.494421,2
680.556333,0.0,0,0,21953077248,97.46927640937267,-151552,0.0,96,25,0.5,5,40.000000000000036,390.762887,2
680.556333,0.0,0,0,21953077248,97.46927640937267,-151552,0.0,96,26,0.5,5,39.99999999999998,395.381708,2
680.556333,0.0,0,0,21953077248,97.46927640937267,-151552,0.0,96,27,0.5,5,39.99999999999998,179.679893,2
680.556333,0.0,0,0,21953077248,97.46927640937267,-151552,0.0,96,28,0.5,5,39.99999999999998,191.164854,2
680.556333,0.0,0,0,21953077248,97.46927640937267,-151552,0.0,96,29,0.5,5,39.99999999999998,231.534929,2
680.556333,0.0,0,0,21953077248,97.46927640937267,-151552,0.0,96,30,0.5,5,49.999999999999986,238.868163,2
680.556333,0.0,0,0,21953077248,97.46927640937267,-151552,0.0,96,31,0.5,5,39.99999999999998,175.534881,2
680.556333,0.0,0,0,21953077248,97.46927640937267,-151552,0.0,96,32,0.5,5,39.99999999999998,343.388078,2
680.556333,0.0,0,0,21953077248,97.46927640937267,-151552,0.0,96,33,0.5,5,40.000000000000036,215.708067,2
680.556333,0.0,0,0,21953077248,97.46927640937267,-151552,0.0,96,34,0.5,5,39.99999999999998,151.955276,2
680.556333,0.0,0,0,21953077248,97.46927640937267,-151552,0.0,96,35,0.5,5,39.99999999999998,399.754002,2
680.556333,0.0,0,0,21953077248,97.46927640937267,-151552,0.0,96,36,0.5,5,39.99999999999998,263.686577,2
680.556333,0.0,0,0,21953077248,97.46927640937267,-151552,0.0,96,37,0.5,5,39.99999999999998,167.756889,2
680.556333,0.0,0,0,21953077248,97.46927640937267,-151552,0.0,96,38,0.5,5,39.99999999999998,426.60565,2
680.556333,0.0,0,0,21953077248,97.46927640937267,-151552,0.0,96,39,0.5,5,39.99999999999998,291.428844,2
680.556333,0.0,0,0,21953077248,97.46927640937267,-151552,0.0,96,40,0.5,5,39.99999999999998,275.816087,2
680.556333,0.0,0,0,21953077248,97.46927640937267,-151552,0.0,96,41,0.5,5,49.999999999999986,284.049835,2
680.556333,0.0,0,0,21953077248,97.46927640937267,-151552,0.0,96,42,0.5,5,39.99999999999998,235.949965,2
680.556333,0.0,0,0,21953077248,97.46927640937267,-151552,0.0,96,43,0.5,5,39.99999999999998,170.945101,2
680.556333,0.0,0,0,21953077248,97.46927640937267,-151552,0.0,96,44,0.5,5,39.99999999999998,319.528916,2
680.556333,0.0,0,0,21953077248,97.46927640937267,-151552,0.0,96,45,0.5,5,39.99999999999998,403.87419,2
680.556333,0.0,0,0,21953077248,97.46927640937267,-151552,0.0,96,46,0.5,5,49.999999999999986,295.353608,2
680.556333,0.0,0,0,21953077248,97.46927640937267,-151552,0.0,96,47,0.5,5,39.99999999999998,424.153782,2
680.556333,0.0,0,0,21953077248,97.46927640937267,-151552,0.0,96,48,0.5,5,39.99999999999998,199.932045,2
680.556333,0.0,0,0,21953077248,97.46927640937267,-151552,0.0,96,49,0.5,5,39.99999999999998,183.503458,2
680.556333,0.0,0,0,21953077248,97.46927640937267,-151552,0.0,96,50,0.5,5,39.99999999999998,359.301201,2
680.556333,0.0,0,0,21953077248,97.46927640937267,-151552,0.0,96,51,0.5,5,49.999999999999986,323.842011,2
680.556333,0.0,0,0,21953077248,97.46927640937267,-151552,0.0,96,52,0.5,5,39.99999999999998,379.997393,2
680.556333,0.0,0,0,21953077248,97.46927640937267,-151552,0.0,96,53,0.5,5,39.99999999999998,264.016606,2
680.556333,0.0,0,0,21953077248,97.46927640937267,-151552,0.0,96,54,0.5,5,39.99999999999998,303.734819,2
680.556333,0.0,0,0,21953077248,97.46927640937267,-151552,0.0,96,55,0.5,5,39.99999999999998,293.786898,2
680.556333,0.0,0,0,21953077248,97.46927640937267,-151552,0.0,96,56,0.5,5,49.999999999999986,375.896971,2
680.556333,0.0,0,0,21953077248,97.46927640937267,-151552,0.0,96,57,0.5,5,39.99999999999998,398.000767,2
680.556333,0.0,0,0,21953077248,97.46927640937267,-151552,0.0,96,58,0.5,5,39.99999999999998,303.766507,2
680.556333,0.0,0,0,21953077248,97.46927640937267,-151552,0.0,96,59,0.5,5,39.99999999999998,211.734826,2
680.556333,0.0,0,0,21953077248,97.46927640937267,-151552,0.0,96,60,0.5,5,49.999999999999986,384.182298,2
680.556333,0.0,0,0,21953077248,97.46927640937267,-151552,0.0,96,61,0.5,5,49.999999999999986,368.222314,2
680.556333,0.0,0,0,21953077248,97.46927640937267,-151552,0.0,96,62,0.5,5,39.99999999999998,236.157586,2
680.556333,0.0,0,0,21953077248,97.46927640937267,-151552,0.0,96,63,0.5,5,39.99999999999998,203.713661,2
680.556333,0.0,0,0,21953077248,97.46927640937267,-151552,0.0,96,64,0.5,5,39.99999999999998,303.635167,2
680.556333,0.0,0,0,21953077248,97.46927640937267,-151552,0.0,96,65,0.5,5,40.000000000000036,359.504762,2
680.556333,0.0,0,0,21953077248,97.46927640937267,-151552,0.0,96,66,0.5,5,39.99999999999998,295.381309,2
680.556333,0.0,0,0,21953077248,97.46927640937267,-151552,0.0,96,67,0.5,5,39.99999999999998,202.423152,2
680.556333,0.0,0,0,21953077248,97.46927640937267,-151552,0.0,96,68,0.5,5,39.99999999999998,202.742747,2
680.556333,0.0,0,0,21953077248,97.46927640937267,-151552,0.0,96,69,0.5,5,39.99999999999998,306.547179,2
680.556333,0.0,0,0,21953077248,97.46927640937267,-151552,0.0,96,70,0.5,5,39.99999999999998,164.019618,2
680.556333,0.0,0,0,21953077248,97.46927640937267,-151552,0.0,96,71,0.5,5,39.99999999999998,279.794025,2
680.556333,0.0,0,0,21953077248,97.46927640937267,-151552,0.0,96,72,0.5,5,39.99999999999998,219.580052,2
680.556333,0.0,0,0,21953077248,97.46927640937267,-151552,0.0,96,73,0.5,5,39.99999999999998,225.426758,2
680.556333,0.0,0,0,21953077248,97.46927640937267,-151552,0.0,96,74,0.5,5,39.99999999999998,314.226911,2
680.556333,0.0,0,0,21953077248,97.46927640937267,-151552,0.0,96,75,0.5,5,40.000000000000036,311.428484,2
680.556333,0.0,0,0,21953077248,97.46927640937267,-151552,0.0,96,76,0.5,5,39.99999999999998,279.023025,2
680.556333,0.0,0,0,21953077248,97.46927640937267,-151552,0.0,96,77,0.5,5,39.99999999999998,280.645471,2
680.556333,0.0,0,0,21953077248,97.46927640937267,-151552,0.0,96,78,0.5,5,39.99999999999998,180.2424,2
680.556333,0.0,0,0,21953077248,97.46927640937267,-151552,0.0,96,79,0.5,5,39.99999999999998,280.785348,2
680.556333,0.0,0,0,21953077248,97.46927640937267,-151552,0.0,96,80,0.5,5,39.99999999999998,296.363311,2
680.556333,0.0,0,0,21953077248,97.46927640937267,-151552,0.0,96,81,0.5,5,39.99999999999998,165.320972,2
680.556333,0.0,0,0,21953077248,97.46927640937267,-151552,0.0,96,82,0.5,5,39.99999999999998,243.897156,2
680.556333,0.0,0,0,21953077248,97.46927640937267,-151552,0.0,96,83,0.5,5,39.99999999999998,258.382927,2
680.556333,0.0,0,0,21953077248,97.46927640937267,-151552,0.0,96,84,0.5,5,39.99999999999998,254.233366,2
680.556333,0.0,0,0,21953077248,97.46927640937267,-151552,0.0,96,85,0.5,5,39.99999999999998,148.40366,2
680.556333,0.0,0,0,21953077248,97.46927640937267,-151552,0.0,96,86,0.5,5,40.000000000000036,156.026828,2
680.556333,0.0,0,0,21953077248,97.46927640937267,-151552,0.0,96,87,0.5,5,40.000000000000036,252.467918,2
680.556333,0.0,0,0,21953077248,97.46927640937267,-151552,0.0,96,88,0.5,5,39.99999999999998,254.047591,2
680.556333,0.0,0,0,21953077248,97.46927640937267,-151552,0.0,96,89,0.5,5,40.000000000000036,224.816465,2
680.556333,0.0,0,0,21953077248,97.46927640937267,-151552,0.0,96,90,0.5,5,39.99999999999998,259.234862,2
680.556333,0.0,0,0,21953077248,97.46927640937267,-151552,0.0,96,91,0.5,5,40.000000000000036,183.718934,2
680.556333,0.0,0,0,21953077248,97.46927640937267,-151552,0.0,96,92,0.5,5,39.99999999999998,255.935544,2
680.556333,0.0,0,0,21953077248,97.46927640937267,-151552,0.0,96,93,0.5,5,39.99999999999998,223.316798,2
680.556333,0.0,0,0,21953077248,97.46927640937267,-151552,0.0,96,94,0.5,5,39.99999999999998,149.748777,2
680.556333,0.0,0,0,21953077248,97.46927640937267,-151552,0.0,96,95,0.5,5,39.99999999999998,229.28549,2
680.556333,0.0,0,0,21953077248,97.46927640937267,-151552,0.0,96,96,0.5,5,39.99999999999998,168.526147,2
703.137697,0.0,0,0,21952970752,97.89452852127528,-106496,0.0,96,1,0.5,6,39.99999999999998,171.149075,2
703.137697,0.0,0,0,21952970752,97.89452852127528,-106496,0.0,96,2,0.5,6,39.99999999999998,128.494086,2
703.137697,0.0,0,0,21952970752,97.89452852127528,-106496,0.0,96,3,0.5,6,39.99999999999998,295.606786,2
703.137697,0.0,0,0,21952970752,97.89452852127528,-106496,0.0,96,4,0.5,6,39.99999999999998,204.307054,2
703.137697,0.0,0,0,21952970752,97.89452852127528,-106496,0.0,96,5,0.5,6,39.99999999999998,109.74347,2
703.137697,0.0,0,0,21952970752,97.89452852127528,-106496,0.0,96,6,0.5,6,39.99999999999998,91.62012,2
703.137697,0.0,0,0,21952970752,97.89452852127528,-106496,0.0,96,7,0.5,6,39.99999999999998,303.785408,2
703.137697,0.0,0,0,21952970752,97.89452852127528,-106496,0.0,96,8,0.5,6,39.99999999999998,155.916744,2
703.137697,0.0,0,0,21952970752,97.89452852127528,-106496,0.0,96,9,0.5,6,39.99999999999998,203.41214,2
703.137697,0.0,0,0,21952970752,97.89452852127528,-106496,0.0,96,10,0.5,6,39.99999999999998,179.653762,2
703.137697,0.0,0,0,21952970752,97.89452852127528,-106496,0.0,96,11,0.5,6,39.99999999999998,199.837178,2
703.137697,0.0,0,0,21952970752,97.89452852127528,-106496,0.0,96,12,0.5,6,40.000000000000036,260.044267,2
703.137697,0.0,0,0,21952970752,97.89452852127528,-106496,0.0,96,13,0.5,6,39.99999999999998,336.015875,2
703.137697,0.0,0,0,21952970752,97.89452852127528,-106496,0.0,96,14,0.5,6,49.999999999999986,259.244045,2
703.137697,0.0,0,0,21952970752,97.89452852127528,-106496,0.0,96,15,0.5,6,39.99999999999998,252.054502,2
703.137697,0.0,0,0,21952970752,97.89452852127528,-106496,0.0,96,16,0.5,6,40.000000000000036,235.097668,2
703.137697,0.0,0,0,21952970752,97.89452852127528,-106496,0.0,96,17,0.5,6,40.000000000000036,440.337963,2
703.137697,0.0,0,0,21952970752,97.89452852127528,-106496,0.0,96,18,0.5,6,50.00000000000004,318.752554,2
703.137697,0.0,0,0,21952970752,97.89452852127528,-106496,0.0,96,19,0.5,6,39.99999999999998,444.080639,2
703.137697,0.0,0,0,21952970752,97.89452852127528,-106496,0.0,96,20,0.5,6,40.000000000000036,452.113027,2
703.137697,0.0,0,0,21952970752,97.89452852127528,-106496,0.0,96,21,0.5,6,40.000000000000036,440.035576,2
703.137697,0.0,0,0,21952970752,97.89452852127528,-106496,0.0,96,22,0.5,6,40.000000000000036,435.699561,2
703.137697,0.0,0,0,21952970752,97.89452852127528,-106496,0.0,96,23,0.5,6,40.000000000000036,244.306524,2
703.137697,0.0,0,0,21952970752,97.89452852127528,-106496,0.0,96,24,0.5,6,39.99999999999998,426.598028,2
703.137697,0.0,0,0,21952970752,97.89452852127528,-106496,0.0,96,25,0.5,6,39.99999999999998,238.27252,2
703.137697,0.0,0,0,21952970752,97.89452852127528,-106496,0.0,96,26,0.5,6,40.000000000000036,491.911707,2
703.137697,0.0,0,0,21952970752,97.89452852127528,-106496,0.0,96,27,0.5,6,40.000000000000036,487.578326,2
703.137697,0.0,0,0,21952970752,97.89452852127528,-106496,0.03602610799862305,96,28,0.5,6,50.00000000000004,536.036653,2
703.137697,0.0,0,0,21952970752,97.89452852127528,-106496,0.04056379800022114,96,29,0.5,6,40.000000000000036,540.573908,2
703.137697,0.0,0,0,21952970752,97.89452852127528,-106496,0.039753696000843775,96,30,0.5,6,40.000000000000036,539.762687,2
703.137697,0.0,0,0,21952970752,97.89452852127528,-106496,0.06675508000080299,96,31,0.5,6,40.000000000000036,566.762485,2
703.137697,0.0,0,0,21952970752,97.89452852127528,-106496,0.0,96,32,0.5,6,40.000000000000036,211.957399,2
703.137697,0.0,0,0,21952970752,97.89452852127528,-106496,0.0560013850008545,96,33,0.5,6,39.99999999999998,556.019359,2
703.137697,0.0,0,0,21952970752,97.89452852127528,-106496,0.0209339920002094,96,34,0.5,6,40.000000000000036,520.942384,2
703.137697,0.0,0,0,21952970752,97.89452852127528,-106496,0.0,96,35,0.5,6,49.999999999999986,371.37768,2
703.137697,0.0,0,0,21952970752,97.89452852127528,-106496,0.046926861999963876,96,36,0.5,6,39.99999999999998,546.935012,2
703.137697,0.0,0,0,21952970752,97.89452852127528,-106496,0.07357574100024067,96,37,0.5,6,50.00000000000004,573.585559,2
703.137697,0.0,0,0,21952970752,97.89452852127528,-106496,0.042622676000974025,96,38,0.5,6,50.00000000000004,542.632284,2
703.137697,0.0,0,0,21952970752,97.89452852127528,-106496,0.03153011799986416,96,39,0.5,6,40.000000000000036,531.539198,2
703.137697,0.0,0,0,21952970752,97.89452852127528,-106496,0.0158685799997329,96,40,0.5,6,40.000000000000036,515.87986,2
703.137697,0.0,0,0,21952970752,97.89452852127528,-106496,0.040588186000604765,96,41,0.5,6,40.000000000000036,540.596292,2
703.137697,0.0,0,0,21952970752,97.89452852127528,-106496,0.031016024000564357,96,42,0.5,6,40.000000000000036,531.02332,2
703.137697,0.0,0,0,21952970752,97.89452852127528,-106496,0.0,96,43,0.5,6,40.000000000000036,450.539689,2
703.137697,0.0,0,0,21952970752,97.89452852127528,-106496,0.019503667999742902,96,44,0.5,6,40.000000000000036,519.51246,2
703.137697,0.0,0,0,21952970752,97.89452852127528,-106496,0.029751300000498304,96,45,0.5,6,40.000000000000036,529.75914,2
703.137697,0.0,0,0,21952970752,97.89452852127528,-106496,0.0,96,46,0.5,6,39.99999999999998,469.711257,2
703.137697,0.0,0,0,21952970752,97.89452852127528,-106496,0.0,96,47,0.5,6,50.00000000000004,306.155895,2
703.137697,0.0,0,0,21952970752,97.89452852127528,-106496,0.0,96,48,0.5,6,40.000000000000036,472.682775,2
703.137697,0.0,0,0,21952970752,97.89452852127528,-106496,0.0,96,49,0.5,6,40.000000000000036,471.624159,2
703.137697,0.0,0,0,21952970752,97.89452852127528,-106496,0.04237736600043718,96,50,0.5,6,40.000000000000036,542.384655,2
703.137697,0.0,0,0,21952970752,97.89452852127528,-106496,0.022556591000466142,96,51,0.5,6,40.000000000000036,522.561473,2
703.137697,0.0,0,0,21952970752,97.89452852127528,-106496,0.03515136799978791,96,52,0.5,6,40.000000000000036,535.156464,2
703.137697,0.0,0,0,21952970752,97.89452852127528,-106496,0.04107526999905531,96,53,0.5,6,49.999999999999986,541.081147,2
703.137697,0.0,0,0,21952970752,97.89452852127528,-106496,0.02148695600044448,96,54,0.5,6,49.999999999999986,521.496543,2
703.137697,0.0,0,0,21952970752,97.89452852127528,-106496,0.03972701399834477,96,55,0.5,6,39.99999999999998,539.734378,2
703.137697,0.0,0,0,21952970752,97.89452852127528,-106496,0.019280218999483623,96,56,0.5,6,40.000000000000036,519.287898,2
703.137697,0.0,0,0,21952970752,97.89452852127528,-106496,0.0,96,57,0.5,6,40.000000000000036,485.497046,2
703.137697,0.0,0,0,21952970752,97.89452852127528,-106496,0.033897121998961666,96,58,0.5,6,50.00000000000004,533.906139,2
703.137697,0.0,0,0,21952970752,97.89452852127528,-106496,0.021810300000652205,96,59,0.5,6,49.999999999999986,521.818104,2
703.137697,0.0,0,0,21952970752,97.89452852127528,-106496,0.0,96,60,0.5,6,40.000000000000036,334.425728,2
703.137697,0.0,0,0,21952970752,97.89452852127528,-106496,0.03983486800098035,96,61,0.5,6,40.000000000000036,539.842335,2
703.137697,0.0,0,0,21952970752,97.89452852127528,-106496,0.0,96,62,0.5,6,39.99999999999998,426.870914,2
703.137697,0.0,0,0,21952970752,97.89452852127528,-106496,0.0,96,63,0.5,6,39.99999999999998,456.834724,2
703.137697,0.0,0,0,21952970752,97.89452852127528,-106496,0.02129335700010415,96,64,0.5,6,40.000000000000036,521.29876,2
703.137697,0.0,0,0,21952970752,97.89452852127528,-106496,0.0,96,65,0.5,6,39.99999999999998,398.63948,2
703.137697,0.0,0,0,21952970752,97.89452852127528,-106496,0.0,96,66,0.5,6,40.000000000000036,468.150761,2
703.137697,0.0,0,0,21952970752,97.89452852127528,-106496,0.010200806998909684,96,67,0.5,6,40.000000000000036,510.216428,2
703.137697,0.0,0,0,21952970752,97.89452852127528,-106496,0.0,96,68,0.5,6,39.99999999999998,485.848258,2
703.137697,0.0,0,0,21952970752,97.89452852127528,-106496,0.005880959000933217,96,69,0.5,6,49.999999999999986,505.887436,2
703.137697,0.0,0,0,21952970752,97.89452852127528,-106496,0.015820838998479303,96,70,0.5,6,40.000000000000036,515.828451,2
703.137697,0.0,0,0,21952970752,97.89452852127528,-106496,0.0,96,71,0.5,6,40.000000000000036,482.415595,2
703.137697,0.0,0,0,21952970752,97.89452852127528,-106496,0.0,96,72,0.5,6,40.000000000000036,492.213152,2
703.137697,0.0,0,0,21952970752,97.89452852127528,-106496,0.0005863059996045195,96,73,0.5,6,50.00000000000004,500.593294,2
703.137697,0.0,0,0,21952970752,97.89452852127528,-106496,0.0,96,74,0.5,6,40.000000000000036,267.796347,2
703.137697,0.0,0,0,21952970752,97.89452852127528,-106496,0.0,96,75,0.5,6,49.999999999999986,498.738459,2
703.137697,0.0,0,0,21952970752,97.89452852127528,-106496,0.0,96,76,0.5,6,40.000000000000036,488.693804,2
703.137697,0.0,0,0,21952970752,97.89452852127528,-106496,0.0,96,77,0.5,6,40.000000000000036,432.966573,2
703.137697,0.0,0,0,21952970752,97.89452852127528,-106496,0.0,96,78,0.5,6,40.000000000000036,461.115779,2
703.137697,0.0,0,0,21952970752,97.89452852127528,-106496,0.0,96,79,0.5,6,40.000000000000036,398.199372,2
703.137697,0.0,0,0,21952970752,97.89452852127528,-106496,0.0,96,80,0.5,6,40.000000000000036,482.199762,2
703.137697,0.0,0,0,21952970752,97.89452852127528,-106496,0.0,96,81,0.5,6,40.000000000000036,335.141707,2
703.137697,0.0,0,0,21952970752,97.89452852127528,-106496,0.0,96,82,0.5,6,50.00000000000004,471.028213,2
703.137697,0.0,0,0,21952970752,97.89452852127528,-106496,0.0,96,83,0.5,6,40.000000000000036,471.543189,2
703.137697,0.0,0,0,21952970752,97.89452852127528,-106496,0.0,96,84,0.5,6,40.000000000000036,477.793855,2
703.137697,0.0,0,0,21952970752,97.89452852127528,-106496,0.0,96,85,0.5,6,40.000000000000036,407.941733,2
703.137697,0.0,0,0,21952970752,97.89452852127528,-106496,0.0,96,86,0.5,6,39.99999999999998,335.433694,2
703.137697,0.0,0,0,21952970752,97.89452852127528,-106496,0.0,96,87,0.5,6,49.999999999999986,473.352262,2
703.137697,0.0,0,0,21952970752,97.89452852127528,-106496,0.0,96,88,0.5,6,50.00000000000004,475.985758,2
703.137697,0.0,0,0,21952970752,97.89452852127528,-106496,0.0,96,89,0.5,6,39.99999999999998,407.143024,2
703.137697,0.0,0,0,21952970752,97.89452852127528,-106496,0.0,96,90,0.5,6,40.000000000000036,384.863718,2
703.137697,0.0,0,0,21952970752,97.89452852127528,-106496,0.0,96,91,0.5,6,39.99999999999998,476.888451,2
703.137697,0.0,0,0,21952970752,97.89452852127528,-106496,0.0,96,92,0.5,6,50.00000000000004,477.164783,2
703.137697,0.0,0,0,21952970752,97.89452852127528,-106496,0.0,96,93,0.5,6,40.000000000000036,430.76825,2
703.137697,0.0,0,0,21952970752,97.89452852127528,-106496,0.0,96,94,0.5,6,49.999999999999986,463.818441,2
703.137697,0.0,0,0,21952970752,97.89452852127528,-106496,0.0,96,95,0.5,6,40.000000000000036,261.92632,2
703.137697,0.0,0,0,21952970752,97.89452852127528,-106496,0.0,96,96,0.5,6,40.000000000000036,385.789327,2
709.056837,0.0,0,0,21951680512,98.25258432229347,-1290240,0.0,96,1,0.5,7,40.000000000000036,91.441841,2
709.056837,0.0,0,0,21951680512,98.25258432229347,-1290240,0.0,96,2,0.5,7,39.99999999999998,141.432576,2
709.056837,0.0,0,0,21951680512,98.25258432229347,-1290240,0.0,96,3,0.5,7,39.99999999999998,143.798139,2
709.056837,0.0,0,0,21951680512,98.25258432229347,-1290240,0.0,96,4,0.5,7,49.999999999999986,307.309061,2
709.056837,0.0,0,0,21951680512,98.25258432229347,-1290240,0.0,96,5,0.5,7,29.99999999999997,38.482588,2
709.056837,0.0,0,0,21951680512,98.25258432229347,-1290240,0.0,96,6,0.5,7,39.99999999999998,68.077054,2
709.056837,0.0,0,0,21951680512,98.25258432229347,-1290240,0.0,96,7,0.5,7,39.99999999999998,271.571387,2
709.056837,0.0,0,0,21951680512,98.25258432229347,-1290240,0.0,96,8,0.5,7,49.999999999999986,203.665288,2
709.056837,0.0,0,0,21951680512,98.25258432229347,-1290240,0.0,96,9,0.5,7,39.99999999999998,83.948995,2
709.056837,0.0,0,0,21951680512,98.25258432229347,-1290240,0.0,96,10,0.5,7,39.99999999999998,371.984823,2
709.056837,0.0,0,0,21951680512,98.25258432229347,-1290240,0.0,96,11,0.5,7,49.999999999999986,72.074524,2
709.056837,0.0,0,0,21951680512,98.25258432229347,-1290240,0.031686022000940284,96,12,0.5,7,39.99999999999998,531.697786,2
709.056837,0.0,0,0,21951680512,98.25258432229347,-1290240,0.0,96,13,0.5,7,39.99999999999998,399.75029,2
709.056837,0.0,0,0,21951680512,98.25258432229347,-1290240,0.0,96,14,0.5,7,39.99999999999998,496.918248,2
709.056837,0.0,0,0,21951680512,98.25258432229347,-1290240,0.0,96,15,0.5,7,39.99999999999998,411.696147,2
709.056837,0.0,0,0,21951680512,98.25258432229347,-1290240,0.0,96,16,0.5,7,39.99999999999998,183.803642,2
709.056837,0.0,0,0,21951680512,98.25258432229347,-1290240,0.0,96,17,0.5,7,39.99999999999998,45.446605,2
709.056837,0.0,0,0,21951680512,98.25258432229347,-1290240,0.0,96,18,0.5,7,39.99999999999998,474.984145,2
709.056837,0.0,0,0,21951680512,98.25258432229347,-1290240,0.0,96,19,0.5,7,39.99999999999998,67.729114,2
709.056837,0.0,0,0,21951680512,98.25258432229347,-1290240,0.0,96,20,0.5,7,49.999999999999986,332.064987,2
709.056837,0.0,0,0,21951680512,98.25258432229347,-1290240,0.09413660499922116,96,21,0.5,7,39.99999999999998,594.142851,2
709.056837,0.0,0,0,21951680512,98.25258432229347,-1290240,0.0,96,22,0.5,7,39.99999999999998,399.955859,2
709.056837,0.0,0,0,21951680512,98.25258432229347,-1290240,0.07167093099997146,96,23,0.5,7,39.99999999999998,571.679559,2
709.056837,0.0,0,0,21951680512,98.25258432229347,-1290240,0.0,96,24,0.5,7,39.99999999999998,255.434104,2
709.056837,0.0,0,0,21951680512,98.25258432229347,-1290240,0.007654307000848348,96,25,0.5,7,49.999999999999986,507.665183,2
709.056837,0.0,0,0,21951680512,98.25258432229347,-1290240,0.0,96,26,0.5,7,39.99999999999998,319.144043,2
709.056837,0.0,0,0,21951680512,98.25258432229347,-1290240,0.0,96,27,0.5,7,49.999999999999986,384.067777,2
709.056837,0.0,0,0,21951680512,98.25258432229347,-1290240,0.0,96,28,0.5,7,39.99999999999998,359.917395,2
709.056837,0.0,0,0,21951680512,98.25258432229347,-1290240,0.0,96,29,0.5,7,49.999999999999986,308.020082,2
709.056837,0.0,0,0,21951680512,98.25258432229347,-1290240,0.0,96,30,0.5,7,39.99999999999998,207.822208,2
709.056837,0.0,0,0,21951680512,98.25258432229347,-1290240,0.0,96,31,0.5,7,49.999999999999986,343.809512,2
709.056837,0.0,0,0,21951680512,98.25258432229347,-1290240,0.0626450500003557,96,32,0.5,7,39.99999999999998,562.657093,2
709.056837,0.0,0,0,21951680512,98.25258432229347,-1290240,0.0,96,33,0.5,7,39.99999999999998,399.85919,2
709.056837,0.0,0,0,21951680512,98.25258432229347,-1290240,0.0,96,34,0.5,7,49.999999999999986,495.257193,2
709.056837,0.0,0,0,21951680512,98.25258432229347,-1290240,0.04754020600012154,96,35,0.5,7,40.000000000000036,547.547939,2
709.056837,0.0,0,0,21951680512,98.25258432229347,-1290240,0.0,96,36,0.5,7,40.000000000000036,429.836498,2
709.056837,0.0,0,0,21951680512,98.25258432229347,-1290240,0.0,96,37,0.5,7,39.99999999999998,483.975236,2
709.056837,0.0,0,0,21951680512,98.25258432229347,-1290240,0.0,96,38,0.5,7,39.99999999999998,316.964498,2
709.056837,0.0,0,0,21951680512,98.25258432229347,-1290240,0.0,96,39,0.5,7,39.99999999999998,380.750385,2
709.056837,0.0,0,0,21951680512,98.25258432229347,-1290240,0.026393221000034828,96,40,0.5,7,49.999999999999986,526.401309,2
709.056837,0.0,0,0,21951680512,98.25258432229347,-1290240,0.05534379099844955,96,41,0.5,7,39.99999999999998,555.351783,2
709.056837,0.0,0,0,21951680512,98.25258432229347,-1290240,0.0,96,42,0.5,7,39.99999999999998,427.966843,2
709.056837,0.0,0,0,21951680512,98.25258432229347,-1290240,0.05155722000017704,96,43,0.5,7,39.99999999999998,551.564182,2
709.056837,0.0,0,0,21951680512,98.25258432229347,-1290240,0.002483350999682443,96,44,0.5,7,39.99999999999998,502.491955,2
709.056837,0.0,0,0,21951680512,98.25258432229347,-1290240,0.0,96,45,0.5,7,39.99999999999998,468.798404,2
709.056837,0.0,0,0,21951680512,98.25258432229347,-1290240,0.05441632200017921,96,46,0.5,7,40.000000000000036,554.424339,2
709.056837,0.0,0,0,21951680512,98.25258432229347,-1290240,0.0,96,47,0.5,7,39.99999999999998,479.276259,2
709.056837,0.0,0,0,21951680512,98.25258432229347,-1290240,0.0,96,48,0.5,7,39.99999999999998,444.357404,2
709.056837,0.0,0,0,21951680512,98.25258432229347,-1290240,0.040922657999544754,96,49,0.5,7,39.99999999999998,540.932165,2
709.056837,0.0,0,0,21951680512,98.25258432229347,-1290240,0.0,96,50,0.5,7,49.999999999999986,455.136344,2
709.056837,0.0,0,0,21951680512,98.25258432229347,-1290240,0.05106999399868073,96,51,0.5,7,39.99999999999998,551.077582,2
709.056837,0.0,0,0,21951680512,98.25258432229347,-1290240,0.0,96,52,0.5,7,39.99999999999998,289.262246,2
709.056837,0.0,0,0,21951680512,98.25258432229347,-1290240,0.0,96,53,0.5,7,40.000000000000036,474.305739,2
709.056837,0.0,0,0,21951680512,98.25258432229347,-1290240,0.0,96,54,0.5,7,40.000000000000036,409.482414,2
709.056837,0.0,0,0,21951680512,98.25258432229347,-1290240,0.0,96,55,0.5,7,40.000000000000036,419.186492,2
709.056837,0.0,0,0,21951680512,98.25258432229347,-1290240,0.026130979998924886,96,56,0.5,7,39.99999999999998,526.138549,2
709.056837,0.0,0,0,21951680512,98.25258432229347,-1290240,0.0,96,57,0.5,7,49.999999999999986,470.10398,2
709.056837,0.0,0,0,21951680512,98.25258432229347,-1290240,0.0,96,58,0.5,7,39.99999999999998,310.756142,2
709.056837,0.0,0,0,21951680512,98.25258432229347,-1290240,0.048117852998984745,96,59,0.5,7,40.000000000000036,548.125962,2
709.056837,0.0,0,0,21951680512,98.25258432229347,-1290240,0.027314457000102266,96,60,0.5,7,49.999999999999986,527.322464,2
709.056837,0.0,0,0,21951680512,98.25258432229347,-1290240,0.0,96,61,0.5,7,39.99999999999998,414.703899,2
709.056837,0.0,0,0,21951680512,98.25258432229347,-1290240,0.0,96,62,0.5,7,50.00000000000004,435.751734,2
709.056837,0.0,0,0,21951680512,98.25258432229347,-1290240,0.0,96,63,0.5,7,40.000000000000036,435.289235,2
709.056837,0.0,0,0,21951680512,98.25258432229347,-1290240,0.0,96,64,0.5,7,49.999999999999986,444.283627,2
709.056837,0.0,0,0,21951680512,98.25258432229347,-1290240,0.011315510999338585,96,65,0.5,7,49.999999999999986,511.32523,2
709.056837,0.0,0,0,21951680512,98.25258432229347,-1290240,0.006958511999982875,96,66,0.5,7,49.999999999999986,506.97426,2
709.056837,0.0,0,0,21951680512,98.25258432229347,-1290240,0.0,96,67,0.5,7,49.999999999999986,414.744202,2
709.056837,0.0,0,0,21951680512,98.25258432229347,-1290240,0.0,96,68,0.5,7,40.000000000000036,432.337537,2
709.056837,0.0,0,0,21951680512,98.25258432229347,-1290240,0.0,96,69,0.5,7,40.000000000000036,395.035083,2
709.056837,0.0,0,0,21951680512,98.25258432229347,-1290240,0.0,96,70,0.5,7,49.999999999999986,445.956794,2
709.056837,0.0,0,0,21951680512,98.25258432229347,-1290240,0.0,96,71,0.5,7,39.99999999999998,395.16209,2
709.056837,0.0,0,0,21951680512,98.25258432229347,-1290240,0.0,96,72,0.5,7,49.999999999999986,474.454581,2
709.056837,0.0,0,0,21951680512,98.25258432229347,-1290240,0.0,96,73,0.5,7,39.99999999999998,410.013528,2
709.056837,0.0,0,0,21951680512,98.25258432229347,-1290240,0.0,96,74,0.5,7,39.99999999999998,493.816074,2
709.056837,0.0,0,0,21951680512,98.25258432229347,-1290240,0.0,96,75,0.5,7,39.99999999999998,409.874868,2
709.056837,0.0,0,0,21951680512,98.25258432229347,-1290240,0.0,96,76,0.5,7,49.999999999999986,413.253319,2
709.056837,0.0,0,0,21951680512,98.25258432229347,-1290240,0.0,96,77,0.5,7,39.99999999999998,458.014394,2
709.056837,0.0,0,0,21951680512,98.25258432229347,-1290240,0.0,96,78,0.5,7,49.999999999999986,478.625071,2
709.056837,0.0,0,0,21951680512,98.25258432229347,-1290240,0.0,96,79,0.5,7,39.99999999999998,438.797753,2
709.056837,0.0,0,0,21951680512,98.25258432229347,-1290240,0.0,96,80,0.5,7,39.99999999999998,362.868901,2
709.056837,0.0,0,0,21951680512,98.25258432229347,-1290240,0.0,96,81,0.5,7,49.999999999999986,472.724327,2
709.056837,0.0,0,0,21951680512,98.25258432229347,-1290240,0.0,96,82,0.5,7,39.99999999999998,371.902458,2
709.056837,0.0,0,0,21951680512,98.25258432229347,-1290240,0.0,96,83,0.5,7,49.999999999999986,356.22039,2
709.056837,0.0,0,0,21951680512,98.25258432229347,-1290240,0.0,96,84,0.5,7,49.999999999999986,320.292201,2
709.056837,0.0,0,0,21951680512,98.25258432229347,-1290240,0.0,96,85,0.5,7,49.999999999999986,437.442902,2
709.056837,0.0,0,0,21951680512,98.25258432229347,-1290240,0.0,96,86,0.5,7,49.999999999999986,435.007955,2
709.056837,0.0,0,0,21951680512,98.25258432229347,-1290240,0.0,96,87,0.5,7,39.99999999999998,382.562639,2
709.056837,0.0,0,0,21951680512,98.25258432229347,-1290240,0.0,96,88,0.5,7,39.99999999999998,311.404352,2
709.056837,0.0,0,0,21951680512,98.25258432229347,-1290240,0.0,96,89,0.5,7,49.999999999999986,359.883804,2
709.056837,0.0,0,0,21951680512,98.25258432229347,-1290240,0.0,96,90,0.5,7,39.99999999999998,356.496266,2
709.056837,0.0,0,0,21951680512,98.25258432229347,-1290240,0.0,96,91,0.5,7,39.99999999999998,382.020273,2
709.056837,0.0,0,0,21951680512,98.25258432229347,-1290240,0.0,96,92,0.5,7,39.99999999999998,314.972459,2
709.056837,0.0,0,0,21951680512,98.25258432229347,-1290240,0.0,96,93,0.5,7,49.999999999999986,347.742756,2
709.056837,0.0,0,0,21951680512,98.25258432229347,-1290240,0.0,96,94,0.5,7,40.000000000000036,388.123564,2
709.056837,0.0,0,0,21951680512,98.25258432229347,-1290240,0.0,96,95,0.5,7,39.99999999999998,371.130019,2
709.056837,0.0,0,0,21951680512,98.25258432229347,-1290240,0.0,96,96,0.5,7,39.99999999999998,312.796526,2
722.816561,0.5533907516543468,86016,0,21948207104,97.99627893879058,-3473408,0.0,96,1,0.5,8,39.99999999999998,113.072442,2
722.816561,0.5533907516543468,86016,0,21948207104,97.99627893879058,-3473408,0.0,96,2,0.5,8,30.00000000000003,57.200643,2
722.816561,0.5533907516543468,86016,0,21948207104,97.99627893879058,-3473408,0.0,96,3,0.5,8,40.000000000000036,276.104924,2
722.816561,0.5533907516543468,86016,0,21948207104,97.99627893879058,-3473408,0.0,96,4,0.5,8,40.000000000000036,293.360973,2
722.816561,0.5533907516543468,86016,0,21948207104,97.99627893879058,-3473408,0.0,96,5,0.5,8,50.00000000000004,95.164826,2
722.816561,0.5533907516543468,86016,0,21948207104,97.99627893879058,-3473408,0.0,96,6,0.5,8,50.00000000000004,359.582659,2
722.816561,0.5533907516543468,86016,0,21948207104,97.99627893879058,-3473408,0.0,96,7,0.5,8,40.000000000000036,357.056654,2
722.816561,0.5533907516543468,86016,0,21948207104,97.99627893879058,-3473408,0.0,96,8,0.5,8,40.000000000000036,340.10749,2
722.816561,0.5533907516543468,86016,0,21948207104,97.99627893879058,-3473408,0.0,96,9,0.5,8,40.000000000000036,129.581297,2
722.816561,0.5533907516543468,86016,0,21948207104,97.99627893879058,-3473408,0.0,96,10,0.5,8,40.000000000000036,85.256159,2
722.816561,0.5533907516543468,86016,0,21948207104,97.99627893879058,-3473408,0.0,96,11,0.5,8,40.000000000000036,67.918227,2
722.816561,0.5533907516543468,86016,0,21948207104,97.99627893879058,-3473408,0.0,96,12,0.5,8,40.000000000000036,81.818174,2
722.816561,0.5533907516543468,86016,0,21948207104,97.99627893879058,-3473408,0.0,96,13,0.5,8,40.000000000000036,388.10026,2
722.816561,0.5533907516543468,86016,0,21948207104,97.99627893879058,-3473408,0.0,96,14,0.5,8,40.000000000000036,475.776396,2
722.816561,0.5533907516543468,86016,0,21948207104,97.99627893879058,-3473408,0.0,96,15,0.5,8,40.000000000000036,430.43311,2
722.816561,0.5533907516543468,86016,0,21948207104,97.99627893879058,-3473408,0.0,96,16,0.5,8,40.000000000000036,460.436208,2
722.816561,0.5533907516543468,86016,0,21948207104,97.99627893879058,-3473408,0.0,96,17,0.5,8,40.000000000000036,123.836383,2
722.816561,0.5533907516543468,86016,0,21948207104,97.99627893879058,-3473408,0.0,96,18,0.5,8,40.000000000000036,447.629846,2
722.816561,0.5533907516543468,86016,0,21948207104,97.99627893879058,-3473408,0.0,96,19,0.5,8,40.000000000000036,387.858839,2
722.816561,0.5533907516543468,86016,0,21948207104,97.99627893879058,-3473408,0.0,96,20,0.5,8,40.000000000000036,482.296727,2
722.816561,0.5533907516543468,86016,0,21948207104,97.99627893879058,-3473408,0.0,96,21,0.5,8,40.000000000000036,101.994065,2
722.816561,0.5533907516543468,86016,0,21948207104,97.99627893879058,-3473408,0.02794719499979692,96,22,0.5,8,40.000000000000036,527.95774,2
722.816561,0.5533907516543468,86016,0,21948207104,97.99627893879058,-3473408,0.0,96,23,0.5,8,40.000000000000036,79.572455,2
722.816561,0.5533907516543468,86016,0,21948207104,97.99627893879058,-3473408,0.0,96,24,0.5,8,50.00000000000004,491.652786,2
722.816561,0.5533907516543468,86016,0,21948207104,97.99627893879058,-3473408,0.02768955899955472,96,25,0.5,8,40.000000000000036,527.701436,2
722.816561,0.5533907516543468,86016,0,21948207104,97.99627893879058,-3473408,0.06800836100046581,96,26,0.5,8,50.00000000000004,568.018789,2
722.816561,0.5533907516543468,86016,0,21948207104,97.99627893879058,-3473408,0.0,96,27,0.5,8,40.000000000000036,491.498784,2
722.816561,0.5533907516543468,86016,0,21948207104,97.99627893879058,-3473408,0.0382578349999676,96,28,0.5,8,40.000000000000036,538.269635,2
722.816561,0.5533907516543468,86016,0,21948207104,97.99627893879058,-3473408,0.07896879600048123,96,29,0.5,8,40.000000000000036,578.978306,2
722.816561,0.5533907516543468,86016,0,21948207104,97.99627893879058,-3473408,0.06203526599892939,96,30,0.5,8,40.000000000000036,562.044017,2
722.816561,0.5533907516543468,86016,0,21948207104,97.99627893879058,-3473408,0.031772635999004706,96,31,0.5,8,40.000000000000036,531.787912,2
722.816561,0.5533907516543468,86016,0,21948207104,97.99627893879058,-3473408,0.07035438099956082,96,32,0.5,8,50.00000000000004,570.361947,2
722.816561,0.5533907516543468,86016,0,21948207104,97.99627893879058,-3473408,0.0,96,33,0.5,8,40.000000000000036,499.928726,2
722.816561,0.5533907516543468,86016,0,21948207104,97.99627893879058,-3473408,0.04372765400148637,96,34,0.5,8,40.000000000000036,543.73651,2
722.816561,0.5533907516543468,86016,0,21948207104,97.99627893879058,-3473408,0.07708445000025677,96,35,0.5,8,40.000000000000036,577.090915,2
722.816561,0.5533907516543468,86016,0,21948207104,97.99627893879058,-3473408,0.0,96,36,0.5,8,50.00000000000004,490.833898,2
722.816561,0.5533907516543468,86016,0,21948207104,97.99627893879058,-3473408,0.09312113300074998,96,37,0.5,8,40.000000000000036,593.128475,2
722.816561,0.5533907516543468,86016,0,21948207104,97.99627893879058,-3473408,0.07169960699866351,96,38,0.5,8,40.000000000000036,571.706418,2
722.816561,0.5533907516543468,86016,0,21948207104,97.99627893879058,-3473408,0.04110066900102538,96,39,0.5,8,40.000000000000036,541.110093,2
722.816561,0.5533907516543468,86016,0,21948207104,97.99627893879058,-3473408,0.0,96,40,0.5,8,40.000000000000036,488.337274,2
722.816561,0.5533907516543468,86016,0,21948207104,97.99627893879058,-3473408,0.08882744800030196,96,41,0.5,8,50.00000000000004,588.834394,2
722.816561,0.5533907516543468,86016,0,21948207104,97.99627893879058,-3473408,0.0349931340006151,96,42,0.5,8,50.00000000000004,534.998808,2
722.816561,0.5533907516543468,86016,0,21948207104,97.99627893879058,-3473408,0.062092266000036034,96,43,0.5,8,50.00000000000004,562.101017,2
722.816561,0.5533907516543468,86016,0,21948207104,97.99627893879058,-3473408,0.057985368999652565,96,44,0.5,8,40.000000000000036,557.990085,2
722.816561,0.5533907516543468,86016,0,21948207104,97.99627893879058,-3473408,0.08367066200116824,96,45,0.5,8,50.00000000000004,583.678441,2
722.816561,0.5533907516543468,86016,0,21948207104,97.99627893879058,-3473408,0.014393102999747498,96,46,0.5,8,40.000000000000036,514.397779,2
722.816561,0.5533907516543468,86016,0,21948207104,97.99627893879058,-3473408,0.014088634001382161,96,47,0.5,8,40.000000000000036,514.099845,2
722.816561,0.5533907516543468,86016,0,21948207104,97.99627893879058,-3473408,0.024591454000983504,96,48,0.5,8,40.000000000000036,524.598749,2
722.816561,0.5533907516543468,86016,0,21948207104,97.99627893879058,-3473408,0.016130668998812325,96,49,0.5,8,40.000000000000036,516.140018,2
722.816561,0.5533907516543468,86016,0,21948207104,97.99627893879058,-3473408,0.0,96,50,0.5,8,40.000000000000036,487.530002,2
722.816561,0.5533907516543468,86016,0,21948207104,97.99627893879058,-3473408,0.030243000999689684,96,51,0.5,8,50.00000000000004,530.250436,2
722.816561,0.5533907516543468,86016,0,21948207104,97.99627893879058,-3473408,0.01575849200162338,96,52,0.5,8,50.00000000000004,515.765869,2
722.816561,0.5533907516543468,86016,0,21948207104,97.99627893879058,-3473408,0.0,96,53,0.5,8,40.000000000000036,80.272947,2
722.816561,0.5533907516543468,86016,0,21948207104,97.99627893879058,-3473408,0.0305830680008512,96,54,0.5,8,40.000000000000036,530.591644,2
722.816561,0.5533907516543468,86016,0,21948207104,97.99627893879058,-3473408,0.0,96,55,0.5,8,40.000000000000036,499.698191,2
722.816561,0.5533907516543468,86016,0,21948207104,97.99627893879058,-3473408,0.03568562600048608,96,56,0.5,8,50.00000000000004,535.692331,2
722.816561,0.5533907516543468,86016,0,21948207104,97.99627893879058,-3473408,0.019295703999887337,96,57,0.5,8,40.000000000000036,519.301001,2
722.816561,0.5533907516543468,86016,0,21948207104,97.99627893879058,-3473408,0.04722493499866687,96,58,0.5,8,40.000000000000036,547.23285,2
722.816561,0.5533907516543468,86016,0,21948207104,97.99627893879058,-3473408,0.014616126998589607,96,59,0.5,8,40.000000000000036,514.620535,2
722.816561,0.5533907516543468,86016,0,21948207104,97.99627893879058,-3473408,0.04845040500003961,96,60,0.5,8,40.000000000000036,548.458237,2
722.816561,0.5533907516543468,86016,0,21948207104,97.99627893879058,-3473408,0.0,96,61,0.5,8,40.000000000000036,343.09578,2
722.816561,0.5533907516543468,86016,0,21948207104,97.99627893879058,-3473408,0.014076792000196292,96,62,0.5,8,40.000000000000036,514.081916,2
722.816561,0.5533907516543468,86016,0,21948207104,97.99627893879058,-3473408,0.02570396600094682,96,63,0.5,8,40.000000000000036,525.712121,2
722.816561,0.5533907516543468,86016,0,21948207104,97.99627893879058,-3473408,0.0,96,64,0.5,8,40.000000000000036,490.255648,2
722.816561,0.5533907516543468,86016,0,21948207104,97.99627893879058,-3473408,0.0,96,65,0.5,8,40.000000000000036,43.530217,2
722.816561,0.5533907516543468,86016,0,21948207104,97.99627893879058,-3473408,0.023021536999294767,96,66,0.5,8,40.000000000000036,523.02973,2
722.816561,0.5533907516543468,86016,0,21948207104,97.99627893879058,-3473408,0.051888140000301064,96,67,0.5,8,40.000000000000036,551.893547,2
722.816561,0.5533907516543468,86016,0,21948207104,97.99627893879058,-3473408,0.02758642799926747,96,68,0.5,8,40.000000000000036,527.590632,2
722.816561,0.5533907516543468,86016,0,21948207104,97.99627893879058,-3473408,0.034929378000015276,96,69,0.5,8,50.00000000000004,534.935951,2
722.816561,0.5533907516543468,86016,0,21948207104,97.99627893879058,-3473408,0.0,96,70,0.5,8,40.000000000000036,464.031472,2
722.816561,0.5533907516543468,86016,0,21948207104,97.99627893879058,-3473408,0.0,96,71,0.5,8,50.00000000000004,171.707788,2
722.816561,0.5533907516543468,86016,0,21948207104,97.99627893879058,-3473408,0.022326550000798306,96,72,0.5,8,40.000000000000036,522.33526,2
722.816561,0.5533907516543468,86016,0,21948207104,97.99627893879058,-3473408,0.0,96,73,0.5,8,40.000000000000036,498.41229,2
722.816561,0.5533907516543468,86016,0,21948207104,97.99627893879058,-3473408,0.018844337999325944,96,74,0.5,8,50.00000000000004,518.852664,2
722.816561,0.5533907516543468,86016,0,21948207104,97.99627893879058,-3473408,0.009231047999492148,96,75,0.5,8,50.00000000000004,509.239832,2
722.816561,0.5533907516543468,86016,0,21948207104,97.99627893879058,-3473408,0.0,96,76,0.5,8,40.000000000000036,481.390648,2
722.816561,0.5533907516543468,86016,0,21948207104,97.99627893879058,-3473408,0.0,96,77,0.5,8,40.000000000000036,448.13566,2
722.816561,0.5533907516543468,86016,0,21948207104,97.99627893879058,-3473408,0.0,96,78,0.5,8,40.000000000000036,469.064937,2
722.816561,0.5533907516543468,86016,0,21948207104,97.99627893879058,-3473408,0.0,96,79,0.5,8,50.00000000000004,467.92079,2
722.816561,0.5533907516543468,86016,0,21948207104,97.99627893879058,-3473408,0.0,96,80,0.5,8,50.00000000000004,462.630447,2
722.816561,0.5533907516543468,86016,0,21948207104,97.99627893879058,-3473408,0.0,96,81,0.5,8,40.000000000000036,335.8109,2
722.816561,0.5533907516543468,86016,0,21948207104,97.99627893879058,-3473408,0.0,96,82,0.5,8,40.000000000000036,410.405226,2
722.816561,0.5533907516543468,86016,0,21948207104,97.99627893879058,-3473408,0.0,96,83,0.5,8,40.000000000000036,440.994388,2
722.816561,0.5533907516543468,86016,0,21948207104,97.99627893879058,-3473408,0.0,96,84,0.5,8,40.000000000000036,404.837181,2
722.816561,0.5533907516543468,86016,0,21948207104,97.99627893879058,-3473408,0.0,96,85,0.5,8,40.000000000000036,432.626408,2
722.816561,0.5533907516543468,86016,0,21948207104,97.99627893879058,-3473408,0.0,96,86,0.5,8,40.000000000000036,391.484412,2
722.816561,0.5533907516543468,86016,0,21948207104,97.99627893879058,-3473408,0.0,96,87,0.5,8,40.000000000000036,409.803593,2
722.816561,0.5533907516543468,86016,0,21948207104,97.99627893879058,-3473408,0.0,96,88,0.5,8,40.000000000000036,429.954934,2
722.816561,0.5533907516543468,86016,0,21948207104,97.99627893879058,-3473408,0.0,96,89,0.5,8,40.000000000000036,408.965634,2
722.816561,0.5533907516543468,86016,0,21948207104,97.99627893879058,-3473408,0.0,96,90,0.5,8,40.000000000000036,422.899348,2
722.816561,0.5533907516543468,86016,0,21948207104,97.99627893879058,-3473408,0.0,96,91,0.5,8,40.000000000000036,378.404272,2
722.816561,0.5533907516543468,86016,0,21948207104,97.99627893879058,-3473408,0.0,96,92,0.5,8,40.000000000000036,427.222857,2
722.816561,0.5533907516543468,86016,0,21948207104,97.99627893879058,-3473408,0.0,96,93,0.5,8,40.000000000000036,385.410803,2
722.816561,0.5533907516543468,86016,0,21948207104,97.99627893879058,-3473408,0.0,96,94,0.5,8,40.000000000000036,393.306445,2
722.816561,0.5533907516543468,86016,0,21948207104,97.99627893879058,-3473408,0.0,96,95,0.5,8,50.00000000000004,377.08497,2
722.816561,0.5533907516543468,86016,0,21948207104,97.99627893879058,-3473408,0.0,96,96,0.5,8,40.000000000000036,418.69197,2
713.695502,0.0,0,0,21948223488,98.08104409208092,16384,0.0,96,1,0.5,9,40.000000000000036,95.322915,2
713.695502,0.0,0,0,21948223488,98.08104409208092,16384,0.0,96,2,0.5,9,40.000000000000036,57.830103,2
713.695502,0.0,0,0,21948223488,98.08104409208092,16384,0.0,96,3,0.5,9,40.000000000000036,57.93323,2
713.695502,0.0,0,0,21948223488,98.08104409208092,16384,0.0,96,4,0.5,9,39.99999999999992,92.029075,2
713.695502,0.0,0,0,21948223488,98.08104409208092,16384,0.0,96,5,0.5,9,40.000000000000036,247.848273,2
713.695502,0.0,0,0,21948223488,98.08104409208092,16384,0.0,96,6,0.5,9,40.000000000000036,233.962725,2
713.695502,0.0,0,0,21948223488,98.08104409208092,16384,0.0,96,7,0.5,9,40.000000000000036,120.06172,2
713.695502,0.0,0,0,21948223488,98.08104409208092,16384,0.0,96,8,0.5,9,39.99999999999992,60.725713,2
713.695502,0.0,0,0,21948223488,98.08104409208092,16384,0.0,96,9,0.5,9,40.000000000000036,117.278677,2
713.695502,0.0,0,0,21948223488,98.08104409208092,16384,0.0,96,10,0.5,9,40.000000000000036,202.952793,2
713.695502,0.0,0,0,21948223488,98.08104409208092,16384,0.0,96,11,0.5,9,39.99999999999992,328.027425,2
713.695502,0.0,0,0,21948223488,98.08104409208092,16384,0.0,96,12,0.5,9,49.999999999999936,311.792288,2
713.695502,0.0,0,0,21948223488,98.08104409208092,16384,0.0,96,13,0.5,9,40.000000000000036,84.096308,2
713.695502,0.0,0,0,21948223488,98.08104409208092,16384,0.0,96,14,0.5,9,49.999999999999936,104.024829,2
713.695502,0.0,0,0,21948223488,98.08104409208092,16384,0.0,96,15,0.5,9,49.999999999999936,160.669195,2
713.695502,0.0,0,0,21948223488,98.08104409208092,16384,0.0,96,16,0.5,9,49.999999999999936,191.966258,2
713.695502,0.0,0,0,21948223488,98.08104409208092,16384,0.0,96,17,0.5,9,49.999999999999936,401.693358,2
713.695502,0.0,0,0,21948223488,98.08104409208092,16384,0.0,96,18,0.5,9,39.99999999999992,48.852435,2
713.695502,0.0,0,0,21948223488,98.08104409208092,16384,0.0,96,19,0.5,9,40.000000000000036,86.221652,2
713.695502,0.0,0,0,21948223488,98.08104409208092,16384,0.0,96,20,0.5,9,39.99999999999992,363.847993,2
713.695502,0.0,0,0,21948223488,98.08104409208092,16384,0.0,96,21,0.5,9,49.999999999999936,119.644352,2
713.695502,0.0,0,0,21948223488,98.08104409208092,16384,0.0,96,22,0.5,9,49.999999999999936,415.200024,2
713.695502,0.0,0,0,21948223488,98.08104409208092,16384,0.0,96,23,0.5,9,49.999999999999936,460.054164,2
713.695502,0.0,0,0,21948223488,98.08104409208092,16384,0.0,96,24,0.5,9,30.00000000000003,355.641547,2
713.695502,0.0,0,0,21948223488,98.08104409208092,16384,0.0,96,25,0.5,9,39.99999999999992,464.056504,2
713.695502,0.0,0,0,21948223488,98.08104409208092,16384,0.0,96,26,0.5,9,39.99999999999992,165.38648,2
713.695502,0.0,0,0,21948223488,98.08104409208092,16384,0.0,96,27,0.5,9,39.99999999999992,463.331349,2
713.695502,0.0,0,0,21948223488,98.08104409208092,16384,0.0,96,28,0.5,9,39.99999999999992,176.656859,2
713.695502,0.0,0,0,21948223488,98.08104409208092,16384,0.0,96,29,0.5,9,49.999999999999936,495.712564,2
713.695502,0.0,0,0,21948223488,98.08104409208092,16384,0.0,96,30,0.5,9,39.99999999999992,207.162836,2
713.695502,0.0,0,0,21948223488,98.08104409208092,16384,0.0,96,31,0.5,9,49.999999999999936,455.122438,2
713.695502,0.0,0,0,21948223488,98.08104409208092,16384,0.0,96,32,0.5,9,39.99999999999992,255.715506,2
713.695502,0.0,0,0,21948223488,98.08104409208092,16384,0.0,96,33,0.5,9,49.999999999999936,416.022498,2
713.695502,0.0,0,0,21948223488,98.08104409208092,16384,0.0,96,34,0.5,9,49.999999999999936,211.199165,2
713.695502,0.0,0,0,21948223488,98.08104409208092,16384,0.04347531799976423,96,35,0.5,9,49.999999999999936,543.484699,2
713.695502,0.0,0,0,21948223488,98.08104409208092,16384,0.0,96,36,0.5,9,39.99999999999992,410.112022,2
713.695502,0.0,0,0,21948223488,98.08104409208092,16384,0.0,96,37,0.5,9,39.99999999999992,207.987131,2
713.695502,0.0,0,0,21948223488,98.08104409208092,16384,0.0,96,38,0.5,9,49.999999999999936,488.578649,2
713.695502,0.0,0,0,21948223488,98.08104409208092,16384,0.0,96,39,0.5,9,49.999999999999936,469.55336,2
713.695502,0.0,0,0,21948223488,98.08104409208092,16384,0.0,96,40,0.5,9,39.99999999999992,370.395871,2
713.695502,0.0,0,0,21948223488,98.08104409208092,16384,0.0,96,41,0.5,9,39.99999999999992,361.887043,2
713.695502,0.0,0,0,21948223488,98.08104409208092,16384,0.0,96,42,0.5,9,39.99999999999992,279.802781,2
713.695502,0.0,0,0,21948223488,98.08104409208092,16384,0.030223752000893,96,43,0.5,9,39.99999999999992,530.251851,2
713.695502,0.0,0,0,21948223488,98.08104409208092,16384,0.0,96,44,0.5,9,49.999999999999936,413.331572,2
713.695502,0.0,0,0,21948223488,98.08104409208092,16384,0.0,96,45,0.5,9,39.99999999999992,393.521184,2
713.695502,0.0,0,0,21948223488,98.08104409208092,16384,0.0,96,46,0.5,9,39.99999999999992,116.320615,2
713.695502,0.0,0,0,21948223488,98.08104409208092,16384,0.0,96,47,0.5,9,49.999999999999936,471.812022,2
713.695502,0.0,0,0,21948223488,98.08104409208092,16384,0.0,96,48,0.5,9,39.99999999999992,312.146326,2
713.695502,0.0,0,0,21948223488,98.08104409208092,16384,0.0,96,49,0.5,9,49.999999999999936,412.265799,2
713.695502,0.0,0,0,21948223488,98.08104409208092,16384,0.0,96,50,0.5,9,49.999999999999936,463.862075,2
713.695502,0.0,0,0,21948223488,98.08104409208092,16384,0.0,96,51,0.5,9,39.99999999999992,470.950994,2
713.695502,0.0,0,0,21948223488,98.08104409208092,16384,0.0,96,52,0.5,9,39.99999999999992,425.264235,2
713.695502,0.0,0,0,21948223488,98.08104409208092,16384,0.0,96,53,0.5,9,39.99999999999992,443.9833,2
713.695502,0.0,0,0,21948223488,98.08104409208092,16384,0.0,96,54,0.5,9,49.999999999999936,404.029163,2
713.695502,0.0,0,0,21948223488,98.08104409208092,16384,0.0,96,55,0.5,9,49.999999999999936,421.632212,2
713.695502,0.0,0,0,21948223488,98.08104409208092,16384,0.0,96,56,0.5,9,39.99999999999992,447.569174,2
713.695502,0.0,0,0,21948223488,98.08104409208092,16384,0.0,96,57,0.5,9,49.999999999999936,441.910852,2
713.695502,0.0,0,0,21948223488,98.08104409208092,16384,0.0,96,58,0.5,9,49.999999999999936,448.987496,2
713.695502,0.0,0,0,21948223488,98.08104409208092,16384,0.0,96,59,0.5,9,39.99999999999992,367.583296,2
713.695502,0.0,0,0,21948223488,98.08104409208092,16384,0.0,96,60,0.5,9,49.999999999999936,120.727442,2
713.695502,0.0,0,0,21948223488,98.08104409208092,16384,0.0,96,61,0.5,9,49.999999999999936,417.514114,2
713.695502,0.0,0,0,21948223488,98.08104409208092,16384,0.0,96,62,0.5,9,39.99999999999992,417.703369,2
713.695502,0.0,0,0,21948223488,98.08104409208092,16384,0.0,96,63,0.5,9,49.999999999999936,370.909819,2
713.695502,0.0,0,0,21948223488,98.08104409208092,16384,0.0,96,64,0.5,9,49.999999999999936,448.849257,2
713.695502,0.0,0,0,21948223488,98.08104409208092,16384,0.0,96,65,0.5,9,39.99999999999992,238.053186,2
713.695502,0.0,0,0,21948223488,98.08104409208092,16384,0.0,96,66,0.5,9,49.999999999999936,243.904103,2
713.695502,0.0,0,0,21948223488,98.08104409208092,16384,0.0,96,67,0.5,9,49.999999999999936,418.364057,2
713.695502,0.0,0,0,21948223488,98.08104409208092,16384,0.0,96,68,0.5,9,49.999999999999936,441.974033,2
713.695502,0.0,0,0,21948223488,98.08104409208092,16384,0.0,96,69,0.5,9,39.99999999999992,362.76874,2
713.695502,0.0,0,0,21948223488,98.08104409208092,16384,0.0,96,70,0.5,9,39.99999999999992,419.538945,2
713.695502,0.0,0,0,21948223488,98.08104409208092,16384,0.0,96,71,0.5,9,39.99999999999992,411.580254,2
713.695502,0.0,0,0,21948223488,98.08104409208092,16384,0.0,96,72,0.5,9,39.99999999999992,411.795088,2
713.695502,0.0,0,0,21948223488,98.08104409208092,16384,0.0,96,73,0.5,9,49.999999999999936,335.313036,2
713.695502,0.0,0,0,21948223488,98.08104409208092,16384,0.0,96,74,0.5,9,39.99999999999992,416.838913,2
713.695502,0.0,0,0,21948223488,98.08104409208092,16384,0.0,96,75,0.5,9,39.99999999999992,377.112343,2
713.695502,0.0,0,0,21948223488,98.08104409208092,16384,0.0,96,76,0.5,9,39.99999999999992,283.717615,2
713.695502,0.0,0,0,21948223488,98.08104409208092,16384,0.0,96,77,0.5,9,49.999999999999936,406.21189,2
713.695502,0.0,0,0,21948223488,98.08104409208092,16384,0.0,96,78,0.5,9,49.999999999999936,263.26623,2
713.695502,0.0,0,0,21948223488,98.08104409208092,16384,0.0,96,79,0.5,9,39.99999999999992,383.27939,2
713.695502,0.0,0,0,21948223488,98.08104409208092,16384,0.0,96,80,0.5,9,39.99999999999992,391.96558,2
713.695502,0.0,0,0,21948223488,98.08104409208092,16384,0.0,96,81,0.5,9,39.99999999999992,312.337862,2
713.695502,0.0,0,0,21948223488,98.08104409208092,16384,0.0,96,82,0.5,9,49.999999999999936,365.33915,2
713.695502,0.0,0,0,21948223488,98.08104409208092,16384,0.0,96,83,0.5,9,39.99999999999992,359.150163,2
713.695502,0.0,0,0,21948223488,98.08104409208092,16384,0.0,96,84,0.5,9,39.99999999999992,360.021161,2
713.695502,0.0,0,0,21948223488,98.08104409208092,16384,0.0,96,85,0.5,9,39.99999999999992,251.378955,2
713.695502,0.0,0,0,21948223488,98.08104409208092,16384,0.0,96,86,0.5,9,39.99999999999992,337.738403,2
713.695502,0.0,0,0,21948223488,98.08104409208092,16384,0.0,96,87,0.5,9,39.99999999999992,334.358578,2
713.695502,0.0,0,0,21948223488,98.08104409208092,16384,0.0,96,88,0.5,9,39.99999999999992,268.577917,2
713.695502,0.0,0,0,21948223488,98.08104409208092,16384,0.0,96,89,0.5,9,39.99999999999992,332.453434,2
713.695502,0.0,0,0,21948223488,98.08104409208092,16384,0.0,96,90,0.5,9,49.999999999999936,299.273101,2
713.695502,0.0,0,0,21948223488,98.08104409208092,16384,0.0,96,91,0.5,9,40.000000000000036,360.679305,2
713.695502,0.0,0,0,21948223488,98.08104409208092,16384,0.0,96,92,0.5,9,39.99999999999992,267.514971,2
713.695502,0.0,0,0,21948223488,98.08104409208092,16384,0.0,96,93,0.5,9,49.999999999999936,315.838239,2
713.695502,0.0,0,0,21948223488,98.08104409208092,16384,0.0,96,94,0.5,9,39.99999999999992,268.95114,2
713.695502,0.0,0,0,21948223488,98.08104409208092,16384,0.0,96,95,0.5,9,39.99999999999992,326.408958,2
713.695502,0.0,0,0,21948223488,98.08104409208092,16384,0.0,96,96,0.5,9,39.99999999999992,246.232324,2
710.623394,0.0,0,0,21947449344,98.27052405394373,-774144,0.0,96,1,0.5,10,39.99999999999992,46.00668,2
710.623394,0.0,0,0,21947449344,98.27052405394373,-774144,0.0,96,2,0.5,10,39.99999999999992,41.468056,2
710.623394,0.0,0,0,21947449344,98.27052405394373,-774144,0.0,96,3,0.5,10,39.99999999999992,105.427187,2
710.623394,0.0,0,0,21947449344,98.27052405394373,-774144,0.0,96,4,0.5,10,40.000000000000036,201.046978,2
710.623394,0.0,0,0,21947449344,98.27052405394373,-774144,0.0,96,5,0.5,10,39.99999999999992,64.799005,2
710.623394,0.0,0,0,21947449344,98.27052405394373,-774144,0.0,96,6,0.5,10,39.99999999999992,100.702506,2
710.623394,0.0,0,0,21947449344,98.27052405394373,-774144,0.0,96,7,0.5,10,39.99999999999992,233.532009,2
710.623394,0.0,0,0,21947449344,98.27052405394373,-774144,0.0,96,8,0.5,10,40.000000000000036,57.145227,2
710.623394,0.0,0,0,21947449344,98.27052405394373,-774144,0.0,96,9,0.5,10,39.99999999999992,248.058485,2
710.623394,0.0,0,0,21947449344,98.27052405394373,-774144,0.0,96,10,0.5,10,39.99999999999992,227.99274,2
710.623394,0.0,0,0,21947449344,98.27052405394373,-774144,0.0,96,11,0.5,10,40.000000000000036,224.271415,2
710.623394,0.0,0,0,21947449344,98.27052405394373,-774144,0.0,96,12,0.5,10,40.000000000000036,315.81461,2
710.623394,0.0,0,0,21947449344,98.27052405394373,-774144,0.0,96,13,0.5,10,49.999999999999936,360.157769,2
710.623394,0.0,0,0,21947449344,98.27052405394373,-774144,0.0,96,14,0.5,10,40.000000000000036,371.380947,2
710.623394,0.0,0,0,21947449344,98.27052405394373,-774144,0.0,96,15,0.5,10,40.000000000000036,430.043395,2
710.623394,0.0,0,0,21947449344,98.27052405394373,-774144,0.0,96,16,0.5,10,40.000000000000036,484.066497,2
710.623394,0.0,0,0,21947449344,98.27052405394373,-774144,0.0,96,17,0.5,10,40.000000000000036,199.298077,2
710.623394,0.0,0,0,21947449344,98.27052405394373,-774144,0.01981238400003349,96,18,0.5,10,50.00000000000004,519.825094,2
710.623394,0.0,0,0,21947449344,98.27052405394373,-774144,0.0,96,19,0.5,10,39.99999999999992,379.062722,2
710.623394,0.0,0,0,21947449344,98.27052405394373,-774144,0.0,96,20,0.5,10,40.000000000000036,198.486061,2
710.623394,0.0,0,0,21947449344,98.27052405394373,-774144,0.0,96,21,0.5,10,40.000000000000036,470.561301,2
710.623394,0.0,0,0,21947449344,98.27052405394373,-774144,0.0,96,22,0.5,10,40.000000000000036,267.374235,2
710.623394,0.0,0,0,21947449344,98.27052405394373,-774144,0.0,96,23,0.5,10,40.000000000000036,282.385806,2
710.623394,0.0,0,0,21947449344,98.27052405394373,-774144,0.0,96,24,0.5,10,49.999999999999936,335.191393,2
710.623394,0.0,0,0,21947449344,98.27052405394373,-774144,0.0,96,25,0.5,10,40.000000000000036,319.882184,2
710.623394,0.0,0,0,21947449344,98.27052405394373,-774144,0.038184431999980006,96,26,0.5,10,40.000000000000036,538.195613,2
710.623394,0.0,0,0,21947449344,98.27052405394373,-774144,0.0,96,27,0.5,10,40.000000000000036,292.042977,2
710.623394,0.0,0,0,21947449344,98.27052405394373,-774144,0.056317566999496194,96,28,0.5,10,50.00000000000004,556.324291,2
710.623394,0.0,0,0,21947449344,98.27052405394373,-774144,0.013855057999535347,96,29,0.5,10,40.000000000000036,513.865711,2
710.623394,0.0,0,0,21947449344,98.27052405394373,-774144,0.0600856239998393,96,30,0.5,10,50.00000000000004,560.094221,2
710.623394,0.0,0,0,21947449344,98.27052405394373,-774144,0.0,96,31,0.5,10,40.000000000000036,331.971107,2
710.623394,0.0,0,0,21947449344,98.27052405394373,-774144,0.023845874000471667,96,32,0.5,10,40.000000000000036,523.854487,2
710.623394,0.0,0,0,21947449344,98.27052405394373,-774144,0.0,96,33,0.5,10,40.000000000000036,467.984579,2
710.623394,0.0,0,0,21947449344,98.27052405394373,-774144,0.0,96,34,0.5,10,40.000000000000036,462.354166,2
710.623394,0.0,0,0,21947449344,98.27052405394373,-774144,0.0,96,35,0.5,10,40.000000000000036,479.841889,2
710.623394,0.0,0,0,21947449344,98.27052405394373,-774144,0.0,96,36,0.5,10,40.000000000000036,483.573958,2
710.623394,0.0,0,0,21947449344,98.27052405394373,-774144,0.05958489000113332,96,37,0.5,10,50.00000000000004,559.592459,2
710.623394,0.0,0,0,21947449344,98.27052405394373,-774144,0.0,96,38,0.5,10,40.000000000000036,396.344499,2
710.623394,0.0,0,0,21947449344,98.27052405394373,-774144,0.0,96,39,0.5,10,40.000000000000036,404.089923,2
710.623394,0.0,0,0,21947449344,98.27052405394373,-774144,0.0,96,40,0.5,10,50.00000000000004,487.955909,2
710.623394,0.0,0,0,21947449344,98.27052405394373,-774144,0.05859385100120562,96,41,0.5,10,50.00000000000004,558.602052,2
710.623394,0.0,0,0,21947449344,98.27052405394373,-774144,0.031001612000181922,96,42,0.5,10,40.000000000000036,531.010456,2
710.623394,0.0,0,0,21947449344,98.27052405394373,-774144,0.0,96,43,0.5,10,40.000000000000036,455.385956,2
710.623394,0.0,0,0,21947449344,98.27052405394373,-774144,0.042643741000574664,96,44,0.5,10,40.000000000000036,542.652613,2
710.623394,0.0,0,0,21947449344,98.27052405394373,-774144,0.0,96,45,0.5,10,40.000000000000036,463.049038,2
710.623394,0.0,0,0,21947449344,98.27052405394373,-774144,0.06299043999933929,96,46,0.5,10,50.00000000000004,562.995801,2
710.623394,0.0,0,0,21947449344,98.27052405394373,-774144,0.0,96,47,0.5,10,40.000000000000036,439.444669,2
710.623394,0.0,0,0,21947449344,98.27052405394373,-774144,0.04744111300169607,96,48,0.5,10,50.00000000000004,547.44963,2
710.623394,0.0,0,0,21947449344,98.27052405394373,-774144,0.04741425599968352,96,49,0.5,10,50.00000000000004,547.423322,2
710.623394,0.0,0,0,21947449344,98.27052405394373,-774144,0.0,96,50,0.5,10,40.000000000000036,397.665878,2
710.623394,0.0,0,0,21947449344,98.27052405394373,-774144,0.0,96,51,0.5,10,40.000000000000036,452.330681,2
710.623394,0.0,0,0,21947449344,98.27052405394373,-774144,0.0,96,52,0.5,10,50.00000000000004,481.967068,2
710.623394,0.0,0,0,21947449344,98.27052405394373,-774144,0.0,96,53,0.5,10,50.00000000000004,424.651924,2
710.623394,0.0,0,0,21947449344,98.27052405394373,-774144,0.0,96,54,0.5,10,40.000000000000036,465.017008,2
710.623394,0.0,0,0,21947449344,98.27052405394373,-774144,0.0,96,55,0.5,10,40.000000000000036,480.016411,2
710.623394,0.0,0,0,21947449344,98.27052405394373,-774144,0.0,96,56,0.5,10,40.000000000000036,468.034218,2
710.623394,0.0,0,0,21947449344,98.27052405394373,-774144,0.0,96,57,0.5,10,40.000000000000036,456.11641,2
710.623394,0.0,0,0,21947449344,98.27052405394373,-774144,0.01731914800075174,96,58,0.5,10,40.000000000000036,517.329202,2
710.623394,0.0,0,0,21947449344,98.27052405394373,-774144,0.006482797998614842,96,59,0.5,10,50.00000000000004,506.489753,2
710.623394,0.0,0,0,21947449344,98.27052405394373,-774144,0.0,96,60,0.5,10,40.000000000000036,492.132246,2
710.623394,0.0,0,0,21947449344,98.27052405394373,-774144,0.0,96,61,0.5,10,40.000000000000036,492.605288,2
710.623394,0.0,0,0,21947449344,98.27052405394373,-774144,0.0,96,62,0.5,10,50.00000000000004,401.822885,2
710.623394,0.0,0,0,21947449344,98.27052405394373,-774144,0.0,96,63,0.5,10,40.000000000000036,486.26311,2
710.623394,0.0,0,0,21947449344,98.27052405394373,-774144,0.0,96,64,0.5,10,40.000000000000036,439.513717,2
710.623394,0.0,0,0,21947449344,98.27052405394373,-774144,0.0,96,65,0.5,10,50.00000000000004,479.584131,2
710.623394,0.0,0,0,21947449344,98.27052405394373,-774144,0.0,96,66,0.5,10,40.000000000000036,479.046624,2
710.623394,0.0,0,0,21947449344,98.27052405394373,-774144,0.0,96,67,0.5,10,40.000000000000036,419.140008,2
710.623394,0.0,0,0,21947449344,98.27052405394373,-774144,0.0,96,68,0.5,10,40.000000000000036,453.12819,2
710.623394,0.0,0,0,21947449344,98.27052405394373,-774144,0.0,96,69,0.5,10,40.000000000000036,474.354508,2
710.623394,0.0,0,0,21947449344,98.27052405394373,-774144,0.0,96,70,0.5,10,40.000000000000036,414.129977,2
710.623394,0.0,0,0,21947449344,98.27052405394373,-774144,0.0,96,71,0.5,10,40.000000000000036,409.554615,2
710.623394,0.0,0,0,21947449344,98.27052405394373,-774144,0.0,96,72,0.5,10,50.00000000000004,453.972202,2
710.623394,0.0,0,0,21947449344,98.27052405394373,-774144,0.0,96,73,0.5,10,40.000000000000036,418.62903,2
710.623394,0.0,0,0,21947449344,98.27052405394373,-774144,0.0,96,74,0.5,10,40.000000000000036,397.52119,2
710.623394,0.0,0,0,21947449344,98.27052405394373,-774144,0.0,96,75,0.5,10,40.000000000000036,409.126348,2
710.623394,0.0,0,0,21947449344,98.27052405394373,-774144,0.0,96,76,0.5,10,50.00000000000004,424.458671,2
710.623394,0.0,0,0,21947449344,98.27052405394373,-774144,0.0,96,77,0.5,10,40.000000000000036,425.767744,2
710.623394,0.0,0,0,21947449344,98.27052405394373,-774144,0.0,96,78,0.5,10,40.000000000000036,380.377328,2
710.623394,0.0,0,0,21947449344,98.27052405394373,-774144,0.0,96,79,0.5,10,40.000000000000036,390.644809,2
710.623394,0.0,0,0,21947449344,98.27052405394373,-774144,0.0,96,80,0.5,10,40.000000000000036,402.021354,2
710.623394,0.0,0,0,21947449344,98.27052405394373,-774144,0.0,96,81,0.5,10,40.000000000000036,401.465583,2
710.623394,0.0,0,0,21947449344,98.27052405394373,-774144,0.0,96,82,0.5,10,40.000000000000036,421.740547,2
710.623394,0.0,0,0,21947449344,98.27052405394373,-774144,0.0,96,83,0.5,10,40.000000000000036,397.938256,2
710.623394,0.0,0,0,21947449344,98.27052405394373,-774144,0.0,96,84,0.5,10,50.00000000000004,376.028102,2
710.623394,0.0,0,0,21947449344,98.27052405394373,-774144,0.0,96,85,0.5,10,40.000000000000036,402.666171,2
710.623394,0.0,0,0,21947449344,98.27052405394373,-774144,0.0,96,86,0.5,10,50.00000000000004,336.443474,2
710.623394,0.0,0,0,21947449344,98.27052405394373,-774144,0.0,96,87,0.5,10,50.00000000000004,369.791382,2
710.623394,0.0,0,0,21947449344,98.27052405394373,-774144,0.0,96,88,0.5,10,50.00000000000004,376.002187,2
710.623394,0.0,0,0,21947449344,98.27052405394373,-774144,0.0,96,89,0.5,10,50.00000000000004,326.86078,2
710.623394,0.0,0,0,21947449344,98.27052405394373,-774144,0.0,96,90,0.5,10,40.000000000000036,359.43024,2
710.623394,0.0,0,0,21947449344,98.27052405394373,-774144,0.0,96,91,0.5,10,39.99999999999992,344.734597,2
710.623394,0.0,0,0,21947449344,98.27052405394373,-774144,0.0,96,92,0.5,10,50.00000000000004,349.916766,2
710.623394,0.0,0,0,21947449344,98.27052405394373,-774144,0.0,96,93,0.5,10,40.000000000000036,320.802769,2
710.623394,0.0,0,0,21947449344,98.27052405394373,-774144,0.0,96,94,0.5,10,50.00000000000004,342.910714,2
710.623394,0.0,0,0,21947449344,98.27052405394373,-774144,0.0,96,95,0.5,10,40.000000000000036,295.768653,2
710.623394,0.0,0,0,21947449344,98.27052405394373,-774144,0.0,96,96,0.5,10,40.000000000000036,314.40709,2
