pid,process_cpu_seconds,rss_bytes,session_count,session_index,stage,tick_index,trial
58127,0.12,20451328,1,1,post_boot,,1
58127,0.29000000000000004,20807680,1,1,tick,1,1
58127,0.32,20807680,1,1,tick,2,1
58127,0.36000000000000004,20807680,1,1,tick,3,1
58127,0.4,20807680,1,1,tick,4,1
58127,0.44,20807680,1,1,tick,5,1
58127,0.48000000000000004,20807680,1,1,tick,6,1
58127,0.52,20807680,1,1,tick,7,1
58127,0.56,20807680,1,1,tick,8,1
58127,0.6,20807680,1,1,tick,9,1
58127,0.64,20807680,1,1,tick,10,1
58127,0.67,20807680,1,1,tick,11,1
58127,0.71,20807680,1,1,tick,12,1
58127,0.75,20807680,1,1,tick,13,1
58127,0.79,20807680,1,1,tick,14,1
58127,0.8300000000000001,20807680,1,1,tick,15,1
58127,0.8300000000000001,20807680,1,1,pre_checkpoint,,1
58127,0.87,21651456,1,1,post_checkpoint_save,,1
58127,0.98,26193920,1,1,post_checkpoint_restore,,1
58150,0.12,20496384,1,1,post_boot,,2
58150,0.29000000000000004,20848640,1,1,tick,1,2
58150,0.33,20848640,1,1,tick,2,2
58150,0.37,20848640,1,1,tick,3,2
58150,0.41000000000000003,20848640,1,1,tick,4,2
58150,0.45,20848640,1,1,tick,5,2
58150,0.48,20848640,1,1,tick,6,2
58150,0.53,20848640,1,1,tick,7,2
58150,0.56,20848640,1,1,tick,8,2
58150,0.6,20848640,1,1,tick,9,2
58150,0.64,20848640,1,1,tick,10,2
58150,0.68,20848640,1,1,tick,11,2
58150,0.71,20848640,1,1,tick,12,2
58150,0.75,20848640,1,1,tick,13,2
58150,0.79,20848640,1,1,tick,14,2
58150,0.83,20848640,1,1,tick,15,2
58150,0.83,20848640,1,1,pre_checkpoint,,2
58150,0.86,21696512,1,1,post_checkpoint_save,,2
58150,0.98,21700608,1,1,post_checkpoint_restore,,2
58173,0.13,20594688,1,1,post_boot,,3
58173,0.29,20881408,1,1,tick,1,3
58173,0.33,20881408,1,1,tick,2,3
58173,0.36,20881408,1,1,tick,3,3
58173,0.4,20881408,1,1,tick,4,3
58173,0.44,20881408,1,1,tick,5,3
58173,0.47,20881408,1,1,tick,6,3
58173,0.51,20881408,1,1,tick,7,3
58173,0.55,20881408,1,1,tick,8,3
58173,0.59,20881408,1,1,tick,9,3
58173,0.63,20881408,1,1,tick,10,3
58173,0.67,20881408,1,1,tick,11,3
58173,0.71,20881408,1,1,tick,12,3
58173,0.75,20881408,1,1,tick,13,3
58173,0.79,20881408,1,1,tick,14,3
58173,0.84,20881408,1,1,tick,15,3
58173,0.84,20881408,1,1,pre_checkpoint,,3
58173,0.88,21725184,1,1,post_checkpoint_save,,3
58173,1.0,21733376,1,1,post_checkpoint_restore,,3
58203,0.12,20475904,2,1,post_boot,,1
58204,0.12,20566016,2,2,post_boot,,1
58203,0.28,20828160,2,1,tick,1,1
58204,0.28,20856832,2,2,tick,1,1
58203,0.32,20828160,2,1,tick,2,1
58204,0.32,20856832,2,2,tick,2,1
58203,0.36,20828160,2,1,tick,3,1
58204,0.36,20856832,2,2,tick,3,1
58203,0.39,20828160,2,1,tick,4,1
58204,0.4,20856832,2,2,tick,4,1
58203,0.43,20828160,2,1,tick,5,1
58204,0.44,20856832,2,2,tick,5,1
58203,0.47,20828160,2,1,tick,6,1
58204,0.48,20856832,2,2,tick,6,1
58203,0.51,20828160,2,1,tick,7,1
58204,0.52,20856832,2,2,tick,7,1
58203,0.55,20828160,2,1,tick,8,1
58204,0.56,20856832,2,2,tick,8,1
58203,0.59,20828160,2,1,tick,9,1
58204,0.59,20856832,2,2,tick,9,1
58203,0.63,20828160,2,1,tick,10,1
58204,0.63,20856832,2,2,tick,10,1
58203,0.67,20828160,2,1,tick,11,1
58204,0.67,20856832,2,2,tick,11,1
58203,0.71,20828160,2,1,tick,12,1
58204,0.71,20856832,2,2,tick,12,1
58203,0.75,20828160,2,1,tick,13,1
58204,0.75,20856832,2,2,tick,13,1
58203,0.79,20828160,2,1,tick,14,1
58204,0.79,20856832,2,2,tick,14,1
58203,0.82,20828160,2,1,tick,15,1
58204,0.83,20856832,2,2,tick,15,1
58203,0.82,20828160,2,1,pre_checkpoint,,1
58204,0.83,20856832,2,2,pre_checkpoint,,1
58203,0.87,21671936,2,1,post_checkpoint_save,,1
58204,0.87,21704704,2,2,post_checkpoint_save,,1
58203,0.98,21680128,2,1,post_checkpoint_restore,,1
58204,0.98,21708800,2,2,post_checkpoint_restore,,1
58249,0.11,20467712,2,1,post_boot,,2
58250,0.11,20484096,2,2,post_boot,,2
58249,0.28,20824064,2,1,tick,1,2
58250,0.27,20774912,2,2,tick,1,2
58249,0.32,20824064,2,1,tick,2,2
58250,0.31,20774912,2,2,tick,2,2
58249,0.36,20824064,2,1,tick,3,2
58250,0.35000000000000003,20774912,2,2,tick,3,2
58249,0.4,20824064,2,1,tick,4,2
58250,0.39,20774912,2,2,tick,4,2
58249,0.44,20824064,2,1,tick,5,2
58250,0.43,20774912,2,2,tick,5,2
58249,0.47,20824064,2,1,tick,6,2
58250,0.47000000000000003,20774912,2,2,tick,6,2
58249,0.51,20824064,2,1,tick,7,2
58250,0.5,20774912,2,2,tick,7,2
58249,0.55,20824064,2,1,tick,8,2
58250,0.55,20774912,2,2,tick,8,2
58249,0.59,20824064,2,1,tick,9,2
58250,0.58,20774912,2,2,tick,9,2
58249,0.63,20824064,2,1,tick,10,2
58250,0.63,20774912,2,2,tick,10,2
58249,0.67,20824064,2,1,tick,11,2
58250,0.67,20774912,2,2,tick,11,2
58249,0.71,20824064,2,1,tick,12,2
58250,0.71,20774912,2,2,tick,12,2
58249,0.75,20824064,2,1,tick,13,2
58250,0.76,20774912,2,2,tick,13,2
58249,0.79,20824064,2,1,tick,14,2
58250,0.8,20774912,2,2,tick,14,2
58249,0.83,20824064,2,1,tick,15,2
58250,0.84,20774912,2,2,tick,15,2
58249,0.83,20824064,2,1,pre_checkpoint,,2
58250,0.84,20774912,2,2,pre_checkpoint,,2
58249,0.87,21667840,2,1,post_checkpoint_save,,2
58250,0.89,21622784,2,2,post_checkpoint_save,,2
58249,0.98,21676032,2,1,post_checkpoint_restore,,2
58250,1.0,21626880,2,2,post_checkpoint_restore,,2
58296,0.12000000000000001,20410368,2,1,post_boot,,3
58295,0.12,20549632,2,2,post_boot,,3
58296,0.28,20697088,2,1,tick,1,3
58295,0.28,20901888,2,2,tick,1,3
58296,0.32,20697088,2,1,tick,2,3
58295,0.32,20901888,2,2,tick,2,3
58296,0.36000000000000004,20697088,2,1,tick,3,3
58295,0.35,20901888,2,2,tick,3,3
58296,0.4,20697088,2,1,tick,4,3
58295,0.39,20901888,2,2,tick,4,3
58296,0.44,20697088,2,1,tick,5,3
58295,0.43,20901888,2,2,tick,5,3
58296,0.48000000000000004,20697088,2,1,tick,6,3
58295,0.47,20901888,2,2,tick,6,3
58296,0.52,20697088,2,1,tick,7,3
58295,0.51,20901888,2,2,tick,7,3
58296,0.56,20697088,2,1,tick,8,3
58295,0.56,20901888,2,2,tick,8,3
58296,0.6,20697088,2,1,tick,9,3
58295,0.6,20901888,2,2,tick,9,3
58296,0.64,20697088,2,1,tick,10,3
58295,0.64,20901888,2,2,tick,10,3
58296,0.68,20697088,2,1,tick,11,3
58295,0.68,20901888,2,2,tick,11,3
58296,0.72,20697088,2,1,tick,12,3
58295,0.72,20901888,2,2,tick,12,3
58296,0.76,20697088,2,1,tick,13,3
58295,0.76,20901888,2,2,tick,13,3
58296,0.8,20697088,2,1,tick,14,3
58295,0.8,20901888,2,2,tick,14,3
58296,0.84,20697088,2,1,tick,15,3
58295,0.84,20901888,2,2,tick,15,3
58296,0.84,20697088,2,1,pre_checkpoint,,3
58295,0.84,20901888,2,2,pre_checkpoint,,3
58296,0.87,21540864,2,1,post_checkpoint_save,,3
58295,0.88,21749760,2,2,post_checkpoint_save,,3
58296,0.99,21549056,2,1,post_checkpoint_restore,,3
58295,1.0,26292224,2,2,post_checkpoint_restore,,3
58343,0.11,20377600,4,1,post_boot,,1
58346,0.12,20541440,4,2,post_boot,,1
58342,0.12,20426752,4,3,post_boot,,1
58345,0.12,20533248,4,4,post_boot,,1
58343,0.27,20668416,4,1,tick,1,1
58346,0.28,20828160,4,2,tick,1,1
58342,0.29000000000000004,20721664,4,3,tick,1,1
58345,0.28,20819968,4,4,tick,1,1
58343,0.31,20668416,4,1,tick,2,1
58346,0.32,20828160,4,2,tick,2,1
58342,0.33,20721664,4,3,tick,2,1
58345,0.32,20819968,4,4,tick,2,1
58343,0.35,20668416,4,1,tick,3,1
58346,0.35000000000000003,20828160,4,2,tick,3,1
58342,0.37,20721664,4,3,tick,3,1
58345,0.36,20819968,4,4,tick,3,1
58343,0.38,20668416,4,1,tick,4,1
58346,0.39,20828160,4,2,tick,4,1
58342,0.41000000000000003,20721664,4,3,tick,4,1
58345,0.4,20819968,4,4,tick,4,1
58343,0.42,20668416,4,1,tick,5,1
58346,0.43,20828160,4,2,tick,5,1
58342,0.45,20721664,4,3,tick,5,1
58345,0.44,20819968,4,4,tick,5,1
58343,0.46,20668416,4,1,tick,6,1
58346,0.47000000000000003,20828160,4,2,tick,6,1
58342,0.49,20721664,4,3,tick,6,1
58345,0.48,20819968,4,4,tick,6,1
58343,0.5,20668416,4,1,tick,7,1
58346,0.52,20828160,4,2,tick,7,1
58342,0.53,20721664,4,3,tick,7,1
58345,0.52,20819968,4,4,tick,7,1
58343,0.54,20668416,4,1,tick,8,1
58346,0.56,20828160,4,2,tick,8,1
58342,0.56,20721664,4,3,tick,8,1
58345,0.56,20819968,4,4,tick,8,1
58343,0.58,20668416,4,1,tick,9,1
58346,0.6,20828160,4,2,tick,9,1
58342,0.61,20721664,4,3,tick,9,1
58345,0.6,20819968,4,4,tick,9,1
58343,0.62,20668416,4,1,tick,10,1
58346,0.64,20828160,4,2,tick,10,1
58342,0.64,20721664,4,3,tick,10,1
58345,0.64,20819968,4,4,tick,10,1
58343,0.66,20668416,4,1,tick,11,1
58346,0.68,20828160,4,2,tick,11,1
58342,0.68,20721664,4,3,tick,11,1
58345,0.68,20819968,4,4,tick,11,1
58343,0.7,20668416,4,1,tick,12,1
58346,0.71,20828160,4,2,tick,12,1
58342,0.72,20721664,4,3,tick,12,1
58345,0.72,20819968,4,4,tick,12,1
58343,0.74,20668416,4,1,tick,13,1
58346,0.76,20828160,4,2,tick,13,1
58342,0.76,20721664,4,3,tick,13,1
58345,0.76,20819968,4,4,tick,13,1
58343,0.78,20668416,4,1,tick,14,1
58346,0.8,20828160,4,2,tick,14,1
58342,0.8,20721664,4,3,tick,14,1
58345,0.8,20819968,4,4,tick,14,1
58343,0.82,20668416,4,1,tick,15,1
58346,0.84,20828160,4,2,tick,15,1
58342,0.84,20721664,4,3,tick,15,1
58345,0.84,20819968,4,4,tick,15,1
58343,0.82,20668416,4,1,pre_checkpoint,,1
58346,0.84,20828160,4,2,pre_checkpoint,,1
58342,0.84,20721664,4,3,pre_checkpoint,,1
58345,0.84,20819968,4,4,pre_checkpoint,,1
58343,0.87,21512192,4,1,post_checkpoint_save,,1
58346,0.87,21676032,4,2,post_checkpoint_save,,1
58342,0.87,21569536,4,3,post_checkpoint_save,,1
58345,0.88,21667840,4,4,post_checkpoint_save,,1
58343,0.99,21520384,4,1,post_checkpoint_restore,,1
58346,1.0,21680128,4,2,post_checkpoint_restore,,1
58342,0.99,21573632,4,3,post_checkpoint_restore,,1
58345,1.0,21671936,4,4,post_checkpoint_restore,,1
58437,0.12,20434944,4,1,post_boot,,2
58436,0.12,20459520,4,2,post_boot,,2
58435,0.12000000000000001,20430848,4,3,post_boot,,2
58438,0.11,20492288,4,4,post_boot,,2
58437,0.28,20787200,4,1,tick,1,2
58436,0.28,20811776,4,2,tick,1,2
58435,0.27,20848640,4,3,tick,1,2
58438,0.27,20844544,4,4,tick,1,2
58437,0.32,20787200,4,1,tick,2,2
58436,0.32,20811776,4,2,tick,2,2
58435,0.31,20848640,4,3,tick,2,2
58438,0.33,20844544,4,4,tick,2,2
58437,0.36,20787200,4,1,tick,3,2
58436,0.36,20811776,4,2,tick,3,2
58435,0.35000000000000003,20848640,4,3,tick,3,2
58438,0.37,20844544,4,4,tick,3,2
58437,0.4,20787200,4,1,tick,4,2
58436,0.4,20811776,4,2,tick,4,2
58435,0.39,20848640,4,3,tick,4,2
58438,0.41000000000000003,20844544,4,4,tick,4,2
58437,0.44,20787200,4,1,tick,5,2
58436,0.44,20811776,4,2,tick,5,2
58435,0.43,20848640,4,3,tick,5,2
58438,0.45,20844544,4,4,tick,5,2
58437,0.48,20787200,4,1,tick,6,2
58436,0.48,20811776,4,2,tick,6,2
58435,0.47000000000000003,20848640,4,3,tick,6,2
58438,0.49,20844544,4,4,tick,6,2
58437,0.52,20787200,4,1,tick,7,2
58436,0.53,20811776,4,2,tick,7,2
58435,0.51,20848640,4,3,tick,7,2
58438,0.53,20844544,4,4,tick,7,2
58437,0.56,20787200,4,1,tick,8,2
58436,0.57,20811776,4,2,tick,8,2
58435,0.55,20848640,4,3,tick,8,2
58438,0.5800000000000001,20844544,4,4,tick,8,2
58437,0.6,20787200,4,1,tick,9,2
58436,0.61,20811776,4,2,tick,9,2
58435,0.59,20848640,4,3,tick,9,2
58438,0.62,20844544,4,4,tick,9,2
58437,0.65,20787200,4,1,tick,10,2
58436,0.65,20811776,4,2,tick,10,2
58435,0.63,20848640,4,3,tick,10,2
58438,0.66,20844544,4,4,tick,10,2
58437,0.68,20787200,4,1,tick,11,2
58436,0.69,20811776,4,2,tick,11,2
58435,0.67,20848640,4,3,tick,11,2
58438,0.7000000000000001,20844544,4,4,tick,11,2
58437,0.72,20787200,4,1,tick,12,2
58436,0.73,20811776,4,2,tick,12,2
58435,0.71,20848640,4,3,tick,12,2
58438,0.74,20844544,4,4,tick,12,2
58437,0.77,20787200,4,1,tick,13,2
58436,0.77,20811776,4,2,tick,13,2
58435,0.76,20848640,4,3,tick,13,2
58438,0.79,20844544,4,4,tick,13,2
58437,0.81,20787200,4,1,tick,14,2
58436,0.81,20811776,4,2,tick,14,2
58435,0.8,20848640,4,3,tick,14,2
58438,0.8300000000000001,20844544,4,4,tick,14,2
58437,0.85,20787200,4,1,tick,15,2
58436,0.85,20811776,4,2,tick,15,2
58435,0.8400000000000001,20848640,4,3,tick,15,2
58438,0.87,20844544,4,4,tick,15,2
58437,0.85,20787200,4,1,pre_checkpoint,,2
58436,0.85,20811776,4,2,pre_checkpoint,,2
58435,0.8400000000000001,20848640,4,3,pre_checkpoint,,2
58438,0.87,20844544,4,4,pre_checkpoint,,2
58437,0.89,21635072,4,1,post_checkpoint_save,,2
58436,0.89,21659648,4,2,post_checkpoint_save,,2
58435,0.89,21749760,4,3,post_checkpoint_save,,2
58438,0.91,21692416,4,4,post_checkpoint_save,,2
58437,1.02,21639168,4,1,post_checkpoint_restore,,2
58436,1.02,21663744,4,2,post_checkpoint_restore,,2
58435,1.0,21753856,4,3,post_checkpoint_restore,,2
58438,1.02,26234880,4,4,post_checkpoint_restore,,2
58530,0.12,20426752,4,1,post_boot,,3
58527,0.13,20541440,4,2,post_boot,,3
58529,0.11,20430848,4,3,post_boot,,3
58528,0.12,20422656,4,4,post_boot,,3
58530,0.28,20779008,4,1,tick,1,3
58527,0.3,20832256,4,2,tick,1,3
58529,0.28,20852736,4,3,tick,1,3
58528,0.28,20844544,4,4,tick,1,3
58530,0.32,20779008,4,1,tick,2,3
58527,0.34,20832256,4,2,tick,2,3
58529,0.32,20852736,4,3,tick,2,3
58528,0.33,20844544,4,4,tick,2,3
58530,0.36,20779008,4,1,tick,3,3
58527,0.38,20832256,4,2,tick,3,3
58529,0.36000000000000004,20852736,4,3,tick,3,3
58528,0.37,20844544,4,4,tick,3,3
58530,0.4,20779008,4,1,tick,4,3
58527,0.42,20832256,4,2,tick,4,3
58529,0.4,20852736,4,3,tick,4,3
58528,0.41000000000000003,20844544,4,4,tick,4,3
58530,0.44,20779008,4,1,tick,5,3
58527,0.46,20832256,4,2,tick,5,3
58529,0.44,20852736,4,3,tick,5,3
58528,0.45,20844544,4,4,tick,5,3
58530,0.48,20779008,4,1,tick,6,3
58527,0.5,20832256,4,2,tick,6,3
58529,0.48000000000000004,20852736,4,3,tick,6,3
58528,0.49,20844544,4,4,tick,6,3
58530,0.52,20779008,4,1,tick,7,3
58527,0.55,20832256,4,2,tick,7,3
58529,0.53,20852736,4,3,tick,7,3
58528,0.53,20844544,4,4,tick,7,3
58530,0.56,20779008,4,1,tick,8,3
58527,0.58,20832256,4,2,tick,8,3
58529,0.5700000000000001,20852736,4,3,tick,8,3
58528,0.5700000000000001,20844544,4,4,tick,8,3
58530,0.6,20779008,4,1,tick,9,3
58527,0.62,20832256,4,2,tick,9,3
58529,0.62,20852736,4,3,tick,9,3
58528,0.6,20844544,4,4,tick,9,3
58530,0.64,20779008,4,1,tick,10,3
58527,0.66,20832256,4,2,tick,10,3
58529,0.65,20852736,4,3,tick,10,3
58528,0.64,20844544,4,4,tick,10,3
58530,0.68,20779008,4,1,tick,11,3
58527,0.7,20832256,4,2,tick,11,3
58529,0.6900000000000001,20852736,4,3,tick,11,3
58528,0.68,20844544,4,4,tick,11,3
58530,0.72,20779008,4,1,tick,12,3
58527,0.74,20832256,4,2,tick,12,3
58529,0.73,20852736,4,3,tick,12,3
58528,0.72,20844544,4,4,tick,12,3
58530,0.76,20779008,4,1,tick,13,3
58527,0.78,20832256,4,2,tick,13,3
58529,0.77,20852736,4,3,tick,13,3
58528,0.76,20844544,4,4,tick,13,3
58530,0.8,20779008,4,1,tick,14,3
58527,0.8200000000000001,20832256,4,2,tick,14,3
58529,0.81,20852736,4,3,tick,14,3
58528,0.8,20844544,4,4,tick,14,3
58530,0.83,20779008,4,1,tick,15,3
58527,0.86,20832256,4,2,tick,15,3
58529,0.85,20852736,4,3,tick,15,3
58528,0.84,20844544,4,4,tick,15,3
58530,0.83,20779008,4,1,pre_checkpoint,,3
58527,0.86,20832256,4,2,pre_checkpoint,,3
58529,0.85,20852736,4,3,pre_checkpoint,,3
58528,0.84,20844544,4,4,pre_checkpoint,,3
58530,0.88,21626880,4,1,post_checkpoint_save,,3
58527,0.91,21680128,4,2,post_checkpoint_save,,3
58529,0.88,21700608,4,3,post_checkpoint_save,,3
58528,0.87,21692416,4,4,post_checkpoint_save,,3
58530,0.99,21630976,4,1,post_checkpoint_restore,,3
58527,1.03,21684224,4,2,post_checkpoint_restore,,3
58529,1.0,21704704,4,3,post_checkpoint_restore,,3
58528,0.99,21696512,4,4,post_checkpoint_restore,,3
58626,0.12,20361216,8,1,post_boot,,1
58625,0.11,20516864,8,2,post_boot,,1
58629,0.12,20361216,8,3,post_boot,,1
58623,0.11,20545536,8,4,post_boot,,1
58627,0.11,20594688,8,5,post_boot,,1
58628,0.12,20496384,8,6,post_boot,,1
58624,0.12,20492288,8,7,post_boot,,1
58630,0.12,20598784,8,8,post_boot,,1
58626,0.28,20783104,8,1,tick,1,1
58625,0.27,20803584,8,2,tick,1,1
58629,0.27,20717568,8,3,tick,1,1
58623,0.28,20832256,8,4,tick,1,1
58627,0.27,20881408,8,5,tick,1,1
58628,0.28,20783104,8,6,tick,1,1
58624,0.27,20779008,8,7,tick,1,1
58630,0.27,20885504,8,8,tick,1,1
58626,0.32,20783104,8,1,tick,2,1
58625,0.31,20803584,8,2,tick,2,1
58629,0.31,20717568,8,3,tick,2,1
58623,0.32,20832256,8,4,tick,2,1
58627,0.31,20881408,8,5,tick,2,1
58628,0.32,20783104,8,6,tick,2,1
58624,0.32,20779008,8,7,tick,2,1
58630,0.31,20885504,8,8,tick,2,1
58626,0.36,20783104,8,1,tick,3,1
58625,0.35,20803584,8,2,tick,3,1
58629,0.35000000000000003,20717568,8,3,tick,3,1
58623,0.36,20832256,8,4,tick,3,1
58627,0.35,20881408,8,5,tick,3,1
58628,0.35000000000000003,20783104,8,6,tick,3,1
58624,0.36,20779008,8,7,tick,3,1
58630,0.35,20885504,8,8,tick,3,1
58626,0.4,20783104,8,1,tick,4,1
58625,0.39,20803584,8,2,tick,4,1
58629,0.39,20717568,8,3,tick,4,1
58623,0.4,20832256,8,4,tick,4,1
58627,0.39,20881408,8,5,tick,4,1
58628,0.39,20783104,8,6,tick,4,1
58624,0.4,20779008,8,7,tick,4,1
58630,0.39,20885504,8,8,tick,4,1
58626,0.44,20783104,8,1,tick,5,1
58625,0.43,20803584,8,2,tick,5,1
58629,0.43,20717568,8,3,tick,5,1
58623,0.44,20832256,8,4,tick,5,1
58627,0.42,20881408,8,5,tick,5,1
58628,0.43,20783104,8,6,tick,5,1
58624,0.44,20779008,8,7,tick,5,1
58630,0.43,20885504,8,8,tick,5,1
58626,0.47,20783104,8,1,tick,6,1
58625,0.47,20803584,8,2,tick,6,1
58629,0.47000000000000003,20717568,8,3,tick,6,1
58623,0.48,20832256,8,4,tick,6,1
58627,0.47000000000000003,20881408,8,5,tick,6,1
58628,0.47000000000000003,20783104,8,6,tick,6,1
58624,0.48,20779008,8,7,tick,6,1
58630,0.47,20885504,8,8,tick,6,1
58626,0.51,20783104,8,1,tick,7,1
58625,0.5,20803584,8,2,tick,7,1
58629,0.5,20717568,8,3,tick,7,1
58623,0.51,20832256,8,4,tick,7,1
58627,0.51,20881408,8,5,tick,7,1
58628,0.51,20783104,8,6,tick,7,1
58624,0.52,20779008,8,7,tick,7,1
58630,0.51,20885504,8,8,tick,7,1
58626,0.55,20783104,8,1,tick,8,1
58625,0.54,20803584,8,2,tick,8,1
58629,0.54,20717568,8,3,tick,8,1
58623,0.56,20832256,8,4,tick,8,1
58627,0.55,20881408,8,5,tick,8,1
58628,0.54,20783104,8,6,tick,8,1
58624,0.56,20779008,8,7,tick,8,1
58630,0.55,20885504,8,8,tick,8,1
58626,0.59,20783104,8,1,tick,9,1
58625,0.58,20803584,8,2,tick,9,1
58629,0.59,20717568,8,3,tick,9,1
58623,0.59,20832256,8,4,tick,9,1
58627,0.59,20881408,8,5,tick,9,1
58628,0.59,20783104,8,6,tick,9,1
58624,0.6,20779008,8,7,tick,9,1
58630,0.59,20885504,8,8,tick,9,1
58626,0.63,20783104,8,1,tick,10,1
58625,0.62,20803584,8,2,tick,10,1
58629,0.62,20717568,8,3,tick,10,1
58623,0.63,20832256,8,4,tick,10,1
58627,0.63,20881408,8,5,tick,10,1
58628,0.63,20783104,8,6,tick,10,1
58624,0.64,20779008,8,7,tick,10,1
58630,0.63,20885504,8,8,tick,10,1
58626,0.67,20783104,8,1,tick,11,1
58625,0.66,20803584,8,2,tick,11,1
58629,0.66,20717568,8,3,tick,11,1
58623,0.67,20832256,8,4,tick,11,1
58627,0.67,20881408,8,5,tick,11,1
58628,0.66,20783104,8,6,tick,11,1
58624,0.68,20779008,8,7,tick,11,1
58630,0.67,20885504,8,8,tick,11,1
58626,0.71,20783104,8,1,tick,12,1
58625,0.7,20803584,8,2,tick,12,1
58629,0.7,20717568,8,3,tick,12,1
58623,0.71,20832256,8,4,tick,12,1
58627,0.7,20881408,8,5,tick,12,1
58628,0.7,20783104,8,6,tick,12,1
58624,0.72,20779008,8,7,tick,12,1
58630,0.7,20885504,8,8,tick,12,1
58626,0.75,20783104,8,1,tick,13,1
58625,0.74,20803584,8,2,tick,13,1
58629,0.74,20717568,8,3,tick,13,1
58623,0.75,20832256,8,4,tick,13,1
58627,0.74,20881408,8,5,tick,13,1
58628,0.74,20783104,8,6,tick,13,1
58624,0.76,20779008,8,7,tick,13,1
58630,0.74,20885504,8,8,tick,13,1
58626,0.8,20783104,8,1,tick,14,1
58625,0.78,20803584,8,2,tick,14,1
58629,0.78,20717568,8,3,tick,14,1
58623,0.79,20832256,8,4,tick,14,1
58627,0.78,20881408,8,5,tick,14,1
58628,0.78,20783104,8,6,tick,14,1
58624,0.8,20779008,8,7,tick,14,1
58630,0.78,20885504,8,8,tick,14,1
58626,0.83,20783104,8,1,tick,15,1
58625,0.8200000000000001,20803584,8,2,tick,15,1
58629,0.8200000000000001,20717568,8,3,tick,15,1
58623,0.83,20832256,8,4,tick,15,1
58627,0.8200000000000001,20881408,8,5,tick,15,1
58628,0.8200000000000001,20783104,8,6,tick,15,1
58624,0.84,20779008,8,7,tick,15,1
58630,0.82,20885504,8,8,tick,15,1
58626,0.83,20783104,8,1,pre_checkpoint,,1
58625,0.8200000000000001,20803584,8,2,pre_checkpoint,,1
58629,0.8200000000000001,20717568,8,3,pre_checkpoint,,1
58623,0.83,20832256,8,4,pre_checkpoint,,1
58627,0.8200000000000001,20881408,8,5,pre_checkpoint,,1
58628,0.8200000000000001,20783104,8,6,pre_checkpoint,,1
58624,0.84,20779008,8,7,pre_checkpoint,,1
58630,0.82,20885504,8,8,pre_checkpoint,,1
58626,0.87,21680128,8,1,post_checkpoint_save,,1
58625,0.85,21651456,8,2,post_checkpoint_save,,1
58629,0.87,21540864,8,3,post_checkpoint_save,,1
58623,0.87,21680128,8,4,post_checkpoint_save,,1
58627,0.86,21704704,8,5,post_checkpoint_save,,1
58628,0.87,21630976,8,6,post_checkpoint_save,,1
58624,0.88,21626880,8,7,post_checkpoint_save,,1
58630,0.87,21729280,8,8,post_checkpoint_save,,1
58626,0.99,21688320,8,1,post_checkpoint_restore,,1
58625,0.97,21655552,8,2,post_checkpoint_restore,,1
58629,0.99,26083328,8,3,post_checkpoint_restore,,1
58623,0.99,21684224,8,4,post_checkpoint_restore,,1
58627,0.97,21708800,8,5,post_checkpoint_restore,,1
58628,1.0,21635072,8,6,post_checkpoint_restore,,1
58624,0.99,21630976,8,7,post_checkpoint_restore,,1
58630,0.98,21737472,8,8,post_checkpoint_restore,,1
58809,0.12,20566016,8,1,post_boot,,2
58808,0.11,20545536,8,2,post_boot,,2
58812,0.12,20451328,8,3,post_boot,,2
58811,0.12,20340736,8,4,post_boot,,2
58813,0.11,20512768,8,5,post_boot,,2
58810,0.11,20316160,8,6,post_boot,,2
58815,0.11,20398080,8,7,post_boot,,2
58814,0.11,20496384,8,8,post_boot,,2
58809,0.29,20787200,8,1,tick,1,2
58808,0.27,20766720,8,2,tick,1,2
58812,0.28,20869120,8,3,tick,1,2
58811,0.31,20758528,8,4,tick,1,2
58813,0.28,20803584,8,5,tick,1,2
58810,0.27,20738048,8,6,tick,1,2
58815,0.27,20750336,8,7,tick,1,2
58814,0.28,20848640,8,8,tick,1,2
58809,0.33,20787200,8,1,tick,2,2
58808,0.31,20766720,8,2,tick,2,2
58812,0.32,20869120,8,3,tick,2,2
58811,0.35,20758528,8,4,tick,2,2
58813,0.32,20803584,8,5,tick,2,2
58810,0.31,20738048,8,6,tick,2,2
58815,0.31,20750336,8,7,tick,2,2
58814,0.32,20848640,8,8,tick,2,2
58809,0.37,20787200,8,1,tick,3,2
58808,0.35,20766720,8,2,tick,3,2
58812,0.36,20869120,8,3,tick,3,2
58811,0.39,20758528,8,4,tick,3,2
58813,0.36,20803584,8,5,tick,3,2
58810,0.35000000000000003,20738048,8,6,tick,3,2
58815,0.35000000000000003,20750336,8,7,tick,3,2
58814,0.36,20848640,8,8,tick,3,2
58809,0.41,20787200,8,1,tick,4,2
58808,0.39,20766720,8,2,tick,4,2
58812,0.39,20869120,8,3,tick,4,2
58811,0.43,20758528,8,4,tick,4,2
58813,0.4,20803584,8,5,tick,4,2
58810,0.39,20738048,8,6,tick,4,2
58815,0.39,20750336,8,7,tick,4,2
58814,0.39,20848640,8,8,tick,4,2
58809,0.45,20787200,8,1,tick,5,2
58808,0.43,20766720,8,2,tick,5,2
58812,0.43,20869120,8,3,tick,5,2
58811,0.46,20758528,8,4,tick,5,2
58813,0.44,20803584,8,5,tick,5,2
58810,0.43,20738048,8,6,tick,5,2
58815,0.43,20750336,8,7,tick,5,2
58814,0.43,20848640,8,8,tick,5,2
58809,0.49,20787200,8,1,tick,6,2
58808,0.47000000000000003,20766720,8,2,tick,6,2
58812,0.47,20869120,8,3,tick,6,2
58811,0.51,20758528,8,4,tick,6,2
58813,0.48,20803584,8,5,tick,6,2
58810,0.47000000000000003,20738048,8,6,tick,6,2
58815,0.47000000000000003,20750336,8,7,tick,6,2
58814,0.48,20848640,8,8,tick,6,2
58809,0.53,20787200,8,1,tick,7,2
58808,0.51,20766720,8,2,tick,7,2
58812,0.51,20869120,8,3,tick,7,2
58811,0.55,20758528,8,4,tick,7,2
58813,0.52,20803584,8,5,tick,7,2
58810,0.51,20738048,8,6,tick,7,2
58815,0.51,20750336,8,7,tick,7,2
58814,0.52,20848640,8,8,tick,7,2
58809,0.57,20787200,8,1,tick,8,2
58808,0.55,20766720,8,2,tick,8,2
58812,0.55,20869120,8,3,tick,8,2
58811,0.59,20758528,8,4,tick,8,2
58813,0.56,20803584,8,5,tick,8,2
58810,0.55,20738048,8,6,tick,8,2
58815,0.55,20750336,8,7,tick,8,2
58814,0.55,20848640,8,8,tick,8,2
58809,0.61,20787200,8,1,tick,9,2
58808,0.59,20766720,8,2,tick,9,2
58812,0.58,20869120,8,3,tick,9,2
58811,0.63,20758528,8,4,tick,9,2
58813,0.59,20803584,8,5,tick,9,2
58810,0.58,20738048,8,6,tick,9,2
58815,0.58,20750336,8,7,tick,9,2
58814,0.59,20848640,8,8,tick,9,2
58809,0.65,20787200,8,1,tick,10,2
58808,0.62,20766720,8,2,tick,10,2
58812,0.62,20869120,8,3,tick,10,2
58811,0.67,20758528,8,4,tick,10,2
58813,0.63,20803584,8,5,tick,10,2
58810,0.62,20738048,8,6,tick,10,2
58815,0.62,20750336,8,7,tick,10,2
58814,0.63,20848640,8,8,tick,10,2
58809,0.69,20787200,8,1,tick,11,2
58808,0.66,20766720,8,2,tick,11,2
58812,0.66,20869120,8,3,tick,11,2
58811,0.7,20758528,8,4,tick,11,2
58813,0.67,20803584,8,5,tick,11,2
58810,0.66,20738048,8,6,tick,11,2
58815,0.67,20750336,8,7,tick,11,2
58814,0.67,20848640,8,8,tick,11,2
58809,0.73,20787200,8,1,tick,12,2
58808,0.7,20766720,8,2,tick,12,2
58812,0.7,20869120,8,3,tick,12,2
58811,0.74,20758528,8,4,tick,12,2
58813,0.71,20803584,8,5,tick,12,2
58810,0.7,20738048,8,6,tick,12,2
58815,0.71,20750336,8,7,tick,12,2
58814,0.71,20848640,8,8,tick,12,2
58809,0.76,20787200,8,1,tick,13,2
58808,0.74,20766720,8,2,tick,13,2
58812,0.74,20869120,8,3,tick,13,2
58811,0.78,20758528,8,4,tick,13,2
58813,0.75,20803584,8,5,tick,13,2
58810,0.74,20738048,8,6,tick,13,2
58815,0.76,20750336,8,7,tick,13,2
58814,0.75,20848640,8,8,tick,13,2
58809,0.8,20787200,8,1,tick,14,2
58808,0.78,20766720,8,2,tick,14,2
58812,0.78,20869120,8,3,tick,14,2
58811,0.82,20758528,8,4,tick,14,2
58813,0.79,20803584,8,5,tick,14,2
58810,0.78,20738048,8,6,tick,14,2
58815,0.8,20750336,8,7,tick,14,2
58814,0.79,20848640,8,8,tick,14,2
58809,0.84,20787200,8,1,tick,15,2
58808,0.8200000000000001,20766720,8,2,tick,15,2
58812,0.82,20869120,8,3,tick,15,2
58811,0.86,20758528,8,4,tick,15,2
58813,0.83,20803584,8,5,tick,15,2
58810,0.8200000000000001,20738048,8,6,tick,15,2
58815,0.8300000000000001,20750336,8,7,tick,15,2
58814,0.83,20848640,8,8,tick,15,2
58809,0.84,20787200,8,1,pre_checkpoint,,2
58808,0.8200000000000001,20766720,8,2,pre_checkpoint,,2
58812,0.82,20869120,8,3,pre_checkpoint,,2
58811,0.86,20758528,8,4,pre_checkpoint,,2
58813,0.83,20803584,8,5,pre_checkpoint,,2
58810,0.8200000000000001,20738048,8,6,pre_checkpoint,,2
58815,0.8300000000000001,20750336,8,7,pre_checkpoint,,2
58814,0.83,20848640,8,8,pre_checkpoint,,2
58809,0.88,21635072,8,1,post_checkpoint_save,,2
58808,0.85,21610496,8,2,post_checkpoint_save,,2
58812,0.86,21716992,8,3,post_checkpoint_save,,2
58811,0.9,21606400,8,4,post_checkpoint_save,,2
58813,0.86,21647360,8,5,post_checkpoint_save,,2
58810,0.86,21585920,8,6,post_checkpoint_save,,2
58815,0.88,21598208,8,7,post_checkpoint_save,,2
58814,0.87,21696512,8,8,post_checkpoint_save,,2
58809,1.0,21639168,8,1,post_checkpoint_restore,,2
58808,0.97,21618688,8,2,post_checkpoint_restore,,2
58812,0.97,21721088,8,3,post_checkpoint_restore,,2
58811,1.01,21610496,8,4,post_checkpoint_restore,,2
58813,0.98,21655552,8,5,post_checkpoint_restore,,2
58810,0.97,26128384,8,6,post_checkpoint_restore,,2
58815,0.99,21602304,8,7,post_checkpoint_restore,,2
58814,0.98,26238976,8,8,post_checkpoint_restore,,2
58998,0.11,20471808,8,1,post_boot,,3
59000,0.11,20553728,8,2,post_boot,,3
58997,0.12,20439040,8,3,post_boot,,3
58996,0.11,20512768,8,4,post_boot,,3
59002,0.11,20451328,8,5,post_boot,,3
58999,0.11,20398080,8,6,post_boot,,3
59003,0.11,20545536,8,7,post_boot,,3
59001,0.11,20434944,8,8,post_boot,,3
58998,0.27,20758528,8,1,tick,1,3
59000,0.27,20844544,8,2,tick,1,3
58997,0.29,20860928,8,3,tick,1,3
58996,0.27,20799488,8,4,tick,1,3
59002,0.27,20742144,8,5,tick,1,3
58999,0.28,20750336,8,6,tick,1,3
59003,0.28,20901888,8,7,tick,1,3
59001,0.28,20791296,8,8,tick,1,3
58998,0.31,20758528,8,1,tick,2,3
59000,0.31,20844544,8,2,tick,2,3
58997,0.33,20860928,8,3,tick,2,3
58996,0.31,20799488,8,4,tick,2,3
59002,0.31,20742144,8,5,tick,2,3
58999,0.32,20750336,8,6,tick,2,3
59003,0.32,20901888,8,7,tick,2,3
59001,0.32,20791296,8,8,tick,2,3
58998,0.35,20758528,8,1,tick,3,3
59000,0.35000000000000003,20844544,8,2,tick,3,3
58997,0.37,20860928,8,3,tick,3,3
58996,0.35000000000000003,20799488,8,4,tick,3,3
59002,0.35,20742144,8,5,tick,3,3
58999,0.36,20750336,8,6,tick,3,3
59003,0.36,20901888,8,7,tick,3,3
59001,0.35,20791296,8,8,tick,3,3
58998,0.39,20758528,8,1,tick,4,3
59000,0.39,20844544,8,2,tick,4,3
58997,0.41,20860928,8,3,tick,4,3
58996,0.39,20799488,8,4,tick,4,3
59002,0.39,20742144,8,5,tick,4,3
58999,0.4,20750336,8,6,tick,4,3
59003,0.4,20901888,8,7,tick,4,3
59001,0.39,20791296,8,8,tick,4,3
58998,0.43,20758528,8,1,tick,5,3
59000,0.43,20844544,8,2,tick,5,3
58997,0.44,20860928,8,3,tick,5,3
58996,0.43,20799488,8,4,tick,5,3
59002,0.43,20742144,8,5,tick,5,3
58999,0.44,20750336,8,6,tick,5,3
59003,0.44,20901888,8,7,tick,5,3
59001,0.43,20791296,8,8,tick,5,3
58998,0.47,20758528,8,1,tick,6,3
59000,0.47000000000000003,20844544,8,2,tick,6,3
58997,0.48,20860928,8,3,tick,6,3
58996,0.47000000000000003,20799488,8,4,tick,6,3
59002,0.47,20742144,8,5,tick,6,3
58999,0.48,20750336,8,6,tick,6,3
59003,0.48,20901888,8,7,tick,6,3
59001,0.47,20791296,8,8,tick,6,3
58998,0.51,20758528,8,1,tick,7,3
59000,0.51,20844544,8,2,tick,7,3
58997,0.52,20860928,8,3,tick,7,3
58996,0.51,20799488,8,4,tick,7,3
59002,0.5,20742144,8,5,tick,7,3
58999,0.52,20750336,8,6,tick,7,3
59003,0.52,20901888,8,7,tick,7,3
59001,0.51,20791296,8,8,tick,7,3
58998,0.55,20758528,8,1,tick,8,3
59000,0.55,20844544,8,2,tick,8,3
58997,0.56,20860928,8,3,tick,8,3
58996,0.55,20799488,8,4,tick,8,3
59002,0.55,20742144,8,5,tick,8,3
58999,0.56,20750336,8,6,tick,8,3
59003,0.56,20901888,8,7,tick,8,3
59001,0.55,20791296,8,8,tick,8,3
58998,0.59,20758528,8,1,tick,9,3
59000,0.59,20844544,8,2,tick,9,3
58997,0.6,20860928,8,3,tick,9,3
58996,0.59,20799488,8,4,tick,9,3
59002,0.58,20742144,8,5,tick,9,3
58999,0.6,20750336,8,6,tick,9,3
59003,0.6,20901888,8,7,tick,9,3
59001,0.59,20791296,8,8,tick,9,3
58998,0.63,20758528,8,1,tick,10,3
59000,0.63,20844544,8,2,tick,10,3
58997,0.64,20860928,8,3,tick,10,3
58996,0.63,20799488,8,4,tick,10,3
59002,0.62,20742144,8,5,tick,10,3
58999,0.64,20750336,8,6,tick,10,3
59003,0.63,20901888,8,7,tick,10,3
59001,0.63,20791296,8,8,tick,10,3
58998,0.66,20758528,8,1,tick,11,3
59000,0.67,20844544,8,2,tick,11,3
58997,0.68,20860928,8,3,tick,11,3
58996,0.67,20799488,8,4,tick,11,3
59002,0.66,20742144,8,5,tick,11,3
58999,0.68,20750336,8,6,tick,11,3
59003,0.67,20901888,8,7,tick,11,3
59001,0.67,20791296,8,8,tick,11,3
58998,0.71,20758528,8,1,tick,12,3
59000,0.71,20844544,8,2,tick,12,3
58997,0.72,20860928,8,3,tick,12,3
58996,0.7,20799488,8,4,tick,12,3
59002,0.7,20742144,8,5,tick,12,3
58999,0.72,20750336,8,6,tick,12,3
59003,0.71,20901888,8,7,tick,12,3
59001,0.7,20791296,8,8,tick,12,3
58998,0.75,20758528,8,1,tick,13,3
59000,0.75,20844544,8,2,tick,13,3
58997,0.75,20860928,8,3,tick,13,3
58996,0.74,20799488,8,4,tick,13,3
59002,0.74,20742144,8,5,tick,13,3
58999,0.76,20750336,8,6,tick,13,3
59003,0.75,20901888,8,7,tick,13,3
59001,0.74,20791296,8,8,tick,13,3
58998,0.79,20758528,8,1,tick,14,3
59000,0.78,20844544,8,2,tick,14,3
58997,0.79,20860928,8,3,tick,14,3
58996,0.78,20799488,8,4,tick,14,3
59002,0.78,20742144,8,5,tick,14,3
58999,0.8,20750336,8,6,tick,14,3
59003,0.79,20901888,8,7,tick,14,3
59001,0.78,20791296,8,8,tick,14,3
58998,0.83,20758528,8,1,tick,15,3
59000,0.8200000000000001,20844544,8,2,tick,15,3
58997,0.83,20860928,8,3,tick,15,3
58996,0.8200000000000001,20799488,8,4,tick,15,3
59002,0.82,20742144,8,5,tick,15,3
58999,0.84,20750336,8,6,tick,15,3
59003,0.83,20901888,8,7,tick,15,3
59001,0.82,20791296,8,8,tick,15,3
58998,0.83,20758528,8,1,pre_checkpoint,,3
59000,0.8200000000000001,20844544,8,2,pre_checkpoint,,3
58997,0.83,20860928,8,3,pre_checkpoint,,3
58996,0.8200000000000001,20799488,8,4,pre_checkpoint,,3
59002,0.82,20742144,8,5,pre_checkpoint,,3
58999,0.84,20750336,8,6,pre_checkpoint,,3
59003,0.83,20901888,8,7,pre_checkpoint,,3
59001,0.82,20791296,8,8,pre_checkpoint,,3
58998,0.87,21602304,8,1,post_checkpoint_save,,3
59000,0.86,21692416,8,2,post_checkpoint_save,,3
58997,0.87,21762048,8,3,post_checkpoint_save,,3
58996,0.86,21647360,8,4,post_checkpoint_save,,3
59002,0.87,21590016,8,5,post_checkpoint_save,,3
58999,0.87,21598208,8,6,post_checkpoint_save,,3
59003,0.87,21749760,8,7,post_checkpoint_save,,3
59001,0.87,21639168,8,8,post_checkpoint_save,,3
58998,0.98,21610496,8,1,post_checkpoint_restore,,3
59000,0.98,21696512,8,2,post_checkpoint_restore,,3
58997,0.99,21766144,8,3,post_checkpoint_restore,,3
58996,0.98,26189824,8,4,post_checkpoint_restore,,3
59002,0.98,21594112,8,5,post_checkpoint_restore,,3
58999,1.0,21602304,8,6,post_checkpoint_restore,,3
59003,0.99,21753856,8,7,post_checkpoint_restore,,3
59001,0.99,21643264,8,8,post_checkpoint_restore,,3
59190,0.12,20434944,16,1,post_boot,,1
59188,0.12,20430848,16,2,post_boot,,1
59178,0.12,20500480,16,3,post_boot,,1
59189,0.11,20619264,16,4,post_boot,,1
59197,0.12,20500480,16,5,post_boot,,1
59192,0.11,20512768,16,6,post_boot,,1
59200,0.11,20488192,16,7,post_boot,,1
59195,0.12,20619264,16,8,post_boot,,1
59193,0.12,20627456,16,9,post_boot,,1
59199,0.12,20533248,16,10,post_boot,,1
59202,0.11,20426752,16,11,post_boot,,1
59201,0.12,20619264,16,12,post_boot,,1
59194,0.11,20484096,16,13,post_boot,,1
59198,0.12,20541440,16,14,post_boot,,1
59203,0.12,20443136,16,15,post_boot,,1
59196,0.11,20414464,16,16,post_boot,,1
59190,0.27,20852736,16,1,tick,1,1
59188,0.27,20783104,16,2,tick,1,1
59178,0.28,20852736,16,3,tick,1,1
59189,0.28,20905984,16,4,tick,1,1
59197,0.27,20852736,16,5,tick,1,1
59192,0.27,20869120,16,6,tick,1,1
59200,0.27,20840448,16,7,tick,1,1
59195,0.28,20905984,16,8,tick,1,1
59193,0.28,20852736,16,9,tick,1,1
59199,0.27,20819968,16,10,tick,1,1
59202,0.27,20848640,16,11,tick,1,1
59201,0.28,20905984,16,12,tick,1,1
59194,0.27,20840448,16,13,tick,1,1
59198,0.28,20828160,16,14,tick,1,1
59203,0.28,20733952,16,15,tick,1,1
59196,0.27,20766720,16,16,tick,1,1
59190,0.31,20852736,16,1,tick,2,1
59188,0.31,20783104,16,2,tick,2,1
59178,0.32,20852736,16,3,tick,2,1
59189,0.32,20905984,16,4,tick,2,1
59197,0.31,20852736,16,5,tick,2,1
59192,0.31,20869120,16,6,tick,2,1
59200,0.31,20840448,16,7,tick,2,1
59195,0.32,20905984,16,8,tick,2,1
59193,0.32,20852736,16,9,tick,2,1
59199,0.31,20819968,16,10,tick,2,1
59202,0.31,20848640,16,11,tick,2,1
59201,0.31,20905984,16,12,tick,2,1
59194,0.31,20840448,16,13,tick,2,1
59198,0.32,20828160,16,14,tick,2,1
59203,0.32,20733952,16,15,tick,2,1
59196,0.31,20766720,16,16,tick,2,1
59190,0.35,20852736,16,1,tick,3,1
59188,0.35000000000000003,20783104,16,2,tick,3,1
59178,0.36,20852736,16,3,tick,3,1
59189,0.35,20905984,16,4,tick,3,1
59197,0.35000000000000003,20852736,16,5,tick,3,1
59192,0.35,20869120,16,6,tick,3,1
59200,0.35,20840448,16,7,tick,3,1
59195,0.36,20905984,16,8,tick,3,1
59193,0.36,20852736,16,9,tick,3,1
59199,0.35,20819968,16,10,tick,3,1
59202,0.35,20848640,16,11,tick,3,1
59201,0.35,20905984,16,12,tick,3,1
59194,0.35000000000000003,20840448,16,13,tick,3,1
59198,0.36,20828160,16,14,tick,3,1
59203,0.36,20733952,16,15,tick,3,1
59196,0.35,20766720,16,16,tick,3,1
59190,0.39,20852736,16,1,tick,4,1
59188,0.39,20783104,16,2,tick,4,1
59178,0.39,20852736,16,3,tick,4,1
59189,0.39,20905984,16,4,tick,4,1
59197,0.39,20852736,16,5,tick,4,1
59192,0.39,20869120,16,6,tick,4,1
59200,0.39,20840448,16,7,tick,4,1
59195,0.39,20905984,16,8,tick,4,1
59193,0.4,20852736,16,9,tick,4,1
59199,0.39,20819968,16,10,tick,4,1
59202,0.39,20848640,16,11,tick,4,1
59201,0.39,20905984,16,12,tick,4,1
59194,0.39,20840448,16,13,tick,4,1
59198,0.39,20828160,16,14,tick,4,1
59203,0.4,20733952,16,15,tick,4,1
59196,0.39,20766720,16,16,tick,4,1
59190,0.43,20852736,16,1,tick,5,1
59188,0.42,20783104,16,2,tick,5,1
59178,0.43,20852736,16,3,tick,5,1
59189,0.43,20905984,16,4,tick,5,1
59197,0.43,20852736,16,5,tick,5,1
59192,0.43,20869120,16,6,tick,5,1
59200,0.43,20840448,16,7,tick,5,1
59195,0.43,20905984,16,8,tick,5,1
59193,0.44,20852736,16,9,tick,5,1
59199,0.42,20819968,16,10,tick,5,1
59202,0.43,20848640,16,11,tick,5,1
59201,0.43,20905984,16,12,tick,5,1
59194,0.43,20840448,16,13,tick,5,1
59198,0.44,20828160,16,14,tick,5,1
59203,0.44,20733952,16,15,tick,5,1
59196,0.43,20766720,16,16,tick,5,1
59190,0.47,20852736,16,1,tick,6,1
59188,0.46,20783104,16,2,tick,6,1
59178,0.47000000000000003,20852736,16,3,tick,6,1
59189,0.47,20905984,16,4,tick,6,1
59197,0.47000000000000003,20852736,16,5,tick,6,1
59192,0.47,20869120,16,6,tick,6,1
59200,0.47,20840448,16,7,tick,6,1
59195,0.47,20905984,16,8,tick,6,1
59193,0.48,20852736,16,9,tick,6,1
59199,0.46,20819968,16,10,tick,6,1
59202,0.47,20848640,16,11,tick,6,1
59201,0.47,20905984,16,12,tick,6,1
59194,0.47000000000000003,20840448,16,13,tick,6,1
59198,0.48,20828160,16,14,tick,6,1
59203,0.48,20733952,16,15,tick,6,1
59196,0.46,20766720,16,16,tick,6,1
59190,0.51,20852736,16,1,tick,7,1
59188,0.5,20783104,16,2,tick,7,1
59178,0.51,20852736,16,3,tick,7,1
59189,0.51,20905984,16,4,tick,7,1
59197,0.5,20852736,16,5,tick,7,1
59192,0.51,20869120,16,6,tick,7,1
59200,0.51,20840448,16,7,tick,7,1
59195,0.51,20905984,16,8,tick,7,1
59193,0.51,20852736,16,9,tick,7,1
59199,0.5,20819968,16,10,tick,7,1
59202,0.51,20848640,16,11,tick,7,1
59201,0.51,20905984,16,12,tick,7,1
59194,0.51,20840448,16,13,tick,7,1
59198,0.52,20828160,16,14,tick,7,1
59203,0.52,20733952,16,15,tick,7,1
59196,0.5,20766720,16,16,tick,7,1
59190,0.55,20852736,16,1,tick,8,1
59188,0.54,20783104,16,2,tick,8,1
59178,0.55,20852736,16,3,tick,8,1
59189,0.55,20905984,16,4,tick,8,1
59197,0.54,20852736,16,5,tick,8,1
59192,0.55,20869120,16,6,tick,8,1
59200,0.55,20840448,16,7,tick,8,1
59195,0.55,20905984,16,8,tick,8,1
59193,0.55,20852736,16,9,tick,8,1
59199,0.54,20819968,16,10,tick,8,1
59202,0.55,20848640,16,11,tick,8,1
59201,0.55,20905984,16,12,tick,8,1
59194,0.55,20840448,16,13,tick,8,1
59198,0.56,20828160,16,14,tick,8,1
59203,0.56,20733952,16,15,tick,8,1
59196,0.54,20766720,16,16,tick,8,1
59190,0.59,20852736,16,1,tick,9,1
59188,0.58,20783104,16,2,tick,9,1
59178,0.59,20852736,16,3,tick,9,1
59189,0.59,20905984,16,4,tick,9,1
59197,0.58,20852736,16,5,tick,9,1
59192,0.59,20869120,16,6,tick,9,1
59200,0.59,20840448,16,7,tick,9,1
59195,0.59,20905984,16,8,tick,9,1
59193,0.59,20852736,16,9,tick,9,1
59199,0.58,20819968,16,10,tick,9,1
59202,0.59,20848640,16,11,tick,9,1
59201,0.59,20905984,16,12,tick,9,1
59194,0.59,20840448,16,13,tick,9,1
59198,0.59,20828160,16,14,tick,9,1
59203,0.6,20733952,16,15,tick,9,1
59196,0.58,20766720,16,16,tick,9,1
59190,0.63,20852736,16,1,tick,10,1
59188,0.62,20783104,16,2,tick,10,1
59178,0.63,20852736,16,3,tick,10,1
59189,0.63,20905984,16,4,tick,10,1
59197,0.62,20852736,16,5,tick,10,1
59192,0.63,20869120,16,6,tick,10,1
59200,0.63,20840448,16,7,tick,10,1
59195,0.63,20905984,16,8,tick,10,1
59193,0.63,20852736,16,9,tick,10,1
59199,0.62,20819968,16,10,tick,10,1
59202,0.63,20848640,16,11,tick,10,1
59201,0.63,20905984,16,12,tick,10,1
59194,0.62,20840448,16,13,tick,10,1
59198,0.64,20828160,16,14,tick,10,1
59203,0.64,20733952,16,15,tick,10,1
59196,0.62,20766720,16,16,tick,10,1
59190,0.67,20852736,16,1,tick,11,1
59188,0.66,20783104,16,2,tick,11,1
59178,0.67,20852736,16,3,tick,11,1
59189,0.68,20905984,16,4,tick,11,1
59197,0.66,20852736,16,5,tick,11,1
59192,0.68,20869120,16,6,tick,11,1
59200,0.67,20840448,16,7,tick,11,1
59195,0.67,20905984,16,8,tick,11,1
59193,0.68,20852736,16,9,tick,11,1
59199,0.66,20819968,16,10,tick,11,1
59202,0.67,20848640,16,11,tick,11,1
59201,0.67,20905984,16,12,tick,11,1
59194,0.67,20840448,16,13,tick,11,1
59198,0.68,20828160,16,14,tick,11,1
59203,0.68,20733952,16,15,tick,11,1
59196,0.66,20766720,16,16,tick,11,1
59190,0.71,20852736,16,1,tick,12,1
59188,0.7,20783104,16,2,tick,12,1
59178,0.71,20852736,16,3,tick,12,1
59189,0.71,20905984,16,4,tick,12,1
59197,0.7,20852736,16,5,tick,12,1
59192,0.71,20869120,16,6,tick,12,1
59200,0.71,20840448,16,7,tick,12,1
59195,0.71,20905984,16,8,tick,12,1
59193,0.71,20852736,16,9,tick,12,1
59199,0.7,20819968,16,10,tick,12,1
59202,0.71,20848640,16,11,tick,12,1
59201,0.71,20905984,16,12,tick,12,1
59194,0.71,20840448,16,13,tick,12,1
59198,0.72,20828160,16,14,tick,12,1
59203,0.72,20733952,16,15,tick,12,1
59196,0.7,20766720,16,16,tick,12,1
59190,0.75,20852736,16,1,tick,13,1
59188,0.74,20783104,16,2,tick,13,1
59178,0.75,20852736,16,3,tick,13,1
59189,0.76,20905984,16,4,tick,13,1
59197,0.74,20852736,16,5,tick,13,1
59192,0.75,20869120,16,6,tick,13,1
59200,0.75,20840448,16,7,tick,13,1
59195,0.75,20905984,16,8,tick,13,1
59193,0.75,20852736,16,9,tick,13,1
59199,0.74,20819968,16,10,tick,13,1
59202,0.75,20848640,16,11,tick,13,1
59201,0.75,20905984,16,12,tick,13,1
59194,0.75,20840448,16,13,tick,13,1
59198,0.76,20828160,16,14,tick,13,1
59203,0.76,20733952,16,15,tick,13,1
59196,0.74,20766720,16,16,tick,13,1
59190,0.79,20852736,16,1,tick,14,1
59188,0.78,20783104,16,2,tick,14,1
59178,0.79,20852736,16,3,tick,14,1
59189,0.79,20905984,16,4,tick,14,1
59197,0.78,20852736,16,5,tick,14,1
59192,0.79,20869120,16,6,tick,14,1
59200,0.79,20840448,16,7,tick,14,1
59195,0.79,20905984,16,8,tick,14,1
59193,0.79,20852736,16,9,tick,14,1
59199,0.78,20819968,16,10,tick,14,1
59202,0.79,20848640,16,11,tick,14,1
59201,0.79,20905984,16,12,tick,14,1
59194,0.79,20840448,16,13,tick,14,1
59198,0.8,20828160,16,14,tick,14,1
59203,0.8,20733952,16,15,tick,14,1
59196,0.78,20766720,16,16,tick,14,1
59190,0.83,20852736,16,1,tick,15,1
59188,0.8200000000000001,20783104,16,2,tick,15,1
59178,0.83,20852736,16,3,tick,15,1
59189,0.83,20905984,16,4,tick,15,1
59197,0.8200000000000001,20852736,16,5,tick,15,1
59192,0.83,20869120,16,6,tick,15,1
59200,0.83,20840448,16,7,tick,15,1
59195,0.83,20905984,16,8,tick,15,1
59193,0.83,20852736,16,9,tick,15,1
59199,0.82,20819968,16,10,tick,15,1
59202,0.82,20848640,16,11,tick,15,1
59201,0.83,20905984,16,12,tick,15,1
59194,0.83,20840448,16,13,tick,15,1
59198,0.83,20828160,16,14,tick,15,1
59203,0.85,20733952,16,15,tick,15,1
59196,0.82,20766720,16,16,tick,15,1
59190,0.83,20852736,16,1,pre_checkpoint,,1
59188,0.8200000000000001,20783104,16,2,pre_checkpoint,,1
59178,0.83,20852736,16,3,pre_checkpoint,,1
59189,0.83,20905984,16,4,pre_checkpoint,,1
59197,0.8200000000000001,20852736,16,5,pre_checkpoint,,1
59192,0.83,20869120,16,6,pre_checkpoint,,1
59200,0.83,20840448,16,7,pre_checkpoint,,1
59195,0.83,20905984,16,8,pre_checkpoint,,1
59193,0.83,20852736,16,9,pre_checkpoint,,1
59199,0.82,20819968,16,10,pre_checkpoint,,1
59202,0.82,20848640,16,11,pre_checkpoint,,1
59201,0.83,20905984,16,12,pre_checkpoint,,1
59194,0.83,20840448,16,13,pre_checkpoint,,1
59198,0.83,20828160,16,14,pre_checkpoint,,1
59203,0.85,20733952,16,15,pre_checkpoint,,1
59196,0.82,20766720,16,16,pre_checkpoint,,1
59190,0.87,21700608,16,1,post_checkpoint_save,,1
59188,0.86,21630976,16,2,post_checkpoint_save,,1
59178,0.87,21700608,16,3,post_checkpoint_save,,1
59189,0.87,21753856,16,4,post_checkpoint_save,,1
59197,0.86,21700608,16,5,post_checkpoint_save,,1
59192,0.87,21712896,16,6,post_checkpoint_save,,1
59200,0.87,21688320,16,7,post_checkpoint_save,,1
59195,0.87,21749760,16,8,post_checkpoint_save,,1
59193,0.87,21700608,16,9,post_checkpoint_save,,1
59199,0.86,21667840,16,10,post_checkpoint_save,,1
59202,0.87,21692416,16,11,post_checkpoint_save,,1
59201,0.87,21749760,16,12,post_checkpoint_save,,1
59194,0.87,21684224,16,13,post_checkpoint_save,,1
59198,0.87,21676032,16,14,post_checkpoint_save,,1
59203,0.88,21577728,16,15,post_checkpoint_save,,1
59196,0.86,21610496,16,16,post_checkpoint_save,,1
59190,0.99,21704704,16,1,post_checkpoint_restore,,1
59188,0.99,21635072,16,2,post_checkpoint_restore,,1
59178,0.99,21704704,16,3,post_checkpoint_restore,,1
59189,0.99,21757952,16,4,post_checkpoint_restore,,1
59197,0.98,21704704,16,5,post_checkpoint_restore,,1
59192,0.99,21716992,16,6,post_checkpoint_restore,,1
59200,0.99,21692416,16,7,post_checkpoint_restore,,1
59195,1.0,21757952,16,8,post_checkpoint_restore,,1
59193,0.98,21704704,16,9,post_checkpoint_restore,,1
59199,0.98,21671936,16,10,post_checkpoint_restore,,1
59202,0.99,21700608,16,11,post_checkpoint_restore,,1
59201,0.99,21753856,16,12,post_checkpoint_restore,,1
59194,0.99,21692416,16,13,post_checkpoint_restore,,1
59198,0.99,21680128,16,14,post_checkpoint_restore,,1
59203,1.01,21585920,16,15,post_checkpoint_restore,,1
59196,0.98,26152960,16,16,post_checkpoint_restore,,1
59548,0.11,20582400,16,1,post_boot,,2
59550,0.12,20545536,16,2,post_boot,,2
59558,0.12,20357120,16,3,post_boot,,2
59559,0.12,20328448,16,4,post_boot,,2
59549,0.12,20480000,16,5,post_boot,,2
59551,0.12,20676608,16,6,post_boot,,2
59552,0.11,20533248,16,7,post_boot,,2
59563,0.11,20615168,16,8,post_boot,,2
59561,0.11,20402176,16,9,post_boot,,2
59557,0.11,20541440,16,10,post_boot,,2
59556,0.11,20619264,16,11,post_boot,,2
59553,0.11,20492288,16,12,post_boot,,2
59554,0.11,20512768,16,13,post_boot,,2
59555,0.12,20615168,16,14,post_boot,,2
59560,0.11,20492288,16,15,post_boot,,2
59562,0.11,20426752,16,16,post_boot,,2
59548,0.28,20869120,16,1,tick,1,2
59550,0.28,20897792,16,2,tick,1,2
59558,0.28,20779008,16,3,tick,1,2
59559,0.27,20684800,16,4,tick,1,2
59549,0.28,20766720,16,5,tick,1,2
59551,0.28,20901888,16,6,tick,1,2
59552,0.28,20889600,16,7,tick,1,2
59563,0.27,20901888,16,8,tick,1,2
59561,0.27,20688896,16,9,tick,1,2
59557,0.28,20828160,16,10,tick,1,2
59556,0.27,20905984,16,11,tick,1,2
59553,0.28,20783104,16,12,tick,1,2
59554,0.27,20803584,16,13,tick,1,2
59555,0.27,20905984,16,14,tick,1,2
59560,0.28,20783104,16,15,tick,1,2
59562,0.28,20844544,16,16,tick,1,2
59548,0.32,20869120,16,1,tick,2,2
59550,0.32,20897792,16,2,tick,2,2
59558,0.32,20779008,16,3,tick,2,2
59559,0.31,20684800,16,4,tick,2,2
59549,0.32,20766720,16,5,tick,2,2
59551,0.31,20901888,16,6,tick,2,2
59552,0.32,20889600,16,7,tick,2,2
59563,0.31,20901888,16,8,tick,2,2
59561,0.31,20688896,16,9,tick,2,2
59557,0.32,20828160,16,10,tick,2,2
59556,0.31,20905984,16,11,tick,2,2
59553,0.31,20783104,16,12,tick,2,2
59554,0.31,20803584,16,13,tick,2,2
59555,0.31,20905984,16,14,tick,2,2
59560,0.32,20783104,16,15,tick,2,2
59562,0.32,20844544,16,16,tick,2,2
59548,0.35000000000000003,20869120,16,1,tick,3,2
59550,0.36,20897792,16,2,tick,3,2
59558,0.36,20779008,16,3,tick,3,2
59559,0.35000000000000003,20684800,16,4,tick,3,2
59549,0.36,20766720,16,5,tick,3,2
59551,0.35,20901888,16,6,tick,3,2
59552,0.36,20889600,16,7,tick,3,2
59563,0.35,20901888,16,8,tick,3,2
59561,0.35,20688896,16,9,tick,3,2
59557,0.36,20828160,16,10,tick,3,2
59556,0.35,20905984,16,11,tick,3,2
59553,0.35000000000000003,20783104,16,12,tick,3,2
59554,0.35000000000000003,20803584,16,13,tick,3,2
59555,0.35000000000000003,20905984,16,14,tick,3,2
59560,0.35,20783104,16,15,tick,3,2
59562,0.36,20844544,16,16,tick,3,2
59548,0.39,20869120,16,1,tick,4,2
59550,0.4,20897792,16,2,tick,4,2
59558,0.39,20779008,16,3,tick,4,2
59559,0.39,20684800,16,4,tick,4,2
59549,0.4,20766720,16,5,tick,4,2
59551,0.4,20901888,16,6,tick,4,2
59552,0.4,20889600,16,7,tick,4,2
59563,0.39,20901888,16,8,tick,4,2
59561,0.39,20688896,16,9,tick,4,2
59557,0.4,20828160,16,10,tick,4,2
59556,0.39,20905984,16,11,tick,4,2
59553,0.39,20783104,16,12,tick,4,2
59554,0.39,20803584,16,13,tick,4,2
59555,0.39,20905984,16,14,tick,4,2
59560,0.39,20783104,16,15,tick,4,2
59562,0.39,20844544,16,16,tick,4,2
59548,0.43,20869120,16,1,tick,5,2
59550,0.44,20897792,16,2,tick,5,2
59558,0.43,20779008,16,3,tick,5,2
59559,0.43,20684800,16,4,tick,5,2
59549,0.44,20766720,16,5,tick,5,2
59551,0.44,20901888,16,6,tick,5,2
59552,0.44,20889600,16,7,tick,5,2
59563,0.43,20901888,16,8,tick,5,2
59561,0.43,20688896,16,9,tick,5,2
59557,0.44,20828160,16,10,tick,5,2
59556,0.43,20905984,16,11,tick,5,2
59553,0.43,20783104,16,12,tick,5,2
59554,0.43,20803584,16,13,tick,5,2
59555,0.43,20905984,16,14,tick,5,2
59560,0.43,20783104,16,15,tick,5,2
59562,0.43,20844544,16,16,tick,5,2
59548,0.47000000000000003,20869120,16,1,tick,6,2
59550,0.48,20897792,16,2,tick,6,2
59558,0.47000000000000003,20779008,16,3,tick,6,2
59559,0.47000000000000003,20684800,16,4,tick,6,2
59549,0.48,20766720,16,5,tick,6,2
59551,0.48,20901888,16,6,tick,6,2
59552,0.48,20889600,16,7,tick,6,2
59563,0.47,20901888,16,8,tick,6,2
59561,0.47,20688896,16,9,tick,6,2
59557,0.48,20828160,16,10,tick,6,2
59556,0.47,20905984,16,11,tick,6,2
59553,0.47000000000000003,20783104,16,12,tick,6,2
59554,0.47000000000000003,20803584,16,13,tick,6,2
59555,0.47000000000000003,20905984,16,14,tick,6,2
59560,0.47,20783104,16,15,tick,6,2
59562,0.47000000000000003,20844544,16,16,tick,6,2
59548,0.51,20869120,16,1,tick,7,2
59550,0.52,20897792,16,2,tick,7,2
59558,0.51,20779008,16,3,tick,7,2
59559,0.51,20684800,16,4,tick,7,2
59549,0.52,20766720,16,5,tick,7,2
59551,0.52,20901888,16,6,tick,7,2
59552,0.52,20889600,16,7,tick,7,2
59563,0.51,20901888,16,8,tick,7,2
59561,0.51,20688896,16,9,tick,7,2
59557,0.51,20828160,16,10,tick,7,2
59556,0.52,20905984,16,11,tick,7,2
59553,0.51,20783104,16,12,tick,7,2
59554,0.51,20803584,16,13,tick,7,2
59555,0.51,20905984,16,14,tick,7,2
59560,0.51,20783104,16,15,tick,7,2
59562,0.51,20844544,16,16,tick,7,2
59548,0.55,20869120,16,1,tick,8,2
59550,0.56,20897792,16,2,tick,8,2
59558,0.55,20779008,16,3,tick,8,2
59559,0.55,20684800,16,4,tick,8,2
59549,0.56,20766720,16,5,tick,8,2
59551,0.56,20901888,16,6,tick,8,2
59552,0.56,20889600,16,7,tick,8,2
59563,0.55,20901888,16,8,tick,8,2
59561,0.55,20688896,16,9,tick,8,2
59557,0.56,20828160,16,10,tick,8,2
59556,0.56,20905984,16,11,tick,8,2
59553,0.55,20783104,16,12,tick,8,2
59554,0.55,20803584,16,13,tick,8,2
59555,0.55,20905984,16,14,tick,8,2
59560,0.55,20783104,16,15,tick,8,2
59562,0.55,20844544,16,16,tick,8,2
59548,0.59,20869120,16,1,tick,9,2
59550,0.6,20897792,16,2,tick,9,2
59558,0.59,20779008,16,3,tick,9,2
59559,0.59,20684800,16,4,tick,9,2
59549,0.6,20766720,16,5,tick,9,2
59551,0.59,20901888,16,6,tick,9,2
59552,0.6,20889600,16,7,tick,9,2
59563,0.59,20901888,16,8,tick,9,2
59561,0.59,20688896,16,9,tick,9,2
59557,0.6,20828160,16,10,tick,9,2
59556,0.6,20905984,16,11,tick,9,2
59553,0.59,20783104,16,12,tick,9,2
59554,0.59,20803584,16,13,tick,9,2
59555,0.59,20905984,16,14,tick,9,2
59560,0.6,20783104,16,15,tick,9,2
59562,0.59,20844544,16,16,tick,9,2
59548,0.63,20869120,16,1,tick,10,2
59550,0.64,20897792,16,2,tick,10,2
59558,0.63,20779008,16,3,tick,10,2
59559,0.63,20684800,16,4,tick,10,2
59549,0.64,20766720,16,5,tick,10,2
59551,0.63,20901888,16,6,tick,10,2
59552,0.63,20889600,16,7,tick,10,2
59563,0.63,20901888,16,8,tick,10,2
59561,0.63,20688896,16,9,tick,10,2
59557,0.63,20828160,16,10,tick,10,2
59556,0.64,20905984,16,11,tick,10,2
59553,0.63,20783104,16,12,tick,10,2
59554,0.63,20803584,16,13,tick,10,2
59555,0.63,20905984,16,14,tick,10,2
59560,0.64,20783104,16,15,tick,10,2
59562,0.63,20844544,16,16,tick,10,2
59548,0.67,20869120,16,1,tick,11,2
59550,0.68,20897792,16,2,tick,11,2
59558,0.67,20779008,16,3,tick,11,2
59559,0.67,20684800,16,4,tick,11,2
59549,0.68,20766720,16,5,tick,11,2
59551,0.67,20901888,16,6,tick,11,2
59552,0.67,20889600,16,7,tick,11,2
59563,0.67,20901888,16,8,tick,11,2
59561,0.68,20688896,16,9,tick,11,2
59557,0.68,20828160,16,10,tick,11,2
59556,0.68,20905984,16,11,tick,11,2
59553,0.68,20783104,16,12,tick,11,2
59554,0.67,20803584,16,13,tick,11,2
59555,0.67,20905984,16,14,tick,11,2
59560,0.68,20783104,16,15,tick,11,2
59562,0.67,20844544,16,16,tick,11,2
59548,0.71,20869120,16,1,tick,12,2
59550,0.72,20897792,16,2,tick,12,2
59558,0.71,20779008,16,3,tick,12,2
59559,0.71,20684800,16,4,tick,12,2
59549,0.72,20766720,16,5,tick,12,2
59551,0.72,20901888,16,6,tick,12,2
59552,0.71,20889600,16,7,tick,12,2
59563,0.71,20901888,16,8,tick,12,2
59561,0.72,20688896,16,9,tick,12,2
59557,0.72,20828160,16,10,tick,12,2
59556,0.73,20905984,16,11,tick,12,2
59553,0.71,20783104,16,12,tick,12,2
59554,0.71,20803584,16,13,tick,12,2
59555,0.71,20905984,16,14,tick,12,2
59560,0.72,20783104,16,15,tick,12,2
59562,0.71,20844544,16,16,tick,12,2
59548,0.75,20869120,16,1,tick,13,2
59550,0.76,20897792,16,2,tick,13,2
59558,0.75,20779008,16,3,tick,13,2
59559,0.75,20684800,16,4,tick,13,2
59549,0.76,20766720,16,5,tick,13,2
59551,0.76,20901888,16,6,tick,13,2
59552,0.75,20889600,16,7,tick,13,2
59563,0.75,20901888,16,8,tick,13,2
59561,0.76,20688896,16,9,tick,13,2
59557,0.76,20828160,16,10,tick,13,2
59556,0.77,20905984,16,11,tick,13,2
59553,0.76,20783104,16,12,tick,13,2
59554,0.76,20803584,16,13,tick,13,2
59555,0.75,20905984,16,14,tick,13,2
59560,0.76,20783104,16,15,tick,13,2
59562,0.75,20844544,16,16,tick,13,2
59548,0.8,20869120,16,1,tick,14,2
59550,0.8,20897792,16,2,tick,14,2
59558,0.79,20779008,16,3,tick,14,2
59559,0.79,20684800,16,4,tick,14,2
59549,0.8,20766720,16,5,tick,14,2
59551,0.8,20901888,16,6,tick,14,2
59552,0.79,20889600,16,7,tick,14,2
59563,0.79,20901888,16,8,tick,14,2
59561,0.8,20688896,16,9,tick,14,2
59557,0.8,20828160,16,10,tick,14,2
59556,0.81,20905984,16,11,tick,14,2
59553,0.8,20783104,16,12,tick,14,2
59554,0.8,20803584,16,13,tick,14,2
59555,0.79,20905984,16,14,tick,14,2
59560,0.8,20783104,16,15,tick,14,2
59562,0.79,20844544,16,16,tick,14,2
59548,0.84,20869120,16,1,tick,15,2
59550,0.84,20897792,16,2,tick,15,2
59558,0.83,20779008,16,3,tick,15,2
59559,0.83,20684800,16,4,tick,15,2
59549,0.84,20766720,16,5,tick,15,2
59551,0.84,20901888,16,6,tick,15,2
59552,0.84,20889600,16,7,tick,15,2
59563,0.83,20901888,16,8,tick,15,2
59561,0.84,20688896,16,9,tick,15,2
59557,0.84,20828160,16,10,tick,15,2
59556,0.85,20905984,16,11,tick,15,2
59553,0.84,20783104,16,12,tick,15,2
59554,0.84,20803584,16,13,tick,15,2
59555,0.83,20905984,16,14,tick,15,2
59560,0.84,20783104,16,15,tick,15,2
59562,0.83,20844544,16,16,tick,15,2
59548,0.84,20869120,16,1,pre_checkpoint,,2
59550,0.84,20897792,16,2,pre_checkpoint,,2
59558,0.83,20779008,16,3,pre_checkpoint,,2
59559,0.83,20684800,16,4,pre_checkpoint,,2
59549,0.84,20766720,16,5,pre_checkpoint,,2
59551,0.84,20901888,16,6,pre_checkpoint,,2
59552,0.84,20889600,16,7,pre_checkpoint,,2
59563,0.83,20901888,16,8,pre_checkpoint,,2
59561,0.84,20688896,16,9,pre_checkpoint,,2
59557,0.84,20828160,16,10,pre_checkpoint,,2
59556,0.85,20905984,16,11,pre_checkpoint,,2
59553,0.84,20783104,16,12,pre_checkpoint,,2
59554,0.84,20803584,16,13,pre_checkpoint,,2
59555,0.83,20905984,16,14,pre_checkpoint,,2
59560,0.84,20783104,16,15,pre_checkpoint,,2
59562,0.83,20844544,16,16,pre_checkpoint,,2
59548,0.88,21716992,16,1,post_checkpoint_save,,2
59550,0.88,21745664,16,2,post_checkpoint_save,,2
59558,0.87,21626880,16,3,post_checkpoint_save,,2
59559,0.87,21532672,16,4,post_checkpoint_save,,2
59549,0.9,21614592,16,5,post_checkpoint_save,,2
59551,0.88,21745664,16,6,post_checkpoint_save,,2
59552,0.88,21737472,16,7,post_checkpoint_save,,2
59563,0.87,21749760,16,8,post_checkpoint_save,,2
59561,0.89,21536768,16,9,post_checkpoint_save,,2
59557,0.88,21676032,16,10,post_checkpoint_save,,2
59556,0.89,21749760,16,11,post_checkpoint_save,,2
59553,0.88,21630976,16,12,post_checkpoint_save,,2
59554,0.88,21651456,16,13,post_checkpoint_save,,2
59555,0.88,21749760,16,14,post_checkpoint_save,,2
59560,0.87,21630976,16,15,post_checkpoint_save,,2
59562,0.87,21745664,16,16,post_checkpoint_save,,2
59548,0.99,21721088,16,1,post_checkpoint_restore,,2
59550,0.99,21749760,16,2,post_checkpoint_restore,,2
59558,0.99,21630976,16,3,post_checkpoint_restore,,2
59559,0.99,21536768,16,4,post_checkpoint_restore,,2
59549,1.01,21618688,16,5,post_checkpoint_restore,,2
59551,1.0,21753856,16,6,post_checkpoint_restore,,2
59552,1.0,21741568,16,7,post_checkpoint_restore,,2
59563,0.99,21753856,16,8,post_checkpoint_restore,,2
59561,1.0,21540864,16,9,post_checkpoint_restore,,2
59557,0.99,21680128,16,10,post_checkpoint_restore,,2
59556,1.01,26292224,16,11,post_checkpoint_restore,,2
59553,1.0,21635072,16,12,post_checkpoint_restore,,2
59554,1.0,21655552,16,13,post_checkpoint_restore,,2
59555,0.99,21757952,16,14,post_checkpoint_restore,,2
59560,0.99,21635072,16,15,post_checkpoint_restore,,2
59562,0.99,21749760,16,16,post_checkpoint_restore,,2
59912,0.12,20496384,16,1,post_boot,,3
59907,0.12,20443136,16,2,post_boot,,3
59916,0.11,20332544,16,3,post_boot,,3
59908,0.12,20627456,16,4,post_boot,,3
59909,0.12,20496384,16,5,post_boot,,3
59922,0.12,20582400,16,6,post_boot,,3
59926,0.11,20598784,16,7,post_boot,,3
59924,0.12,20529152,16,8,post_boot,,3
59917,0.12,20615168,16,9,post_boot,,3
59927,0.12,20537344,16,10,post_boot,,3
59920,0.12,20676608,16,11,post_boot,,3
59923,0.12,20561920,16,12,post_boot,,3
59919,0.11,20336640,16,13,post_boot,,3
59918,0.12,20492288,16,14,post_boot,,3
59925,0.12,20434944,16,15,post_boot,,3
59921,0.12,20402176,16,16,post_boot,,3
59912,0.27,20852736,16,1,tick,1,3
59907,0.29000000000000004,20860928,16,2,tick,1,3
59916,0.28,20815872,16,3,tick,1,3
59908,0.28,20848640,16,4,tick,1,3
59909,0.28,20852736,16,5,tick,1,3
59922,0.29,20873216,16,6,tick,1,3
59926,0.28,20885504,16,7,tick,1,3
59924,0.27,20819968,16,8,tick,1,3
59917,0.28,20905984,16,9,tick,1,3
59927,0.28,20824064,16,10,tick,1,3
59920,0.28,20897792,16,11,tick,1,3
59923,0.28,20787200,16,12,tick,1,3
59919,0.28,20758528,16,13,tick,1,3
59918,0.28,20844544,16,14,tick,1,3
59925,0.28,20852736,16,15,tick,1,3
59921,0.28,20688896,16,16,tick,1,3
59912,0.31,20852736,16,1,tick,2,3
59907,0.33,20860928,16,2,tick,2,3
59916,0.31,20815872,16,3,tick,2,3
59908,0.32,20848640,16,4,tick,2,3
59909,0.32,20852736,16,5,tick,2,3
59922,0.33,20873216,16,6,tick,2,3
59926,0.32,20885504,16,7,tick,2,3
59924,0.31,20819968,16,8,tick,2,3
59917,0.32,20905984,16,9,tick,2,3
59927,0.32,20824064,16,10,tick,2,3
59920,0.32,20897792,16,11,tick,2,3
59923,0.32,20787200,16,12,tick,2,3
59919,0.32,20758528,16,13,tick,2,3
59918,0.32,20844544,16,14,tick,2,3
59925,0.32,20852736,16,15,tick,2,3
59921,0.33,20688896,16,16,tick,2,3
59912,0.36,20852736,16,1,tick,3,3
59907,0.37,20860928,16,2,tick,3,3
59916,0.36,20815872,16,3,tick,3,3
59908,0.36,20848640,16,4,tick,3,3
59909,0.37,20852736,16,5,tick,3,3
59922,0.37,20873216,16,6,tick,3,3
59926,0.36,20885504,16,7,tick,3,3
59924,0.35000000000000003,20819968,16,8,tick,3,3
59917,0.36,20905984,16,9,tick,3,3
59927,0.36,20824064,16,10,tick,3,3
59920,0.37,20897792,16,11,tick,3,3
59923,0.37,20787200,16,12,tick,3,3
59919,0.36,20758528,16,13,tick,3,3
59918,0.36,20844544,16,14,tick,3,3
59925,0.36,20852736,16,15,tick,3,3
59921,0.38,20688896,16,16,tick,3,3
59912,0.4,20852736,16,1,tick,4,3
59907,0.41000000000000003,20860928,16,2,tick,4,3
59916,0.4,20815872,16,3,tick,4,3
59908,0.41,20848640,16,4,tick,4,3
59909,0.43,20852736,16,5,tick,4,3
59922,0.41,20873216,16,6,tick,4,3
59926,0.4,20885504,16,7,tick,4,3
59924,0.4,20819968,16,8,tick,4,3
59917,0.41000000000000003,20905984,16,9,tick,4,3
59927,0.4,20824064,16,10,tick,4,3
59920,0.41,20897792,16,11,tick,4,3
59923,0.43,20787200,16,12,tick,4,3
59919,0.4,20758528,16,13,tick,4,3
59918,0.4,20844544,16,14,tick,4,3
59925,0.4,20852736,16,15,tick,4,3
59921,0.42,20688896,16,16,tick,4,3
59912,0.46,20852736,16,1,tick,5,3
59907,0.45,20860928,16,2,tick,5,3
59916,0.44,20815872,16,3,tick,5,3
59908,0.46,20848640,16,4,tick,5,3
59909,0.46,20852736,16,5,tick,5,3
59922,0.45,20873216,16,6,tick,5,3
59926,0.44,20885504,16,7,tick,5,3
59924,0.44,20819968,16,8,tick,5,3
59917,0.45,20905984,16,9,tick,5,3
59927,0.44,20824064,16,10,tick,5,3
59920,0.45,20897792,16,11,tick,5,3
59923,0.47,20787200,16,12,tick,5,3
59919,0.44,20758528,16,13,tick,5,3
59918,0.45,20844544,16,14,tick,5,3
59925,0.45,20852736,16,15,tick,5,3
59921,0.47000000000000003,20688896,16,16,tick,5,3
59912,0.5,20852736,16,1,tick,6,3
59907,0.49,20860928,16,2,tick,6,3
59916,0.48,20815872,16,3,tick,6,3
59908,0.49,20848640,16,4,tick,6,3
59909,0.5,20852736,16,5,tick,6,3
59922,0.49,20873216,16,6,tick,6,3
59926,0.49,20885504,16,7,tick,6,3
59924,0.48000000000000004,20819968,16,8,tick,6,3
59917,0.49,20905984,16,9,tick,6,3
59927,0.48,20824064,16,10,tick,6,3
59920,0.49,20897792,16,11,tick,6,3
59923,0.51,20787200,16,12,tick,6,3
59919,0.48,20758528,16,13,tick,6,3
59918,0.49,20844544,16,14,tick,6,3
59925,0.49,20852736,16,15,tick,6,3
59921,0.52,20688896,16,16,tick,6,3
59912,0.54,20852736,16,1,tick,7,3
59907,0.53,20860928,16,2,tick,7,3
59916,0.52,20815872,16,3,tick,7,3
59908,0.53,20848640,16,4,tick,7,3
59909,0.55,20852736,16,5,tick,7,3
59922,0.54,20873216,16,6,tick,7,3
59926,0.53,20885504,16,7,tick,7,3
59924,0.52,20819968,16,8,tick,7,3
59917,0.53,20905984,16,9,tick,7,3
59927,0.53,20824064,16,10,tick,7,3
59920,0.53,20897792,16,11,tick,7,3
59923,0.55,20787200,16,12,tick,7,3
59919,0.52,20758528,16,13,tick,7,3
59918,0.52,20844544,16,14,tick,7,3
59925,0.53,20852736,16,15,tick,7,3
59921,0.58,20688896,16,16,tick,7,3
59912,0.58,20852736,16,1,tick,8,3
59907,0.5700000000000001,20860928,16,2,tick,8,3
59916,0.57,20815872,16,3,tick,8,3
59908,0.57,20848640,16,4,tick,8,3
59909,0.59,20852736,16,5,tick,8,3
59922,0.58,20873216,16,6,tick,8,3
59926,0.59,20885504,16,7,tick,8,3
59924,0.5700000000000001,20819968,16,8,tick,8,3
59917,0.5700000000000001,20905984,16,9,tick,8,3
59927,0.57,20824064,16,10,tick,8,3
59920,0.57,20897792,16,11,tick,8,3
59923,0.59,20787200,16,12,tick,8,3
59919,0.57,20758528,16,13,tick,8,3
59918,0.57,20844544,16,14,tick,8,3
59925,0.5700000000000001,20852736,16,15,tick,8,3
59921,0.64,20688896,16,16,tick,8,3
59912,0.62,20852736,16,1,tick,9,3
59907,0.61,20860928,16,2,tick,9,3
59916,0.61,20815872,16,3,tick,9,3
59908,0.62,20848640,16,4,tick,9,3
59909,0.63,20852736,16,5,tick,9,3
59922,0.62,20873216,16,6,tick,9,3
59926,0.64,20885504,16,7,tick,9,3
59924,0.61,20819968,16,8,tick,9,3
59917,0.61,20905984,16,9,tick,9,3
59927,0.61,20824064,16,10,tick,9,3
59920,0.61,20897792,16,11,tick,9,3
59923,0.63,20787200,16,12,tick,9,3
59919,0.61,20758528,16,13,tick,9,3
59918,0.61,20844544,16,14,tick,9,3
59925,0.61,20852736,16,15,tick,9,3
59921,0.68,20688896,16,16,tick,9,3
59912,0.67,20852736,16,1,tick,10,3
59907,0.65,20860928,16,2,tick,10,3
59916,0.65,20815872,16,3,tick,10,3
59908,0.66,20848640,16,4,tick,10,3
59909,0.67,20852736,16,5,tick,10,3
59922,0.66,20873216,16,6,tick,10,3
59926,0.68,20885504,16,7,tick,10,3
59924,0.65,20819968,16,8,tick,10,3
59917,0.65,20905984,16,9,tick,10,3
59927,0.66,20824064,16,10,tick,10,3
59920,0.66,20897792,16,11,tick,10,3
59923,0.68,20787200,16,12,tick,10,3
59919,0.66,20758528,16,13,tick,10,3
59918,0.65,20844544,16,14,tick,10,3
59925,0.65,20852736,16,15,tick,10,3
59921,0.73,20688896,16,16,tick,10,3
59912,0.71,20852736,16,1,tick,11,3
59907,0.6900000000000001,20860928,16,2,tick,11,3
59916,0.69,20815872,16,3,tick,11,3
59908,0.7,20848640,16,4,tick,11,3
59909,0.71,20852736,16,5,tick,11,3
59922,0.7,20873216,16,6,tick,11,3
59926,0.72,20885504,16,7,tick,11,3
59924,0.6900000000000001,20819968,16,8,tick,11,3
59917,0.6900000000000001,20905984,16,9,tick,11,3
59927,0.7,20824064,16,10,tick,11,3
59920,0.7,20897792,16,11,tick,11,3
59923,0.72,20787200,16,12,tick,11,3
59919,0.7,20758528,16,13,tick,11,3
59918,0.69,20844544,16,14,tick,11,3
59925,0.7,20852736,16,15,tick,11,3
59921,0.77,20688896,16,16,tick,11,3
59912,0.75,20852736,16,1,tick,12,3
59907,0.73,20860928,16,2,tick,12,3
59916,0.73,20815872,16,3,tick,12,3
59908,0.74,20848640,16,4,tick,12,3
59909,0.75,20852736,16,5,tick,12,3
59922,0.74,20873216,16,6,tick,12,3
59926,0.76,20885504,16,7,tick,12,3
59924,0.73,20819968,16,8,tick,12,3
59917,0.73,20905984,16,9,tick,12,3
59927,0.74,20824064,16,10,tick,12,3
59920,0.74,20897792,16,11,tick,12,3
59923,0.76,20787200,16,12,tick,12,3
59919,0.74,20758528,16,13,tick,12,3
59918,0.73,20844544,16,14,tick,12,3
59925,0.74,20852736,16,15,tick,12,3
59921,0.8200000000000001,20688896,16,16,tick,12,3
59912,0.79,20852736,16,1,tick,13,3
59907,0.77,20860928,16,2,tick,13,3
59916,0.77,20815872,16,3,tick,13,3
59908,0.78,20848640,16,4,tick,13,3
59909,0.79,20852736,16,5,tick,13,3
59922,0.79,20873216,16,6,tick,13,3
59926,0.8,20885504,16,7,tick,13,3
59924,0.77,20819968,16,8,tick,13,3
59917,0.77,20905984,16,9,tick,13,3
59927,0.78,20824064,16,10,tick,13,3
59920,0.78,20897792,16,11,tick,13,3
59923,0.8,20787200,16,12,tick,13,3
59919,0.79,20758528,16,13,tick,13,3
59918,0.77,20844544,16,14,tick,13,3
59925,0.78,20852736,16,15,tick,13,3
59921,0.86,20688896,16,16,tick,13,3
59912,0.83,20852736,16,1,tick,14,3
59907,0.81,20860928,16,2,tick,14,3
59916,0.81,20815872,16,3,tick,14,3
59908,0.82,20848640,16,4,tick,14,3
59909,0.83,20852736,16,5,tick,14,3
59922,0.84,20873216,16,6,tick,14,3
59926,0.84,20885504,16,7,tick,14,3
59924,0.81,20819968,16,8,tick,14,3
59917,0.81,20905984,16,9,tick,14,3
59927,0.82,20824064,16,10,tick,14,3
59920,0.82,20897792,16,11,tick,14,3
59923,0.84,20787200,16,12,tick,14,3
59919,0.84,20758528,16,13,tick,14,3
59918,0.81,20844544,16,14,tick,14,3
59925,0.8200000000000001,20852736,16,15,tick,14,3
59921,0.9,20688896,16,16,tick,14,3
59912,0.87,20852736,16,1,tick,15,3
59907,0.86,20860928,16,2,tick,15,3
59916,0.85,20815872,16,3,tick,15,3
59908,0.87,20848640,16,4,tick,15,3
59909,0.88,20852736,16,5,tick,15,3
59922,0.89,20873216,16,6,tick,15,3
59926,0.9,20885504,16,7,tick,15,3
59924,0.85,20819968,16,8,tick,15,3
59917,0.86,20905984,16,9,tick,15,3
59927,0.87,20824064,16,10,tick,15,3
59920,0.86,20897792,16,11,tick,15,3
59923,0.89,20787200,16,12,tick,15,3
59919,0.89,20758528,16,13,tick,15,3
59918,0.86,20844544,16,14,tick,15,3
59925,0.86,20852736,16,15,tick,15,3
59921,0.96,20688896,16,16,tick,15,3
59912,0.87,20852736,16,1,pre_checkpoint,,3
59907,0.86,20860928,16,2,pre_checkpoint,,3
59916,0.85,20815872,16,3,pre_checkpoint,,3
59908,0.87,20848640,16,4,pre_checkpoint,,3
59909,0.88,20852736,16,5,pre_checkpoint,,3
59922,0.89,20873216,16,6,pre_checkpoint,,3
59926,0.9,20885504,16,7,pre_checkpoint,,3
59924,0.85,20819968,16,8,pre_checkpoint,,3
59917,0.86,20905984,16,9,pre_checkpoint,,3
59927,0.87,20824064,16,10,pre_checkpoint,,3
59920,0.86,20897792,16,11,pre_checkpoint,,3
59923,0.89,20787200,16,12,pre_checkpoint,,3
59919,0.89,20758528,16,13,pre_checkpoint,,3
59918,0.86,20844544,16,14,pre_checkpoint,,3
59925,0.86,20852736,16,15,pre_checkpoint,,3
59921,0.96,20688896,16,16,pre_checkpoint,,3
59912,0.91,21700608,16,1,post_checkpoint_save,,3
59907,0.91,21708800,16,2,post_checkpoint_save,,3
59916,0.91,21663744,16,3,post_checkpoint_save,,3
59908,0.92,21692416,16,4,post_checkpoint_save,,3
59909,0.9500000000000001,21700608,16,5,post_checkpoint_save,,3
59922,0.93,21716992,16,6,post_checkpoint_save,,3
59926,0.9400000000000001,21733376,16,7,post_checkpoint_save,,3
59924,0.89,21667840,16,8,post_checkpoint_save,,3
59917,0.89,21753856,16,9,post_checkpoint_save,,3
59927,0.91,21671936,16,10,post_checkpoint_save,,3
59920,0.89,21745664,16,11,post_checkpoint_save,,3
59923,0.94,21635072,16,12,post_checkpoint_save,,3
59919,0.9400000000000001,21655552,16,13,post_checkpoint_save,,3
59918,0.9,21692416,16,14,post_checkpoint_save,,3
59925,0.9,21700608,16,15,post_checkpoint_save,,3
59921,1.01,21536768,16,16,post_checkpoint_save,,3
59912,1.04,21704704,16,1,post_checkpoint_restore,,3
59907,1.03,21712896,16,2,post_checkpoint_restore,,3
59916,1.03,21667840,16,3,post_checkpoint_restore,,3
59908,1.03,21700608,16,4,post_checkpoint_restore,,3
59909,1.07,21704704,16,5,post_checkpoint_restore,,3
59922,1.05,21725184,16,6,post_checkpoint_restore,,3
59926,1.07,21737472,16,7,post_checkpoint_restore,,3
59924,1.03,21671936,16,8,post_checkpoint_restore,,3
59917,1.02,21757952,16,9,post_checkpoint_restore,,3
59927,1.04,21676032,16,10,post_checkpoint_restore,,3
59920,1.02,21749760,16,11,post_checkpoint_restore,,3
59923,1.06,21639168,16,12,post_checkpoint_restore,,3
59919,1.06,21659648,16,13,post_checkpoint_restore,,3
59918,1.01,21696512,16,14,post_checkpoint_restore,,3
59925,1.04,26243072,16,15,post_checkpoint_restore,,3
59921,1.1500000000000001,21540864,16,16,post_checkpoint_restore,,3
60274,0.13,20393984,32,1,post_boot,,1
60275,0.13999999999999999,20541440,32,2,post_boot,,1
60286,0.13,20430848,32,3,post_boot,,1
60277,0.14,20430848,32,4,post_boot,,1
60284,0.14,20377600,32,5,post_boot,,1
60279,0.12,20590592,32,6,post_boot,,1
60290,0.12,20529152,32,7,post_boot,,1
60291,0.13,20430848,32,8,post_boot,,1
60303,0.13,20426752,32,9,post_boot,,1
60309,0.11,20459520,32,10,post_boot,,1
60298,0.12,20619264,32,11,post_boot,,1
60301,0.12,20369408,32,12,post_boot,,1
60304,0.13,20492288,32,13,post_boot,,1
60294,0.13,20615168,32,14,post_boot,,1
60295,0.12,20549632,32,15,post_boot,,1
60299,0.12,20492288,32,16,post_boot,,1
60302,0.12,20557824,32,17,post_boot,,1
60314,0.13,20434944,32,18,post_boot,,1
60297,0.12,20496384,32,19,post_boot,,1
60308,0.11,20496384,32,20,post_boot,,1
60310,0.12,20439040,32,21,post_boot,,1
60321,0.12,20484096,32,22,post_boot,,1
60319,0.12,20586496,32,23,post_boot,,1
60315,0.12,20627456,32,24,post_boot,,1
60313,0.13,20590592,32,25,post_boot,,1
60317,0.12,20439040,32,26,post_boot,,1
60318,0.12,20561920,32,27,post_boot,,1
60316,0.12,20541440,32,28,post_boot,,1
60320,0.12,20639744,32,29,post_boot,,1
60323,0.11,20439040,32,30,post_boot,,1
60322,0.12,20615168,32,31,post_boot,,1
60324,0.12,20500480,32,32,post_boot,,1
60274,0.31,20684800,32,1,tick,1,1
60275,0.33,20832256,32,2,tick,1,1
60286,0.32,20848640,32,3,tick,1,1
60277,0.35,20848640,32,4,tick,1,1
60284,0.33,20799488,32,5,tick,1,1
60279,0.31,20877312,32,6,tick,1,1
60290,0.31,20815872,32,7,tick,1,1
60291,0.32,20783104,32,8,tick,1,1
60303,0.33,20783104,32,9,tick,1,1
60309,0.29,20746240,32,10,tick,1,1
60298,0.3,20905984,32,11,tick,1,1
60301,0.3,20791296,32,12,tick,1,1
60304,0.33,20779008,32,13,tick,1,1
60294,0.34,20901888,32,14,tick,1,1
60295,0.3,20901888,32,15,tick,1,1
60299,0.3,20779008,32,16,tick,1,1
60302,0.31,20914176,32,17,tick,1,1
60314,0.32,20791296,32,18,tick,1,1
60297,0.3,20783104,32,19,tick,1,1
60308,0.29,20852736,32,20,tick,1,1
60310,0.3,20860928,32,21,tick,1,1
60321,0.3,20836352,32,22,tick,1,1
60319,0.3,20877312,32,23,tick,1,1
60315,0.3,20918272,32,24,tick,1,1
60313,0.32,20881408,32,25,tick,1,1
60317,0.31,20860928,32,26,tick,1,1
60318,0.31,20848640,32,27,tick,1,1
60316,0.33,20828160,32,28,tick,1,1
60320,0.29,20926464,32,29,tick,1,1
60323,0.3,20856832,32,30,tick,1,1
60322,0.35,20901888,32,31,tick,1,1
60324,0.32,20852736,32,32,tick,1,1
60274,0.35,20684800,32,1,tick,2,1
60275,0.38,20832256,32,2,tick,2,1
60286,0.38,20848640,32,3,tick,2,1
60277,0.4,20848640,32,4,tick,2,1
60284,0.38,20799488,32,5,tick,2,1
60279,0.36,20877312,32,6,tick,2,1
60290,0.36,20815872,32,7,tick,2,1
60291,0.37,20783104,32,8,tick,2,1
60303,0.38,20783104,32,9,tick,2,1
60309,0.35,20746240,32,10,tick,2,1
60298,0.35,20905984,32,11,tick,2,1
60301,0.36,20791296,32,12,tick,2,1
60304,0.38,20779008,32,13,tick,2,1
60294,0.39,20901888,32,14,tick,2,1
60295,0.36,20901888,32,15,tick,2,1
60299,0.35,20779008,32,16,tick,2,1
60302,0.36,20914176,32,17,tick,2,1
60314,0.37,20791296,32,18,tick,2,1
60297,0.36,20783104,32,19,tick,2,1
60308,0.34,20852736,32,20,tick,2,1
60310,0.34,20860928,32,21,tick,2,1
60321,0.34,20836352,32,22,tick,2,1
60319,0.34,20877312,32,23,tick,2,1
60315,0.35,20918272,32,24,tick,2,1
60313,0.37,20881408,32,25,tick,2,1
60317,0.36,20860928,32,26,tick,2,1
60318,0.36,20848640,32,27,tick,2,1
60316,0.38,20828160,32,28,tick,2,1
60320,0.34,20926464,32,29,tick,2,1
60323,0.36,20856832,32,30,tick,2,1
60322,0.4,20901888,32,31,tick,2,1
60324,0.37,20852736,32,32,tick,2,1
60274,0.4,20684800,32,1,tick,3,1
60275,0.44,20832256,32,2,tick,3,1
60286,0.43,20848640,32,3,tick,3,1
60277,0.45,20848640,32,4,tick,3,1
60284,0.42,20799488,32,5,tick,3,1
60279,0.41000000000000003,20877312,32,6,tick,3,1
60290,0.41,20815872,32,7,tick,3,1
60291,0.42,20783104,32,8,tick,3,1
60303,0.43,20783104,32,9,tick,3,1
60309,0.39,20746240,32,10,tick,3,1
60298,0.4,20905984,32,11,tick,3,1
60301,0.41000000000000003,20791296,32,12,tick,3,1
60304,0.44,20779008,32,13,tick,3,1
60294,0.43,20901888,32,14,tick,3,1
60295,0.41000000000000003,20901888,32,15,tick,3,1
60299,0.4,20779008,32,16,tick,3,1
60302,0.41,20914176,32,17,tick,3,1
60314,0.41000000000000003,20791296,32,18,tick,3,1
60297,0.41000000000000003,20783104,32,19,tick,3,1
60308,0.38,20852736,32,20,tick,3,1
60310,0.39,20860928,32,21,tick,3,1
60321,0.39,20836352,32,22,tick,3,1
60319,0.39,20877312,32,23,tick,3,1
60315,0.4,20918272,32,24,tick,3,1
60313,0.42000000000000004,20881408,32,25,tick,3,1
60317,0.41,20860928,32,26,tick,3,1
60318,0.4,20848640,32,27,tick,3,1
60316,0.42,20828160,32,28,tick,3,1
60320,0.38,20926464,32,29,tick,3,1
60323,0.41000000000000003,20856832,32,30,tick,3,1
60322,0.45,20901888,32,31,tick,3,1
60324,0.42,20852736,32,32,tick,3,1
60274,0.44,20684800,32,1,tick,4,1
60275,0.47000000000000003,20832256,32,2,tick,4,1
60286,0.48,20848640,32,3,tick,4,1
60277,0.5,20848640,32,4,tick,4,1
60284,0.47000000000000003,20799488,32,5,tick,4,1
60279,0.46,20877312,32,6,tick,4,1
60290,0.45,20815872,32,7,tick,4,1
60291,0.46,20783104,32,8,tick,4,1
60303,0.48000000000000004,20783104,32,9,tick,4,1
60309,0.44,20746240,32,10,tick,4,1
60298,0.44,20905984,32,11,tick,4,1
60301,0.45,20791296,32,12,tick,4,1
60304,0.48,20779008,32,13,tick,4,1
60294,0.48,20901888,32,14,tick,4,1
60295,0.46,20901888,32,15,tick,4,1
60299,0.45,20779008,32,16,tick,4,1
60302,0.46,20914176,32,17,tick,4,1
60314,0.46,20791296,32,18,tick,4,1
60297,0.45,20783104,32,19,tick,4,1
60308,0.43,20852736,32,20,tick,4,1
60310,0.43,20860928,32,21,tick,4,1
60321,0.43,20836352,32,22,tick,4,1
60319,0.43,20877312,32,23,tick,4,1
60315,0.44,20918272,32,24,tick,4,1
60313,0.47000000000000003,20881408,32,25,tick,4,1
60317,0.45,20860928,32,26,tick,4,1
60318,0.44,20848640,32,27,tick,4,1
60316,0.47,20828160,32,28,tick,4,1
60320,0.42,20926464,32,29,tick,4,1
60323,0.45,20856832,32,30,tick,4,1
60322,0.49,20901888,32,31,tick,4,1
60324,0.47000000000000003,20852736,32,32,tick,4,1
60274,0.48,20684800,32,1,tick,5,1
60275,0.52,20832256,32,2,tick,5,1
60286,0.53,20848640,32,3,tick,5,1
60277,0.54,20848640,32,4,tick,5,1
60284,0.51,20799488,32,5,tick,5,1
60279,0.5,20877312,32,6,tick,5,1
60290,0.5,20815872,32,7,tick,5,1
60291,0.5,20783104,32,8,tick,5,1
60303,0.52,20783104,32,9,tick,5,1
60309,0.49,20746240,32,10,tick,5,1
60298,0.48,20905984,32,11,tick,5,1
60301,0.49,20791296,32,12,tick,5,1
60304,0.53,20779008,32,13,tick,5,1
60294,0.52,20901888,32,14,tick,5,1
60295,0.5,20901888,32,15,tick,5,1
60299,0.49,20779008,32,16,tick,5,1
60302,0.5,20914176,32,17,tick,5,1
60314,0.5,20791296,32,18,tick,5,1
60297,0.5,20783104,32,19,tick,5,1
60308,0.47,20852736,32,20,tick,5,1
60310,0.47,20860928,32,21,tick,5,1
60321,0.48,20836352,32,22,tick,5,1
60319,0.47,20877312,32,23,tick,5,1
60315,0.48,20918272,32,24,tick,5,1
60313,0.51,20881408,32,25,tick,5,1
60317,0.5,20860928,32,26,tick,5,1
60318,0.49,20848640,32,27,tick,5,1
60316,0.52,20828160,32,28,tick,5,1
60320,0.47,20926464,32,29,tick,5,1
60323,0.5,20856832,32,30,tick,5,1
60322,0.53,20901888,32,31,tick,5,1
60324,0.51,20852736,32,32,tick,5,1
60274,0.52,20684800,32,1,tick,6,1
60275,0.56,20832256,32,2,tick,6,1
60286,0.5700000000000001,20848640,32,3,tick,6,1
60277,0.58,20848640,32,4,tick,6,1
60284,0.55,20799488,32,5,tick,6,1
60279,0.54,20877312,32,6,tick,6,1
60290,0.54,20815872,32,7,tick,6,1
60291,0.55,20783104,32,8,tick,6,1
60303,0.56,20783104,32,9,tick,6,1
60309,0.53,20746240,32,10,tick,6,1
60298,0.52,20905984,32,11,tick,6,1
60301,0.54,20791296,32,12,tick,6,1
60304,0.5700000000000001,20779008,32,13,tick,6,1
60294,0.56,20901888,32,14,tick,6,1
60295,0.54,20901888,32,15,tick,6,1
60299,0.54,20779008,32,16,tick,6,1
60302,0.54,20914176,32,17,tick,6,1
60314,0.54,20791296,32,18,tick,6,1
60297,0.54,20783104,32,19,tick,6,1
60308,0.51,20852736,32,20,tick,6,1
60310,0.52,20860928,32,21,tick,6,1
60321,0.53,20836352,32,22,tick,6,1
60319,0.51,20877312,32,23,tick,6,1
60315,0.53,20918272,32,24,tick,6,1
60313,0.55,20881408,32,25,tick,6,1
60317,0.55,20860928,32,26,tick,6,1
60318,0.53,20848640,32,27,tick,6,1
60316,0.57,20828160,32,28,tick,6,1
60320,0.51,20926464,32,29,tick,6,1
60323,0.54,20856832,32,30,tick,6,1
60322,0.57,20901888,32,31,tick,6,1
60324,0.55,20852736,32,32,tick,6,1
60274,0.57,20684800,32,1,tick,7,1
60275,0.6,20832256,32,2,tick,7,1
60286,0.6,20848640,32,3,tick,7,1
60277,0.62,20848640,32,4,tick,7,1
60284,0.59,20799488,32,5,tick,7,1
60279,0.58,20877312,32,6,tick,7,1
60290,0.58,20815872,32,7,tick,7,1
60291,0.59,20783104,32,8,tick,7,1
60303,0.6,20783104,32,9,tick,7,1
60309,0.57,20746240,32,10,tick,7,1
60298,0.57,20905984,32,11,tick,7,1
60301,0.58,20791296,32,12,tick,7,1
60304,0.61,20779008,32,13,tick,7,1
60294,0.6,20901888,32,14,tick,7,1
60295,0.58,20901888,32,15,tick,7,1
60299,0.58,20779008,32,16,tick,7,1
60302,0.58,20914176,32,17,tick,7,1
60314,0.58,20791296,32,18,tick,7,1
60297,0.58,20783104,32,19,tick,7,1
60308,0.55,20852736,32,20,tick,7,1
60310,0.56,20860928,32,21,tick,7,1
60321,0.57,20836352,32,22,tick,7,1
60319,0.56,20877312,32,23,tick,7,1
60315,0.56,20918272,32,24,tick,7,1
60313,0.59,20881408,32,25,tick,7,1
60317,0.59,20860928,32,26,tick,7,1
60318,0.5700000000000001,20848640,32,27,tick,7,1
60316,0.61,20828160,32,28,tick,7,1
60320,0.55,20926464,32,29,tick,7,1
60323,0.5700000000000001,20856832,32,30,tick,7,1
60322,0.61,20901888,32,31,tick,7,1
60324,0.58,20852736,32,32,tick,7,1
60274,0.61,20684800,32,1,tick,8,1
60275,0.64,20832256,32,2,tick,8,1
60286,0.65,20848640,32,3,tick,8,1
60277,0.66,20848640,32,4,tick,8,1
60284,0.63,20799488,32,5,tick,8,1
60279,0.62,20877312,32,6,tick,8,1
60290,0.63,20815872,32,7,tick,8,1
60291,0.63,20783104,32,8,tick,8,1
60303,0.64,20783104,32,9,tick,8,1
60309,0.62,20746240,32,10,tick,8,1
60298,0.61,20905984,32,11,tick,8,1
60301,0.62,20791296,32,12,tick,8,1
60304,0.65,20779008,32,13,tick,8,1
60294,0.65,20901888,32,14,tick,8,1
60295,0.63,20901888,32,15,tick,8,1
60299,0.62,20779008,32,16,tick,8,1
60302,0.62,20914176,32,17,tick,8,1
60314,0.62,20791296,32,18,tick,8,1
60297,0.62,20783104,32,19,tick,8,1
60308,0.59,20852736,32,20,tick,8,1
60310,0.6,20860928,32,21,tick,8,1
60321,0.61,20836352,32,22,tick,8,1
60319,0.6,20877312,32,23,tick,8,1
60315,0.6,20918272,32,24,tick,8,1
60313,0.64,20881408,32,25,tick,8,1
60317,0.63,20860928,32,26,tick,8,1
60318,0.61,20848640,32,27,tick,8,1
60316,0.65,20828160,32,28,tick,8,1
60320,0.59,20926464,32,29,tick,8,1
60323,0.61,20856832,32,30,tick,8,1
60322,0.65,20901888,32,31,tick,8,1
60324,0.62,20852736,32,32,tick,8,1
60274,0.65,20684800,32,1,tick,9,1
60275,0.68,20832256,32,2,tick,9,1
60286,0.7,20848640,32,3,tick,9,1
60277,0.7,20848640,32,4,tick,9,1
60284,0.68,20799488,32,5,tick,9,1
60279,0.65,20877312,32,6,tick,9,1
60290,0.67,20815872,32,7,tick,9,1
60291,0.67,20783104,32,8,tick,9,1
60303,0.68,20783104,32,9,tick,9,1
60309,0.67,20746240,32,10,tick,9,1
60298,0.65,20905984,32,11,tick,9,1
60301,0.66,20791296,32,12,tick,9,1
60304,0.6900000000000001,20779008,32,13,tick,9,1
60294,0.69,20901888,32,14,tick,9,1
60295,0.67,20901888,32,15,tick,9,1
60299,0.66,20779008,32,16,tick,9,1
60302,0.67,20914176,32,17,tick,9,1
60314,0.66,20791296,32,18,tick,9,1
60297,0.66,20783104,32,19,tick,9,1
60308,0.63,20852736,32,20,tick,9,1
60310,0.65,20860928,32,21,tick,9,1
60321,0.65,20836352,32,22,tick,9,1
60319,0.65,20877312,32,23,tick,9,1
60315,0.64,20918272,32,24,tick,9,1
60313,0.6900000000000001,20881408,32,25,tick,9,1
60317,0.67,20860928,32,26,tick,9,1
60318,0.65,20848640,32,27,tick,9,1
60316,0.69,20828160,32,28,tick,9,1
60320,0.63,20926464,32,29,tick,9,1
60323,0.65,20856832,32,30,tick,9,1
60322,0.69,20901888,32,31,tick,9,1
60324,0.66,20852736,32,32,tick,9,1
60274,0.69,20684800,32,1,tick,10,1
60275,0.72,20832256,32,2,tick,10,1
60286,0.74,20848640,32,3,tick,10,1
60277,0.74,20848640,32,4,tick,10,1
60284,0.72,20799488,32,5,tick,10,1
60279,0.6900000000000001,20877312,32,6,tick,10,1
60290,0.71,20815872,32,7,tick,10,1
60291,0.71,20783104,32,8,tick,10,1
60303,0.72,20783104,32,9,tick,10,1
60309,0.71,20746240,32,10,tick,10,1
60298,0.69,20905984,32,11,tick,10,1
60301,0.7,20791296,32,12,tick,10,1
60304,0.73,20779008,32,13,tick,10,1
60294,0.73,20901888,32,14,tick,10,1
60295,0.71,20901888,32,15,tick,10,1
60299,0.7,20779008,32,16,tick,10,1
60302,0.71,20914176,32,17,tick,10,1
60314,0.7,20791296,32,18,tick,10,1
60297,0.7,20783104,32,19,tick,10,1
60308,0.67,20852736,32,20,tick,10,1
60310,0.7,20860928,32,21,tick,10,1
60321,0.69,20836352,32,22,tick,10,1
60319,0.69,20877312,32,23,tick,10,1
60315,0.68,20918272,32,24,tick,10,1
60313,0.73,20881408,32,25,tick,10,1
60317,0.7,20860928,32,26,tick,10,1
60318,0.6900000000000001,20848640,32,27,tick,10,1
60316,0.73,20828160,32,28,tick,10,1
60320,0.67,20926464,32,29,tick,10,1
60323,0.6900000000000001,20856832,32,30,tick,10,1
60322,0.73,20901888,32,31,tick,10,1
60324,0.7,20852736,32,32,tick,10,1
60274,0.73,20684800,32,1,tick,11,1
60275,0.76,20832256,32,2,tick,11,1
60286,0.77,20848640,32,3,tick,11,1
60277,0.78,20848640,32,4,tick,11,1
60284,0.76,20799488,32,5,tick,11,1
60279,0.73,20877312,32,6,tick,11,1
60290,0.75,20815872,32,7,tick,11,1
60291,0.75,20783104,32,8,tick,11,1
60303,0.76,20783104,32,9,tick,11,1
60309,0.75,20746240,32,10,tick,11,1
60298,0.73,20905984,32,11,tick,11,1
60301,0.74,20791296,32,12,tick,11,1
60304,0.77,20779008,32,13,tick,11,1
60294,0.77,20901888,32,14,tick,11,1
60295,0.74,20901888,32,15,tick,11,1
60299,0.75,20779008,32,16,tick,11,1
60302,0.74,20914176,32,17,tick,11,1
60314,0.74,20791296,32,18,tick,11,1
60297,0.74,20783104,32,19,tick,11,1
60308,0.72,20852736,32,20,tick,11,1
60310,0.74,20860928,32,21,tick,11,1
60321,0.73,20836352,32,22,tick,11,1
60319,0.73,20877312,32,23,tick,11,1
60315,0.72,20918272,32,24,tick,11,1
60313,0.77,20881408,32,25,tick,11,1
60317,0.74,20860928,32,26,tick,11,1
60318,0.73,20848640,32,27,tick,11,1
60316,0.76,20828160,32,28,tick,11,1
60320,0.71,20926464,32,29,tick,11,1
60323,0.73,20856832,32,30,tick,11,1
60322,0.77,20901888,32,31,tick,11,1
60324,0.75,20852736,32,32,tick,11,1
60274,0.77,20684800,32,1,tick,12,1
60275,0.8,20832256,32,2,tick,12,1
60286,0.8200000000000001,20848640,32,3,tick,12,1
60277,0.82,20848640,32,4,tick,12,1
60284,0.8,20799488,32,5,tick,12,1
60279,0.77,20877312,32,6,tick,12,1
60290,0.79,20815872,32,7,tick,12,1
60291,0.79,20783104,32,8,tick,12,1
60303,0.8,20783104,32,9,tick,12,1
60309,0.8,20746240,32,10,tick,12,1
60298,0.77,20905984,32,11,tick,12,1
60301,0.78,20791296,32,12,tick,12,1
60304,0.81,20779008,32,13,tick,12,1
60294,0.81,20901888,32,14,tick,12,1
60295,0.78,20901888,32,15,tick,12,1
60299,0.79,20779008,32,16,tick,12,1
60302,0.79,20914176,32,17,tick,12,1
60314,0.78,20791296,32,18,tick,12,1
60297,0.78,20783104,32,19,tick,12,1
60308,0.76,20852736,32,20,tick,12,1
60310,0.77,20860928,32,21,tick,12,1
60321,0.77,20836352,32,22,tick,12,1
60319,0.77,20877312,32,23,tick,12,1
60315,0.76,20918272,32,24,tick,12,1
60313,0.81,20881408,32,25,tick,12,1
60317,0.78,20860928,32,26,tick,12,1
60318,0.77,20848640,32,27,tick,12,1
60316,0.81,20828160,32,28,tick,12,1
60320,0.75,20926464,32,29,tick,12,1
60323,0.78,20856832,32,30,tick,12,1
60322,0.81,20901888,32,31,tick,12,1
60324,0.79,20852736,32,32,tick,12,1
60274,0.81,20684800,32,1,tick,13,1
60275,0.85,20832256,32,2,tick,13,1
60286,0.86,20848640,32,3,tick,13,1
60277,0.86,20848640,32,4,tick,13,1
60284,0.84,20799488,32,5,tick,13,1
60279,0.81,20877312,32,6,tick,13,1
60290,0.83,20815872,32,7,tick,13,1
60291,0.8300000000000001,20783104,32,8,tick,13,1
60303,0.84,20783104,32,9,tick,13,1
60309,0.84,20746240,32,10,tick,13,1
60298,0.82,20905984,32,11,tick,13,1
60301,0.8200000000000001,20791296,32,12,tick,13,1
60304,0.85,20779008,32,13,tick,13,1
60294,0.86,20901888,32,14,tick,13,1
60295,0.8200000000000001,20901888,32,15,tick,13,1
60299,0.83,20779008,32,16,tick,13,1
60302,0.83,20914176,32,17,tick,13,1
60314,0.8200000000000001,20791296,32,18,tick,13,1
60297,0.8200000000000001,20783104,32,19,tick,13,1
60308,0.8,20852736,32,20,tick,13,1
60310,0.8200000000000001,20860928,32,21,tick,13,1
60321,0.81,20836352,32,22,tick,13,1
60319,0.81,20877312,32,23,tick,13,1
60315,0.8,20918272,32,24,tick,13,1
60313,0.85,20881408,32,25,tick,13,1
60317,0.83,20860928,32,26,tick,13,1
60318,0.81,20848640,32,27,tick,13,1
60316,0.85,20828160,32,28,tick,13,1
60320,0.79,20926464,32,29,tick,13,1
60323,0.8200000000000001,20856832,32,30,tick,13,1
60322,0.85,20901888,32,31,tick,13,1
60324,0.8300000000000001,20852736,32,32,tick,13,1
60274,0.85,20684800,32,1,tick,14,1
60275,0.89,20832256,32,2,tick,14,1
60286,0.9,20848640,32,3,tick,14,1
60277,0.9,20848640,32,4,tick,14,1
60284,0.88,20799488,32,5,tick,14,1
60279,0.85,20877312,32,6,tick,14,1
60290,0.86,20815872,32,7,tick,14,1
60291,0.87,20783104,32,8,tick,14,1
60303,0.89,20783104,32,9,tick,14,1
60309,0.88,20746240,32,10,tick,14,1
60298,0.86,20905984,32,11,tick,14,1
60301,0.86,20791296,32,12,tick,14,1
60304,0.89,20779008,32,13,tick,14,1
60294,0.9,20901888,32,14,tick,14,1
60295,0.86,20901888,32,15,tick,14,1
60299,0.87,20779008,32,16,tick,14,1
60302,0.87,20914176,32,17,tick,14,1
60314,0.86,20791296,32,18,tick,14,1
60297,0.86,20783104,32,19,tick,14,1
60308,0.84,20852736,32,20,tick,14,1
60310,0.86,20860928,32,21,tick,14,1
60321,0.85,20836352,32,22,tick,14,1
60319,0.85,20877312,32,23,tick,14,1
60315,0.85,20918272,32,24,tick,14,1
60313,0.89,20881408,32,25,tick,14,1
60317,0.87,20860928,32,26,tick,14,1
60318,0.86,20848640,32,27,tick,14,1
60316,0.89,20828160,32,28,tick,14,1
60320,0.83,20926464,32,29,tick,14,1
60323,0.86,20856832,32,30,tick,14,1
60322,0.9,20901888,32,31,tick,14,1
60324,0.87,20852736,32,32,tick,14,1
60274,0.89,20684800,32,1,tick,15,1
60275,0.93,20832256,32,2,tick,15,1
60286,0.9400000000000001,20848640,32,3,tick,15,1
60277,0.94,20848640,32,4,tick,15,1
60284,0.92,20799488,32,5,tick,15,1
60279,0.89,20877312,32,6,tick,15,1
60290,0.9,20815872,32,7,tick,15,1
60291,0.91,20783104,32,8,tick,15,1
60303,0.93,20783104,32,9,tick,15,1
60309,0.92,20746240,32,10,tick,15,1
60298,0.9,20905984,32,11,tick,15,1
60301,0.9,20791296,32,12,tick,15,1
60304,0.93,20779008,32,13,tick,15,1
60294,0.9400000000000001,20901888,32,14,tick,15,1
60295,0.9,20901888,32,15,tick,15,1
60299,0.91,20779008,32,16,tick,15,1
60302,0.91,20914176,32,17,tick,15,1
60314,0.9,20791296,32,18,tick,15,1
60297,0.9,20783104,32,19,tick,15,1
60308,0.88,20852736,32,20,tick,15,1
60310,0.9,20860928,32,21,tick,15,1
60321,0.89,20836352,32,22,tick,15,1
60319,0.89,20877312,32,23,tick,15,1
60315,0.88,20918272,32,24,tick,15,1
60313,0.92,20881408,32,25,tick,15,1
60317,0.91,20860928,32,26,tick,15,1
60318,0.9,20848640,32,27,tick,15,1
60316,0.93,20828160,32,28,tick,15,1
60320,0.86,20926464,32,29,tick,15,1
60323,0.89,20856832,32,30,tick,15,1
60322,0.94,20901888,32,31,tick,15,1
60324,0.9,20852736,32,32,tick,15,1
60274,0.89,20684800,32,1,pre_checkpoint,,1
60275,0.93,20832256,32,2,pre_checkpoint,,1
60286,0.9400000000000001,20848640,32,3,pre_checkpoint,,1
60277,0.94,20848640,32,4,pre_checkpoint,,1
60284,0.92,20799488,32,5,pre_checkpoint,,1
60279,0.89,20877312,32,6,pre_checkpoint,,1
60290,0.9,20815872,32,7,pre_checkpoint,,1
60291,0.91,20783104,32,8,pre_checkpoint,,1
60303,0.93,20783104,32,9,pre_checkpoint,,1
60309,0.92,20746240,32,10,pre_checkpoint,,1
60298,0.9,20905984,32,11,pre_checkpoint,,1
60301,0.9,20791296,32,12,pre_checkpoint,,1
60304,0.93,20779008,32,13,pre_checkpoint,,1
60294,0.9400000000000001,20901888,32,14,pre_checkpoint,,1
60295,0.9,20901888,32,15,pre_checkpoint,,1
60299,0.91,20779008,32,16,pre_checkpoint,,1
60302,0.91,20914176,32,17,pre_checkpoint,,1
60314,0.9,20791296,32,18,pre_checkpoint,,1
60297,0.9,20783104,32,19,pre_checkpoint,,1
60308,0.88,20852736,32,20,pre_checkpoint,,1
60310,0.9,20860928,32,21,pre_checkpoint,,1
60321,0.89,20836352,32,22,pre_checkpoint,,1
60319,0.89,20877312,32,23,pre_checkpoint,,1
60315,0.88,20918272,32,24,pre_checkpoint,,1
60313,0.92,20881408,32,25,pre_checkpoint,,1
60317,0.91,20860928,32,26,pre_checkpoint,,1
60318,0.9,20848640,32,27,pre_checkpoint,,1
60316,0.93,20828160,32,28,pre_checkpoint,,1
60320,0.86,20926464,32,29,pre_checkpoint,,1
60323,0.89,20856832,32,30,pre_checkpoint,,1
60322,0.94,20901888,32,31,pre_checkpoint,,1
60324,0.9,20852736,32,32,pre_checkpoint,,1
60274,0.9400000000000001,21532672,32,1,post_checkpoint_save,,1
60275,0.9600000000000001,21680128,32,2,post_checkpoint_save,,1
60286,0.99,21749760,32,3,post_checkpoint_save,,1
60277,0.98,21692416,32,4,post_checkpoint_save,,1
60284,0.97,21647360,32,5,post_checkpoint_save,,1
60279,0.9400000000000001,21725184,32,6,post_checkpoint_save,,1
60290,0.95,21659648,32,7,post_checkpoint_save,,1
60291,0.9500000000000001,21630976,32,8,post_checkpoint_save,,1
60303,0.97,21626880,32,9,post_checkpoint_save,,1
60309,0.97,21590016,32,10,post_checkpoint_save,,1
60298,0.9400000000000001,21749760,32,11,post_checkpoint_save,,1
60301,0.9500000000000001,21639168,32,12,post_checkpoint_save,,1
60304,0.98,21622784,32,13,post_checkpoint_save,,1
60294,0.98,21749760,32,14,post_checkpoint_save,,1
60295,0.9500000000000001,21749760,32,15,post_checkpoint_save,,1
60299,0.9400000000000001,21622784,32,16,post_checkpoint_save,,1
60302,0.95,21762048,32,17,post_checkpoint_save,,1
60314,0.9400000000000001,21635072,32,18,post_checkpoint_save,,1
60297,0.9400000000000001,21630976,32,19,post_checkpoint_save,,1
60308,0.93,21700608,32,20,post_checkpoint_save,,1
60310,0.9400000000000001,21708800,32,21,post_checkpoint_save,,1
60321,0.9400000000000001,21684224,32,22,post_checkpoint_save,,1
60319,0.93,21725184,32,23,post_checkpoint_save,,1
60315,0.92,21766144,32,24,post_checkpoint_save,,1
60313,0.9600000000000001,21729280,32,25,post_checkpoint_save,,1
60317,0.95,21762048,32,26,post_checkpoint_save,,1
60318,0.9400000000000001,21692416,32,27,post_checkpoint_save,,1
60316,0.98,21676032,32,28,post_checkpoint_save,,1
60320,0.91,21774336,32,29,post_checkpoint_save,,1
60323,0.93,21757952,32,30,post_checkpoint_save,,1
60322,0.98,21749760,32,31,post_checkpoint_save,,1
60324,0.9400000000000001,21696512,32,32,post_checkpoint_save,,1
60274,1.06,21536768,32,1,post_checkpoint_restore,,1
60275,1.09,26222592,32,2,post_checkpoint_restore,,1
60286,1.11,21753856,32,3,post_checkpoint_restore,,1
60277,1.1,21700608,32,4,post_checkpoint_restore,,1
60284,1.08,21651456,32,5,post_checkpoint_restore,,1
60279,1.05,26267648,32,6,post_checkpoint_restore,,1
60290,1.06,21667840,32,7,post_checkpoint_restore,,1
60291,1.07,26173440,32,8,post_checkpoint_restore,,1
60303,1.09,21635072,32,9,post_checkpoint_restore,,1
60309,1.09,26132480,32,10,post_checkpoint_restore,,1
60298,1.06,26292224,32,11,post_checkpoint_restore,,1
60301,1.06,21643264,32,12,post_checkpoint_restore,,1
60304,1.1,21626880,32,13,post_checkpoint_restore,,1
60294,1.1,26292224,32,14,post_checkpoint_restore,,1
60295,1.07,21753856,32,15,post_checkpoint_restore,,1
60299,1.07,21630976,32,16,post_checkpoint_restore,,1
60302,1.07,26304512,32,17,post_checkpoint_restore,,1
60314,1.06,21643264,32,18,post_checkpoint_restore,,1
60297,1.05,21635072,32,19,post_checkpoint_restore,,1
60308,1.05,21704704,32,20,post_checkpoint_restore,,1
60310,1.06,21712896,32,21,post_checkpoint_restore,,1
60321,1.06,21688320,32,22,post_checkpoint_restore,,1
60319,1.06,21729280,32,23,post_checkpoint_restore,,1
60315,1.05,21770240,32,24,post_checkpoint_restore,,1
60313,1.08,21733376,32,25,post_checkpoint_restore,,1
60317,1.06,26304512,32,26,post_checkpoint_restore,,1
60318,1.05,21700608,32,27,post_checkpoint_restore,,1
60316,1.1,21680128,32,28,post_checkpoint_restore,,1
60320,1.03,21778432,32,29,post_checkpoint_restore,,1
60323,1.05,21762048,32,30,post_checkpoint_restore,,1
60322,1.11,21753856,32,31,post_checkpoint_restore,,1
60324,1.06,21704704,32,32,post_checkpoint_restore,,1
60969,0.12,20623360,32,1,post_boot,,2
60968,0.11,20586496,32,2,post_boot,,2
60970,0.13,20566016,32,3,post_boot,,2
60966,0.12,20492288,32,4,post_boot,,2
60964,0.12,20549632,32,5,post_boot,,2
60976,0.12,20488192,32,6,post_boot,,2
60973,0.12,20443136,32,7,post_boot,,2
60980,0.12,20594688,32,8,post_boot,,2
60979,0.12,20549632,32,9,post_boot,,2
60972,0.11,20328448,32,10,post_boot,,2
60988,0.12,20606976,32,11,post_boot,,2
60977,0.12,20439040,32,12,post_boot,,2
60982,0.12,20631552,32,13,post_boot,,2
60985,0.11,20619264,32,14,post_boot,,2
60984,0.11,20590592,32,15,post_boot,,2
60992,0.11,20504576,32,16,post_boot,,2
60995,0.12,20664320,32,17,post_boot,,2
60990,0.12,20418560,32,18,post_boot,,2
60993,0.12,20406272,32,19,post_boot,,2
61001,0.12,20594688,32,20,post_boot,,2
60986,0.11,20545536,32,21,post_boot,,2
61005,0.11,20426752,32,22,post_boot,,2
60997,0.12,20496384,32,23,post_boot,,2
60999,0.12,20619264,32,24,post_boot,,2
61007,0.11,20488192,32,25,post_boot,,2
60998,0.11,20480000,32,26,post_boot,,2
61006,0.11,20434944,32,27,post_boot,,2
61003,0.11,20566016,32,28,post_boot,,2
61008,0.11,20373504,32,29,post_boot,,2
61011,0.12,20316160,32,30,post_boot,,2
61012,0.12,20615168,32,31,post_boot,,2
61013,0.11,20377600,32,32,post_boot,,2
60969,0.29,20910080,32,1,tick,1,2
60968,0.28,20873216,32,2,tick,1,2
60970,0.29000000000000004,20922368,32,3,tick,1,2
60966,0.29,20783104,32,4,tick,1,2
60964,0.29,20901888,32,5,tick,1,2
60976,0.28,20840448,32,6,tick,1,2
60973,0.29,20860928,32,7,tick,1,2
60980,0.28,20881408,32,8,tick,1,2
60979,0.29,20836352,32,9,tick,1,2
60972,0.27,20680704,32,10,tick,1,2
60988,0.29000000000000004,20897792,32,11,tick,1,2
60977,0.3,20791296,32,12,tick,1,2
60982,0.29000000000000004,20852736,32,13,tick,1,2
60985,0.28,20905984,32,14,tick,1,2
60984,0.27,20881408,32,15,tick,1,2
60992,0.29,20791296,32,16,tick,1,2
60995,0.29000000000000004,20951040,32,17,tick,1,2
60990,0.29,20840448,32,18,tick,1,2
60993,0.29,20758528,32,19,tick,1,2
61001,0.3,20885504,32,20,tick,1,2
60986,0.28,20836352,32,21,tick,1,2
61005,0.28,20844544,32,22,tick,1,2
60997,0.29,20783104,32,23,tick,1,2
60999,0.28,20905984,32,24,tick,1,2
61007,0.28,20844544,32,25,tick,1,2
60998,0.28,20836352,32,26,tick,1,2
61006,0.28,20791296,32,27,tick,1,2
61003,0.28,20791296,32,28,tick,1,2
61008,0.28,20791296,32,29,tick,1,2
61011,0.28,20668416,32,30,tick,1,2
61012,0.27,20905984,32,31,tick,1,2
61013,0.28,20729856,32,32,tick,1,2
60969,0.34,20910080,32,1,tick,2,2
60968,0.32,20873216,32,2,tick,2,2
60970,0.33,20922368,32,3,tick,2,2
60966,0.33,20783104,32,4,tick,2,2
60964,0.33,20901888,32,5,tick,2,2
60976,0.32,20840448,32,6,tick,2,2
60973,0.33,20860928,32,7,tick,2,2
60980,0.32,20881408,32,8,tick,2,2
60979,0.33,20836352,32,9,tick,2,2
60972,0.32,20680704,32,10,tick,2,2
60988,0.33,20897792,32,11,tick,2,2
60977,0.34,20791296,32,12,tick,2,2
60982,0.33,20852736,32,13,tick,2,2
60985,0.33,20905984,32,14,tick,2,2
60984,0.32,20881408,32,15,tick,2,2
60992,0.33,20791296,32,16,tick,2,2
60995,0.33,20951040,32,17,tick,2,2
60990,0.33,20840448,32,18,tick,2,2
60993,0.33,20758528,32,19,tick,2,2
61001,0.34,20885504,32,20,tick,2,2
60986,0.32,20836352,32,21,tick,2,2
61005,0.32,20844544,32,22,tick,2,2
60997,0.33,20783104,32,23,tick,2,2
60999,0.32,20905984,32,24,tick,2,2
61007,0.32,20844544,32,25,tick,2,2
60998,0.32,20836352,32,26,tick,2,2
61006,0.32,20791296,32,27,tick,2,2
61003,0.32,20791296,32,28,tick,2,2
61008,0.32,20791296,32,29,tick,2,2
61011,0.32,20668416,32,30,tick,2,2
61012,0.31,20905984,32,31,tick,2,2
61013,0.33,20729856,32,32,tick,2,2
60969,0.39,20910080,32,1,tick,3,2
60968,0.37,20873216,32,2,tick,3,2
60970,0.38,20922368,32,3,tick,3,2
60966,0.37,20783104,32,4,tick,3,2
60964,0.38,20901888,32,5,tick,3,2
60976,0.36,20840448,32,6,tick,3,2
60973,0.38,20860928,32,7,tick,3,2
60980,0.37,20881408,32,8,tick,3,2
60979,0.38,20836352,32,9,tick,3,2
60972,0.36,20680704,32,10,tick,3,2
60988,0.37,20897792,32,11,tick,3,2
60977,0.39,20791296,32,12,tick,3,2
60982,0.38,20852736,32,13,tick,3,2
60985,0.37,20905984,32,14,tick,3,2
60984,0.36,20881408,32,15,tick,3,2
60992,0.38,20791296,32,16,tick,3,2
60995,0.37,20951040,32,17,tick,3,2
60990,0.37,20840448,32,18,tick,3,2
60993,0.37,20758528,32,19,tick,3,2
61001,0.38,20885504,32,20,tick,3,2
60986,0.36,20836352,32,21,tick,3,2
61005,0.36,20844544,32,22,tick,3,2
60997,0.37,20783104,32,23,tick,3,2
60999,0.36,20905984,32,24,tick,3,2
61007,0.36,20844544,32,25,tick,3,2
60998,0.36,20836352,32,26,tick,3,2
61006,0.36,20791296,32,27,tick,3,2
61003,0.36,20791296,32,28,tick,3,2
61008,0.37,20791296,32,29,tick,3,2
61011,0.36,20668416,32,30,tick,3,2
61012,0.35,20905984,32,31,tick,3,2
61013,0.37,20729856,32,32,tick,3,2
60969,0.43,20910080,32,1,tick,4,2
60968,0.41,20873216,32,2,tick,4,2
60970,0.42,20922368,32,3,tick,4,2
60966,0.41,20783104,32,4,tick,4,2
60964,0.42,20901888,32,5,tick,4,2
60976,0.4,20840448,32,6,tick,4,2
60973,0.42,20860928,32,7,tick,4,2
60980,0.41000000000000003,20881408,32,8,tick,4,2
60979,0.42,20836352,32,9,tick,4,2
60972,0.4,20680704,32,10,tick,4,2
60988,0.41000000000000003,20897792,32,11,tick,4,2
60977,0.43,20791296,32,12,tick,4,2
60982,0.42,20852736,32,13,tick,4,2
60985,0.41,20905984,32,14,tick,4,2
60984,0.4,20881408,32,15,tick,4,2
60992,0.42,20791296,32,16,tick,4,2
60995,0.41000000000000003,20951040,32,17,tick,4,2
60990,0.41,20840448,32,18,tick,4,2
60993,0.42,20758528,32,19,tick,4,2
61001,0.42,20885504,32,20,tick,4,2
60986,0.4,20836352,32,21,tick,4,2
61005,0.4,20844544,32,22,tick,4,2
60997,0.41,20783104,32,23,tick,4,2
60999,0.4,20905984,32,24,tick,4,2
61007,0.4,20844544,32,25,tick,4,2
60998,0.4,20836352,32,26,tick,4,2
61006,0.4,20791296,32,27,tick,4,2
61003,0.4,20791296,32,28,tick,4,2
61008,0.41,20791296,32,29,tick,4,2
61011,0.4,20668416,32,30,tick,4,2
61012,0.39,20905984,32,31,tick,4,2
61013,0.41000000000000003,20729856,32,32,tick,4,2
60969,0.47,20910080,32,1,tick,5,2
60968,0.45,20873216,32,2,tick,5,2
60970,0.46,20922368,32,3,tick,5,2
60966,0.45,20783104,32,4,tick,5,2
60964,0.46,20901888,32,5,tick,5,2
60976,0.44,20840448,32,6,tick,5,2
60973,0.46,20860928,32,7,tick,5,2
60980,0.44,20881408,32,8,tick,5,2
60979,0.46,20836352,32,9,tick,5,2
60972,0.45,20680704,32,10,tick,5,2
60988,0.45,20897792,32,11,tick,5,2
60977,0.47000000000000003,20791296,32,12,tick,5,2
60982,0.46,20852736,32,13,tick,5,2
60985,0.45,20905984,32,14,tick,5,2
60984,0.44,20881408,32,15,tick,5,2
60992,0.46,20791296,32,16,tick,5,2
60995,0.45,20951040,32,17,tick,5,2
60990,0.45,20840448,32,18,tick,5,2
60993,0.46,20758528,32,19,tick,5,2
61001,0.46,20885504,32,20,tick,5,2
60986,0.44,20836352,32,21,tick,5,2
61005,0.44,20844544,32,22,tick,5,2
60997,0.45,20783104,32,23,tick,5,2
60999,0.44,20905984,32,24,tick,5,2
61007,0.44,20844544,32,25,tick,5,2
60998,0.44,20836352,32,26,tick,5,2
61006,0.44,20791296,32,27,tick,5,2
61003,0.44,20791296,32,28,tick,5,2
61008,0.45,20791296,32,29,tick,5,2
61011,0.43,20668416,32,30,tick,5,2
61012,0.43,20905984,32,31,tick,5,2
61013,0.44,20729856,32,32,tick,5,2
60969,0.51,20910080,32,1,tick,6,2
60968,0.49,20873216,32,2,tick,6,2
60970,0.5,20922368,32,3,tick,6,2
60966,0.49,20783104,32,4,tick,6,2
60964,0.5,20901888,32,5,tick,6,2
60976,0.49,20840448,32,6,tick,6,2
60973,0.5,20860928,32,7,tick,6,2
60980,0.48,20881408,32,8,tick,6,2
60979,0.5,20836352,32,9,tick,6,2
60972,0.49,20680704,32,10,tick,6,2
60988,0.49,20897792,32,11,tick,6,2
60977,0.51,20791296,32,12,tick,6,2
60982,0.5,20852736,32,13,tick,6,2
60985,0.5,20905984,32,14,tick,6,2
60984,0.49,20881408,32,15,tick,6,2
60992,0.5,20791296,32,16,tick,6,2
60995,0.49,20951040,32,17,tick,6,2
60990,0.49,20840448,32,18,tick,6,2
60993,0.5,20758528,32,19,tick,6,2
61001,0.5,20885504,32,20,tick,6,2
60986,0.48,20836352,32,21,tick,6,2
61005,0.48,20844544,32,22,tick,6,2
60997,0.49,20783104,32,23,tick,6,2
60999,0.48,20905984,32,24,tick,6,2
61007,0.48,20844544,32,25,tick,6,2
60998,0.48,20836352,32,26,tick,6,2
61006,0.48,20791296,32,27,tick,6,2
61003,0.49,20791296,32,28,tick,6,2
61008,0.49,20791296,32,29,tick,6,2
61011,0.48,20668416,32,30,tick,6,2
61012,0.47,20905984,32,31,tick,6,2
61013,0.49,20729856,32,32,tick,6,2
60969,0.55,20910080,32,1,tick,7,2
60968,0.53,20873216,32,2,tick,7,2
60970,0.54,20922368,32,3,tick,7,2
60966,0.54,20783104,32,4,tick,7,2
60964,0.54,20901888,32,5,tick,7,2
60976,0.53,20840448,32,6,tick,7,2
60973,0.54,20860928,32,7,tick,7,2
60980,0.52,20881408,32,8,tick,7,2
60979,0.54,20836352,32,9,tick,7,2
60972,0.53,20680704,32,10,tick,7,2
60988,0.53,20897792,32,11,tick,7,2
60977,0.55,20791296,32,12,tick,7,2
60982,0.54,20852736,32,13,tick,7,2
60985,0.54,20905984,32,14,tick,7,2
60984,0.53,20881408,32,15,tick,7,2
60992,0.54,20791296,32,16,tick,7,2
60995,0.53,20951040,32,17,tick,7,2
60990,0.54,20840448,32,18,tick,7,2
60993,0.54,20758528,32,19,tick,7,2
61001,0.54,20885504,32,20,tick,7,2
60986,0.52,20836352,32,21,tick,7,2
61005,0.52,20844544,32,22,tick,7,2
60997,0.53,20783104,32,23,tick,7,2
60999,0.52,20905984,32,24,tick,7,2
61007,0.52,20844544,32,25,tick,7,2
60998,0.52,20836352,32,26,tick,7,2
61006,0.52,20791296,32,27,tick,7,2
61003,0.52,20791296,32,28,tick,7,2
61008,0.53,20791296,32,29,tick,7,2
61011,0.52,20668416,32,30,tick,7,2
61012,0.52,20905984,32,31,tick,7,2
61013,0.53,20729856,32,32,tick,7,2
60969,0.59,20910080,32,1,tick,8,2
60968,0.57,20873216,32,2,tick,8,2
60970,0.58,20922368,32,3,tick,8,2
60966,0.58,20783104,32,4,tick,8,2
60964,0.59,20901888,32,5,tick,8,2
60976,0.56,20840448,32,6,tick,8,2
60973,0.58,20860928,32,7,tick,8,2
60980,0.5700000000000001,20881408,32,8,tick,8,2
60979,0.58,20836352,32,9,tick,8,2
60972,0.5700000000000001,20680704,32,10,tick,8,2
60988,0.5700000000000001,20897792,32,11,tick,8,2
60977,0.59,20791296,32,12,tick,8,2
60982,0.58,20852736,32,13,tick,8,2
60985,0.58,20905984,32,14,tick,8,2
60984,0.57,20881408,32,15,tick,8,2
60992,0.58,20791296,32,16,tick,8,2
60995,0.5700000000000001,20951040,32,17,tick,8,2
60990,0.58,20840448,32,18,tick,8,2
60993,0.58,20758528,32,19,tick,8,2
61001,0.58,20885504,32,20,tick,8,2
60986,0.56,20836352,32,21,tick,8,2
61005,0.56,20844544,32,22,tick,8,2
60997,0.57,20783104,32,23,tick,8,2
60999,0.56,20905984,32,24,tick,8,2
61007,0.56,20844544,32,25,tick,8,2
60998,0.57,20836352,32,26,tick,8,2
61006,0.56,20791296,32,27,tick,8,2
61003,0.57,20791296,32,28,tick,8,2
61008,0.57,20791296,32,29,tick,8,2
61011,0.56,20668416,32,30,tick,8,2
61012,0.56,20905984,32,31,tick,8,2
61013,0.5700000000000001,20729856,32,32,tick,8,2
60969,0.64,20910080,32,1,tick,9,2
60968,0.61,20873216,32,2,tick,9,2
60970,0.62,20922368,32,3,tick,9,2
60966,0.62,20783104,32,4,tick,9,2
60964,0.63,20901888,32,5,tick,9,2
60976,0.61,20840448,32,6,tick,9,2
60973,0.62,20860928,32,7,tick,9,2
60980,0.6,20881408,32,8,tick,9,2
60979,0.62,20836352,32,9,tick,9,2
60972,0.61,20680704,32,10,tick,9,2
60988,0.61,20897792,32,11,tick,9,2
60977,0.64,20791296,32,12,tick,9,2
60982,0.62,20852736,32,13,tick,9,2
60985,0.62,20905984,32,14,tick,9,2
60984,0.61,20881408,32,15,tick,9,2
60992,0.62,20791296,32,16,tick,9,2
60995,0.61,20951040,32,17,tick,9,2
60990,0.62,20840448,32,18,tick,9,2
60993,0.62,20758528,32,19,tick,9,2
61001,0.62,20885504,32,20,tick,9,2
60986,0.6,20836352,32,21,tick,9,2
61005,0.6,20844544,32,22,tick,9,2
60997,0.61,20783104,32,23,tick,9,2
60999,0.6,20905984,32,24,tick,9,2
61007,0.6,20844544,32,25,tick,9,2
60998,0.61,20836352,32,26,tick,9,2
61006,0.6,20791296,32,27,tick,9,2
61003,0.61,20791296,32,28,tick,9,2
61008,0.61,20791296,32,29,tick,9,2
61011,0.6,20668416,32,30,tick,9,2
61012,0.6,20905984,32,31,tick,9,2
61013,0.61,20729856,32,32,tick,9,2
60969,0.67,20910080,32,1,tick,10,2
60968,0.65,20873216,32,2,tick,10,2
60970,0.66,20922368,32,3,tick,10,2
60966,0.66,20783104,32,4,tick,10,2
60964,0.67,20901888,32,5,tick,10,2
60976,0.64,20840448,32,6,tick,10,2
60973,0.66,20860928,32,7,tick,10,2
60980,0.65,20881408,32,8,tick,10,2
60979,0.66,20836352,32,9,tick,10,2
60972,0.65,20680704,32,10,tick,10,2
60988,0.65,20897792,32,11,tick,10,2
60977,0.67,20791296,32,12,tick,10,2
60982,0.67,20852736,32,13,tick,10,2
60985,0.66,20905984,32,14,tick,10,2
60984,0.65,20881408,32,15,tick,10,2
60992,0.66,20791296,32,16,tick,10,2
60995,0.65,20951040,32,17,tick,10,2
60990,0.66,20840448,32,18,tick,10,2
60993,0.66,20758528,32,19,tick,10,2
61001,0.66,20885504,32,20,tick,10,2
60986,0.64,20836352,32,21,tick,10,2
61005,0.64,20844544,32,22,tick,10,2
60997,0.65,20783104,32,23,tick,10,2
60999,0.64,20905984,32,24,tick,10,2
61007,0.64,20844544,32,25,tick,10,2
60998,0.64,20836352,32,26,tick,10,2
61006,0.64,20791296,32,27,tick,10,2
61003,0.65,20791296,32,28,tick,10,2
61008,0.65,20791296,32,29,tick,10,2
61011,0.63,20668416,32,30,tick,10,2
61012,0.64,20905984,32,31,tick,10,2
61013,0.65,20729856,32,32,tick,10,2
60969,0.72,20910080,32,1,tick,11,2
60968,0.69,20873216,32,2,tick,11,2
60970,0.7,20922368,32,3,tick,11,2
60966,0.7,20783104,32,4,tick,11,2
60964,0.71,20901888,32,5,tick,11,2
60976,0.69,20840448,32,6,tick,11,2
60973,0.7,20860928,32,7,tick,11,2
60980,0.6900000000000001,20881408,32,8,tick,11,2
60979,0.7,20836352,32,9,tick,11,2
60972,0.6900000000000001,20680704,32,10,tick,11,2
60988,0.6900000000000001,20897792,32,11,tick,11,2
60977,0.72,20791296,32,12,tick,11,2
60982,0.71,20852736,32,13,tick,11,2
60985,0.7,20905984,32,14,tick,11,2
60984,0.6900000000000001,20881408,32,15,tick,11,2
60992,0.7,20791296,32,16,tick,11,2
60995,0.6900000000000001,20951040,32,17,tick,11,2
60990,0.7,20840448,32,18,tick,11,2
60993,0.7,20758528,32,19,tick,11,2
61001,0.7,20885504,32,20,tick,11,2
60986,0.68,20836352,32,21,tick,11,2
61005,0.68,20844544,32,22,tick,11,2
60997,0.69,20783104,32,23,tick,11,2
60999,0.68,20905984,32,24,tick,11,2
61007,0.68,20844544,32,25,tick,11,2
60998,0.68,20836352,32,26,tick,11,2
61006,0.68,20791296,32,27,tick,11,2
61003,0.6900000000000001,20791296,32,28,tick,11,2
61008,0.7,20791296,32,29,tick,11,2
61011,0.67,20668416,32,30,tick,11,2
61012,0.68,20905984,32,31,tick,11,2
61013,0.68,20729856,32,32,tick,11,2
60969,0.76,20910080,32,1,tick,12,2
60968,0.73,20873216,32,2,tick,12,2
60970,0.73,20922368,32,3,tick,12,2
60966,0.74,20783104,32,4,tick,12,2
60964,0.75,20901888,32,5,tick,12,2
60976,0.73,20840448,32,6,tick,12,2
60973,0.74,20860928,32,7,tick,12,2
60980,0.72,20881408,32,8,tick,12,2
60979,0.74,20836352,32,9,tick,12,2
60972,0.73,20680704,32,10,tick,12,2
60988,0.73,20897792,32,11,tick,12,2
60977,0.75,20791296,32,12,tick,12,2
60982,0.75,20852736,32,13,tick,12,2
60985,0.74,20905984,32,14,tick,12,2
60984,0.73,20881408,32,15,tick,12,2
60992,0.74,20791296,32,16,tick,12,2
60995,0.73,20951040,32,17,tick,12,2
60990,0.73,20840448,32,18,tick,12,2
60993,0.74,20758528,32,19,tick,12,2
61001,0.74,20885504,32,20,tick,12,2
60986,0.72,20836352,32,21,tick,12,2
61005,0.73,20844544,32,22,tick,12,2
60997,0.73,20783104,32,23,tick,12,2
60999,0.72,20905984,32,24,tick,12,2
61007,0.72,20844544,32,25,tick,12,2
60998,0.72,20836352,32,26,tick,12,2
61006,0.72,20791296,32,27,tick,12,2
61003,0.73,20791296,32,28,tick,12,2
61008,0.74,20791296,32,29,tick,12,2
61011,0.71,20668416,32,30,tick,12,2
61012,0.72,20905984,32,31,tick,12,2
61013,0.73,20729856,32,32,tick,12,2
60969,0.8,20910080,32,1,tick,13,2
60968,0.77,20873216,32,2,tick,13,2
60970,0.78,20922368,32,3,tick,13,2
60966,0.78,20783104,32,4,tick,13,2
60964,0.79,20901888,32,5,tick,13,2
60976,0.77,20840448,32,6,tick,13,2
60973,0.79,20860928,32,7,tick,13,2
60980,0.77,20881408,32,8,tick,13,2
60979,0.79,20836352,32,9,tick,13,2
60972,0.77,20680704,32,10,tick,13,2
60988,0.78,20897792,32,11,tick,13,2
60977,0.8,20791296,32,12,tick,13,2
60982,0.79,20852736,32,13,tick,13,2
60985,0.78,20905984,32,14,tick,13,2
60984,0.77,20881408,32,15,tick,13,2
60992,0.78,20791296,32,16,tick,13,2
60995,0.77,20951040,32,17,tick,13,2
60990,0.78,20840448,32,18,tick,13,2
60993,0.78,20758528,32,19,tick,13,2
61001,0.78,20885504,32,20,tick,13,2
60986,0.76,20836352,32,21,tick,13,2
61005,0.77,20844544,32,22,tick,13,2
60997,0.77,20783104,32,23,tick,13,2
60999,0.76,20905984,32,24,tick,13,2
61007,0.76,20844544,32,25,tick,13,2
60998,0.76,20836352,32,26,tick,13,2
61006,0.76,20791296,32,27,tick,13,2
61003,0.77,20791296,32,28,tick,13,2
61008,0.78,20791296,32,29,tick,13,2
61011,0.75,20668416,32,30,tick,13,2
61012,0.76,20905984,32,31,tick,13,2
61013,0.77,20729856,32,32,tick,13,2
60969,0.84,20910080,32,1,tick,14,2
60968,0.81,20873216,32,2,tick,14,2
60970,0.8200000000000001,20922368,32,3,tick,14,2
60966,0.8200000000000001,20783104,32,4,tick,14,2
60964,0.83,20901888,32,5,tick,14,2
60976,0.81,20840448,32,6,tick,14,2
60973,0.83,20860928,32,7,tick,14,2
60980,0.81,20881408,32,8,tick,14,2
60979,0.83,20836352,32,9,tick,14,2
60972,0.8200000000000001,20680704,32,10,tick,14,2
60988,0.8200000000000001,20897792,32,11,tick,14,2
60977,0.84,20791296,32,12,tick,14,2
60982,0.83,20852736,32,13,tick,14,2
60985,0.82,20905984,32,14,tick,14,2
60984,0.81,20881408,32,15,tick,14,2
60992,0.82,20791296,32,16,tick,14,2
60995,0.81,20951040,32,17,tick,14,2
60990,0.82,20840448,32,18,tick,14,2
60993,0.82,20758528,32,19,tick,14,2
61001,0.8200000000000001,20885504,32,20,tick,14,2
60986,0.8,20836352,32,21,tick,14,2
61005,0.81,20844544,32,22,tick,14,2
60997,0.81,20783104,32,23,tick,14,2
60999,0.8,20905984,32,24,tick,14,2
61007,0.8,20844544,32,25,tick,14,2
60998,0.8,20836352,32,26,tick,14,2
61006,0.8,20791296,32,27,tick,14,2
61003,0.81,20791296,32,28,tick,14,2
61008,0.8200000000000001,20791296,32,29,tick,14,2
61011,0.79,20668416,32,30,tick,14,2
61012,0.8,20905984,32,31,tick,14,2
61013,0.8,20729856,32,32,tick,14,2
60969,0.89,20910080,32,1,tick,15,2
60968,0.86,20873216,32,2,tick,15,2
60970,0.86,20922368,32,3,tick,15,2
60966,0.86,20783104,32,4,tick,15,2
60964,0.87,20901888,32,5,tick,15,2
60976,0.85,20840448,32,6,tick,15,2
60973,0.87,20860928,32,7,tick,15,2
60980,0.85,20881408,32,8,tick,15,2
60979,0.87,20836352,32,9,tick,15,2
60972,0.86,20680704,32,10,tick,15,2
60988,0.86,20897792,32,11,tick,15,2
60977,0.88,20791296,32,12,tick,15,2
60982,0.87,20852736,32,13,tick,15,2
60985,0.86,20905984,32,14,tick,15,2
60984,0.85,20881408,32,15,tick,15,2
60992,0.86,20791296,32,16,tick,15,2
60995,0.86,20951040,32,17,tick,15,2
60990,0.86,20840448,32,18,tick,15,2
60993,0.86,20758528,32,19,tick,15,2
61001,0.86,20885504,32,20,tick,15,2
60986,0.84,20836352,32,21,tick,15,2
61005,0.85,20844544,32,22,tick,15,2
60997,0.85,20783104,32,23,tick,15,2
60999,0.84,20905984,32,24,tick,15,2
61007,0.84,20844544,32,25,tick,15,2
60998,0.85,20836352,32,26,tick,15,2
61006,0.84,20791296,32,27,tick,15,2
61003,0.85,20791296,32,28,tick,15,2
61008,0.86,20791296,32,29,tick,15,2
61011,0.83,20668416,32,30,tick,15,2
61012,0.84,20905984,32,31,tick,15,2
61013,0.85,20729856,32,32,tick,15,2
60969,0.89,20910080,32,1,pre_checkpoint,,2
60968,0.86,20873216,32,2,pre_checkpoint,,2
60970,0.86,20922368,32,3,pre_checkpoint,,2
60966,0.86,20783104,32,4,pre_checkpoint,,2
60964,0.87,20901888,32,5,pre_checkpoint,,2
60976,0.85,20840448,32,6,pre_checkpoint,,2
60973,0.87,20860928,32,7,pre_checkpoint,,2
60980,0.85,20881408,32,8,pre_checkpoint,,2
60979,0.87,20836352,32,9,pre_checkpoint,,2
60972,0.86,20680704,32,10,pre_checkpoint,,2
60988,0.86,20897792,32,11,pre_checkpoint,,2
60977,0.88,20791296,32,12,pre_checkpoint,,2
60982,0.87,20852736,32,13,pre_checkpoint,,2
60985,0.86,20905984,32,14,pre_checkpoint,,2
60984,0.85,20881408,32,15,pre_checkpoint,,2
60992,0.86,20791296,32,16,pre_checkpoint,,2
60995,0.86,20951040,32,17,pre_checkpoint,,2
60990,0.86,20840448,32,18,pre_checkpoint,,2
60993,0.86,20758528,32,19,pre_checkpoint,,2
61001,0.86,20885504,32,20,pre_checkpoint,,2
60986,0.84,20836352,32,21,pre_checkpoint,,2
61005,0.85,20844544,32,22,pre_checkpoint,,2
60997,0.85,20783104,32,23,pre_checkpoint,,2
60999,0.84,20905984,32,24,pre_checkpoint,,2
61007,0.84,20844544,32,25,pre_checkpoint,,2
60998,0.85,20836352,32,26,pre_checkpoint,,2
61006,0.84,20791296,32,27,pre_checkpoint,,2
61003,0.85,20791296,32,28,pre_checkpoint,,2
61008,0.86,20791296,32,29,pre_checkpoint,,2
61011,0.83,20668416,32,30,pre_checkpoint,,2
61012,0.84,20905984,32,31,pre_checkpoint,,2
61013,0.85,20729856,32,32,pre_checkpoint,,2
60969,0.9400000000000001,21757952,32,1,post_checkpoint_save,,2
60968,0.9,21716992,32,2,post_checkpoint_save,,2
60970,0.9,21770240,32,3,post_checkpoint_save,,2
60966,0.9,21626880,32,4,post_checkpoint_save,,2
60964,0.91,21745664,32,5,post_checkpoint_save,,2
60976,0.89,21688320,32,6,post_checkpoint_save,,2
60973,0.91,21708800,32,7,post_checkpoint_save,,2
60980,0.89,21725184,32,8,post_checkpoint_save,,2
60979,0.91,21684224,32,9,post_checkpoint_save,,2
60972,0.9,21528576,32,10,post_checkpoint_save,,2
60988,0.9,21741568,32,11,post_checkpoint_save,,2
60977,0.91,21635072,32,12,post_checkpoint_save,,2
60982,0.91,21700608,32,13,post_checkpoint_save,,2
60985,0.91,21753856,32,14,post_checkpoint_save,,2
60984,0.89,21725184,32,15,post_checkpoint_save,,2
60992,0.91,21639168,32,16,post_checkpoint_save,,2
60995,0.9,21798912,32,17,post_checkpoint_save,,2
60990,0.9,21741568,32,18,post_checkpoint_save,,2
60993,0.9,21606400,32,19,post_checkpoint_save,,2
61001,0.9,21733376,32,20,post_checkpoint_save,,2
60986,0.88,21684224,32,21,post_checkpoint_save,,2
61005,0.89,21745664,32,22,post_checkpoint_save,,2
60997,0.89,21630976,32,23,post_checkpoint_save,,2
60999,0.88,21749760,32,24,post_checkpoint_save,,2
61007,0.87,21688320,32,25,post_checkpoint_save,,2
60998,0.89,21684224,32,26,post_checkpoint_save,,2
61006,0.89,21639168,32,27,post_checkpoint_save,,2
61003,0.89,21639168,32,28,post_checkpoint_save,,2
61008,0.9,21639168,32,29,post_checkpoint_save,,2
61011,0.87,21516288,32,30,post_checkpoint_save,,2
61012,0.89,21753856,32,31,post_checkpoint_save,,2
61013,0.89,21577728,32,32,post_checkpoint_save,,2
60969,1.06,21762048,32,1,post_checkpoint_restore,,2
60968,1.02,21725184,32,2,post_checkpoint_restore,,2
60970,1.02,21774336,32,3,post_checkpoint_restore,,2
60966,1.02,21635072,32,4,post_checkpoint_restore,,2
60964,1.03,21753856,32,5,post_checkpoint_restore,,2
60976,1.01,21692416,32,6,post_checkpoint_restore,,2
60973,1.04,21712896,32,7,post_checkpoint_restore,,2
60980,1.01,21733376,32,8,post_checkpoint_restore,,2
60979,1.03,26226688,32,9,post_checkpoint_restore,,2
60972,1.03,21532672,32,10,post_checkpoint_restore,,2
60988,1.01,21749760,32,11,post_checkpoint_restore,,2
60977,1.04,21643264,32,12,post_checkpoint_restore,,2
60982,1.03,21704704,32,13,post_checkpoint_restore,,2
60985,1.03,21757952,32,14,post_checkpoint_restore,,2
60984,1.01,26267648,32,15,post_checkpoint_restore,,2
60992,1.03,21643264,32,16,post_checkpoint_restore,,2
60995,1.01,26341376,32,17,post_checkpoint_restore,,2
60990,1.02,21745664,32,18,post_checkpoint_restore,,2
60993,1.01,21610496,32,19,post_checkpoint_restore,,2
61001,1.02,21737472,32,20,post_checkpoint_restore,,2
60986,1.0,21688320,32,21,post_checkpoint_restore,,2
61005,1.02,21749760,32,22,post_checkpoint_restore,,2
60997,1.01,21635072,32,23,post_checkpoint_restore,,2
60999,1.0,21757952,32,24,post_checkpoint_restore,,2
61007,1.0,21696512,32,25,post_checkpoint_restore,,2
60998,1.0,21688320,32,26,post_checkpoint_restore,,2
61006,1.0,21643264,32,27,post_checkpoint_restore,,2
61003,1.01,26181632,32,28,post_checkpoint_restore,,2
61008,1.02,26181632,32,29,post_checkpoint_restore,,2
61011,1.0,21520384,32,30,post_checkpoint_restore,,2
61012,1.0,21757952,32,31,post_checkpoint_restore,,2
61013,1.01,21581824,32,32,post_checkpoint_restore,,2
61632,0.12,20430848,32,1,post_boot,,3
61630,0.12,20492288,32,2,post_boot,,3
61639,0.12,20504576,32,3,post_boot,,3
61636,0.13,20414464,32,4,post_boot,,3
61629,0.12,20549632,32,5,post_boot,,3
61648,0.12,20598784,32,6,post_boot,,3
61645,0.12,20344832,32,7,post_boot,,3
61635,0.11,20545536,32,8,post_boot,,3
61633,0.12,20639744,32,9,post_boot,,3
61641,0.12,20611072,32,10,post_boot,,3
61642,0.12,20619264,32,11,post_boot,,3
61643,0.11,20422656,32,12,post_boot,,3
61638,0.11,20496384,32,13,post_boot,,3
61646,0.12,20426752,32,14,post_boot,,3
61647,0.12,20344832,32,15,post_boot,,3
61650,0.11,20619264,32,16,post_boot,,3
61656,0.12,20492288,32,17,post_boot,,3
61659,0.12,20500480,32,18,post_boot,,3
61661,0.12,20586496,32,19,post_boot,,3
61665,0.11,20500480,32,20,post_boot,,3
61652,0.12,20439040,32,21,post_boot,,3
61663,0.13,20340736,32,22,post_boot,,3
61653,0.12,20533248,32,23,post_boot,,3
61671,0.12,20496384,32,24,post_boot,,3
61673,0.12,20439040,32,25,post_boot,,3
61667,0.11,20553728,32,26,post_boot,,3
61668,0.12,20545536,32,27,post_boot,,3
61670,0.11,20631552,32,28,post_boot,,3
61674,0.12,20590592,32,29,post_boot,,3
61675,0.12,20492288,32,30,post_boot,,3
61669,0.12,20393984,32,31,post_boot,,3
61672,0.12,20414464,32,32,post_boot,,3
61632,0.29,20852736,32,1,tick,1,3
61630,0.29000000000000004,20844544,32,2,tick,1,3
61639,0.29000000000000004,20795392,32,3,tick,1,3
61636,0.3,20770816,32,4,tick,1,3
61629,0.29000000000000004,20901888,32,5,tick,1,3
61648,0.28,20885504,32,6,tick,1,3
61645,0.28,20766720,32,7,tick,1,3
61635,0.29,20897792,32,8,tick,1,3
61633,0.3,20865024,32,9,tick,1,3
61641,0.29000000000000004,20897792,32,10,tick,1,3
61642,0.29,20905984,32,11,tick,1,3
61643,0.29,20844544,32,12,tick,1,3
61638,0.28,20852736,32,13,tick,1,3
61646,0.29000000000000004,20848640,32,14,tick,1,3
61647,0.29,20762624,32,15,tick,1,3
61650,0.28,20905984,32,16,tick,1,3
61656,0.29000000000000004,20844544,32,17,tick,1,3
61659,0.29000000000000004,20787200,32,18,tick,1,3
61661,0.29,20873216,32,19,tick,1,3
61665,0.28,20787200,32,20,tick,1,3
61652,0.29000000000000004,20791296,32,21,tick,1,3
61663,0.3,20762624,32,22,tick,1,3
61653,0.29,20824064,32,23,tick,1,3
61671,0.28,20852736,32,24,tick,1,3
61673,0.28,20791296,32,25,tick,1,3
61667,0.3,20844544,32,26,tick,1,3
61668,0.29000000000000004,20766720,32,27,tick,1,3
61670,0.28,20852736,32,28,tick,1,3
61674,0.29,20881408,32,29,tick,1,3
61675,0.28,20779008,32,30,tick,1,3
61669,0.29000000000000004,20750336,32,31,tick,1,3
61672,0.29,20770816,32,32,tick,1,3
61632,0.33,20852736,32,1,tick,2,3
61630,0.33,20844544,32,2,tick,2,3
61639,0.33,20795392,32,3,tick,2,3
61636,0.34,20770816,32,4,tick,2,3
61629,0.33,20901888,32,5,tick,2,3
61648,0.32,20885504,32,6,tick,2,3
61645,0.32,20766720,32,7,tick,2,3
61635,0.33,20897792,32,8,tick,2,3
61633,0.34,20865024,32,9,tick,2,3
61641,0.33,20897792,32,10,tick,2,3
61642,0.33,20905984,32,11,tick,2,3
61643,0.33,20844544,32,12,tick,2,3
61638,0.32,20852736,32,13,tick,2,3
61646,0.34,20848640,32,14,tick,2,3
61647,0.34,20762624,32,15,tick,2,3
61650,0.33,20905984,32,16,tick,2,3
61656,0.33,20844544,32,17,tick,2,3
61659,0.33,20787200,32,18,tick,2,3
61661,0.33,20873216,32,19,tick,2,3
61665,0.32,20787200,32,20,tick,2,3
61652,0.33,20791296,32,21,tick,2,3
61663,0.34,20762624,32,22,tick,2,3
61653,0.33,20824064,32,23,tick,2,3
61671,0.33,20852736,32,24,tick,2,3
61673,0.33,20791296,32,25,tick,2,3
61667,0.34,20844544,32,26,tick,2,3
61668,0.33,20766720,32,27,tick,2,3
61670,0.32,20852736,32,28,tick,2,3
61674,0.33,20881408,32,29,tick,2,3
61675,0.32,20779008,32,30,tick,2,3
61669,0.33,20750336,32,31,tick,2,3
61672,0.33,20770816,32,32,tick,2,3
61632,0.37,20852736,32,1,tick,3,3
61630,0.37,20844544,32,2,tick,3,3
61639,0.37,20795392,32,3,tick,3,3
61636,0.38,20770816,32,4,tick,3,3
61629,0.37,20901888,32,5,tick,3,3
61648,0.36,20885504,32,6,tick,3,3
61645,0.36,20766720,32,7,tick,3,3
61635,0.37,20897792,32,8,tick,3,3
61633,0.38,20865024,32,9,tick,3,3
61641,0.37,20897792,32,10,tick,3,3
61642,0.37,20905984,32,11,tick,3,3
61643,0.37,20844544,32,12,tick,3,3
61638,0.36,20852736,32,13,tick,3,3
61646,0.38,20848640,32,14,tick,3,3
61647,0.38,20762624,32,15,tick,3,3
61650,0.37,20905984,32,16,tick,3,3
61656,0.37,20844544,32,17,tick,3,3
61659,0.37,20787200,32,18,tick,3,3
61661,0.37,20873216,32,19,tick,3,3
61665,0.36,20787200,32,20,tick,3,3
61652,0.37,20791296,32,21,tick,3,3
61663,0.38,20762624,32,22,tick,3,3
61653,0.37,20824064,32,23,tick,3,3
61671,0.37,20852736,32,24,tick,3,3
61673,0.37,20791296,32,25,tick,3,3
61667,0.38,20844544,32,26,tick,3,3
61668,0.38,20766720,32,27,tick,3,3
61670,0.36,20852736,32,28,tick,3,3
61674,0.37,20881408,32,29,tick,3,3
61675,0.36,20779008,32,30,tick,3,3
61669,0.37,20750336,32,31,tick,3,3
61672,0.37,20770816,32,32,tick,3,3
61632,0.41,20852736,32,1,tick,4,3
61630,0.41000000000000003,20844544,32,2,tick,4,3
61639,0.41000000000000003,20795392,32,3,tick,4,3
61636,0.42,20770816,32,4,tick,4,3
61629,0.41000000000000003,20901888,32,5,tick,4,3
61648,0.4,20885504,32,6,tick,4,3
61645,0.4,20766720,32,7,tick,4,3
61635,0.42,20897792,32,8,tick,4,3
61633,0.42,20865024,32,9,tick,4,3
61641,0.41000000000000003,20897792,32,10,tick,4,3
61642,0.41,20905984,32,11,tick,4,3
61643,0.41,20844544,32,12,tick,4,3
61638,0.41,20852736,32,13,tick,4,3
61646,0.42,20848640,32,14,tick,4,3
61647,0.42,20762624,32,15,tick,4,3
61650,0.41000000000000003,20905984,32,16,tick,4,3
61656,0.41000000000000003,20844544,32,17,tick,4,3
61659,0.41000000000000003,20787200,32,18,tick,4,3
61661,0.41,20873216,32,19,tick,4,3
61665,0.4,20787200,32,20,tick,4,3
61652,0.41000000000000003,20791296,32,21,tick,4,3
61663,0.42,20762624,32,22,tick,4,3
61653,0.4,20824064,32,23,tick,4,3
61671,0.4,20852736,32,24,tick,4,3
61673,0.41000000000000003,20791296,32,25,tick,4,3
61667,0.42,20844544,32,26,tick,4,3
61668,0.42,20766720,32,27,tick,4,3
61670,0.41,20852736,32,28,tick,4,3
61674,0.42,20881408,32,29,tick,4,3
61675,0.4,20779008,32,30,tick,4,3
61669,0.41000000000000003,20750336,32,31,tick,4,3
61672,0.41,20770816,32,32,tick,4,3
61632,0.45,20852736,32,1,tick,5,3
61630,0.47000000000000003,20844544,32,2,tick,5,3
61639,0.47000000000000003,20795392,32,3,tick,5,3
61636,0.46,20770816,32,4,tick,5,3
61629,0.45,20901888,32,5,tick,5,3
61648,0.45,20885504,32,6,tick,5,3
61645,0.44,20766720,32,7,tick,5,3
61635,0.47000000000000003,20897792,32,8,tick,5,3
61633,0.46,20865024,32,9,tick,5,3
61641,0.45,20897792,32,10,tick,5,3
61642,0.45,20905984,32,11,tick,5,3
61643,0.47,20844544,32,12,tick,5,3
61638,0.45,20852736,32,13,tick,5,3
61646,0.46,20848640,32,14,tick,5,3
61647,0.46,20762624,32,15,tick,5,3
61650,0.45,20905984,32,16,tick,5,3
61656,0.46,20844544,32,17,tick,5,3
61659,0.45,20787200,32,18,tick,5,3
61661,0.45,20873216,32,19,tick,5,3
61665,0.44,20787200,32,20,tick,5,3
61652,0.46,20791296,32,21,tick,5,3
61663,0.46,20762624,32,22,tick,5,3
61653,0.44,20824064,32,23,tick,5,3
61671,0.45,20852736,32,24,tick,5,3
61673,0.46,20791296,32,25,tick,5,3
61667,0.46,20844544,32,26,tick,5,3
61668,0.46,20766720,32,27,tick,5,3
61670,0.44,20852736,32,28,tick,5,3
61674,0.46,20881408,32,29,tick,5,3
61675,0.44,20779008,32,30,tick,5,3
61669,0.45,20750336,32,31,tick,5,3
61672,0.46,20770816,32,32,tick,5,3
61632,0.49,20852736,32,1,tick,6,3
61630,0.51,20844544,32,2,tick,6,3
61639,0.51,20795392,32,3,tick,6,3
61636,0.5,20770816,32,4,tick,6,3
61629,0.5,20901888,32,5,tick,6,3
61648,0.5,20885504,32,6,tick,6,3
61645,0.48,20766720,32,7,tick,6,3
61635,0.52,20897792,32,8,tick,6,3
61633,0.51,20865024,32,9,tick,6,3
61641,0.49,20897792,32,10,tick,6,3
61642,0.5,20905984,32,11,tick,6,3
61643,0.51,20844544,32,12,tick,6,3
61638,0.5,20852736,32,13,tick,6,3
61646,0.51,20848640,32,14,tick,6,3
61647,0.51,20762624,32,15,tick,6,3
61650,0.49,20905984,32,16,tick,6,3
61656,0.5,20844544,32,17,tick,6,3
61659,0.49,20787200,32,18,tick,6,3
61661,0.5,20873216,32,19,tick,6,3
61665,0.5,20787200,32,20,tick,6,3
61652,0.51,20791296,32,21,tick,6,3
61663,0.51,20762624,32,22,tick,6,3
61653,0.49,20824064,32,23,tick,6,3
61671,0.5,20852736,32,24,tick,6,3
61673,0.5,20791296,32,25,tick,6,3
61667,0.52,20844544,32,26,tick,6,3
61668,0.51,20766720,32,27,tick,6,3
61670,0.5,20852736,32,28,tick,6,3
61674,0.51,20881408,32,29,tick,6,3
61675,0.49,20779008,32,30,tick,6,3
61669,0.5,20750336,32,31,tick,6,3
61672,0.51,20770816,32,32,tick,6,3
61632,0.53,20852736,32,1,tick,7,3
61630,0.55,20844544,32,2,tick,7,3
61639,0.55,20795392,32,3,tick,7,3
61636,0.54,20770816,32,4,tick,7,3
61629,0.54,20901888,32,5,tick,7,3
61648,0.54,20885504,32,6,tick,7,3
61645,0.52,20766720,32,7,tick,7,3
61635,0.56,20897792,32,8,tick,7,3
61633,0.56,20865024,32,9,tick,7,3
61641,0.53,20897792,32,10,tick,7,3
61642,0.54,20905984,32,11,tick,7,3
61643,0.55,20844544,32,12,tick,7,3
61638,0.54,20852736,32,13,tick,7,3
61646,0.55,20848640,32,14,tick,7,3
61647,0.55,20762624,32,15,tick,7,3
61650,0.54,20905984,32,16,tick,7,3
61656,0.55,20844544,32,17,tick,7,3
61659,0.54,20787200,32,18,tick,7,3
61661,0.54,20873216,32,19,tick,7,3
61665,0.54,20787200,32,20,tick,7,3
61652,0.55,20791296,32,21,tick,7,3
61663,0.56,20762624,32,22,tick,7,3
61653,0.54,20824064,32,23,tick,7,3
61671,0.55,20852736,32,24,tick,7,3
61673,0.55,20791296,32,25,tick,7,3
61667,0.5700000000000001,20844544,32,26,tick,7,3
61668,0.55,20766720,32,27,tick,7,3
61670,0.54,20852736,32,28,tick,7,3
61674,0.55,20881408,32,29,tick,7,3
61675,0.53,20779008,32,30,tick,7,3
61669,0.55,20750336,32,31,tick,7,3
61672,0.55,20770816,32,32,tick,7,3
61632,0.58,20852736,32,1,tick,8,3
61630,0.59,20844544,32,2,tick,8,3
61639,0.6,20795392,32,3,tick,8,3
61636,0.58,20770816,32,4,tick,8,3
61629,0.5800000000000001,20901888,32,5,tick,8,3
61648,0.58,20885504,32,6,tick,8,3
61645,0.56,20766720,32,7,tick,8,3
61635,0.61,20897792,32,8,tick,8,3
61633,0.6,20865024,32,9,tick,8,3
61641,0.58,20897792,32,10,tick,8,3
61642,0.58,20905984,32,11,tick,8,3
61643,0.59,20844544,32,12,tick,8,3
61638,0.59,20852736,32,13,tick,8,3
61646,0.6,20848640,32,14,tick,8,3
61647,0.59,20762624,32,15,tick,8,3
61650,0.58,20905984,32,16,tick,8,3
61656,0.59,20844544,32,17,tick,8,3
61659,0.58,20787200,32,18,tick,8,3
61661,0.58,20873216,32,19,tick,8,3
61665,0.58,20787200,32,20,tick,8,3
61652,0.59,20791296,32,21,tick,8,3
61663,0.6,20762624,32,22,tick,8,3
61653,0.58,20824064,32,23,tick,8,3
61671,0.59,20852736,32,24,tick,8,3
61673,0.59,20791296,32,25,tick,8,3
61667,0.61,20844544,32,26,tick,8,3
61668,0.59,20766720,32,27,tick,8,3
61670,0.58,20852736,32,28,tick,8,3
61674,0.59,20881408,32,29,tick,8,3
61675,0.58,20779008,32,30,tick,8,3
61669,0.6,20750336,32,31,tick,8,3
61672,0.59,20770816,32,32,tick,8,3
61632,0.62,20852736,32,1,tick,9,3
61630,0.64,20844544,32,2,tick,9,3
61639,0.64,20795392,32,3,tick,9,3
61636,0.62,20770816,32,4,tick,9,3
61629,0.62,20901888,32,5,tick,9,3
61648,0.62,20885504,32,6,tick,9,3
61645,0.6,20766720,32,7,tick,9,3
61635,0.65,20897792,32,8,tick,9,3
61633,0.64,20865024,32,9,tick,9,3
61641,0.62,20897792,32,10,tick,9,3
61642,0.62,20905984,32,11,tick,9,3
61643,0.64,20844544,32,12,tick,9,3
61638,0.63,20852736,32,13,tick,9,3
61646,0.64,20848640,32,14,tick,9,3
61647,0.63,20762624,32,15,tick,9,3
61650,0.62,20905984,32,16,tick,9,3
61656,0.63,20844544,32,17,tick,9,3
61659,0.62,20787200,32,18,tick,9,3
61661,0.61,20873216,32,19,tick,9,3
61665,0.62,20787200,32,20,tick,9,3
61652,0.64,20791296,32,21,tick,9,3
61663,0.64,20762624,32,22,tick,9,3
61653,0.62,20824064,32,23,tick,9,3
61671,0.63,20852736,32,24,tick,9,3
61673,0.63,20791296,32,25,tick,9,3
61667,0.65,20844544,32,26,tick,9,3
61668,0.63,20766720,32,27,tick,9,3
61670,0.62,20852736,32,28,tick,9,3
61674,0.63,20881408,32,29,tick,9,3
61675,0.62,20779008,32,30,tick,9,3
61669,0.64,20750336,32,31,tick,9,3
61672,0.63,20770816,32,32,tick,9,3
61632,0.66,20852736,32,1,tick,10,3
61630,0.6900000000000001,20844544,32,2,tick,10,3
61639,0.68,20795392,32,3,tick,10,3
61636,0.66,20770816,32,4,tick,10,3
61629,0.66,20901888,32,5,tick,10,3
61648,0.67,20885504,32,6,tick,10,3
61645,0.64,20766720,32,7,tick,10,3
61635,0.6900000000000001,20897792,32,8,tick,10,3
61633,0.68,20865024,32,9,tick,10,3
61641,0.67,20897792,32,10,tick,10,3
61642,0.66,20905984,32,11,tick,10,3
61643,0.68,20844544,32,12,tick,10,3
61638,0.67,20852736,32,13,tick,10,3
61646,0.6900000000000001,20848640,32,14,tick,10,3
61647,0.67,20762624,32,15,tick,10,3
61650,0.66,20905984,32,16,tick,10,3
61656,0.67,20844544,32,17,tick,10,3
61659,0.67,20787200,32,18,tick,10,3
61661,0.66,20873216,32,19,tick,10,3
61665,0.66,20787200,32,20,tick,10,3
61652,0.68,20791296,32,21,tick,10,3
61663,0.68,20762624,32,22,tick,10,3
61653,0.66,20824064,32,23,tick,10,3
61671,0.67,20852736,32,24,tick,10,3
61673,0.67,20791296,32,25,tick,10,3
61667,0.6900000000000001,20844544,32,26,tick,10,3
61668,0.67,20766720,32,27,tick,10,3
61670,0.67,20852736,32,28,tick,10,3
61674,0.67,20881408,32,29,tick,10,3
61675,0.66,20779008,32,30,tick,10,3
61669,0.68,20750336,32,31,tick,10,3
61672,0.67,20770816,32,32,tick,10,3
61632,0.7,20852736,32,1,tick,11,3
61630,0.73,20844544,32,2,tick,11,3
61639,0.72,20795392,32,3,tick,11,3
61636,0.71,20770816,32,4,tick,11,3
61629,0.7000000000000001,20901888,32,5,tick,11,3
61648,0.71,20885504,32,6,tick,11,3
61645,0.68,20766720,32,7,tick,11,3
61635,0.73,20897792,32,8,tick,11,3
61633,0.72,20865024,32,9,tick,11,3
61641,0.71,20897792,32,10,tick,11,3
61642,0.7,20905984,32,11,tick,11,3
61643,0.72,20844544,32,12,tick,11,3
61638,0.71,20852736,32,13,tick,11,3
61646,0.73,20848640,32,14,tick,11,3
61647,0.71,20762624,32,15,tick,11,3
61650,0.7,20905984,32,16,tick,11,3
61656,0.71,20844544,32,17,tick,11,3
61659,0.71,20787200,32,18,tick,11,3
61661,0.7,20873216,32,19,tick,11,3
61665,0.7,20787200,32,20,tick,11,3
61652,0.72,20791296,32,21,tick,11,3
61663,0.72,20762624,32,22,tick,11,3
61653,0.7,20824064,32,23,tick,11,3
61671,0.71,20852736,32,24,tick,11,3
61673,0.71,20791296,32,25,tick,11,3
61667,0.73,20844544,32,26,tick,11,3
61668,0.71,20766720,32,27,tick,11,3
61670,0.71,20852736,32,28,tick,11,3
61674,0.71,20881408,32,29,tick,11,3
61675,0.7,20779008,32,30,tick,11,3
61669,0.72,20750336,32,31,tick,11,3
61672,0.71,20770816,32,32,tick,11,3
61632,0.74,20852736,32,1,tick,12,3
61630,0.77,20844544,32,2,tick,12,3
61639,0.77,20795392,32,3,tick,12,3
61636,0.76,20770816,32,4,tick,12,3
61629,0.74,20901888,32,5,tick,12,3
61648,0.75,20885504,32,6,tick,12,3
61645,0.72,20766720,32,7,tick,12,3
61635,0.77,20897792,32,8,tick,12,3
61633,0.77,20865024,32,9,tick,12,3
61641,0.75,20897792,32,10,tick,12,3
61642,0.74,20905984,32,11,tick,12,3
61643,0.77,20844544,32,12,tick,12,3
61638,0.75,20852736,32,13,tick,12,3
61646,0.77,20848640,32,14,tick,12,3
61647,0.75,20762624,32,15,tick,12,3
61650,0.75,20905984,32,16,tick,12,3
61656,0.75,20844544,32,17,tick,12,3
61659,0.75,20787200,32,18,tick,12,3
61661,0.74,20873216,32,19,tick,12,3
61665,0.74,20787200,32,20,tick,12,3
61652,0.76,20791296,32,21,tick,12,3
61663,0.76,20762624,32,22,tick,12,3
61653,0.74,20824064,32,23,tick,12,3
61671,0.75,20852736,32,24,tick,12,3
61673,0.75,20791296,32,25,tick,12,3
61667,0.77,20844544,32,26,tick,12,3
61668,0.75,20766720,32,27,tick,12,3
61670,0.75,20852736,32,28,tick,12,3
61674,0.75,20881408,32,29,tick,12,3
61675,0.74,20779008,32,30,tick,12,3
61669,0.76,20750336,32,31,tick,12,3
61672,0.75,20770816,32,32,tick,12,3
61632,0.78,20852736,32,1,tick,13,3
61630,0.81,20844544,32,2,tick,13,3
61639,0.81,20795392,32,3,tick,13,3
61636,0.8,20770816,32,4,tick,13,3
61629,0.79,20901888,32,5,tick,13,3
61648,0.79,20885504,32,6,tick,13,3
61645,0.77,20766720,32,7,tick,13,3
61635,0.81,20897792,32,8,tick,13,3
61633,0.81,20865024,32,9,tick,13,3
61641,0.8,20897792,32,10,tick,13,3
61642,0.79,20905984,32,11,tick,13,3
61643,0.81,20844544,32,12,tick,13,3
61638,0.8,20852736,32,13,tick,13,3
61646,0.81,20848640,32,14,tick,13,3
61647,0.8,20762624,32,15,tick,13,3
61650,0.79,20905984,32,16,tick,13,3
61656,0.79,20844544,32,17,tick,13,3
61659,0.79,20787200,32,18,tick,13,3
61661,0.78,20873216,32,19,tick,13,3
61665,0.8,20787200,32,20,tick,13,3
61652,0.8,20791296,32,21,tick,13,3
61663,0.8,20762624,32,22,tick,13,3
61653,0.78,20824064,32,23,tick,13,3
61671,0.8,20852736,32,24,tick,13,3
61673,0.8,20791296,32,25,tick,13,3
61667,0.81,20844544,32,26,tick,13,3
61668,0.8,20766720,32,27,tick,13,3
61670,0.79,20852736,32,28,tick,13,3
61674,0.79,20881408,32,29,tick,13,3
61675,0.78,20779008,32,30,tick,13,3
61669,0.8,20750336,32,31,tick,13,3
61672,0.82,20770816,32,32,tick,13,3
61632,0.82,20852736,32,1,tick,14,3
61630,0.85,20844544,32,2,tick,14,3
61639,0.85,20795392,32,3,tick,14,3
61636,0.84,20770816,32,4,tick,14,3
61629,0.8300000000000001,20901888,32,5,tick,14,3
61648,0.83,20885504,32,6,tick,14,3
61645,0.81,20766720,32,7,tick,14,3
61635,0.85,20897792,32,8,tick,14,3
61633,0.85,20865024,32,9,tick,14,3
61641,0.84,20897792,32,10,tick,14,3
61642,0.83,20905984,32,11,tick,14,3
61643,0.85,20844544,32,12,tick,14,3
61638,0.84,20852736,32,13,tick,14,3
61646,0.85,20848640,32,14,tick,14,3
61647,0.84,20762624,32,15,tick,14,3
61650,0.83,20905984,32,16,tick,14,3
61656,0.83,20844544,32,17,tick,14,3
61659,0.83,20787200,32,18,tick,14,3
61661,0.82,20873216,32,19,tick,14,3
61665,0.84,20787200,32,20,tick,14,3
61652,0.85,20791296,32,21,tick,14,3
61663,0.84,20762624,32,22,tick,14,3
61653,0.82,20824064,32,23,tick,14,3
61671,0.84,20852736,32,24,tick,14,3
61673,0.84,20791296,32,25,tick,14,3
61667,0.85,20844544,32,26,tick,14,3
61668,0.84,20766720,32,27,tick,14,3
61670,0.83,20852736,32,28,tick,14,3
61674,0.83,20881408,32,29,tick,14,3
61675,0.82,20779008,32,30,tick,14,3
61669,0.84,20750336,32,31,tick,14,3
61672,0.86,20770816,32,32,tick,14,3
61632,0.86,20852736,32,1,tick,15,3
61630,0.89,20844544,32,2,tick,15,3
61639,0.88,20795392,32,3,tick,15,3
61636,0.88,20770816,32,4,tick,15,3
61629,0.87,20901888,32,5,tick,15,3
61648,0.87,20885504,32,6,tick,15,3
61645,0.85,20766720,32,7,tick,15,3
61635,0.89,20897792,32,8,tick,15,3
61633,0.89,20865024,32,9,tick,15,3
61641,0.88,20897792,32,10,tick,15,3
61642,0.87,20905984,32,11,tick,15,3
61643,0.89,20844544,32,12,tick,15,3
61638,0.88,20852736,32,13,tick,15,3
61646,0.89,20848640,32,14,tick,15,3
61647,0.88,20762624,32,15,tick,15,3
61650,0.87,20905984,32,16,tick,15,3
61656,0.87,20844544,32,17,tick,15,3
61659,0.87,20787200,32,18,tick,15,3
61661,0.87,20873216,32,19,tick,15,3
61665,0.88,20787200,32,20,tick,15,3
61652,0.89,20791296,32,21,tick,15,3
61663,0.88,20762624,32,22,tick,15,3
61653,0.86,20824064,32,23,tick,15,3
61671,0.88,20852736,32,24,tick,15,3
61673,0.88,20791296,32,25,tick,15,3
61667,0.89,20844544,32,26,tick,15,3
61668,0.87,20766720,32,27,tick,15,3
61670,0.87,20852736,32,28,tick,15,3
61674,0.87,20881408,32,29,tick,15,3
61675,0.86,20779008,32,30,tick,15,3
61669,0.88,20750336,32,31,tick,15,3
61672,0.9,20770816,32,32,tick,15,3
61632,0.86,20852736,32,1,pre_checkpoint,,3
61630,0.89,20844544,32,2,pre_checkpoint,,3
61639,0.88,20795392,32,3,pre_checkpoint,,3
61636,0.88,20770816,32,4,pre_checkpoint,,3
61629,0.87,20901888,32,5,pre_checkpoint,,3
61648,0.87,20885504,32,6,pre_checkpoint,,3
61645,0.85,20766720,32,7,pre_checkpoint,,3
61635,0.89,20897792,32,8,pre_checkpoint,,3
61633,0.89,20865024,32,9,pre_checkpoint,,3
61641,0.88,20897792,32,10,pre_checkpoint,,3
61642,0.87,20905984,32,11,pre_checkpoint,,3
61643,0.89,20844544,32,12,pre_checkpoint,,3
61638,0.88,20852736,32,13,pre_checkpoint,,3
61646,0.89,20848640,32,14,pre_checkpoint,,3
61647,0.88,20762624,32,15,pre_checkpoint,,3
61650,0.87,20905984,32,16,pre_checkpoint,,3
61656,0.87,20844544,32,17,pre_checkpoint,,3
61659,0.87,20787200,32,18,pre_checkpoint,,3
61661,0.87,20873216,32,19,pre_checkpoint,,3
61665,0.88,20787200,32,20,pre_checkpoint,,3
61652,0.89,20791296,32,21,pre_checkpoint,,3
61663,0.88,20762624,32,22,pre_checkpoint,,3
61653,0.86,20824064,32,23,pre_checkpoint,,3
61671,0.88,20852736,32,24,pre_checkpoint,,3
61673,0.88,20791296,32,25,pre_checkpoint,,3
61667,0.89,20844544,32,26,pre_checkpoint,,3
61668,0.87,20766720,32,27,pre_checkpoint,,3
61670,0.87,20852736,32,28,pre_checkpoint,,3
61674,0.87,20881408,32,29,pre_checkpoint,,3
61675,0.86,20779008,32,30,pre_checkpoint,,3
61669,0.88,20750336,32,31,pre_checkpoint,,3
61672,0.9,20770816,32,32,pre_checkpoint,,3
61632,0.9,21696512,32,1,post_checkpoint_save,,3
61630,0.93,21692416,32,2,post_checkpoint_save,,3
61639,0.92,21643264,32,3,post_checkpoint_save,,3
61636,0.92,21618688,32,4,post_checkpoint_save,,3
61629,0.9,21749760,32,5,post_checkpoint_save,,3
61648,0.92,21733376,32,6,post_checkpoint_save,,3
61645,0.89,21667840,32,7,post_checkpoint_save,,3
61635,0.93,21745664,32,8,post_checkpoint_save,,3
61633,0.93,21712896,32,9,post_checkpoint_save,,3
61641,0.91,21741568,32,10,post_checkpoint_save,,3
61642,0.91,21753856,32,11,post_checkpoint_save,,3
61643,0.93,21745664,32,12,post_checkpoint_save,,3
61638,0.92,21696512,32,13,post_checkpoint_save,,3
61646,0.93,21749760,32,14,post_checkpoint_save,,3
61647,0.92,21663744,32,15,post_checkpoint_save,,3
61650,0.91,21753856,32,16,post_checkpoint_save,,3
61656,0.91,21688320,32,17,post_checkpoint_save,,3
61659,0.92,21635072,32,18,post_checkpoint_save,,3
61661,0.9,21716992,32,19,post_checkpoint_save,,3
61665,0.91,21635072,32,20,post_checkpoint_save,,3
61652,0.92,21635072,32,21,post_checkpoint_save,,3
61663,0.93,21606400,32,22,post_checkpoint_save,,3
61653,0.91,21671936,32,23,post_checkpoint_save,,3
61671,0.92,21696512,32,24,post_checkpoint_save,,3
61673,0.92,21639168,32,25,post_checkpoint_save,,3
61667,0.93,21692416,32,26,post_checkpoint_save,,3
61668,0.92,21614592,32,27,post_checkpoint_save,,3
61670,0.91,21696512,32,28,post_checkpoint_save,,3
61674,0.92,21729280,32,29,post_checkpoint_save,,3
61675,0.91,21626880,32,30,post_checkpoint_save,,3
61669,0.93,21598208,32,31,post_checkpoint_save,,3
61672,0.94,21618688,32,32,post_checkpoint_save,,3
61632,1.02,21704704,32,1,post_checkpoint_restore,,3
61630,1.05,21696512,32,2,post_checkpoint_restore,,3
61639,1.05,21647360,32,3,post_checkpoint_restore,,3
61636,1.03,21622784,32,4,post_checkpoint_restore,,3
61629,1.02,21753856,32,5,post_checkpoint_restore,,3
61648,1.04,21737472,32,6,post_checkpoint_restore,,3
61645,1.01,21671936,32,7,post_checkpoint_restore,,3
61635,1.05,21749760,32,8,post_checkpoint_restore,,3
61633,1.05,21716992,32,9,post_checkpoint_restore,,3
61641,1.04,21749760,32,10,post_checkpoint_restore,,3
61642,1.03,21757952,32,11,post_checkpoint_restore,,3
61643,1.05,21749760,32,12,post_checkpoint_restore,,3
61638,1.04,21704704,32,13,post_checkpoint_restore,,3
61646,1.05,21753856,32,14,post_checkpoint_restore,,3
61647,1.04,21667840,32,15,post_checkpoint_restore,,3
61650,1.03,26296320,32,16,post_checkpoint_restore,,3
61656,1.04,21696512,32,17,post_checkpoint_restore,,3
61659,1.04,21639168,32,18,post_checkpoint_restore,,3
61661,1.02,21725184,32,19,post_checkpoint_restore,,3
61665,1.02,26177536,32,20,post_checkpoint_restore,,3
61652,1.04,26177536,32,21,post_checkpoint_restore,,3
61663,1.05,21610496,32,22,post_checkpoint_restore,,3
61653,1.02,21676032,32,23,post_checkpoint_restore,,3
61671,1.04,21704704,32,24,post_checkpoint_restore,,3
61673,1.04,21643264,32,25,post_checkpoint_restore,,3
61667,1.05,21696512,32,26,post_checkpoint_restore,,3
61668,1.04,21618688,32,27,post_checkpoint_restore,,3
61670,1.03,21704704,32,28,post_checkpoint_restore,,3
61674,1.03,21733376,32,29,post_checkpoint_restore,,3
61675,1.02,21630976,32,30,post_checkpoint_restore,,3
61669,1.04,21602304,32,31,post_checkpoint_restore,,3
61672,1.06,21622784,32,32,post_checkpoint_restore,,3
