batch_tick_wall_ms,disk_busy_pct,disk_read_bytes_delta,disk_write_bytes_delta,host_available_memory_bytes,host_cpu_util_pct,host_memory_available_delta_bytes,overrun_s,session_count,session_index,simulation_time_delta_s,tick_index,tick_process_cpu_ms,tick_wall_ms,trial
41.364641,0.0,0,0,22756417536,16.116824673180663,0,0.0,1,1,0.5,1,40.000000000000036,39.884184,1
39.878588,0.0,0,0,22756417536,20.896761272900758,0,0.0,1,1,0.5,2,29.99999999999997,38.823043,1
40.480438,0.0,0,0,22756417536,20.58607501532485,0,0.0,1,1,0.5,3,40.000000000000036,39.591451,1
39.991659999999996,0.0,0,0,22756417536,20.837677989648924,0,0.0,1,1,0.5,4,39.99999999999998,39.01769,1
41.898927,0.0,0,0,22756417536,19.88913304000279,0,0.0,1,1,0.5,5,39.99999999999998,40.986619,1
40.926711,0.0,0,0,22756159488,16.28928028607186,-258048,0.0,1,1,0.5,6,40.000000000000036,39.971877,1
40.156859000000004,0.0,0,0,22756159488,16.601564048275296,0,0.0,1,1,0.5,7,39.99999999999998,39.098518,1
41.426603,0.0,0,0,22756159488,20.115898311073366,0,0.0,1,1,0.5,8,40.000000000000036,40.482287,1
39.620081,0.0,0,0,22756159488,16.826484192853123,0,0.0,1,1,0.5,9,39.99999999999992,38.869373,1
40.060085,0.0,0,0,22756159488,16.641668800283835,0,0.0,1,1,0.5,10,40.000000000000036,39.207539,1
39.774178,0.0,0,0,22756159488,16.761293386529832,0,0.0,1,1,0.5,11,30.00000000000003,38.711342,1
40.87351,0.0,0,0,22756159488,16.31048242898788,0,0.0,1,1,0.5,12,39.99999999999992,39.741839,1
41.435048,0.0,0,0,22756159488,16.089438744370714,0,0.0,1,1,0.5,13,40.000000000000036,40.462623,1
40.412712000000006,0.0,0,0,22756159488,16.496459496854857,0,0.0,1,1,0.5,14,40.000000000000036,39.282752,1
39.851326,0.0,0,0,22756159488,16.72884527521268,0,0.0,1,1,0.5,15,40.000000000000036,38.85374,1
40.532275,0.0,0,0,22738468864,16.4477978762865,0,0.0,1,1,0.5,1,50.00000000000004,39.502438,2
43.948809,0.0,0,0,22738468864,18.961454298712965,0,0.0,1,1,0.5,2,39.99999999999998,43.100553,2
41.342388,0.0,0,0,22738468864,24.18824960006349,0,0.0,1,1,0.5,3,39.99999999999998,40.515551,2
40.241259,0.0,0,0,22738468864,16.566744759801384,0,0.0,1,1,0.5,4,40.000000000000036,39.315109,2
40.373141000000004,0.0,0,0,22738468864,16.51262820165665,0,0.0,1,1,0.5,5,39.99999999999998,39.367304,2
39.971276,0.0,0,0,22738468864,20.8483045008712,0,0.0,1,1,0.5,6,29.99999999999997,39.09099,2
43.658550999999996,0.0,0,0,22738468864,19.087516975110024,0,0.0,1,1,0.5,7,50.00000000000004,42.546051,2
39.143938000000006,0.0,0,0,22738468864,17.03115988652088,0,0.0,1,1,0.5,8,30.00000000000003,38.242101,2
38.320727999999995,0.0,0,0,22738468864,17.397025094775348,0,0.0,1,1,0.5,9,39.99999999999992,37.490321,2
38.632232,0.0,0,0,22738468864,17.25674733642261,0,0.0,1,1,0.5,10,40.000000000000036,37.767231,2
39.350848,0.0,0,0,22738468864,21.177010806383763,0,0.0,1,1,0.5,11,40.000000000000036,38.440803,2
39.194483000000005,0.0,0,0,22738468864,12.756897444237596,0,0.0,1,1,0.5,12,29.999999999999915,38.123401,2
40.105146,0.0,0,0,22738468864,29.0901987156914,0,0.0,1,1,0.5,13,40.000000000000036,39.194765,2
39.068701999999995,0.0,0,0,22738468864,21.32994675178118,0,0.0,1,1,0.5,14,40.000000000000036,38.116751,2
39.097634,0.0,0,0,22738468864,17.05133018192508,0,0.0,1,1,0.5,15,39.99999999999992,38.176249,2
42.001035,0.0,0,0,22718017536,15.872624726177827,0,0.0,1,1,0.5,1,39.99999999999998,40.665584,3
39.825355,0.0,0,0,22718017536,16.739754527387397,0,0.0,1,1,0.5,2,40.000000000000036,38.975915,3
39.090999000000004,0.0,0,0,22718017536,17.054224341159976,0,0.0,1,1,0.5,3,29.99999999999997,38.198949,3
38.488619,0.0,0,0,22718017536,17.321137624243164,0,0.0,1,1,0.5,4,40.000000000000036,37.610177,3
38.215551,0.0,0,0,22718017536,17.444905260323484,0,0.0,1,1,0.5,5,39.99999999999998,37.230687,3
38.855316,0.0,0,0,22718017536,17.15766940786327,0,0.0,1,1,0.5,6,29.99999999999997,37.972423,3
39.377165,0.0,0,0,22718017536,21.162857542466725,0,0.0,1,1,0.5,7,40.000000000000036,38.496345,3
39.760552,0.0,0,0,22718017536,20.958796883312008,0,0.0,1,1,0.5,8,40.000000000000036,38.897227,3
39.868596,0.0,0,0,22718017536,16.721598790839295,0,0.0,1,1,0.5,9,39.99999999999992,38.802499,3
39.054474,0.0,0,0,22718017536,17.0701740001942,0,0.0,1,1,0.5,10,40.000000000000036,38.189547,3
41.805328,0.0,0,0,22718017536,15.946930655969505,0,0.0,1,1,0.5,11,40.000000000000036,40.881817,3
43.45816,0.0,0,0,22718017536,19.175531898643772,0,0.0,1,1,0.5,12,39.99999999999992,42.47217,3
42.334891,0.0,0,0,22718017536,15.747452064210115,0,0.0,1,1,0.5,13,40.000000000000036,41.43887,3
45.308084,0.0,0,0,22718017536,14.714077661418221,0,0.0,1,1,0.5,14,40.000000000000036,44.303931,3
41.926671999999996,0.0,0,0,22718017536,15.900777115485349,0,0.0,1,1,0.5,15,49.999999999999936,41.094809,3
42.372392000000005,0.0,0,0,22704816128,35.40040883194102,0,0.0,2,1,0.5,1,40.000000000000036,40.856954,1
42.372392000000005,0.0,0,0,22704816128,35.40040883194102,0,0.0,2,2,0.5,1,40.00000000000001,40.122907,1
41.960667,0.0,0,0,22704816128,39.71973721658738,0,0.0,2,1,0.5,2,39.99999999999998,39.203037,1
41.960667,0.0,0,0,22704816128,39.71973721658738,0,0.0,2,2,0.5,2,39.99999999999998,40.681724,1
40.140318,0.0,0,0,22704816128,37.368911726170815,0,0.0,2,1,0.5,3,39.99999999999998,38.71545,1
40.140318,0.0,0,0,22704816128,37.368911726170815,0,0.0,2,2,0.5,3,39.99999999999998,38.659278,1
42.034004,0.0,0,0,22704816128,35.685394139165695,0,0.0,2,1,0.5,4,30.00000000000003,39.296286,1
42.034004,0.0,0,0,22704816128,35.685394139165695,0,0.0,2,2,0.5,4,40.000000000000036,40.680151,1
41.856243,0.0,0,0,22704816128,31.85506480711322,0,0.0,2,1,0.5,5,39.99999999999998,40.328362,1
41.856243,0.0,0,0,22704816128,31.85506480711322,0,0.0,2,2,0.5,5,39.99999999999998,39.37617,1
41.689605,0.0,0,0,22704816128,43.97579044807536,0,0.0,2,1,0.5,6,39.99999999999998,40.34441,1
41.689605,0.0,0,0,22704816128,43.97579044807536,0,0.0,2,2,0.5,6,39.99999999999998,38.972146,1
41.214067,0.0,0,0,22704816128,44.48319388930668,0,0.0,2,1,0.5,7,40.000000000000036,39.452476,1
41.214067,0.0,0,0,22704816128,44.48319388930668,0,0.0,2,2,0.5,7,40.000000000000036,39.747114,1
41.236142,0.0,0,0,22704816128,36.37585688793159,0,0.0,2,1,0.5,8,40.000000000000036,39.35631,1
41.236142,0.0,0,0,22704816128,36.37585688793159,0,0.0,2,2,0.5,8,40.000000000000036,39.875816,1
40.996915,0.0,0,180224,22704816128,36.58811888619587,0,0.0,2,1,0.5,9,39.99999999999992,39.539727,1
40.996915,0.0,0,180224,22704816128,36.58811888619587,0,0.0,2,2,0.5,9,29.999999999999915,39.779726,1
40.052161000000005,0.0,0,0,22704816128,37.45116274755875,0,0.0,2,1,0.5,10,40.000000000000036,38.65412,1
40.052161000000005,0.0,0,0,22704816128,37.45116274755875,0,0.0,2,2,0.5,10,40.000000000000036,38.881891,1
41.356764999999996,0.0,0,0,22704816128,32.23978793631757,0,0.0,2,1,0.5,11,40.000000000000036,38.679801,1
41.356764999999996,0.0,0,0,22704816128,32.23978793631757,0,0.0,2,2,0.5,11,40.000000000000036,40.077806,1
41.01317,0.0,0,0,22704816128,40.63735299350745,0,0.0,2,1,0.5,12,39.99999999999992,39.490431,1
41.01317,0.0,0,0,22704816128,40.63735299350745,0,0.0,2,2,0.5,12,39.99999999999992,38.848235,1
41.327309,0.0,0,0,22704816128,40.328458517770216,0,0.0,2,1,0.5,13,40.000000000000036,39.926639,1
41.327309,0.0,0,0,22704816128,40.328458517770216,0,0.0,2,2,0.5,13,40.000000000000036,39.952591,1
41.55403,0.0,0,0,22704816128,36.097581871178924,0,0.0,2,1,0.5,14,40.000000000000036,40.007675,1
41.55403,0.0,0,0,22704816128,36.097581871178924,0,0.0,2,2,0.5,14,40.000000000000036,39.954995,1
40.616565,0.0,0,0,22704816128,32.827328784010184,0,0.0,2,1,0.5,15,29.999999999999915,39.517151,1
40.616565,0.0,0,0,22704816128,32.827328784010184,0,0.0,2,2,0.5,15,39.99999999999992,38.5114,1
42.323431,0.0,0,0,22689087488,35.44136107496637,0,0.0,2,1,0.5,1,40.000000000000036,40.228023,2
42.323431,0.0,0,0,22689087488,35.44136107496637,0,0.0,2,2,0.5,1,40.00000000000001,40.90813,2
41.319885,0.0,0,53248,22689087488,36.30213394803173,0,0.0,2,1,0.5,2,39.99999999999998,39.979724,2
41.319885,0.0,0,53248,22689087488,36.30213394803173,0,0.0,2,2,0.5,2,39.99999999999998,39.301135,2
41.275968000000006,0.0,0,0,22689087488,40.37862096105729,0,0.0,2,1,0.5,3,39.99999999999998,40.03634,2
41.275968000000006,0.0,0,0,22689087488,40.37862096105729,0,0.0,2,2,0.5,3,40.000000000000036,39.358929,2
41.612387,0.0,0,0,22689087488,36.046958805858104,0,0.0,2,1,0.5,4,40.000000000000036,40.271277,2
41.612387,0.0,0,0,22689087488,36.046958805858104,0,0.0,2,2,0.5,4,39.99999999999998,38.957807,2
42.152068,0.0,0,0,22689087488,39.539380764368936,0,0.0,2,1,0.5,5,39.99999999999998,39.614777,2
42.152068,0.0,0,0,22689087488,39.539380764368936,0,0.0,2,2,0.5,5,39.99999999999998,40.983408,2
40.961352,0.0,0,0,22689087488,36.619885007761106,0,0.0,2,1,0.5,6,29.99999999999997,39.271185,2
40.961352,0.0,0,0,22689087488,36.619885007761106,0,0.0,2,2,0.5,6,40.000000000000036,39.586473,2
41.176741,0.0,0,0,22689087488,28.333147265389847,0,0.0,2,1,0.5,7,40.000000000000036,39.883594,2
41.176741,0.0,0,0,22689087488,28.333147265389847,0,0.0,2,2,0.5,7,29.99999999999997,38.775386,2
42.17751,0.0,0,0,22689087488,39.51553011718164,0,0.0,2,1,0.5,8,40.000000000000036,40.84325,2
42.17751,0.0,0,0,22689087488,39.51553011718164,0,0.0,2,2,0.5,8,50.00000000000004,40.625138,2
42.201859,0.0,0,0,22689087488,43.44200413844035,0,0.0,2,1,0.5,9,39.99999999999992,41.003509,2
42.201859,0.0,0,0,22689087488,43.44200413844035,0,0.0,2,2,0.5,9,29.999999999999915,39.860501,2
52.058815,0.0,0,0,22689087488,38.418085390498824,0,0.0,2,1,0.5,10,40.000000000000036,40.537636,2
52.058815,0.0,0,0,22689087488,38.418085390498824,0,0.0,2,2,0.5,10,50.00000000000004,50.406364,2
40.07586,0.0,0,0,22689087488,41.58779541281784,0,0.0,2,1,0.5,11,40.000000000000036,38.810562,2
40.07586,0.0,0,0,22689087488,41.58779541281784,0,0.0,2,2,0.5,11,40.000000000000036,38.568908,2
43.328169,0.0,0,0,22689087488,34.619510462175896,0,0.0,2,1,0.5,12,39.99999999999992,41.77489,2
43.328169,0.0,0,0,22689087488,34.619510462175896,0,0.0,2,2,0.5,12,39.99999999999992,40.767413,2
44.729186999999996,0.0,0,0,22689087488,33.53515010204114,0,0.0,2,1,0.5,13,40.000000000000036,38.805883,2
44.729186999999996,0.0,0,0,22689087488,33.53515010204114,0,0.0,2,2,0.5,13,50.00000000000004,43.266475,2
47.142455,0.0,0,0,22689087488,31.81845323928135,0,0.0,2,1,0.5,14,40.000000000000036,38.975597,2
47.142455,0.0,0,0,22689087488,31.81845323928135,0,0.0,2,2,0.5,14,40.000000000000036,45.76899,2
41.040569999999995,0.0,0,0,22689087488,40.61022219410525,0,0.0,2,1,0.5,15,39.99999999999992,38.821019,2
41.040569999999995,0.0,0,0,22689087488,40.61022219410525,0,0.0,2,2,0.5,15,39.99999999999992,39.863669,2
42.285854,0.0,0,208896,22681288704,39.41428418727388,0,0.0,2,1,0.5,1,40.000000000000036,40.753767,3
42.285854,0.0,0,208896,22681288704,39.41428418727388,0,0.0,2,2,0.5,1,40.000000000000036,39.118467,3
44.805554,0.0,0,0,22681288704,40.91754636809166,0,0.0,2,1,0.5,2,39.99999999999998,43.360432,3
44.805554,0.0,0,0,22681288704,40.91754636809166,0,0.0,2,2,0.5,2,39.99999999999998,40.887944,3
43.057423,0.0,0,0,22681288704,38.70799854086882,0,0.0,2,1,0.5,3,40.000000000000036,42.037525,3
43.057423,0.0,0,0,22681288704,38.70799854086882,0,0.0,2,2,0.5,3,29.99999999999997,39.363163,3
42.015388,0.0,0,0,22681546752,31.734404864525363,258048,0.0,2,1,0.5,4,39.99999999999998,40.6677,3
42.015388,0.0,0,0,22681546752,31.734404864525363,258048,0.0,2,2,0.5,4,40.000000000000036,39.31557,3
41.676854,0.0,0,0,22681546752,43.989244806198485,0,0.0,2,1,0.5,5,39.99999999999998,39.734587,3
41.676854,0.0,0,0,22681546752,43.989244806198485,0,0.0,2,2,0.5,5,39.99999999999998,40.409779,3
41.920170999999996,0.0,0,0,22681546752,31.806486031083242,0,0.0,2,1,0.5,6,40.000000000000036,39.53602,3
41.920170999999996,0.0,0,0,22681546752,31.806486031083242,0,0.0,2,2,0.5,6,39.99999999999998,40.788656,3
41.648458999999995,0.0,0,0,22681546752,32.01398960120279,0,0.0,2,1,0.5,7,39.99999999999998,40.218362,3
41.648458999999995,0.0,0,0,22681546752,32.01398960120279,0,0.0,2,2,0.5,7,40.000000000000036,40.266109,3
43.178559,0.0,0,0,22681546752,30.879523638853275,0,0.0,2,1,0.5,8,40.000000000000036,40.195933,3
43.178559,0.0,0,0,22681546752,30.879523638853275,0,0.0,2,2,0.5,8,50.00000000000004,41.974517,3
44.306005,0.0,0,0,22681546752,45.14060791529683,0,0.0,2,1,0.5,9,39.99999999999992,39.504427,3
44.306005,0.0,0,0,22681546752,45.14060791529683,0,0.0,2,2,0.5,9,39.99999999999992,42.74044,3
42.125607,0.0,0,0,22681546752,43.5206389626119,0,0.0,2,1,0.5,10,40.000000000000036,39.4811,3
42.125607,0.0,0,0,22681546752,43.5206389626119,0,0.0,2,2,0.5,10,40.000000000000036,40.839887,3
41.374385,0.0,0,0,22681546752,36.25431532099934,0,0.0,2,1,0.5,11,40.000000000000036,38.650466,3
41.374385,0.0,0,0,22681546752,36.25431532099934,0,0.0,2,2,0.5,11,40.000000000000036,40.06606,3
41.153684000000005,0.0,0,0,22681546752,32.398881551700704,0,0.0,2,1,0.5,12,39.99999999999992,39.083819,3
41.153684000000005,0.0,0,0,22681546752,32.398881551700704,0,0.0,2,2,0.5,12,39.99999999999992,39.892922,3
41.949352000000005,0.0,0,0,22681546752,31.7843606578743,0,0.0,2,1,0.5,13,40.000000000000036,40.668876,3
41.949352000000005,0.0,0,0,22681546752,31.7843606578743,0,0.0,2,2,0.5,13,40.000000000000036,39.748726,3
42.632469,0.0,0,0,22681546752,31.275067210677403,0,0.0,2,1,0.5,14,40.000000000000036,40.670718,3
42.632469,0.0,0,0,22681546752,31.275067210677403,0,0.0,2,2,0.5,14,40.000000000000036,41.167292,3
42.149348,0.0,0,0,22681546752,35.58773910340025,0,0.0,2,1,0.5,15,39.99999999999992,39.419945,3
42.149348,0.0,0,0,22681546752,35.58773910340025,0,0.0,2,2,0.5,15,39.99999999999992,40.86335,3
44.565757,0.0,0,0,22675750912,67.31625808588532,0,0.0,4,1,0.5,1,40.00000000000001,39.292691,1
44.565757,0.0,0,0,22675750912,67.31625808588532,0,0.0,4,2,0.5,1,40.00000000000001,38.519462,1
44.565757,0.0,0,0,22675750912,67.31625808588532,0,0.0,4,3,0.5,1,40.000000000000036,42.18314,1
44.565757,0.0,0,0,22675750912,67.31625808588532,0,0.0,4,4,0.5,1,40.00000000000001,39.803565,1
44.742855,0.0,0,0,22675750912,63.32482210477061,0,0.0,4,1,0.5,2,39.99999999999998,40.647019,1
44.742855,0.0,0,0,22675750912,63.32482210477061,0,0.0,4,2,0.5,2,39.99999999999998,38.325581,1
44.742855,0.0,0,0,22675750912,63.32482210477061,0,0.0,4,3,0.5,2,39.99999999999998,42.543735,1
44.742855,0.0,0,0,22675750912,63.32482210477061,0,0.0,4,4,0.5,2,39.99999999999998,39.707002,1
42.388624,0.0,0,0,22675750912,66.84183316069395,0,0.0,4,1,0.5,3,39.99999999999998,37.928122,1
42.388624,0.0,0,0,22675750912,66.84183316069395,0,0.0,4,2,0.5,3,30.00000000000003,38.888967,1
42.388624,0.0,0,0,22675750912,66.84183316069395,0,0.0,4,3,0.5,3,39.99999999999998,38.791584,1
42.388624,0.0,0,0,22675750912,66.84183316069395,0,0.0,4,4,0.5,3,39.99999999999998,40.555041,1
42.737579,0.0,0,0,22675750912,62.396296867079,0,0.0,4,1,0.5,4,30.00000000000003,38.470847,1
42.737579,0.0,0,0,22675750912,62.396296867079,0,0.0,4,2,0.5,4,39.99999999999998,40.335083,1
42.737579,0.0,0,0,22675750912,62.396296867079,0,0.0,4,3,0.5,4,40.000000000000036,38.63767,1
42.737579,0.0,0,0,22675750912,62.396296867079,0,0.0,4,4,0.5,4,40.000000000000036,40.153009,1
44.434612,0.0,0,0,22675750912,67.5149363294733,0,0.0,4,1,0.5,5,39.99999999999998,39.669863,1
44.434612,0.0,0,0,22675750912,67.5149363294733,0,0.0,4,2,0.5,5,39.99999999999998,40.387713,1
44.434612,0.0,0,0,22675750912,67.5149363294733,0,0.0,4,3,0.5,5,39.99999999999998,42.038111,1
44.434612,0.0,0,0,22675750912,67.5149363294733,0,0.0,4,4,0.5,5,39.99999999999998,40.801476,1
44.413899,0.0,0,0,22675750912,60.04126471038716,0,0.0,4,1,0.5,6,40.000000000000036,38.74464,1
44.413899,0.0,0,0,22675750912,60.04126471038716,0,0.0,4,2,0.5,6,40.000000000000036,39.764399,1
44.413899,0.0,0,0,22675750912,60.04126471038716,0,0.0,4,3,0.5,6,39.99999999999998,39.623495,1
44.413899,0.0,0,0,22675750912,60.04126471038716,0,0.0,4,4,0.5,6,39.99999999999998,41.763033,1
44.783266000000005,0.0,0,0,22675750912,63.26767979214704,0,0.0,4,1,0.5,7,39.99999999999998,40.763342,1
44.783266000000005,0.0,0,0,22675750912,63.26767979214704,0,0.0,4,2,0.5,7,49.999999999999986,42.554917,1
44.783266000000005,0.0,0,0,22675750912,63.26767979214704,0,0.0,4,3,0.5,7,40.000000000000036,39.286416,1
44.783266000000005,0.0,0,0,22675750912,63.26767979214704,0,0.0,4,4,0.5,7,40.000000000000036,42.110079,1
44.035106,0.0,0,0,22675750912,64.34260277094702,0,0.0,4,1,0.5,8,40.000000000000036,39.98749,1
44.035106,0.0,0,0,22675750912,64.34260277094702,0,0.0,4,2,0.5,8,40.000000000000036,41.388779,1
44.035106,0.0,0,0,22675750912,64.34260277094702,0,0.0,4,3,0.5,8,30.00000000000003,39.894228,1
44.035106,0.0,0,0,22675750912,64.34260277094702,0,0.0,4,4,0.5,8,40.000000000000036,40.796995,1
43.837817,0.0,0,0,22675750912,64.632172111111,0,0.0,4,1,0.5,9,39.99999999999992,40.242637,1
43.837817,0.0,0,0,22675750912,64.632172111111,0,0.0,4,2,0.5,9,39.99999999999992,39.179868,1
43.837817,0.0,0,0,22675750912,64.632172111111,0,0.0,4,3,0.5,9,49.999999999999936,41.539491,1
43.837817,0.0,0,0,22675750912,64.632172111111,0,0.0,4,4,0.5,9,39.99999999999992,39.421802,1
42.263026,0.0,0,0,22675750912,74.92758958327204,0,0.0,4,1,0.5,10,40.000000000000036,38.974839,1
42.263026,0.0,0,0,22675750912,74.92758958327204,0,0.0,4,2,0.5,10,40.000000000000036,39.795439,1
42.263026,0.0,0,0,22675750912,74.92758958327204,0,0.0,4,3,0.5,10,30.00000000000003,37.883675,1
42.263026,0.0,0,0,22675750912,74.92758958327204,0,0.0,4,4,0.5,10,40.000000000000036,39.751031,1
44.134389000000006,0.0,0,0,22675750912,60.42151544602194,0,0.0,4,1,0.5,11,40.000000000000036,40.462329,1
44.134389000000006,0.0,0,0,22675750912,60.42151544602194,0,0.0,4,2,0.5,11,40.000000000000036,40.330445,1
44.134389000000006,0.0,0,0,22675750912,60.42151544602194,0,0.0,4,3,0.5,11,40.000000000000036,37.304145,1
44.134389000000006,0.0,0,0,22675750912,60.42151544602194,0,0.0,4,4,0.5,11,40.000000000000036,41.731074,1
43.014196999999996,0.0,0,0,22675750912,65.86972513561948,0,0.0,4,1,0.5,12,39.99999999999992,40.990725,1
43.014196999999996,0.0,0,0,22675750912,65.86972513561948,0,0.0,4,2,0.5,12,29.999999999999915,39.523742,1
43.014196999999996,0.0,0,0,22675750912,65.86972513561948,0,0.0,4,3,0.5,12,39.99999999999992,39.000174,1
43.014196999999996,0.0,0,0,22675750912,65.86972513561948,0,0.0,4,4,0.5,12,39.99999999999992,39.659585,1
48.380857,0.0,0,0,22678003712,62.00799626192754,2252800,0.0,4,1,0.5,13,40.000000000000036,40.361848,1
48.380857,0.0,0,0,22678003712,62.00799626192754,2252800,0.0,4,2,0.5,13,50.00000000000004,46.048618,1
48.380857,0.0,0,0,22678003712,62.00799626192754,2252800,0.0,4,3,0.5,13,40.000000000000036,38.91438,1
48.380857,0.0,0,0,22678003712,62.00799626192754,2252800,0.0,4,4,0.5,13,40.000000000000036,45.481033,1
43.482923,0.0,0,0,22678003712,68.99260199239252,0,0.0,4,1,0.5,14,40.000000000000036,39.938584,1
43.482923,0.0,0,0,22678003712,68.99260199239252,0,0.0,4,2,0.5,14,40.000000000000036,40.442076,1
43.482923,0.0,0,0,22678003712,68.99260199239252,0,0.0,4,3,0.5,14,40.000000000000036,39.8047,1
43.482923,0.0,0,0,22678003712,68.99260199239252,0,0.0,4,4,0.5,14,40.000000000000036,40.697056,1
43.359956,0.0,0,0,22678163456,69.18826209117216,159744,0.0,4,1,0.5,15,39.99999999999992,40.566541,1
43.359956,0.0,0,0,22678163456,69.18826209117216,159744,0.0,4,2,0.5,15,39.99999999999992,39.856798,1
43.359956,0.0,0,0,22678163456,69.18826209117216,159744,0.0,4,3,0.5,15,39.99999999999992,39.812846,1
43.359956,0.0,0,0,22678163456,69.18826209117216,159744,0.0,4,4,0.5,15,39.99999999999992,39.155985,1
42.174477,0.0,0,0,22673096704,63.22939503587065,0,0.0,4,1,0.5,1,40.000000000000036,39.622531,2
42.174477,0.0,0,0,22673096704,63.22939503587065,0,0.0,4,2,0.5,1,40.000000000000036,40.021425,2
42.174477,0.0,0,0,22673096704,63.22939503587065,0,0.0,4,3,0.5,1,30.00000000000003,38.267959,2
42.174477,0.0,0,0,22673096704,63.22939503587065,0,0.0,4,4,0.5,1,30.0,38.399198,2
59.14503,0.0,0,0,22673096704,56.35863796721891,0,0.0,4,1,0.5,2,39.99999999999998,41.562178,2
59.14503,0.0,0,0,22673096704,56.35863796721891,0,0.0,4,2,0.5,2,39.99999999999998,39.995174,2
59.14503,0.0,0,0,22673096704,56.35863796721891,0,0.0,4,3,0.5,2,39.99999999999998,40.288024,2
59.14503,0.0,0,0,22673096704,56.35863796721891,0,0.0,4,4,0.5,2,60.0,56.677421,2
45.996641,0.0,0,0,22673096704,61.59870094284811,0,0.0,4,1,0.5,3,39.99999999999998,40.558217,2
45.996641,0.0,0,0,22673096704,61.59870094284811,0,0.0,4,2,0.5,3,39.99999999999998,43.162893,2
45.996641,0.0,0,0,22673096704,61.59870094284811,0,0.0,4,3,0.5,3,40.000000000000036,39.97769,2
45.996641,0.0,0,0,22673096704,61.59870094284811,0,0.0,4,4,0.5,3,39.99999999999998,39.748168,2
44.978253,0.0,0,0,22673096704,62.99340557612466,0,0.0,4,1,0.5,4,40.000000000000036,41.362808,2
44.978253,0.0,0,0,22673096704,62.99340557612466,0,0.0,4,2,0.5,4,40.000000000000036,42.574775,2
44.978253,0.0,0,0,22673096704,62.99340557612466,0,0.0,4,3,0.5,4,39.99999999999998,38.570544,2
44.978253,0.0,0,0,22673096704,62.99340557612466,0,0.0,4,4,0.5,4,40.000000000000036,39.368783,2
44.091699,0.0,0,0,22673096704,68.04001814467826,0,0.0,4,1,0.5,5,39.99999999999998,41.819971,2
44.091699,0.0,0,0,22673096704,68.04001814467826,0,0.0,4,2,0.5,5,39.99999999999998,40.815525,2
44.091699,0.0,0,0,22673096704,68.04001814467826,0,0.0,4,3,0.5,5,39.99999999999998,39.017512,2
44.091699,0.0,0,0,22673096704,68.04001814467826,0,0.0,4,4,0.5,5,39.99999999999998,40.25302,2
44.18825,0.0,0,0,22673096704,60.34786774004947,0,0.0,4,1,0.5,6,39.99999999999998,41.416438,2
44.18825,0.0,0,0,22673096704,60.34786774004947,0,0.0,4,2,0.5,6,39.99999999999998,40.37352,2
44.18825,0.0,0,0,22673096704,60.34786774004947,0,0.0,4,3,0.5,6,40.000000000000036,41.960587,2
44.18825,0.0,0,0,22673096704,60.34786774004947,0,0.0,4,4,0.5,6,39.99999999999998,40.145807,2
49.211413,0.0,0,0,22673096704,64.34821667638674,0,0.0,4,1,0.5,7,40.000000000000036,40.318488,2
49.211413,0.0,0,0,22673096704,64.34821667638674,0,0.0,4,2,0.5,7,50.00000000000004,46.950632,2
49.211413,0.0,0,0,22673096704,64.34821667638674,0,0.0,4,3,0.5,7,39.99999999999998,40.512475,2
49.211413,0.0,0,0,22673096704,64.34821667638674,0,0.0,4,4,0.5,7,40.000000000000036,40.343731,2
46.414743,0.0,0,0,22673096704,61.043822505262774,0,0.0,4,1,0.5,8,40.000000000000036,41.014692,2
46.414743,0.0,0,0,22673096704,61.043822505262774,0,0.0,4,2,0.5,8,39.99999999999992,41.985309,2
46.414743,0.0,0,0,22673096704,61.043822505262774,0,0.0,4,3,0.5,8,40.000000000000036,41.673862,2
46.414743,0.0,0,0,22673096704,61.043822505262774,0,0.0,4,4,0.5,8,50.00000000000004,44.221842,2
44.21819,0.0,0,0,22673096704,71.6145700824741,0,0.0,4,1,0.5,9,39.99999999999992,40.04204,2
44.21819,0.0,0,0,22673096704,71.6145700824741,0,0.0,4,2,0.5,9,40.000000000000036,41.902019,2
44.21819,0.0,0,0,22673096704,71.6145700824741,0,0.0,4,3,0.5,9,39.99999999999992,41.611192,2
44.21819,0.0,0,0,22673096704,71.6145700824741,0,0.0,4,4,0.5,9,39.99999999999992,41.014784,2
44.132981,0.0,0,0,22673096704,67.97637349729108,0,0.0,4,1,0.5,10,50.00000000000004,41.593638,2
44.132981,0.0,0,0,22673096704,67.97637349729108,0,0.0,4,2,0.5,10,40.000000000000036,40.766304,2
44.132981,0.0,0,0,22673096704,67.97637349729108,0,0.0,4,3,0.5,10,40.000000000000036,41.920722,2
44.132981,0.0,0,0,22673096704,67.97637349729108,0,0.0,4,4,0.5,10,40.000000000000036,40.163752,2
48.673517,0.0,0,0,22673096704,61.63515983455337,0,0.0,4,1,0.5,11,30.00000000000003,39.89767,2
48.673517,0.0,0,0,22673096704,61.63515983455337,0,0.0,4,2,0.5,11,39.99999999999992,39.953417,2
48.673517,0.0,0,0,22673096704,61.63515983455337,0,0.0,4,3,0.5,11,40.000000000000036,42.09743,2
48.673517,0.0,0,0,22673096704,61.63515983455337,0,0.0,4,4,0.5,11,40.000000000000036,46.41809,2
43.162611,0.0,0,0,22673096704,69.5045997102643,0,0.0,4,1,0.5,12,39.99999999999992,40.012847,2
43.162611,0.0,0,0,22673096704,69.5045997102643,0,0.0,4,2,0.5,12,40.000000000000036,40.043228,2
43.162611,0.0,0,0,22673096704,69.5045997102643,0,0.0,4,3,0.5,12,39.99999999999992,39.947804,2
43.162611,0.0,0,0,22673096704,69.5045997102643,0,0.0,4,4,0.5,12,39.99999999999992,40.737968,2
45.357074999999995,0.0,0,0,22673096704,62.46728505607,0,0.0,4,1,0.5,13,50.00000000000004,42.926704,2
45.357074999999995,0.0,0,0,22673096704,62.46728505607,0,0.0,4,2,0.5,13,40.000000000000036,42.002845,2
45.357074999999995,0.0,0,0,22673096704,62.46728505607,0,0.0,4,3,0.5,13,50.00000000000004,40.705725,2
45.357074999999995,0.0,0,0,22673096704,62.46728505607,0,0.0,4,4,0.5,13,50.00000000000004,42.592811,2
48.687028,0.0,0,0,22673096704,68.46450626058225,0,0.0,4,1,0.5,14,40.000000000000036,45.089393,2
48.687028,0.0,0,0,22673096704,68.46450626058225,0,0.0,4,2,0.5,14,40.000000000000036,39.027018,2
48.687028,0.0,0,0,22673096704,68.46450626058225,0,0.0,4,3,0.5,14,40.000000000000036,46.1035,2
48.687028,0.0,0,0,22673096704,68.46450626058225,0,0.0,4,4,0.5,14,40.000000000000036,46.178382,2
44.609815,0.0,0,0,22673096704,67.24977451721892,0,0.0,4,1,0.5,15,39.99999999999992,42.115946,2
44.609815,0.0,0,0,22673096704,67.24977451721892,0,0.0,4,2,0.5,15,39.99999999999992,42.251329,2
44.609815,0.0,0,0,22673096704,67.24977451721892,0,0.0,4,3,0.5,15,40.000000000000036,40.676276,2
44.609815,0.0,0,0,22673096704,67.24977451721892,0,0.0,4,4,0.5,15,39.99999999999992,39.41001,2
43.52935,0.0,0,0,22665412608,65.09018244746102,0,0.0,4,1,0.5,1,40.000000000000036,40.214446,3
43.52935,0.0,0,0,22665412608,65.09018244746102,0,0.0,4,2,0.5,1,39.99999999999998,40.614758,3
43.52935,0.0,0,0,22665412608,65.09018244746102,0,0.0,4,3,0.5,1,40.000000000000036,38.888484,3
43.52935,0.0,0,0,22665412608,65.09018244746102,0,0.0,4,4,0.5,1,40.00000000000001,40.924663,3
47.877843000000006,0.0,0,0,22665412608,62.65946442083555,0,0.0,4,1,0.5,2,39.99999999999998,44.724398,3
47.877843000000006,0.0,0,0,22665412608,62.65946442083555,0,0.0,4,2,0.5,2,40.000000000000036,45.460437,3
47.877843000000006,0.0,0,0,22665412608,62.65946442083555,0,0.0,4,3,0.5,2,39.99999999999998,42.458415,3
47.877843000000006,0.0,0,0,22665412608,62.65946442083555,0,0.0,4,4,0.5,2,49.999999999999986,42.871947,3
46.552111000000004,0.0,0,0,22665412608,60.863691731069856,0,0.0,4,1,0.5,3,39.99999999999998,40.793572,3
46.552111000000004,0.0,0,0,22665412608,60.863691731069856,0,0.0,4,2,0.5,3,39.99999999999998,41.050991,3
46.552111000000004,0.0,0,0,22665412608,60.863691731069856,0,0.0,4,3,0.5,3,40.000000000000036,40.796813,3
46.552111000000004,0.0,0,0,22665412608,60.863691731069856,0,0.0,4,4,0.5,3,39.99999999999998,44.569119,3
43.005058,0.0,0,0,22665412608,65.88372310379272,0,0.0,4,1,0.5,4,40.000000000000036,39.665986,3
43.005058,0.0,0,0,22665412608,65.88372310379272,0,0.0,4,2,0.5,4,39.99999999999998,41.212493,3
43.005058,0.0,0,0,22665412608,65.88372310379272,0,0.0,4,3,0.5,4,39.99999999999998,41.007963,3
43.005058,0.0,0,0,22665412608,65.88372310379272,0,0.0,4,4,0.5,4,40.000000000000036,39.838895,3
42.890494000000004,0.0,0,0,22665412608,73.83143375954484,0,0.0,4,1,0.5,5,39.99999999999998,40.288304,3
42.890494000000004,0.0,0,0,22665412608,73.83143375954484,0,0.0,4,2,0.5,5,40.000000000000036,40.583043,3
42.890494000000004,0.0,0,0,22665412608,73.83143375954484,0,0.0,4,3,0.5,5,39.99999999999998,38.673991,3
42.890494000000004,0.0,0,0,22665412608,73.83143375954484,0,0.0,4,4,0.5,5,39.99999999999998,39.484742,3
44.162484,0.0,0,0,22665412608,75.4788461022777,0,0.0,4,1,0.5,6,39.99999999999998,39.207888,3
44.162484,0.0,0,0,22665412608,75.4788461022777,0,0.0,4,2,0.5,6,39.99999999999998,40.21622,3
44.162484,0.0,0,0,22665412608,75.4788461022777,0,0.0,4,3,0.5,6,40.000000000000036,39.599887,3
44.162484,0.0,0,0,22665412608,75.4788461022777,0,0.0,4,4,0.5,6,39.99999999999998,42.118951,3
47.229018999999994,0.0,0,0,22665412608,63.52026918004992,0,0.0,4,1,0.5,7,40.000000000000036,39.774997,3
47.229018999999994,0.0,0,0,22665412608,63.52026918004992,0,0.0,4,2,0.5,7,50.00000000000004,43.098795,3
47.229018999999994,0.0,0,0,22665412608,63.52026918004992,0,0.0,4,3,0.5,7,49.999999999999986,44.895189,3
47.229018999999994,0.0,0,0,22665412608,63.52026918004992,0,0.0,4,4,0.5,7,40.000000000000036,40.698613,3
45.178415,0.0,0,0,22665224192,66.40339197390725,-188416,0.0,4,1,0.5,8,40.000000000000036,42.557216,3
45.178415,0.0,0,0,22665224192,66.40339197390725,-188416,0.0,4,2,0.5,8,29.999999999999915,41.334451,3
45.178415,0.0,0,0,22665224192,66.40339197390725,-188416,0.0,4,3,0.5,8,40.000000000000036,40.235001,3
45.178415,0.0,0,0,22665224192,66.40339197390725,-188416,0.0,4,4,0.5,8,40.000000000000036,40.952105,3
53.167452,0.0,0,0,22665224192,56.425498818428444,0,0.0,4,1,0.5,9,39.99999999999992,39.777055,3
53.167452,0.0,0,0,22665224192,56.425498818428444,0,0.0,4,2,0.5,9,40.000000000000036,40.567658,3
53.167452,0.0,0,0,22665224192,56.425498818428444,0,0.0,4,3,0.5,9,49.999999999999936,50.504415,3
53.167452,0.0,0,0,22665224192,56.425498818428444,0,0.0,4,4,0.5,9,29.999999999999915,38.544434,3
41.838169,0.0,0,0,22665224192,63.73765225359368,0,0.0,4,1,0.5,10,40.000000000000036,39.385118,3
41.838169,0.0,0,0,22665224192,63.73765225359368,0,0.0,4,2,0.5,10,40.000000000000036,39.451625,3
41.838169,0.0,0,0,22665224192,63.73765225359368,0,0.0,4,3,0.5,10,30.00000000000003,38.823482,3
41.838169,0.0,0,0,22665224192,63.73765225359368,0,0.0,4,4,0.5,10,40.000000000000036,36.867287,3
42.577380999999995,0.0,0,0,22665224192,70.45994679710358,0,0.0,4,1,0.5,11,40.000000000000036,40.385115,3
42.577380999999995,0.0,0,0,22665224192,70.45994679710358,0,0.0,4,2,0.5,11,39.99999999999992,39.68548,3
42.577380999999995,0.0,0,0,22665224192,70.45994679710358,0,0.0,4,3,0.5,11,40.000000000000036,37.98404,3
42.577380999999995,0.0,0,0,22665224192,70.45994679710358,0,0.0,4,4,0.5,11,40.000000000000036,39.226633,3
43.568653,0.0,0,0,22665224192,61.206084720228596,0,0.0,4,1,0.5,12,39.99999999999992,36.562154,3
43.568653,0.0,0,0,22665224192,61.206084720228596,0,0.0,4,2,0.5,12,40.000000000000036,39.24181,3
43.568653,0.0,0,0,22665224192,61.206084720228596,0,0.0,4,3,0.5,12,39.99999999999992,41.197033,3
43.568653,0.0,0,0,22665224192,61.206084720228596,0,0.0,4,4,0.5,12,39.99999999999992,39.778719,3
42.417092000000004,0.0,0,0,22665224192,74.65543999715955,0,0.0,4,1,0.5,13,40.000000000000036,39.776363,3
42.417092000000004,0.0,0,0,22665224192,74.65543999715955,0,0.0,4,2,0.5,13,40.000000000000036,40.356125,3
42.417092000000004,0.0,0,0,22665224192,74.65543999715955,0,0.0,4,3,0.5,13,40.000000000000036,38.506987,3
42.417092000000004,0.0,0,0,22665224192,74.65543999715955,0,0.0,4,4,0.5,13,40.000000000000036,39.646674,3
43.043284,0.0,0,0,22665224192,61.95314155546871,0,0.0,4,1,0.5,14,40.000000000000036,39.470867,3
43.043284,0.0,0,0,22665224192,61.95314155546871,0,0.0,4,2,0.5,14,40.000000000000036,40.937824,3
43.043284,0.0,0,0,22665224192,61.95314155546871,0,0.0,4,3,0.5,14,40.000000000000036,40.619086,3
43.043284,0.0,0,0,22665224192,61.95314155546871,0,0.0,4,4,0.5,14,40.000000000000036,38.26603,3
42.336167,0.0,0,0,22665224192,70.86139848240987,0,0.0,4,1,0.5,15,29.999999999999915,38.231484,3
42.336167,0.0,0,0,22665224192,70.86139848240987,0,0.0,4,2,0.5,15,39.99999999999992,39.613976,3
42.336167,0.0,0,0,22665224192,70.86139848240987,0,0.0,4,3,0.5,15,39.99999999999992,38.964202,3
42.336167,0.0,0,0,22665224192,70.86139848240987,0,0.0,4,4,0.5,15,39.99999999999992,39.845109,3
62.627633,0.0,0,0,22663049216,85.15942688315369,-32768,0.0,8,1,0.5,1,40.000000000000036,59.432005,1
62.627633,0.0,0,0,22663049216,85.15942688315369,-32768,0.0,8,2,0.5,1,40.00000000000001,39.520528,1
62.627633,0.0,0,0,22663049216,85.15942688315369,-32768,0.0,8,3,0.5,1,40.00000000000001,40.950912,1
62.627633,0.0,0,0,22663049216,85.15942688315369,-32768,0.0,8,4,0.5,1,40.000000000000036,45.864038,1
62.627633,0.0,0,0,22663049216,85.15942688315369,-32768,0.0,8,5,0.5,1,40.00000000000001,58.411875,1
62.627633,0.0,0,0,22663049216,85.15942688315369,-32768,0.0,8,6,0.5,1,40.00000000000001,57.224221,1
62.627633,0.0,0,0,22663049216,85.15942688315369,-32768,0.0,8,7,0.5,1,30.00000000000003,36.960828,1
62.627633,0.0,0,0,22663049216,85.15942688315369,-32768,0.0,8,8,0.5,1,30.00000000000003,58.284446,1
72.95205200000001,32.898320666840185,42369024,0,22670417920,77.67659046319811,7368704,0.0,8,1,0.5,2,39.99999999999998,38.720513,1
72.95205200000001,32.898320666840185,42369024,0,22670417920,77.67659046319811,7368704,0.0,8,2,0.5,2,39.99999999999998,41.53398,1
72.95205200000001,32.898320666840185,42369024,0,22670417920,77.67659046319811,7368704,0.0,8,3,0.5,2,39.99999999999998,54.373582,1
72.95205200000001,32.898320666840185,42369024,0,22670417920,77.67659046319811,7368704,0.0,8,4,0.5,2,39.99999999999998,43.683853,1
72.95205200000001,32.898320666840185,42369024,0,22670417920,77.67659046319811,7368704,0.0,8,5,0.5,2,39.99999999999998,38.947806,1
72.95205200000001,32.898320666840185,42369024,0,22670417920,77.67659046319811,7368704,0.0,8,6,0.5,2,39.99999999999998,57.467855,1
72.95205200000001,32.898320666840185,42369024,0,22670417920,77.67659046319811,7368704,0.0,8,7,0.5,2,49.999999999999986,64.967219,1
72.95205200000001,32.898320666840185,42369024,0,22670417920,77.67659046319811,7368704,0.0,8,8,0.5,2,39.99999999999998,55.083568,1
65.46044400000001,0.0,0,0,22670417920,86.56627301037325,0,0.0,8,1,0.5,3,39.99999999999998,57.086359,1
65.46044400000001,0.0,0,0,22670417920,86.56627301037325,0,0.0,8,2,0.5,3,39.99999999999998,39.365116,1
65.46044400000001,0.0,0,0,22670417920,86.56627301037325,0,0.0,8,3,0.5,3,40.000000000000036,41.095138,1
65.46044400000001,0.0,0,0,22670417920,86.56627301037325,0,0.0,8,4,0.5,3,39.99999999999998,37.86714,1
65.46044400000001,0.0,0,0,22670417920,86.56627301037325,0,0.0,8,5,0.5,3,39.99999999999998,56.471034,1
65.46044400000001,0.0,0,0,22670417920,86.56627301037325,0,0.0,8,6,0.5,3,30.00000000000003,37.996329,1
65.46044400000001,0.0,0,0,22670417920,86.56627301037325,0,0.0,8,7,0.5,3,39.99999999999998,53.729206,1
65.46044400000001,0.0,0,0,22670417920,86.56627301037325,0,0.0,8,8,0.5,3,39.99999999999998,51.21227,1
67.995547,0.0,0,0,22670417920,78.43650898680883,0,0.0,8,1,0.5,4,40.000000000000036,40.954586,1
67.995547,0.0,0,0,22670417920,78.43650898680883,0,0.0,8,2,0.5,4,40.000000000000036,61.243501,1
67.995547,0.0,0,0,22670417920,78.43650898680883,0,0.0,8,3,0.5,4,39.99999999999998,40.55105,1
67.995547,0.0,0,0,22670417920,78.43650898680883,0,0.0,8,4,0.5,4,40.000000000000036,55.938609,1
67.995547,0.0,0,0,22670417920,78.43650898680883,0,0.0,8,5,0.5,4,40.000000000000036,39.213232,1
67.995547,0.0,0,0,22670417920,78.43650898680883,0,0.0,8,6,0.5,4,39.99999999999998,45.174357,1
67.995547,0.0,0,0,22670417920,78.43650898680883,0,0.0,8,7,0.5,4,40.000000000000036,59.419403,1
67.995547,0.0,0,0,22670417920,78.43650898680883,0,0.0,8,8,0.5,4,40.000000000000036,55.723704,1
66.49764900000001,0.0,0,0,22670200832,82.70969098469611,-217088,0.0,8,1,0.5,5,39.99999999999998,39.661824,1
66.49764900000001,0.0,0,0,22670200832,82.70969098469611,-217088,0.0,8,2,0.5,5,39.99999999999998,37.622208,1
66.49764900000001,0.0,0,0,22670200832,82.70969098469611,-217088,0.0,8,3,0.5,5,39.99999999999998,41.870061,1
66.49764900000001,0.0,0,0,22670200832,82.70969098469611,-217088,0.0,8,4,0.5,5,39.99999999999998,56.803062,1
66.49764900000001,0.0,0,0,22670200832,82.70969098469611,-217088,0.0,8,5,0.5,5,29.99999999999997,57.168071,1
66.49764900000001,0.0,0,0,22670200832,82.70969098469611,-217088,0.0,8,6,0.5,5,39.99999999999998,38.974278,1
66.49764900000001,0.0,0,0,22670200832,82.70969098469611,-217088,0.0,8,7,0.5,5,39.99999999999998,57.848212,1
66.49764900000001,0.0,0,0,22670200832,82.70969098469611,-217088,0.0,8,8,0.5,5,39.99999999999998,58.240908,1
73.636315,0.0,0,0,22670200832,74.69140735788841,0,0.0,8,1,0.5,6,29.99999999999997,54.289509,1
73.636315,0.0,0,0,22670200832,74.69140735788841,0,0.0,8,2,0.5,6,39.99999999999998,38.710958,1
73.636315,0.0,0,0,22670200832,74.69140735788841,0,0.0,8,3,0.5,6,40.000000000000036,40.013985,1
73.636315,0.0,0,0,22670200832,74.69140735788841,0,0.0,8,4,0.5,6,39.99999999999998,56.069444,1
73.636315,0.0,0,0,22670200832,74.69140735788841,0,0.0,8,5,0.5,6,50.00000000000004,42.385789,1
73.636315,0.0,0,0,22670200832,74.69140735788841,0,0.0,8,6,0.5,6,40.000000000000036,43.582554,1
73.636315,0.0,0,0,22670200832,74.69140735788841,0,0.0,8,7,0.5,6,39.99999999999998,65.100549,1
73.636315,0.0,0,0,22670200832,74.69140735788841,0,0.0,8,8,0.5,6,39.99999999999998,56.332085,1
67.138041,0.0,0,0,22670200832,79.4383222073531,0,0.0,8,1,0.5,7,40.000000000000036,59.363756,1
67.138041,0.0,0,0,22670200832,79.4383222073531,0,0.0,8,2,0.5,7,30.00000000000003,38.669488,1
67.138041,0.0,0,0,22670200832,79.4383222073531,0,0.0,8,3,0.5,7,29.99999999999997,42.403025,1
67.138041,0.0,0,0,22670200832,79.4383222073531,0,0.0,8,4,0.5,7,30.00000000000003,53.913951,1
67.138041,0.0,0,0,22670200832,79.4383222073531,0,0.0,8,5,0.5,7,39.99999999999998,39.459089,1
67.138041,0.0,0,0,22670200832,79.4383222073531,0,0.0,8,6,0.5,7,39.99999999999998,39.992001,1
67.138041,0.0,0,0,22670200832,79.4383222073531,0,0.0,8,7,0.5,7,40.000000000000036,55.929081,1
67.138041,0.0,0,0,22670200832,79.4383222073531,0,0.0,8,8,0.5,7,40.000000000000036,57.246236,1
67.22420699999999,0.0,0,0,22670200832,76.85723487483216,0,0.0,8,1,0.5,8,40.000000000000036,40.954007,1
67.22420699999999,0.0,0,0,22670200832,76.85723487483216,0,0.0,8,2,0.5,8,40.000000000000036,40.58451,1
67.22420699999999,0.0,0,0,22670200832,76.85723487483216,0,0.0,8,3,0.5,8,40.000000000000036,57.126711,1
67.22420699999999,0.0,0,0,22670200832,76.85723487483216,0,0.0,8,4,0.5,8,50.00000000000004,57.900195,1
67.22420699999999,0.0,0,0,22670200832,76.85723487483216,0,0.0,8,5,0.5,8,40.000000000000036,40.131316,1
67.22420699999999,0.0,0,0,22670200832,76.85723487483216,0,0.0,8,6,0.5,8,30.00000000000003,38.776531,1
67.22420699999999,0.0,0,0,22670200832,76.85723487483216,0,0.0,8,7,0.5,8,40.000000000000036,61.135842,1
67.22420699999999,0.0,0,0,22670200832,76.85723487483216,0,0.0,8,8,0.5,8,40.000000000000036,59.083081,1
69.418148,0.0,0,0,22670200832,79.23000192973727,0,0.0,8,1,0.5,9,39.99999999999992,41.798469,1
69.418148,0.0,0,0,22670200832,79.23000192973727,0,0.0,8,2,0.5,9,39.99999999999992,56.215728,1
69.418148,0.0,0,0,22670200832,79.23000192973727,0,0.0,8,3,0.5,9,49.999999999999936,42.43982,1
69.418148,0.0,0,0,22670200832,79.23000192973727,0,0.0,8,4,0.5,9,29.999999999999915,54.389604,1
69.418148,0.0,0,0,22670200832,79.23000192973727,0,0.0,8,5,0.5,9,39.99999999999992,42.005497,1
69.418148,0.0,0,0,22670200832,79.23000192973727,0,0.0,8,6,0.5,9,49.999999999999936,44.078715,1
69.418148,0.0,0,0,22670200832,79.23000192973727,0,0.0,8,7,0.5,9,39.99999999999992,56.778328,1
69.418148,0.0,0,0,22670200832,79.23000192973727,0,0.0,8,8,0.5,9,39.99999999999992,55.352864,1
68.154286,0.0,0,0,22668398592,78.25382153263969,-1802240,0.0,8,1,0.5,10,40.000000000000036,39.141314,1
68.154286,0.0,0,0,22668398592,78.25382153263969,-1802240,0.0,8,2,0.5,10,40.000000000000036,50.1284,1
68.154286,0.0,0,0,22668398592,78.25382153263969,-1802240,0.0,8,3,0.5,10,30.00000000000003,38.902179,1
68.154286,0.0,0,0,22668398592,78.25382153263969,-1802240,0.0,8,4,0.5,10,40.000000000000036,39.468803,1
68.154286,0.0,0,0,22668398592,78.25382153263969,-1802240,0.0,8,5,0.5,10,40.000000000000036,52.892026,1
68.154286,0.0,0,0,22668398592,78.25382153263969,-1802240,0.0,8,6,0.5,10,40.000000000000036,38.253662,1
68.154286,0.0,0,0,22668398592,78.25382153263969,-1802240,0.0,8,7,0.5,10,40.000000000000036,54.026314,1
68.154286,0.0,0,0,22668398592,78.25382153263969,-1802240,0.0,8,8,0.5,10,40.000000000000036,51.953595,1
70.74714399999999,0.0,0,0,22668394496,77.74165413679378,-4096,0.0,8,1,0.5,11,40.000000000000036,39.990819,1
70.74714399999999,0.0,0,0,22668394496,77.74165413679378,-4096,0.0,8,2,0.5,11,40.000000000000036,62.681407,1
70.74714399999999,0.0,0,0,22668394496,77.74165413679378,-4096,0.0,8,3,0.5,11,40.000000000000036,40.581398,1
70.74714399999999,0.0,0,0,22668394496,77.74165413679378,-4096,0.0,8,4,0.5,11,40.000000000000036,37.66589,1
70.74714399999999,0.0,0,0,22668394496,77.74165413679378,-4096,0.0,8,5,0.5,11,40.000000000000036,39.915584,1
70.74714399999999,0.0,0,0,22668394496,77.74165413679378,-4096,0.0,8,6,0.5,11,30.00000000000003,62.547631,1
70.74714399999999,0.0,0,0,22668394496,77.74165413679378,-4096,0.0,8,7,0.5,11,40.000000000000036,39.244759,1
70.74714399999999,0.0,0,0,22668394496,77.74165413679378,-4096,0.0,8,8,0.5,11,40.000000000000036,63.263778,1
65.661366,0.0,0,0,22668394496,81.2248306459004,0,0.0,8,1,0.5,12,39.99999999999992,40.698563,1
65.661366,0.0,0,0,22668394496,81.2248306459004,0,0.0,8,2,0.5,12,39.99999999999992,36.334149,1
65.661366,0.0,0,0,22668394496,81.2248306459004,0,0.0,8,3,0.5,12,39.99999999999992,54.780022,1
65.661366,0.0,0,0,22668394496,81.2248306459004,0,0.0,8,4,0.5,12,39.99999999999992,55.702546,1
65.661366,0.0,0,0,22668394496,81.2248306459004,0,0.0,8,5,0.5,12,29.999999999999915,40.311199,1
65.661366,0.0,0,0,22668394496,81.2248306459004,0,0.0,8,6,0.5,12,39.99999999999992,53.42381,1
65.661366,0.0,0,0,22668394496,81.2248306459004,0,0.0,8,7,0.5,12,39.99999999999992,51.281508,1
65.661366,0.0,0,0,22668394496,81.2248306459004,0,0.0,8,8,0.5,12,29.999999999999915,38.534004,1
68.040547,0.0,0,0,22668394496,80.83415319983813,0,0.0,8,1,0.5,13,40.000000000000036,43.466343,1
68.040547,0.0,0,0,22668394496,80.83415319983813,0,0.0,8,2,0.5,13,40.000000000000036,40.190876,1
68.040547,0.0,0,0,22668394496,80.83415319983813,0,0.0,8,3,0.5,13,40.000000000000036,56.785477,1
68.040547,0.0,0,0,22668394496,80.83415319983813,0,0.0,8,4,0.5,13,40.000000000000036,55.098391,1
68.040547,0.0,0,0,22668394496,80.83415319983813,0,0.0,8,5,0.5,13,40.000000000000036,37.729327,1
68.040547,0.0,0,0,22668394496,80.83415319983813,0,0.0,8,6,0.5,13,40.000000000000036,58.357061,1
68.040547,0.0,0,0,22668394496,80.83415319983813,0,0.0,8,7,0.5,13,40.000000000000036,49.097724,1
68.040547,0.0,0,0,22668394496,80.83415319983813,0,0.0,8,8,0.5,13,40.000000000000036,58.296885,1
66.22650300000001,0.0,0,0,22668394496,80.53170697127828,0,0.0,8,1,0.5,14,50.00000000000004,42.236362,1
66.22650300000001,0.0,0,0,22668394496,80.53170697127828,0,0.0,8,2,0.5,14,40.000000000000036,39.340594,1
66.22650300000001,0.0,0,0,22668394496,80.53170697127828,0,0.0,8,3,0.5,14,40.000000000000036,57.308776,1
66.22650300000001,0.0,0,0,22668394496,80.53170697127828,0,0.0,8,4,0.5,14,40.000000000000036,39.837359,1
66.22650300000001,0.0,0,0,22668394496,80.53170697127828,0,0.0,8,5,0.5,14,40.000000000000036,59.052405,1
66.22650300000001,0.0,0,0,22668394496,80.53170697127828,0,0.0,8,6,0.5,14,40.000000000000036,58.544864,1
66.22650300000001,0.0,0,0,22668394496,80.53170697127828,0,0.0,8,7,0.5,14,40.000000000000036,61.496511,1
66.22650300000001,0.0,0,0,22668394496,80.53170697127828,0,0.0,8,8,0.5,14,40.000000000000036,39.797469,1
69.728455,0.0,0,0,22668394496,76.48718637647261,0,0.0,8,1,0.5,15,29.999999999999915,56.742937,1
69.728455,0.0,0,0,22668394496,76.48718637647261,0,0.0,8,2,0.5,15,40.000000000000036,57.345054,1
69.728455,0.0,0,0,22668394496,76.48718637647261,0,0.0,8,3,0.5,15,40.000000000000036,54.462948,1
69.728455,0.0,0,0,22668394496,76.48718637647261,0,0.0,8,4,0.5,15,39.99999999999992,40.995186,1
69.728455,0.0,0,0,22668394496,76.48718637647261,0,0.0,8,5,0.5,15,40.000000000000036,39.606165,1
69.728455,0.0,0,0,22668394496,76.48718637647261,0,0.0,8,6,0.5,15,40.000000000000036,40.653591,1
69.728455,0.0,0,0,22668394496,76.48718637647261,0,0.0,8,7,0.5,15,39.99999999999992,36.92841,1
69.728455,0.0,0,0,22668394496,76.48718637647261,0,0.0,8,8,0.5,15,39.99999999999992,56.197809,1
67.961159,0.0,0,0,22630903808,78.47619746072372,0,0.0,8,1,0.5,1,39.99999999999998,38.181208,2
67.961159,0.0,0,0,22630903808,78.47619746072372,0,0.0,8,2,0.5,1,40.00000000000001,56.460432,2
67.961159,0.0,0,0,22630903808,78.47619746072372,0,0.0,8,3,0.5,1,40.000000000000036,41.0436,2
67.961159,0.0,0,0,22630903808,78.47619746072372,0,0.0,8,4,0.5,1,39.99999999999998,39.805525,2
67.961159,0.0,0,0,22630903808,78.47619746072372,0,0.0,8,5,0.5,1,40.000000000000036,53.344699,2
67.961159,0.0,0,0,22630903808,78.47619746072372,0,0.0,8,6,0.5,1,40.00000000000001,53.919698,2
67.961159,0.0,0,0,22630903808,78.47619746072372,0,0.0,8,7,0.5,1,40.00000000000001,39.31496,2
67.961159,0.0,0,0,22630903808,78.47619746072372,0,0.0,8,8,0.5,1,40.00000000000001,54.865036,2
64.720623,0.0,0,0,22630903808,82.4054696341301,0,0.0,8,1,0.5,2,40.000000000000036,58.901013,2
64.720623,0.0,0,0,22630903808,82.4054696341301,0,0.0,8,2,0.5,2,39.99999999999998,59.687686,2
64.720623,0.0,0,0,22630903808,82.4054696341301,0,0.0,8,3,0.5,2,39.99999999999998,38.011173,2
64.720623,0.0,0,0,22630903808,82.4054696341301,0,0.0,8,4,0.5,2,39.99999999999998,39.80265,2
64.720623,0.0,0,0,22630903808,82.4054696341301,0,0.0,8,5,0.5,2,39.99999999999998,40.666399,2
64.720623,0.0,0,0,22630903808,82.4054696341301,0,0.0,8,6,0.5,2,39.99999999999998,40.434348,2
64.720623,0.0,0,0,22630903808,82.4054696341301,0,0.0,8,7,0.5,2,39.99999999999998,61.180636,2
64.720623,0.0,0,0,22630903808,82.4054696341301,0,0.0,8,8,0.5,2,39.99999999999998,56.760191,2
65.68095100000001,6.0900458033867375,6733824,0,22635409408,86.27564888111826,4505600,0.0,8,1,0.5,3,39.99999999999998,40.467159,2
65.68095100000001,6.0900458033867375,6733824,0,22635409408,86.27564888111826,4505600,0.0,8,2,0.5,3,39.99999999999998,38.54669,2
65.68095100000001,6.0900458033867375,6733824,0,22635409408,86.27564888111826,4505600,0.0,8,3,0.5,3,39.99999999999998,61.782918,2
65.68095100000001,6.0900458033867375,6733824,0,22635409408,86.27564888111826,4505600,0.0,8,4,0.5,3,40.000000000000036,40.933608,2
65.68095100000001,6.0900458033867375,6733824,0,22635409408,86.27564888111826,4505600,0.0,8,5,0.5,3,39.99999999999998,58.713278,2
65.68095100000001,6.0900458033867375,6733824,0,22635409408,86.27564888111826,4505600,0.0,8,6,0.5,3,40.000000000000036,57.240113,2
65.68095100000001,6.0900458033867375,6733824,0,22635409408,86.27564888111826,4505600,0.0,8,7,0.5,3,40.000000000000036,57.193175,2
65.68095100000001,6.0900458033867375,6733824,0,22635409408,86.27564888111826,4505600,0.0,8,8,0.5,3,39.99999999999998,37.950823,2
66.729839,0.0,69632,0,22635544576,77.42663168531452,135168,0.0,8,1,0.5,4,39.99999999999998,39.474839,2
66.729839,0.0,69632,0,22635544576,77.42663168531452,135168,0.0,8,2,0.5,4,40.000000000000036,59.699156,2
66.729839,0.0,69632,0,22635544576,77.42663168531452,135168,0.0,8,3,0.5,4,30.00000000000003,38.480364,2
66.729839,0.0,69632,0,22635544576,77.42663168531452,135168,0.0,8,4,0.5,4,39.99999999999998,40.472832,2
66.729839,0.0,69632,0,22635544576,77.42663168531452,135168,0.0,8,5,0.5,4,40.000000000000036,53.153928,2
66.729839,0.0,69632,0,22635544576,77.42663168531452,135168,0.0,8,6,0.5,4,39.99999999999998,38.492235,2
66.729839,0.0,69632,0,22635544576,77.42663168531452,135168,0.0,8,7,0.5,4,39.99999999999998,55.218388,2
66.729839,0.0,69632,0,22635544576,77.42663168531452,135168,0.0,8,8,0.5,4,30.00000000000003,54.093231,2
63.00523,0.0,0,0,22635642880,84.64905744060427,98304,0.0,8,1,0.5,5,40.000000000000036,38.786327,2
63.00523,0.0,0,0,22635642880,84.64905744060427,98304,0.0,8,2,0.5,5,39.99999999999998,59.143849,2
63.00523,0.0,0,0,22635642880,84.64905744060427,98304,0.0,8,3,0.5,5,39.99999999999998,37.562937,2
63.00523,0.0,0,0,22635642880,84.64905744060427,98304,0.0,8,4,0.5,5,30.00000000000003,39.76143,2
63.00523,0.0,0,0,22635642880,84.64905744060427,98304,0.0,8,5,0.5,5,39.99999999999998,39.704571,2
63.00523,0.0,0,0,22635642880,84.64905744060427,98304,0.0,8,6,0.5,5,39.99999999999998,58.740524,2
63.00523,0.0,0,0,22635642880,84.64905744060427,98304,0.0,8,7,0.5,5,39.99999999999998,55.21964,2
63.00523,0.0,0,0,22635642880,84.64905744060427,98304,0.0,8,8,0.5,5,39.99999999999998,53.814033,2
69.668745,0.0,0,0,22635642880,76.55274016122496,0,0.0,8,1,0.5,6,39.99999999999998,57.539763,2
69.668745,0.0,0,0,22635642880,76.55274016122496,0,0.0,8,2,0.5,6,40.000000000000036,36.900828,2
69.668745,0.0,0,0,22635642880,76.55274016122496,0,0.0,8,3,0.5,6,39.99999999999998,37.299199,2
69.668745,0.0,0,0,22635642880,76.55274016122496,0,0.0,8,4,0.5,6,49.999999999999986,57.323357,2
69.668745,0.0,0,0,22635642880,76.55274016122496,0,0.0,8,5,0.5,6,39.99999999999998,60.078014,2
69.668745,0.0,0,0,22635642880,76.55274016122496,0,0.0,8,6,0.5,6,40.000000000000036,40.129566,2
69.668745,0.0,0,0,22635642880,76.55274016122496,0,0.0,8,7,0.5,6,40.000000000000036,41.064789,2
69.668745,0.0,0,0,22635642880,76.55274016122496,0,0.0,8,8,0.5,6,49.999999999999986,58.73418,2
61.831888,0.0,0,0,22635642880,83.55990466696048,0,0.0,8,1,0.5,7,40.000000000000036,58.785028,2
61.831888,0.0,0,0,22635642880,83.55990466696048,0,0.0,8,2,0.5,7,39.99999999999998,38.415441,2
61.831888,0.0,0,0,22635642880,83.55990466696048,0,0.0,8,3,0.5,7,40.000000000000036,38.889646,2
61.831888,0.0,0,0,22635642880,83.55990466696048,0,0.0,8,4,0.5,7,40.000000000000036,39.453477,2
61.831888,0.0,0,0,22635642880,83.55990466696048,0,0.0,8,5,0.5,7,40.000000000000036,56.358559,2
61.831888,0.0,0,0,22635642880,83.55990466696048,0,0.0,8,6,0.5,7,39.99999999999998,57.429918,2
61.831888,0.0,0,0,22635642880,83.55990466696048,0,0.0,8,7,0.5,7,39.99999999999998,39.834346,2
61.831888,0.0,0,0,22635642880,83.55990466696048,0,0.0,8,8,0.5,7,40.000000000000036,56.830342,2
64.522692,0.0,0,0,22635642880,85.24132874057372,0,0.0,8,1,0.5,8,39.99999999999992,41.414664,2
64.522692,0.0,0,0,22635642880,85.24132874057372,0,0.0,8,2,0.5,8,40.000000000000036,60.453006,2
64.522692,0.0,0,0,22635642880,85.24132874057372,0,0.0,8,3,0.5,8,40.000000000000036,40.310719,2
64.522692,0.0,0,0,22635642880,85.24132874057372,0,0.0,8,4,0.5,8,39.99999999999992,43.406152,2
64.522692,0.0,0,0,22635642880,85.24132874057372,0,0.0,8,5,0.5,8,40.000000000000036,38.088131,2
64.522692,0.0,0,0,22635642880,85.24132874057372,0,0.0,8,6,0.5,8,40.000000000000036,60.064296,2
64.522692,0.0,0,0,22635642880,85.24132874057372,0,0.0,8,7,0.5,8,40.000000000000036,55.733987,2
64.522692,0.0,0,0,22635642880,85.24132874057372,0,0.0,8,8,0.5,8,30.00000000000003,55.831706,2
68.78815200000001,0.0,0,0,22635642880,75.10983383698598,0,0.0,8,1,0.5,9,40.000000000000036,40.12071,2
68.78815200000001,0.0,0,0,22635642880,75.10983383698598,0,0.0,8,2,0.5,9,39.99999999999992,38.268672,2
68.78815200000001,0.0,0,0,22635642880,75.10983383698598,0,0.0,8,3,0.5,9,29.999999999999915,39.419348,2
68.78815200000001,0.0,0,0,22635642880,75.10983383698598,0,0.0,8,4,0.5,9,40.000000000000036,41.188623,2
68.78815200000001,0.0,0,0,22635642880,75.10983383698598,0,0.0,8,5,0.5,9,29.999999999999915,62.585296,2
68.78815200000001,0.0,0,0,22635642880,75.10983383698598,0,0.0,8,6,0.5,9,29.999999999999915,36.808691,2
68.78815200000001,0.0,0,0,22635642880,75.10983383698598,0,0.0,8,7,0.5,9,29.999999999999915,60.54404,2
68.78815200000001,0.0,0,0,22635642880,75.10983383698598,0,0.0,8,8,0.5,9,39.99999999999992,62.230268,2
67.918858,0.0,0,0,22635642880,78.52507374775537,0,0.0,8,1,0.5,10,40.000000000000036,51.525514,2
67.918858,0.0,0,0,22635642880,78.52507374775537,0,0.0,8,2,0.5,10,30.00000000000003,38.830848,2
67.918858,0.0,0,0,22635642880,78.52507374775537,0,0.0,8,3,0.5,10,40.000000000000036,53.456697,2
67.918858,0.0,0,0,22635642880,78.52507374775537,0,0.0,8,4,0.5,10,40.000000000000036,37.462168,2
67.918858,0.0,0,0,22635642880,78.52507374775537,0,0.0,8,5,0.5,10,40.000000000000036,37.018021,2
67.918858,0.0,0,0,22635642880,78.52507374775537,0,0.0,8,6,0.5,10,40.000000000000036,53.923106,2
67.918858,0.0,0,0,22635642880,78.52507374775537,0,0.0,8,7,0.5,10,40.000000000000036,41.886218,2
67.918858,0.0,0,0,22635642880,78.52507374775537,0,0.0,8,8,0.5,10,40.000000000000036,60.224337,2
65.742889,0.0,0,0,22635642880,78.58898118507291,0,0.0,8,1,0.5,11,39.99999999999992,38.299093,2
65.742889,0.0,0,0,22635642880,78.58898118507291,0,0.0,8,2,0.5,11,40.000000000000036,38.733033,2
65.742889,0.0,0,0,22635642880,78.58898118507291,0,0.0,8,3,0.5,11,40.000000000000036,39.700242,2
65.742889,0.0,0,0,22635642880,78.58898118507291,0,0.0,8,4,0.5,11,29.999999999999915,55.968572,2
65.742889,0.0,0,0,22635642880,78.58898118507291,0,0.0,8,5,0.5,11,40.000000000000036,60.979686,2
65.742889,0.0,0,0,22635642880,78.58898118507291,0,0.0,8,6,0.5,11,40.000000000000036,38.661783,2
65.742889,0.0,0,0,22635642880,78.58898118507291,0,0.0,8,7,0.5,11,50.00000000000004,61.602328,2
65.742889,0.0,0,0,22635642880,78.58898118507291,0,0.0,8,8,0.5,11,40.000000000000036,56.717215,2
69.8417,0.0,0,0,22635642880,78.74951497456085,0,0.0,8,1,0.5,12,40.000000000000036,53.063967,2
69.8417,0.0,0,0,22635642880,78.74951497456085,0,0.0,8,2,0.5,12,39.99999999999992,55.46285,2
69.8417,0.0,0,0,22635642880,78.74951497456085,0,0.0,8,3,0.5,12,39.99999999999992,38.352297,2
69.8417,0.0,0,0,22635642880,78.74951497456085,0,0.0,8,4,0.5,12,40.000000000000036,38.986854,2
69.8417,0.0,0,0,22635642880,78.74951497456085,0,0.0,8,5,0.5,12,39.99999999999992,42.711449,2
69.8417,0.0,0,0,22635642880,78.74951497456085,0,0.0,8,6,0.5,12,39.99999999999992,38.307276,2
69.8417,0.0,0,0,22635642880,78.74951497456085,0,0.0,8,7,0.5,12,39.99999999999992,58.513713,2
69.8417,0.0,0,0,22635642880,78.74951497456085,0,0.0,8,8,0.5,12,39.99999999999992,53.384698,2
69.796706,0.0,0,0,22635642880,78.80028034580809,0,0.0,8,1,0.5,13,30.00000000000003,55.359816,2
69.796706,0.0,0,0,22635642880,78.80028034580809,0,0.0,8,2,0.5,13,40.000000000000036,57.413474,2
69.796706,0.0,0,0,22635642880,78.80028034580809,0,0.0,8,3,0.5,13,40.000000000000036,40.421885,2
69.796706,0.0,0,0,22635642880,78.80028034580809,0,0.0,8,4,0.5,13,40.000000000000036,38.985598,2
69.796706,0.0,0,0,22635642880,78.80028034580809,0,0.0,8,5,0.5,13,40.000000000000036,38.190707,2
69.796706,0.0,0,0,22635642880,78.80028034580809,0,0.0,8,6,0.5,13,40.000000000000036,59.050866,2
69.796706,0.0,0,0,22635642880,78.80028034580809,0,0.0,8,7,0.5,13,50.00000000000004,42.639827,2
69.796706,0.0,0,0,22635642880,78.80028034580809,0,0.0,8,8,0.5,13,40.000000000000036,61.06108,2
66.71271,0.0,0,0,22635642880,82.44306070010929,0,0.0,8,1,0.5,14,40.000000000000036,38.330464,2
66.71271,0.0,0,0,22635642880,82.44306070010929,0,0.0,8,2,0.5,14,40.000000000000036,39.925955,2
66.71271,0.0,0,0,22635642880,82.44306070010929,0,0.0,8,3,0.5,14,40.000000000000036,39.497609,2
66.71271,0.0,0,0,22635642880,82.44306070010929,0,0.0,8,4,0.5,14,39.99999999999992,40.450603,2
66.71271,0.0,0,0,22635642880,82.44306070010929,0,0.0,8,5,0.5,14,40.000000000000036,55.96652,2
66.71271,0.0,0,0,22635642880,82.44306070010929,0,0.0,8,6,0.5,14,40.000000000000036,61.023229,2
66.71271,0.0,0,0,22635642880,82.44306070010929,0,0.0,8,7,0.5,14,40.000000000000036,56.441506,2
66.71271,0.0,0,0,22635642880,82.44306070010929,0,0.0,8,8,0.5,14,40.000000000000036,56.455733,2
66.065553,0.0,0,0,22635642880,80.72789965616914,0,0.0,8,1,0.5,15,39.99999999999992,39.510418,2
66.065553,0.0,0,0,22635642880,80.72789965616914,0,0.0,8,2,0.5,15,40.000000000000036,39.586746,2
66.065553,0.0,0,0,22635642880,80.72789965616914,0,0.0,8,3,0.5,15,39.99999999999992,55.083582,2
66.065553,0.0,0,0,22635642880,80.72789965616914,0,0.0,8,4,0.5,15,40.000000000000036,59.399122,2
66.065553,0.0,0,0,22635642880,80.72789965616914,0,0.0,8,5,0.5,15,39.99999999999992,54.750335,2
66.065553,0.0,0,0,22635642880,80.72789965616914,0,0.0,8,6,0.5,15,40.000000000000036,39.226869,2
66.065553,0.0,0,0,22635642880,80.72789965616914,0,0.0,8,7,0.5,15,30.00000000000003,58.808893,2
66.065553,0.0,0,0,22635642880,80.72789965616914,0,0.0,8,8,0.5,15,39.99999999999992,38.587514,2
67.27187900000001,0.0,0,0,22610223104,79.28027896089598,0,0.0,8,1,0.5,1,40.00000000000001,39.295941,3
67.27187900000001,0.0,0,0,22610223104,79.28027896089598,0,0.0,8,2,0.5,1,40.00000000000001,57.354246,3
67.27187900000001,0.0,0,0,22610223104,79.28027896089598,0,0.0,8,3,0.5,1,39.99999999999998,40.629192,3
67.27187900000001,0.0,0,0,22610223104,79.28027896089598,0,0.0,8,4,0.5,1,30.0,37.425102,3
67.27187900000001,0.0,0,0,22610223104,79.28027896089598,0,0.0,8,5,0.5,1,40.00000000000001,39.994556,3
67.27187900000001,0.0,0,0,22610223104,79.28027896089598,0,0.0,8,6,0.5,1,40.000000000000036,56.2342,3
67.27187900000001,0.0,0,0,22610223104,79.28027896089598,0,0.0,8,7,0.5,1,40.000000000000036,59.22872,3
67.27187900000001,0.0,0,0,22610223104,79.28027896089598,0,0.0,8,8,0.5,1,40.000000000000036,57.077148,3
70.110431,0.0,0,0,22610223104,80.82487278753048,0,0.0,8,1,0.5,2,39.99999999999998,40.281633,3
70.110431,0.0,0,0,22610223104,80.82487278753048,0,0.0,8,2,0.5,2,39.99999999999998,55.521534,3
70.110431,0.0,0,0,22610223104,80.82487278753048,0,0.0,8,3,0.5,2,40.000000000000036,53.378889,3
70.110431,0.0,0,0,22610223104,80.82487278753048,0,0.0,8,4,0.5,2,39.99999999999998,40.539941,3
70.110431,0.0,0,0,22610223104,80.82487278753048,0,0.0,8,5,0.5,2,39.99999999999998,43.178959,3
70.110431,0.0,0,0,22610223104,80.82487278753048,0,0.0,8,6,0.5,2,39.99999999999998,39.5093,3
70.110431,0.0,0,0,22610223104,80.82487278753048,0,0.0,8,7,0.5,2,39.99999999999998,54.466042,3
70.110431,0.0,0,0,22610223104,80.82487278753048,0,0.0,8,8,0.5,2,39.99999999999998,52.520348,3
64.166042,0.0,0,0,22610223104,83.11769227317528,0,0.0,8,1,0.5,3,39.99999999999998,39.095791,3
64.166042,0.0,0,0,22610223104,83.11769227317528,0,0.0,8,2,0.5,3,40.000000000000036,58.343079,3
64.166042,0.0,0,0,22610223104,83.11769227317528,0,0.0,8,3,0.5,3,39.99999999999998,61.01919,3
64.166042,0.0,0,0,22610223104,83.11769227317528,0,0.0,8,4,0.5,3,40.000000000000036,42.161745,3
64.166042,0.0,0,0,22610223104,83.11769227317528,0,0.0,8,5,0.5,3,39.99999999999998,58.858931,3
64.166042,0.0,0,0,22610223104,83.11769227317528,0,0.0,8,6,0.5,3,39.99999999999998,41.91747,3
64.166042,0.0,0,0,22610223104,83.11769227317528,0,0.0,8,7,0.5,3,39.99999999999998,41.148373,3
64.166042,0.0,0,0,22610223104,83.11769227317528,0,0.0,8,8,0.5,3,29.99999999999997,59.999886,3
64.55754599999999,0.0,0,0,22610223104,82.61363177169844,0,0.0,8,1,0.5,4,40.000000000000036,39.766589,3
64.55754599999999,0.0,0,0,22610223104,82.61363177169844,0,0.0,8,2,0.5,4,39.99999999999998,38.991872,3
64.55754599999999,0.0,0,0,22610223104,82.61363177169844,0,0.0,8,3,0.5,4,39.99999999999998,54.826161,3
64.55754599999999,0.0,0,0,22610223104,82.61363177169844,0,0.0,8,4,0.5,4,39.99999999999998,41.938331,3
64.55754599999999,0.0,0,0,22610223104,82.61363177169844,0,0.0,8,5,0.5,4,40.000000000000036,42.972354,3
64.55754599999999,0.0,0,0,22610223104,82.61363177169844,0,0.0,8,6,0.5,4,40.000000000000036,56.301603,3
64.55754599999999,0.0,0,0,22610223104,82.61363177169844,0,0.0,8,7,0.5,4,40.000000000000036,57.635348,3
64.55754599999999,0.0,0,0,22610223104,82.61363177169844,0,0.0,8,8,0.5,4,40.000000000000036,54.319652,3
64.274195,0.0,0,0,22610223104,80.38477442888761,0,0.0,8,1,0.5,5,39.99999999999998,38.207854,3
64.274195,0.0,0,0,22610223104,80.38477442888761,0,0.0,8,2,0.5,5,39.99999999999998,39.409411,3
64.274195,0.0,0,0,22610223104,80.38477442888761,0,0.0,8,3,0.5,5,30.00000000000003,37.465912,3
64.274195,0.0,0,0,22610223104,80.38477442888761,0,0.0,8,4,0.5,5,39.99999999999998,40.187198,3
64.274195,0.0,0,0,22610223104,80.38477442888761,0,0.0,8,5,0.5,5,39.99999999999998,58.693314,3
64.274195,0.0,0,0,22610223104,80.38477442888761,0,0.0,8,6,0.5,5,39.99999999999998,55.442072,3
64.274195,0.0,0,0,22610223104,80.38477442888761,0,0.0,8,7,0.5,5,39.99999999999998,54.109857,3
64.274195,0.0,0,0,22610223104,80.38477442888761,0,0.0,8,8,0.5,5,39.99999999999998,55.478699,3
65.588931,0.0,0,0,22610223104,83.85561277098398,0,0.0,8,1,0.5,6,39.99999999999998,58.710214,3
65.588931,0.0,0,0,22610223104,83.85561277098398,0,0.0,8,2,0.5,6,40.000000000000036,40.271655,3
65.588931,0.0,0,0,22610223104,83.85561277098398,0,0.0,8,3,0.5,6,39.99999999999998,39.895716,3
65.588931,0.0,0,0,22610223104,83.85561277098398,0,0.0,8,4,0.5,6,40.000000000000036,38.318127,3
65.588931,0.0,0,0,22610223104,83.85561277098398,0,0.0,8,5,0.5,6,39.99999999999998,55.019318,3
65.588931,0.0,0,0,22610223104,83.85561277098398,0,0.0,8,6,0.5,6,39.99999999999998,57.716383,3
65.588931,0.0,0,0,22610223104,83.85561277098398,0,0.0,8,7,0.5,6,39.99999999999998,38.682054,3
65.588931,0.0,0,0,22610223104,83.85561277098398,0,0.0,8,8,0.5,6,39.99999999999998,55.610522,3
67.819915,0.0,0,0,22610223104,81.09712316800733,0,0.0,8,1,0.5,7,40.000000000000036,56.266974,3
67.819915,0.0,0,0,22610223104,81.09712316800733,0,0.0,8,2,0.5,7,39.99999999999998,57.304143,3
67.819915,0.0,0,0,22610223104,81.09712316800733,0,0.0,8,3,0.5,7,40.000000000000036,40.185884,3
67.819915,0.0,0,0,22610223104,81.09712316800733,0,0.0,8,4,0.5,7,39.99999999999998,39.793326,3
67.819915,0.0,0,0,22610223104,81.09712316800733,0,0.0,8,5,0.5,7,30.00000000000003,58.379802,3
67.819915,0.0,0,0,22610223104,81.09712316800733,0,0.0,8,6,0.5,7,40.000000000000036,39.974156,3
67.819915,0.0,0,0,22610223104,81.09712316800733,0,0.0,8,7,0.5,7,40.000000000000036,58.482973,3
67.819915,0.0,0,0,22610223104,81.09712316800733,0,0.0,8,8,0.5,7,40.000000000000036,37.493582,3
66.050343,0.0,0,0,22610223104,83.26981738760672,0,0.0,8,1,0.5,8,40.000000000000036,41.602879,3
66.050343,0.0,0,0,22610223104,83.26981738760672,0,0.0,8,2,0.5,8,40.000000000000036,43.362183,3
66.050343,0.0,0,0,22610223104,83.26981738760672,0,0.0,8,3,0.5,8,40.000000000000036,41.616457,3
66.050343,0.0,0,0,22610223104,83.26981738760672,0,0.0,8,4,0.5,8,40.000000000000036,39.188874,3
66.050343,0.0,0,0,22610223104,83.26981738760672,0,0.0,8,5,0.5,8,50.00000000000004,61.871045,3
66.050343,0.0,0,0,22610223104,83.26981738760672,0,0.0,8,6,0.5,8,40.000000000000036,60.465853,3
66.050343,0.0,0,0,22610223104,83.26981738760672,0,0.0,8,7,0.5,8,40.000000000000036,57.081068,3
66.050343,0.0,0,0,22610223104,83.26981738760672,0,0.0,8,8,0.5,8,40.000000000000036,57.24527,3
68.156824,0.0,0,0,22610223104,75.80556668358454,0,0.0,8,1,0.5,9,39.99999999999992,39.319536,3
68.156824,0.0,0,0,22610223104,75.80556668358454,0,0.0,8,2,0.5,9,39.99999999999992,63.687407,3
68.156824,0.0,0,0,22610223104,75.80556668358454,0,0.0,8,3,0.5,9,39.99999999999992,39.439857,3
68.156824,0.0,0,0,22610223104,75.80556668358454,0,0.0,8,4,0.5,9,39.99999999999992,39.932967,3
68.156824,0.0,0,0,22610223104,75.80556668358454,0,0.0,8,5,0.5,9,29.999999999999915,57.99599,3
68.156824,0.0,0,0,22610223104,75.80556668358454,0,0.0,8,6,0.5,9,39.99999999999992,57.627334,3
68.156824,0.0,0,0,22610223104,75.80556668358454,0,0.0,8,7,0.5,9,39.99999999999992,57.842563,3
68.156824,0.0,0,0,22610223104,75.80556668358454,0,0.0,8,8,0.5,9,39.99999999999992,38.495802,3
68.11501100000001,0.0,0,0,22610223104,85.6394684181934,0,0.0,8,1,0.5,10,40.000000000000036,41.053831,3
68.11501100000001,0.0,0,0,22610223104,85.6394684181934,0,0.0,8,2,0.5,10,40.000000000000036,55.14151,3
68.11501100000001,0.0,0,0,22610223104,85.6394684181934,0,0.0,8,3,0.5,10,40.000000000000036,43.77094,3
68.11501100000001,0.0,0,0,22610223104,85.6394684181934,0,0.0,8,4,0.5,10,40.000000000000036,56.403225,3
68.11501100000001,0.0,0,0,22610223104,85.6394684181934,0,0.0,8,5,0.5,10,40.000000000000036,40.324372,3
68.11501100000001,0.0,0,0,22610223104,85.6394684181934,0,0.0,8,6,0.5,10,40.000000000000036,41.799648,3
68.11501100000001,0.0,0,0,22610223104,85.6394684181934,0,0.0,8,7,0.5,10,30.00000000000003,58.617224,3
68.11501100000001,0.0,0,0,22610223104,85.6394684181934,0,0.0,8,8,0.5,10,40.000000000000036,57.984997,3
71.62840700000001,0.0,0,0,22610223104,74.45835467663663,0,0.0,8,1,0.5,11,30.00000000000003,39.546185,3
71.62840700000001,0.0,0,0,22610223104,74.45835467663663,0,0.0,8,2,0.5,11,40.000000000000036,39.213344,3
71.62840700000001,0.0,0,0,22610223104,74.45835467663663,0,0.0,8,3,0.5,11,40.000000000000036,38.79079,3
71.62840700000001,0.0,0,0,22610223104,74.45835467663663,0,0.0,8,4,0.5,11,40.000000000000036,59.275796,3
71.62840700000001,0.0,0,0,22610223104,74.45835467663663,0,0.0,8,5,0.5,11,40.000000000000036,41.227141,3
71.62840700000001,0.0,0,0,22610223104,74.45835467663663,0,0.0,8,6,0.5,11,40.000000000000036,59.490273,3
71.62840700000001,0.0,0,0,22610223104,74.45835467663663,0,0.0,8,7,0.5,11,40.000000000000036,66.310663,3
71.62840700000001,0.0,0,0,22610223104,74.45835467663663,0,0.0,8,8,0.5,11,40.000000000000036,40.781978,3
64.310017,0.0,0,0,22610223104,82.93161131249026,0,0.0,8,1,0.5,12,49.999999999999936,56.032017,3
64.310017,0.0,0,0,22610223104,82.93161131249026,0,0.0,8,2,0.5,12,39.99999999999992,38.052317,3
64.310017,0.0,0,0,22610223104,82.93161131249026,0,0.0,8,3,0.5,12,39.99999999999992,38.515972,3
64.310017,0.0,0,0,22610223104,82.93161131249026,0,0.0,8,4,0.5,12,29.999999999999915,55.81195,3
64.310017,0.0,0,0,22610223104,82.93161131249026,0,0.0,8,5,0.5,12,39.99999999999992,56.983064,3
64.310017,0.0,0,0,22610223104,82.93161131249026,0,0.0,8,6,0.5,12,39.99999999999992,38.455556,3
64.310017,0.0,0,0,22610223104,82.93161131249026,0,0.0,8,7,0.5,12,39.99999999999992,58.678059,3
64.310017,0.0,0,0,22610223104,82.93161131249026,0,0.0,8,8,0.5,12,29.999999999999915,39.751526,3
63.102989,0.0,0,0,22610223104,87.15910430144012,0,0.0,8,1,0.5,13,40.000000000000036,60.082477,3
63.102989,0.0,0,0,22610223104,87.15910430144012,0,0.0,8,2,0.5,13,40.000000000000036,38.789395,3
63.102989,0.0,0,0,22610223104,87.15910430144012,0,0.0,8,3,0.5,13,30.00000000000003,39.261914,3
63.102989,0.0,0,0,22610223104,87.15910430144012,0,0.0,8,4,0.5,13,40.000000000000036,39.492102,3
63.102989,0.0,0,0,22610223104,87.15910430144012,0,0.0,8,5,0.5,13,40.000000000000036,38.192399,3
63.102989,0.0,0,0,22610223104,87.15910430144012,0,0.0,8,6,0.5,13,40.000000000000036,59.917437,3
63.102989,0.0,0,0,22610223104,87.15910430144012,0,0.0,8,7,0.5,13,40.000000000000036,57.636746,3
63.102989,0.0,0,0,22610223104,87.15910430144012,0,0.0,8,8,0.5,13,40.000000000000036,59.747982,3
66.81446100000001,0.0,0,0,22610223104,82.31750907956804,0,0.0,8,1,0.5,14,40.000000000000036,58.725923,3
66.81446100000001,0.0,0,0,22610223104,82.31750907956804,0,0.0,8,2,0.5,14,30.00000000000003,39.781637,3
66.81446100000001,0.0,0,0,22610223104,82.31750907956804,0,0.0,8,3,0.5,14,40.000000000000036,39.311754,3
66.81446100000001,0.0,0,0,22610223104,82.31750907956804,0,0.0,8,4,0.5,14,40.000000000000036,40.295446,3
66.81446100000001,0.0,0,0,22610223104,82.31750907956804,0,0.0,8,5,0.5,14,40.000000000000036,59.065548,3
66.81446100000001,0.0,0,0,22610223104,82.31750907956804,0,0.0,8,6,0.5,14,40.000000000000036,39.518878,3
66.81446100000001,0.0,0,0,22610223104,82.31750907956804,0,0.0,8,7,0.5,14,40.000000000000036,60.047467,3
66.81446100000001,0.0,0,0,22610223104,82.31750907956804,0,0.0,8,8,0.5,14,40.000000000000036,55.384309,3
66.889347,0.0,0,0,22610223104,79.73367318608271,0,0.0,8,1,0.5,15,39.99999999999992,38.13231,3
66.889347,0.0,0,0,22610223104,79.73367318608271,0,0.0,8,2,0.5,15,40.000000000000036,39.171625,3
66.889347,0.0,0,0,22610223104,79.73367318608271,0,0.0,8,3,0.5,15,39.99999999999992,55.740003,3
66.889347,0.0,0,0,22610223104,79.73367318608271,0,0.0,8,4,0.5,15,40.000000000000036,56.58735,3
66.889347,0.0,0,0,22610223104,79.73367318608271,0,0.0,8,5,0.5,15,39.99999999999992,38.211933,3
66.889347,0.0,0,0,22610223104,79.73367318608271,0,0.0,8,6,0.5,15,39.99999999999992,58.813293,3
66.889347,0.0,0,0,22610223104,79.73367318608271,0,0.0,8,7,0.5,15,39.99999999999992,54.960901,3
66.889347,0.0,0,0,22610223104,79.73367318608271,0,0.0,8,8,0.5,15,39.99999999999992,40.33567,3
118.033213,0.0,0,0,22620479488,88.95801218256949,0,0.0,16,1,0.5,1,40.00000000000001,92.107699,1
118.033213,0.0,0,0,22620479488,88.95801218256949,0,0.0,16,2,0.5,1,30.0,43.305631,1
118.033213,0.0,0,0,22620479488,88.95801218256949,0,0.0,16,3,0.5,1,40.00000000000001,58.555015,1
118.033213,0.0,0,0,22620479488,88.95801218256949,0,0.0,16,4,0.5,1,40.000000000000036,84.273591,1
118.033213,0.0,0,0,22620479488,88.95801218256949,0,0.0,16,5,0.5,1,40.00000000000001,91.832651,1
118.033213,0.0,0,0,22620479488,88.95801218256949,0,0.0,16,6,0.5,1,40.00000000000001,75.648295,1
118.033213,0.0,0,0,22620479488,88.95801218256949,0,0.0,16,7,0.5,1,40.00000000000001,39.828963,1
118.033213,0.0,0,0,22620479488,88.95801218256949,0,0.0,16,8,0.5,1,40.000000000000036,79.378081,1
118.033213,0.0,0,0,22620479488,88.95801218256949,0,0.0,16,9,0.5,1,40.000000000000036,86.151003,1
118.033213,0.0,0,0,22620479488,88.95801218256949,0,0.0,16,10,0.5,1,40.00000000000001,82.68411,1
118.033213,0.0,0,0,22620479488,88.95801218256949,0,0.0,16,11,0.5,1,40.00000000000001,93.254902,1
118.033213,0.0,0,0,22620479488,88.95801218256949,0,0.0,16,12,0.5,1,40.000000000000036,71.354727,1
118.033213,0.0,0,0,22620479488,88.95801218256949,0,0.0,16,13,0.5,1,40.00000000000001,77.549761,1
118.033213,0.0,0,0,22620479488,88.95801218256949,0,0.0,16,14,0.5,1,40.00000000000001,81.717593,1
118.033213,0.0,0,0,22620479488,88.95801218256949,0,0.0,16,15,0.5,1,40.000000000000036,42.970137,1
118.033213,0.0,0,0,22620479488,88.95801218256949,0,0.0,16,16,0.5,1,40.00000000000001,65.758184,1
120.017347,0.0,1650688,0,22621851648,90.2647292589068,1372160,0.0,16,1,0.5,2,39.99999999999998,50.564989,1
120.017347,0.0,1650688,0,22621851648,90.2647292589068,1372160,0.0,16,2,0.5,2,39.99999999999998,43.147934,1
120.017347,0.0,1650688,0,22621851648,90.2647292589068,1372160,0.0,16,3,0.5,2,39.99999999999998,66.110895,1
120.017347,0.0,1650688,0,22621851648,90.2647292589068,1372160,0.0,16,4,0.5,2,39.99999999999998,83.810076,1
120.017347,0.0,1650688,0,22621851648,90.2647292589068,1372160,0.0,16,5,0.5,2,39.99999999999998,51.672743,1
120.017347,0.0,1650688,0,22621851648,90.2647292589068,1372160,0.0,16,6,0.5,2,39.99999999999998,92.045609,1
120.017347,0.0,1650688,0,22621851648,90.2647292589068,1372160,0.0,16,7,0.5,2,39.99999999999998,90.062925,1
120.017347,0.0,1650688,0,22621851648,90.2647292589068,1372160,0.0,16,8,0.5,2,39.99999999999998,69.393967,1
120.017347,0.0,1650688,0,22621851648,90.2647292589068,1372160,0.0,16,9,0.5,2,39.99999999999998,54.811886,1
120.017347,0.0,1650688,0,22621851648,90.2647292589068,1372160,0.0,16,10,0.5,2,39.99999999999998,81.62255,1
120.017347,0.0,1650688,0,22621851648,90.2647292589068,1372160,0.0,16,11,0.5,2,39.99999999999998,45.729543,1
120.017347,0.0,1650688,0,22621851648,90.2647292589068,1372160,0.0,16,12,0.5,2,29.99999999999997,74.847728,1
120.017347,0.0,1650688,0,22621851648,90.2647292589068,1372160,0.0,16,13,0.5,2,39.99999999999998,66.468998,1
120.017347,0.0,1650688,0,22621851648,90.2647292589068,1372160,0.0,16,14,0.5,2,39.99999999999998,58.476422,1
120.017347,0.0,1650688,0,22621851648,90.2647292589068,1372160,0.0,16,15,0.5,2,39.99999999999998,66.47123,1
120.017347,0.0,1650688,0,22621851648,90.2647292589068,1372160,0.0,16,16,0.5,2,39.99999999999998,63.853166,1
128.55567100000002,0.0,0,0,22621904896,82.97313205776013,53248,0.0,16,1,0.5,3,39.99999999999998,73.251358,1
128.55567100000002,0.0,0,0,22621904896,82.97313205776013,53248,0.0,16,2,0.5,3,40.000000000000036,76.161235,1
128.55567100000002,0.0,0,0,22621904896,82.97313205776013,53248,0.0,16,3,0.5,3,39.99999999999998,56.078038,1
128.55567100000002,0.0,0,0,22621904896,82.97313205776013,53248,0.0,16,4,0.5,3,29.99999999999997,83.829676,1
128.55567100000002,0.0,0,0,22621904896,82.97313205776013,53248,0.0,16,5,0.5,3,40.000000000000036,80.115987,1
128.55567100000002,0.0,0,0,22621904896,82.97313205776013,53248,0.0,16,6,0.5,3,39.99999999999998,83.987242,1
128.55567100000002,0.0,0,0,22621904896,82.97313205776013,53248,0.0,16,7,0.5,3,39.99999999999998,67.732272,1
128.55567100000002,0.0,0,0,22621904896,82.97313205776013,53248,0.0,16,8,0.5,3,39.99999999999998,74.801701,1
128.55567100000002,0.0,0,0,22621904896,82.97313205776013,53248,0.0,16,9,0.5,3,39.99999999999998,79.147486,1
128.55567100000002,0.0,0,0,22621904896,82.97313205776013,53248,0.0,16,10,0.5,3,39.99999999999998,50.273675,1
128.55567100000002,0.0,0,0,22621904896,82.97313205776013,53248,0.0,16,11,0.5,3,39.99999999999998,79.915735,1
128.55567100000002,0.0,0,0,22621904896,82.97313205776013,53248,0.0,16,12,0.5,3,39.99999999999998,70.06176,1
128.55567100000002,0.0,0,0,22621904896,82.97313205776013,53248,0.0,16,13,0.5,3,40.000000000000036,69.39903,1
128.55567100000002,0.0,0,0,22621904896,82.97313205776013,53248,0.0,16,14,0.5,3,39.99999999999998,58.578573,1
128.55567100000002,0.0,0,0,22621904896,82.97313205776013,53248,0.0,16,15,0.5,3,39.99999999999998,68.237798,1
128.55567100000002,0.0,0,0,22621904896,82.97313205776013,53248,0.0,16,16,0.5,3,39.99999999999998,54.833123,1
118.786916,0.0,0,0,22621872128,89.79664617837308,-32768,0.0,16,1,0.5,4,40.000000000000036,63.388293,1
118.786916,0.0,0,0,22621872128,89.79664617837308,-32768,0.0,16,2,0.5,4,39.99999999999998,99.83322,1
118.786916,0.0,0,0,22621872128,89.79664617837308,-32768,0.0,16,3,0.5,4,30.00000000000003,103.448611,1
118.786916,0.0,0,0,22621872128,89.79664617837308,-32768,0.0,16,4,0.5,4,40.000000000000036,59.454523,1
118.786916,0.0,0,0,22621872128,89.79664617837308,-32768,0.0,16,5,0.5,4,39.99999999999998,78.922378,1
118.786916,0.0,0,0,22621872128,89.79664617837308,-32768,0.0,16,6,0.5,4,40.000000000000036,52.858623,1
118.786916,0.0,0,0,22621872128,89.79664617837308,-32768,0.0,16,7,0.5,4,40.000000000000036,97.400803,1
118.786916,0.0,0,0,22621872128,89.79664617837308,-32768,0.0,16,8,0.5,4,30.00000000000003,92.251309,1
118.786916,0.0,0,0,22621872128,89.79664617837308,-32768,0.0,16,9,0.5,4,40.000000000000036,88.37056,1
118.786916,0.0,0,0,22621872128,89.79664617837308,-32768,0.0,16,10,0.5,4,40.000000000000036,98.863357,1
118.786916,0.0,0,0,22621872128,89.79664617837308,-32768,0.0,16,11,0.5,4,40.000000000000036,76.111352,1
118.786916,0.0,0,0,22621872128,89.79664617837308,-32768,0.0,16,12,0.5,4,40.000000000000036,57.033833,1
118.786916,0.0,0,0,22621872128,89.79664617837308,-32768,0.0,16,13,0.5,4,39.99999999999998,91.513845,1
118.786916,0.0,0,0,22621872128,89.79664617837308,-32768,0.0,16,14,0.5,4,30.00000000000003,75.008917,1
118.786916,0.0,0,0,22621872128,89.79664617837308,-32768,0.0,16,15,0.5,4,40.000000000000036,52.91584,1
118.786916,0.0,0,0,22621872128,89.79664617837308,-32768,0.0,16,16,0.5,4,40.000000000000036,52.996523,1
115.349858,0.0,0,0,22621614080,93.91717962359718,-258048,0.0,16,1,0.5,5,39.99999999999998,79.938798,1
115.349858,0.0,0,0,22621614080,93.91717962359718,-258048,0.0,16,2,0.5,5,29.99999999999997,55.580679,1
115.349858,0.0,0,0,22621614080,93.91717962359718,-258048,0.0,16,3,0.5,5,39.99999999999998,71.015137,1
115.349858,0.0,0,0,22621614080,93.91717962359718,-258048,0.0,16,4,0.5,5,39.99999999999998,79.562929,1
115.349858,0.0,0,0,22621614080,93.91717962359718,-258048,0.0,16,5,0.5,5,39.99999999999998,104.128858,1
115.349858,0.0,0,0,22621614080,93.91717962359718,-258048,0.0,16,6,0.5,5,39.99999999999998,66.560558,1
115.349858,0.0,0,0,22621614080,93.91717962359718,-258048,0.0,16,7,0.5,5,39.99999999999998,78.019034,1
115.349858,0.0,0,0,22621614080,93.91717962359718,-258048,0.0,16,8,0.5,5,39.99999999999998,100.511778,1
115.349858,0.0,0,0,22621614080,93.91717962359718,-258048,0.0,16,9,0.5,5,39.99999999999998,91.687834,1
115.349858,0.0,0,0,22621614080,93.91717962359718,-258048,0.0,16,10,0.5,5,29.99999999999997,61.840971,1
115.349858,0.0,0,0,22621614080,93.91717962359718,-258048,0.0,16,11,0.5,5,39.99999999999998,87.920085,1
115.349858,0.0,0,0,22621614080,93.91717962359718,-258048,0.0,16,12,0.5,5,39.99999999999998,78.713654,1
115.349858,0.0,0,0,22621614080,93.91717962359718,-258048,0.0,16,13,0.5,5,39.99999999999998,84.802576,1
115.349858,0.0,0,0,22621614080,93.91717962359718,-258048,0.0,16,14,0.5,5,49.999999999999986,73.436088,1
115.349858,0.0,0,0,22621614080,93.91717962359718,-258048,0.0,16,15,0.5,5,39.99999999999998,47.378768,1
115.349858,0.0,0,0,22621614080,93.91717962359718,-258048,0.0,16,16,0.5,5,39.99999999999998,69.306904,1
126.592337,0.0,0,0,22621614080,85.57653322512934,0,0.0,16,1,0.5,6,39.99999999999998,66.675605,1
126.592337,0.0,0,0,22621614080,85.57653322512934,0,0.0,16,2,0.5,6,40.000000000000036,90.571593,1
126.592337,0.0,0,0,22621614080,85.57653322512934,0,0.0,16,3,0.5,6,40.000000000000036,43.193858,1
126.592337,0.0,0,0,22621614080,85.57653322512934,0,0.0,16,4,0.5,6,39.99999999999998,61.245244,1
126.592337,0.0,0,0,22621614080,85.57653322512934,0,0.0,16,5,0.5,6,40.000000000000036,74.823546,1
126.592337,0.0,0,0,22621614080,85.57653322512934,0,0.0,16,6,0.5,6,39.99999999999998,100.260331,1
126.592337,0.0,0,0,22621614080,85.57653322512934,0,0.0,16,7,0.5,6,39.99999999999998,99.704591,1
126.592337,0.0,0,0,22621614080,85.57653322512934,0,0.0,16,8,0.5,6,39.99999999999998,74.786739,1
126.592337,0.0,0,0,22621614080,85.57653322512934,0,0.0,16,9,0.5,6,39.99999999999998,84.150061,1
126.592337,0.0,0,0,22621614080,85.57653322512934,0,0.0,16,10,0.5,6,40.000000000000036,77.054819,1
126.592337,0.0,0,0,22621614080,85.57653322512934,0,0.0,16,11,0.5,6,39.99999999999998,61.829933,1
126.592337,0.0,0,0,22621614080,85.57653322512934,0,0.0,16,12,0.5,6,39.99999999999998,75.565239,1
126.592337,0.0,0,0,22621614080,85.57653322512934,0,0.0,16,13,0.5,6,40.000000000000036,87.61698,1
126.592337,0.0,0,0,22621614080,85.57653322512934,0,0.0,16,14,0.5,6,39.99999999999998,84.142331,1
126.592337,0.0,0,0,22621614080,85.57653322512934,0,0.0,16,15,0.5,6,39.99999999999998,69.600421,1
126.592337,0.0,0,0,22621614080,85.57653322512934,0,0.0,16,16,0.5,6,30.00000000000003,62.046969,1
114.796601,0.0,0,0,22621614080,92.91796598278172,0,0.0,16,1,0.5,7,40.000000000000036,68.234223,1
114.796601,0.0,0,0,22621614080,92.91796598278172,0,0.0,16,2,0.5,7,39.99999999999998,84.049298,1
114.796601,0.0,0,0,22621614080,92.91796598278172,0,0.0,16,3,0.5,7,39.99999999999998,106.87253,1
114.796601,0.0,0,0,22621614080,92.91796598278172,0,0.0,16,4,0.5,7,40.000000000000036,81.956609,1
114.796601,0.0,0,0,22621614080,92.91796598278172,0,0.0,16,5,0.5,7,29.99999999999997,41.550299,1
114.796601,0.0,0,0,22621614080,92.91796598278172,0,0.0,16,6,0.5,7,40.000000000000036,81.007275,1
114.796601,0.0,0,0,22621614080,92.91796598278172,0,0.0,16,7,0.5,7,40.000000000000036,67.263618,1
114.796601,0.0,0,0,22621614080,92.91796598278172,0,0.0,16,8,0.5,7,40.000000000000036,105.044987,1
114.796601,0.0,0,0,22621614080,92.91796598278172,0,0.0,16,9,0.5,7,30.00000000000003,99.984447,1
114.796601,0.0,0,0,22621614080,92.91796598278172,0,0.0,16,10,0.5,7,39.99999999999998,64.302134,1
114.796601,0.0,0,0,22621614080,92.91796598278172,0,0.0,16,11,0.5,7,40.000000000000036,78.26955,1
114.796601,0.0,0,0,22621614080,92.91796598278172,0,0.0,16,12,0.5,7,40.000000000000036,72.084291,1
114.796601,0.0,0,0,22621614080,92.91796598278172,0,0.0,16,13,0.5,7,39.99999999999998,74.400282,1
114.796601,0.0,0,0,22621614080,92.91796598278172,0,0.0,16,14,0.5,7,40.000000000000036,67.991649,1
114.796601,0.0,0,0,22621614080,92.91796598278172,0,0.0,16,15,0.5,7,40.000000000000036,74.013717,1
114.796601,0.0,0,0,22621614080,92.91796598278172,0,0.0,16,16,0.5,7,39.99999999999998,64.768836,1
120.603037,0.0,0,0,22621614080,91.208316752527,0,0.0,16,1,0.5,8,40.000000000000036,90.43509,1
120.603037,0.0,0,0,22621614080,91.208316752527,0,0.0,16,2,0.5,8,40.000000000000036,76.005228,1
120.603037,0.0,0,0,22621614080,91.208316752527,0,0.0,16,3,0.5,8,40.000000000000036,102.488349,1
120.603037,0.0,0,0,22621614080,91.208316752527,0,0.0,16,4,0.5,8,40.000000000000036,99.665821,1
120.603037,0.0,0,0,22621614080,91.208316752527,0,0.0,16,5,0.5,8,40.000000000000036,94.64671,1
120.603037,0.0,0,0,22621614080,91.208316752527,0,0.0,16,6,0.5,8,40.000000000000036,68.274994,1
120.603037,0.0,0,0,22621614080,91.208316752527,0,0.0,16,7,0.5,8,40.000000000000036,55.647112,1
120.603037,0.0,0,0,22621614080,91.208316752527,0,0.0,16,8,0.5,8,40.000000000000036,88.864983,1
120.603037,0.0,0,0,22621614080,91.208316752527,0,0.0,16,9,0.5,8,40.000000000000036,67.991161,1
120.603037,0.0,0,0,22621614080,91.208316752527,0,0.0,16,10,0.5,8,40.000000000000036,91.212166,1
120.603037,0.0,0,0,22621614080,91.208316752527,0,0.0,16,11,0.5,8,40.000000000000036,64.549615,1
120.603037,0.0,0,0,22621614080,91.208316752527,0,0.0,16,12,0.5,8,40.000000000000036,95.401169,1
120.603037,0.0,0,0,22621614080,91.208316752527,0,0.0,16,13,0.5,8,40.000000000000036,81.749548,1
120.603037,0.0,0,0,22621614080,91.208316752527,0,0.0,16,14,0.5,8,40.000000000000036,53.684955,1
120.603037,0.0,0,0,22621614080,91.208316752527,0,0.0,16,15,0.5,8,40.000000000000036,84.867348,1
120.603037,0.0,0,0,22621614080,91.208316752527,0,0.0,16,16,0.5,8,40.000000000000036,70.359323,1
122.575584,0.0,1978368,0,22623416320,88.38084208782779,1802240,0.0,16,1,0.5,9,39.99999999999992,55.258994,1
122.575584,0.0,1978368,0,22623416320,88.38084208782779,1802240,0.0,16,2,0.5,9,39.99999999999992,70.877616,1
122.575584,0.0,1978368,0,22623416320,88.38084208782779,1802240,0.0,16,3,0.5,9,39.99999999999992,90.472314,1
122.575584,0.0,1978368,0,22623416320,88.38084208782779,1802240,0.0,16,4,0.5,9,39.99999999999992,66.871599,1
122.575584,0.0,1978368,0,22623416320,88.38084208782779,1802240,0.0,16,5,0.5,9,39.99999999999992,81.078878,1
122.575584,0.0,1978368,0,22623416320,88.38084208782779,1802240,0.0,16,6,0.5,9,39.99999999999992,61.568501,1
122.575584,0.0,1978368,0,22623416320,88.38084208782779,1802240,0.0,16,7,0.5,9,39.99999999999992,87.823441,1
122.575584,0.0,1978368,0,22623416320,88.38084208782779,1802240,0.0,16,8,0.5,9,39.99999999999992,81.350606,1
122.575584,0.0,1978368,0,22623416320,88.38084208782779,1802240,0.0,16,9,0.5,9,39.99999999999992,79.644411,1
122.575584,0.0,1978368,0,22623416320,88.38084208782779,1802240,0.0,16,10,0.5,9,39.99999999999992,70.502456,1
122.575584,0.0,1978368,0,22623416320,88.38084208782779,1802240,0.0,16,11,0.5,9,39.99999999999992,60.107931,1
122.575584,0.0,1978368,0,22623416320,88.38084208782779,1802240,0.0,16,12,0.5,9,39.99999999999992,47.999513,1
122.575584,0.0,1978368,0,22623416320,88.38084208782779,1802240,0.0,16,13,0.5,9,39.99999999999992,71.289942,1
122.575584,0.0,1978368,0,22623416320,88.38084208782779,1802240,0.0,16,14,0.5,9,29.999999999999915,55.512348,1
122.575584,0.0,1978368,0,22623416320,88.38084208782779,1802240,0.0,16,15,0.5,9,39.99999999999992,59.791662,1
122.575584,0.0,1978368,0,22623416320,88.38084208782779,1802240,0.0,16,16,0.5,9,39.99999999999992,60.440546,1
122.00046999999999,0.0,0,0,22623592448,88.79747211897849,176128,0.0,16,1,0.5,10,40.000000000000036,40.608037,1
122.00046999999999,0.0,0,0,22623592448,88.79747211897849,176128,0.0,16,2,0.5,10,40.000000000000036,66.33459,1
122.00046999999999,0.0,0,0,22623592448,88.79747211897849,176128,0.0,16,3,0.5,10,40.000000000000036,46.59487,1
122.00046999999999,0.0,0,0,22623592448,88.79747211897849,176128,0.0,16,4,0.5,10,40.000000000000036,77.006922,1
122.00046999999999,0.0,0,0,22623592448,88.79747211897849,176128,0.0,16,5,0.5,10,40.000000000000036,42.502598,1
122.00046999999999,0.0,0,0,22623592448,88.79747211897849,176128,0.0,16,6,0.5,10,40.000000000000036,52.200998,1
122.00046999999999,0.0,0,0,22623592448,88.79747211897849,176128,0.0,16,7,0.5,10,40.000000000000036,75.847553,1
122.00046999999999,0.0,0,0,22623592448,88.79747211897849,176128,0.0,16,8,0.5,10,40.000000000000036,90.885623,1
122.00046999999999,0.0,0,0,22623592448,88.79747211897849,176128,0.0,16,9,0.5,10,40.000000000000036,81.063483,1
122.00046999999999,0.0,0,0,22623592448,88.79747211897849,176128,0.0,16,10,0.5,10,40.000000000000036,71.195501,1
122.00046999999999,0.0,0,0,22623592448,88.79747211897849,176128,0.0,16,11,0.5,10,40.000000000000036,59.441977,1
122.00046999999999,0.0,0,0,22623592448,88.79747211897849,176128,0.0,16,12,0.5,10,40.000000000000036,62.005418,1
122.00046999999999,0.0,0,0,22623592448,88.79747211897849,176128,0.0,16,13,0.5,10,30.00000000000003,57.812045,1
122.00046999999999,0.0,0,0,22623592448,88.79747211897849,176128,0.0,16,14,0.5,10,50.00000000000004,63.757853,1
122.00046999999999,0.0,0,0,22623592448,88.79747211897849,176128,0.0,16,15,0.5,10,40.000000000000036,62.586941,1
122.00046999999999,0.0,0,0,22623592448,88.79747211897849,176128,0.0,16,16,0.5,10,40.000000000000036,43.831631,1
122.53581199999999,0.0,0,0,22623592448,95.21026119840617,0,0.0,16,1,0.5,11,40.000000000000036,39.677938,1
122.53581199999999,0.0,0,0,22623592448,95.21026119840617,0,0.0,16,2,0.5,11,40.000000000000036,117.835789,1
122.53581199999999,0.0,0,0,22623592448,95.21026119840617,0,0.0,16,3,0.5,11,40.000000000000036,80.506804,1
122.53581199999999,0.0,0,0,22623592448,95.21026119840617,0,0.0,16,4,0.5,11,50.00000000000004,96.928762,1
122.53581199999999,0.0,0,0,22623592448,95.21026119840617,0,0.0,16,5,0.5,11,40.000000000000036,109.637092,1
122.53581199999999,0.0,0,0,22623592448,95.21026119840617,0,0.0,16,6,0.5,11,50.00000000000004,105.101345,1
122.53581199999999,0.0,0,0,22623592448,95.21026119840617,0,0.0,16,7,0.5,11,40.000000000000036,98.172694,1
122.53581199999999,0.0,0,0,22623592448,95.21026119840617,0,0.0,16,8,0.5,11,40.000000000000036,82.208538,1
122.53581199999999,0.0,0,0,22623592448,95.21026119840617,0,0.0,16,9,0.5,11,50.00000000000004,114.105353,1
122.53581199999999,0.0,0,0,22623592448,95.21026119840617,0,0.0,16,10,0.5,11,40.000000000000036,101.563214,1
122.53581199999999,0.0,0,0,22623592448,95.21026119840617,0,0.0,16,11,0.5,11,40.000000000000036,107.864018,1
122.53581199999999,0.0,0,0,22623592448,95.21026119840617,0,0.0,16,12,0.5,11,40.000000000000036,97.950651,1
122.53581199999999,0.0,0,0,22623592448,95.21026119840617,0,0.0,16,13,0.5,11,50.00000000000004,91.20316,1
122.53581199999999,0.0,0,0,22623592448,95.21026119840617,0,0.0,16,14,0.5,11,40.000000000000036,66.513319,1
122.53581199999999,0.0,0,0,22623592448,95.21026119840617,0,0.0,16,15,0.5,11,40.000000000000036,55.140957,1
122.53581199999999,0.0,0,0,22623592448,95.21026119840617,0,0.0,16,16,0.5,11,40.000000000000036,87.248434,1
111.745602,0.0,0,0,22623592448,95.45491254923951,0,0.0,16,1,0.5,12,39.99999999999992,55.859863,1
111.745602,0.0,0,0,22623592448,95.45491254923951,0,0.0,16,2,0.5,12,39.99999999999992,40.851799,1
111.745602,0.0,0,0,22623592448,95.45491254923951,0,0.0,16,3,0.5,12,39.99999999999992,92.760579,1
111.745602,0.0,0,0,22623592448,95.45491254923951,0,0.0,16,4,0.5,12,29.999999999999915,84.253719,1
111.745602,0.0,0,0,22623592448,95.45491254923951,0,0.0,16,5,0.5,12,39.99999999999992,39.577503,1
111.745602,0.0,0,0,22623592448,95.45491254923951,0,0.0,16,6,0.5,12,29.999999999999915,91.763438,1
111.745602,0.0,0,0,22623592448,95.45491254923951,0,0.0,16,7,0.5,12,39.99999999999992,84.702755,1
111.745602,0.0,0,0,22623592448,95.45491254923951,0,0.0,16,8,0.5,12,39.99999999999992,86.728295,1
111.745602,0.0,0,0,22623592448,95.45491254923951,0,0.0,16,9,0.5,12,29.999999999999915,91.628569,1
111.745602,0.0,0,0,22623592448,95.45491254923951,0,0.0,16,10,0.5,12,39.99999999999992,86.989618,1
111.745602,0.0,0,0,22623592448,95.45491254923951,0,0.0,16,11,0.5,12,39.99999999999992,81.960623,1
111.745602,0.0,0,0,22623592448,95.45491254923951,0,0.0,16,12,0.5,12,39.99999999999992,55.375007,1
111.745602,0.0,0,0,22623592448,95.45491254923951,0,0.0,16,13,0.5,12,39.99999999999992,73.904207,1
111.745602,0.0,0,0,22623592448,95.45491254923951,0,0.0,16,14,0.5,12,39.99999999999992,72.719812,1
111.745602,0.0,0,0,22623592448,95.45491254923951,0,0.0,16,15,0.5,12,39.99999999999992,75.814076,1
111.745602,0.0,0,0,22623592448,95.45491254923951,0,0.0,16,16,0.5,12,39.99999999999992,43.645966,1
120.661489,0.0,0,0,22623592448,89.78285800308059,0,0.0,16,1,0.5,13,40.000000000000036,68.37933,1
120.661489,0.0,0,0,22623592448,89.78285800308059,0,0.0,16,2,0.5,13,40.000000000000036,84.383727,1
120.661489,0.0,0,0,22623592448,89.78285800308059,0,0.0,16,3,0.5,13,40.000000000000036,43.94066,1
120.661489,0.0,0,0,22623592448,89.78285800308059,0,0.0,16,4,0.5,13,50.00000000000004,98.38175,1
120.661489,0.0,0,0,22623592448,89.78285800308059,0,0.0,16,5,0.5,13,40.000000000000036,99.284632,1
120.661489,0.0,0,0,22623592448,89.78285800308059,0,0.0,16,6,0.5,13,40.000000000000036,75.515643,1
120.661489,0.0,0,0,22623592448,89.78285800308059,0,0.0,16,7,0.5,13,40.000000000000036,48.689257,1
120.661489,0.0,0,0,22623592448,89.78285800308059,0,0.0,16,8,0.5,13,40.000000000000036,81.366899,1
120.661489,0.0,0,0,22623592448,89.78285800308059,0,0.0,16,9,0.5,13,40.000000000000036,69.717695,1
120.661489,0.0,0,0,22623592448,89.78285800308059,0,0.0,16,10,0.5,13,40.000000000000036,51.911182,1
120.661489,0.0,0,0,22623592448,89.78285800308059,0,0.0,16,11,0.5,13,40.000000000000036,83.653378,1
120.661489,0.0,0,0,22623592448,89.78285800308059,0,0.0,16,12,0.5,13,40.000000000000036,65.581042,1
120.661489,0.0,0,0,22623592448,89.78285800308059,0,0.0,16,13,0.5,13,40.000000000000036,65.628329,1
120.661489,0.0,0,0,22623592448,89.78285800308059,0,0.0,16,14,0.5,13,40.000000000000036,58.192899,1
120.661489,0.0,0,0,22623592448,89.78285800308059,0,0.0,16,15,0.5,13,40.000000000000036,50.07181,1
120.661489,0.0,0,0,22623592448,89.78285800308059,0,0.0,16,16,0.5,13,40.000000000000036,63.355016,1
123.536518,0.0,0,0,22623592448,90.39162546792745,0,0.0,16,1,0.5,14,40.000000000000036,98.690955,1
123.536518,0.0,0,0,22623592448,90.39162546792745,0,0.0,16,2,0.5,14,40.000000000000036,86.920045,1
123.536518,0.0,0,0,22623592448,90.39162546792745,0,0.0,16,3,0.5,14,40.000000000000036,89.309515,1
123.536518,0.0,0,0,22623592448,90.39162546792745,0,0.0,16,4,0.5,14,30.00000000000003,71.732609,1
123.536518,0.0,0,0,22623592448,90.39162546792745,0,0.0,16,5,0.5,14,40.000000000000036,93.013605,1
123.536518,0.0,0,0,22623592448,90.39162546792745,0,0.0,16,6,0.5,14,40.000000000000036,100.839883,1
123.536518,0.0,0,0,22623592448,90.39162546792745,0,0.0,16,7,0.5,14,40.000000000000036,68.140652,1
123.536518,0.0,0,0,22623592448,90.39162546792745,0,0.0,16,8,0.5,14,40.000000000000036,103.173382,1
123.536518,0.0,0,0,22623592448,90.39162546792745,0,0.0,16,9,0.5,14,40.000000000000036,88.845052,1
123.536518,0.0,0,0,22623592448,90.39162546792745,0,0.0,16,10,0.5,14,40.000000000000036,92.836242,1
123.536518,0.0,0,0,22623592448,90.39162546792745,0,0.0,16,11,0.5,14,40.000000000000036,101.03233,1
123.536518,0.0,0,0,22623592448,90.39162546792745,0,0.0,16,12,0.5,14,40.000000000000036,64.568849,1
123.536518,0.0,0,0,22623592448,90.39162546792745,0,0.0,16,13,0.5,14,40.000000000000036,84.010546,1
123.536518,0.0,0,0,22623592448,90.39162546792745,0,0.0,16,14,0.5,14,40.000000000000036,59.634393,1
123.536518,0.0,0,0,22623592448,90.39162546792745,0,0.0,16,15,0.5,14,40.000000000000036,75.735422,1
123.536518,0.0,0,0,22623592448,90.39162546792745,0,0.0,16,16,0.5,14,40.000000000000036,78.060239,1
117.53495799999999,0.0,0,0,22623592448,95.0071949372945,0,0.0,16,1,0.5,15,39.99999999999992,77.124755,1
117.53495799999999,0.0,0,0,22623592448,95.0071949372945,0,0.0,16,2,0.5,15,40.000000000000036,96.381945,1
117.53495799999999,0.0,0,0,22623592448,95.0071949372945,0,0.0,16,3,0.5,15,39.99999999999992,43.001742,1
117.53495799999999,0.0,0,0,22623592448,95.0071949372945,0,0.0,16,4,0.5,15,39.99999999999992,96.604498,1
117.53495799999999,0.0,0,0,22623592448,95.0071949372945,0,0.0,16,5,0.5,15,40.000000000000036,51.36589,1
117.53495799999999,0.0,0,0,22623592448,95.0071949372945,0,0.0,16,6,0.5,15,39.99999999999992,92.90721,1
117.53495799999999,0.0,0,0,22623592448,95.0071949372945,0,0.0,16,7,0.5,15,39.99999999999992,92.900985,1
117.53495799999999,0.0,0,0,22623592448,95.0071949372945,0,0.0,16,8,0.5,15,39.99999999999992,90.170461,1
117.53495799999999,0.0,0,0,22623592448,95.0071949372945,0,0.0,16,9,0.5,15,39.99999999999992,81.302925,1
117.53495799999999,0.0,0,0,22623592448,95.0071949372945,0,0.0,16,10,0.5,15,39.99999999999992,92.542603,1
117.53495799999999,0.0,0,0,22623592448,95.0071949372945,0,0.0,16,11,0.5,15,29.999999999999915,52.672789,1
117.53495799999999,0.0,0,0,22623592448,95.0071949372945,0,0.0,16,12,0.5,15,39.99999999999992,92.79306,1
117.53495799999999,0.0,0,0,22623592448,95.0071949372945,0,0.0,16,13,0.5,15,39.99999999999992,92.543157,1
117.53495799999999,0.0,0,0,22623592448,95.0071949372945,0,0.0,16,14,0.5,15,29.999999999999915,86.630871,1
117.53495799999999,0.0,0,0,22623592448,95.0071949372945,0,0.0,16,15,0.5,15,49.999999999999936,76.744685,1
117.53495799999999,0.0,0,0,22623592448,95.0071949372945,0,0.0,16,16,0.5,15,39.99999999999992,60.444798,1
119.907485,0.0,0,0,22531563520,94.51731335486008,0,0.0,16,1,0.5,1,50.000000000000014,72.936707,2
119.907485,0.0,0,0,22531563520,94.51731335486008,0,0.0,16,2,0.5,1,40.00000000000001,96.693734,2
119.907485,0.0,0,0,22531563520,94.51731335486008,0,0.0,16,3,0.5,1,40.00000000000001,94.102603,2
119.907485,0.0,0,0,22531563520,94.51731335486008,0,0.0,16,4,0.5,1,40.00000000000001,88.78843,2
119.907485,0.0,0,0,22531563520,94.51731335486008,0,0.0,16,5,0.5,1,40.000000000000036,76.007754,2
119.907485,0.0,0,0,22531563520,94.51731335486008,0,0.0,16,6,0.5,1,40.000000000000036,96.447169,2
119.907485,0.0,0,0,22531563520,94.51731335486008,0,0.0,16,7,0.5,1,40.00000000000001,73.393391,2
119.907485,0.0,0,0,22531563520,94.51731335486008,0,0.0,16,8,0.5,1,40.00000000000001,89.502905,2
119.907485,0.0,0,0,22531563520,94.51731335486008,0,0.0,16,9,0.5,1,40.00000000000001,97.990827,2
119.907485,0.0,0,0,22531563520,94.51731335486008,0,0.0,16,10,0.5,1,50.000000000000014,99.306761,2
119.907485,0.0,0,0,22531563520,94.51731335486008,0,0.0,16,11,0.5,1,40.00000000000001,96.385155,2
119.907485,0.0,0,0,22531563520,94.51731335486008,0,0.0,16,12,0.5,1,50.000000000000014,66.768392,2
119.907485,0.0,0,0,22531563520,94.51731335486008,0,0.0,16,13,0.5,1,40.00000000000001,79.985711,2
119.907485,0.0,0,0,22531563520,94.51731335486008,0,0.0,16,14,0.5,1,40.00000000000001,82.559568,2
119.907485,0.0,0,0,22531563520,94.51731335486008,0,0.0,16,15,0.5,1,40.000000000000036,83.347345,2
119.907485,0.0,0,0,22531563520,94.51731335486008,0,0.0,16,16,0.5,1,50.000000000000014,87.713234,2
125.399589,0.0,0,0,22531563520,85.06141648244929,0,0.0,16,1,0.5,2,39.99999999999998,59.694994,2
125.399589,0.0,0,0,22531563520,85.06141648244929,0,0.0,16,2,0.5,2,39.99999999999998,41.310631,2
125.399589,0.0,0,0,22531563520,85.06141648244929,0,0.0,16,3,0.5,2,39.99999999999998,102.71874,2
125.399589,0.0,0,0,22531563520,85.06141648244929,0,0.0,16,4,0.5,2,39.99999999999998,95.928699,2
125.399589,0.0,0,0,22531563520,85.06141648244929,0,0.0,16,5,0.5,2,39.99999999999998,63.366892,2
125.399589,0.0,0,0,22531563520,85.06141648244929,0,0.0,16,6,0.5,2,29.99999999999997,99.832297,2
125.399589,0.0,0,0,22531563520,85.06141648244929,0,0.0,16,7,0.5,2,39.99999999999998,82.107733,2
125.399589,0.0,0,0,22531563520,85.06141648244929,0,0.0,16,8,0.5,2,39.99999999999998,95.509339,2
125.399589,0.0,0,0,22531563520,85.06141648244929,0,0.0,16,9,0.5,2,39.99999999999998,82.220615,2
125.399589,0.0,0,0,22531563520,85.06141648244929,0,0.0,16,10,0.5,2,39.99999999999998,97.799034,2
125.399589,0.0,0,0,22531563520,85.06141648244929,0,0.0,16,11,0.5,2,39.99999999999998,52.979278,2
125.399589,0.0,0,0,22531563520,85.06141648244929,0,0.0,16,12,0.5,2,29.99999999999997,75.95239,2
125.399589,0.0,0,0,22531563520,85.06141648244929,0,0.0,16,13,0.5,2,39.99999999999998,67.89437,2
125.399589,0.0,0,0,22531563520,85.06141648244929,0,0.0,16,14,0.5,2,39.99999999999998,71.978506,2
125.399589,0.0,0,0,22531563520,85.06141648244929,0,0.0,16,15,0.5,2,39.99999999999998,86.272974,2
125.399589,0.0,0,0,22531563520,85.06141648244929,0,0.0,16,16,0.5,2,39.99999999999998,50.167824,2
124.445218,0.0,0,0,22531563520,88.39230769006112,0,0.0,16,1,0.5,3,30.00000000000003,108.765828,2
124.445218,0.0,0,0,22531563520,88.39230769006112,0,0.0,16,2,0.5,3,39.99999999999998,109.350031,2
124.445218,0.0,0,0,22531563520,88.39230769006112,0,0.0,16,3,0.5,3,39.99999999999998,39.638799,2
124.445218,0.0,0,0,22531563520,88.39230769006112,0,0.0,16,4,0.5,3,40.000000000000036,87.896099,2
124.445218,0.0,0,0,22531563520,88.39230769006112,0,0.0,16,5,0.5,3,39.99999999999998,94.702831,2
124.445218,0.0,0,0,22531563520,88.39230769006112,0,0.0,16,6,0.5,3,39.99999999999998,57.516834,2
124.445218,0.0,0,0,22531563520,88.39230769006112,0,0.0,16,7,0.5,3,39.99999999999998,55.061125,2
124.445218,0.0,0,0,22531563520,88.39230769006112,0,0.0,16,8,0.5,3,39.99999999999998,93.360741,2
124.445218,0.0,0,0,22531563520,88.39230769006112,0,0.0,16,9,0.5,3,39.99999999999998,85.808939,2
124.445218,0.0,0,0,22531563520,88.39230769006112,0,0.0,16,10,0.5,3,39.99999999999998,55.372861,2
124.445218,0.0,0,0,22531563520,88.39230769006112,0,0.0,16,11,0.5,3,39.99999999999998,86.762699,2
124.445218,0.0,0,0,22531563520,88.39230769006112,0,0.0,16,12,0.5,3,40.000000000000036,62.958374,2
124.445218,0.0,0,0,22531563520,88.39230769006112,0,0.0,16,13,0.5,3,40.000000000000036,85.863822,2
124.445218,0.0,0,0,22531563520,88.39230769006112,0,0.0,16,14,0.5,3,40.000000000000036,58.355889,2
124.445218,0.0,0,0,22531563520,88.39230769006112,0,0.0,16,15,0.5,3,29.99999999999997,81.843158,2
124.445218,0.0,0,0,22531563520,88.39230769006112,0,0.0,16,16,0.5,3,39.99999999999998,90.638166,2
118.282892,0.0,0,0,22531563520,92.9973879907973,0,0.0,16,1,0.5,4,39.99999999999998,89.283275,2
118.282892,0.0,0,0,22531563520,92.9973879907973,0,0.0,16,2,0.5,4,40.000000000000036,41.575266,2
118.282892,0.0,0,0,22531563520,92.9973879907973,0,0.0,16,3,0.5,4,30.00000000000003,55.686198,2
118.282892,0.0,0,0,22531563520,92.9973879907973,0,0.0,16,4,0.5,4,39.99999999999998,46.738864,2
118.282892,0.0,0,0,22531563520,92.9973879907973,0,0.0,16,5,0.5,4,40.000000000000036,93.997134,2
118.282892,0.0,0,0,22531563520,92.9973879907973,0,0.0,16,6,0.5,4,50.00000000000004,91.890658,2
118.282892,0.0,0,0,22531563520,92.9973879907973,0,0.0,16,7,0.5,4,40.000000000000036,76.00651,2
118.282892,0.0,0,0,22531563520,92.9973879907973,0,0.0,16,8,0.5,4,40.000000000000036,99.489791,2
118.282892,0.0,0,0,22531563520,92.9973879907973,0,0.0,16,9,0.5,4,40.000000000000036,95.800103,2
118.282892,0.0,0,0,22531563520,92.9973879907973,0,0.0,16,10,0.5,4,40.000000000000036,65.477698,2
118.282892,0.0,0,0,22531563520,92.9973879907973,0,0.0,16,11,0.5,4,40.000000000000036,94.565631,2
118.282892,0.0,0,0,22531563520,92.9973879907973,0,0.0,16,12,0.5,4,39.99999999999998,80.008335,2
118.282892,0.0,0,0,22531563520,92.9973879907973,0,0.0,16,13,0.5,4,39.99999999999998,68.52612,2
118.282892,0.0,0,0,22531563520,92.9973879907973,0,0.0,16,14,0.5,4,39.99999999999998,78.489152,2
118.282892,0.0,0,0,22531563520,92.9973879907973,0,0.0,16,15,0.5,4,40.000000000000036,79.754631,2
118.282892,0.0,0,0,22531563520,92.9973879907973,0,0.0,16,16,0.5,4,30.00000000000003,41.667324,2
118.277463,0.0,0,0,22531563520,88.77430859336083,0,0.0,16,1,0.5,5,39.99999999999998,75.533698,2
118.277463,0.0,0,0,22531563520,88.77430859336083,0,0.0,16,2,0.5,5,39.99999999999998,100.603022,2
118.277463,0.0,0,0,22531563520,88.77430859336083,0,0.0,16,3,0.5,5,39.99999999999998,53.362955,2
118.277463,0.0,0,0,22531563520,88.77430859336083,0,0.0,16,4,0.5,5,39.99999999999998,68.06246,2
118.277463,0.0,0,0,22531563520,88.77430859336083,0,0.0,16,5,0.5,5,39.99999999999998,102.460913,2
118.277463,0.0,0,0,22531563520,88.77430859336083,0,0.0,16,6,0.5,5,39.99999999999998,72.886194,2
118.277463,0.0,0,0,22531563520,88.77430859336083,0,0.0,16,7,0.5,5,39.99999999999998,84.691203,2
118.277463,0.0,0,0,22531563520,88.77430859336083,0,0.0,16,8,0.5,5,39.99999999999998,72.237284,2
118.277463,0.0,0,0,22531563520,88.77430859336083,0,0.0,16,9,0.5,5,39.99999999999998,72.078606,2
118.277463,0.0,0,0,22531563520,88.77430859336083,0,0.0,16,10,0.5,5,39.99999999999998,88.295487,2
118.277463,0.0,0,0,22531563520,88.77430859336083,0,0.0,16,11,0.5,5,39.99999999999998,97.451841,2
118.277463,0.0,0,0,22531563520,88.77430859336083,0,0.0,16,12,0.5,5,39.99999999999998,77.55175,2
118.277463,0.0,0,0,22531563520,88.77430859336083,0,0.0,16,13,0.5,5,39.99999999999998,73.510391,2
118.277463,0.0,0,0,22531563520,88.77430859336083,0,0.0,16,14,0.5,5,39.99999999999998,70.151656,2
118.277463,0.0,0,0,22531563520,88.77430859336083,0,0.0,16,15,0.5,5,39.99999999999998,82.6646,2
118.277463,0.0,0,0,22531563520,88.77430859336083,0,0.0,16,16,0.5,5,39.99999999999998,39.296491,2
124.915889,0.0,0,0,22531563520,88.05925401529645,0,0.0,16,1,0.5,6,40.000000000000036,100.58925,2
124.915889,0.0,0,0,22531563520,88.05925401529645,0,0.0,16,2,0.5,6,39.99999999999998,69.531107,2
124.915889,0.0,0,0,22531563520,88.05925401529645,0,0.0,16,3,0.5,6,40.000000000000036,58.142754,2
124.915889,0.0,0,0,22531563520,88.05925401529645,0,0.0,16,4,0.5,6,40.000000000000036,60.736872,2
124.915889,0.0,0,0,22531563520,88.05925401529645,0,0.0,16,5,0.5,6,39.99999999999998,39.426786,2
124.915889,0.0,0,0,22531563520,88.05925401529645,0,0.0,16,6,0.5,6,39.99999999999998,91.507095,2
124.915889,0.0,0,0,22531563520,88.05925401529645,0,0.0,16,7,0.5,6,39.99999999999998,75.825925,2
124.915889,0.0,0,0,22531563520,88.05925401529645,0,0.0,16,8,0.5,6,39.99999999999998,96.280825,2
124.915889,0.0,0,0,22531563520,88.05925401529645,0,0.0,16,9,0.5,6,39.99999999999998,86.704318,2
124.915889,0.0,0,0,22531563520,88.05925401529645,0,0.0,16,10,0.5,6,39.99999999999998,97.152466,2
124.915889,0.0,0,0,22531563520,88.05925401529645,0,0.0,16,11,0.5,6,39.99999999999998,91.44979,2
124.915889,0.0,0,0,22531563520,88.05925401529645,0,0.0,16,12,0.5,6,40.000000000000036,76.306984,2
124.915889,0.0,0,0,22531563520,88.05925401529645,0,0.0,16,13,0.5,6,40.000000000000036,87.139025,2
124.915889,0.0,0,0,22531563520,88.05925401529645,0,0.0,16,14,0.5,6,40.000000000000036,50.890471,2
124.915889,0.0,0,0,22531563520,88.05925401529645,0,0.0,16,15,0.5,6,39.99999999999998,53.014498,2
124.915889,0.0,0,0,22531563520,88.05925401529645,0,0.0,16,16,0.5,6,40.000000000000036,75.809583,2
122.02073800000001,0.0,0,0,22531563520,90.14861064024686,0,0.0,16,1,0.5,7,39.99999999999998,64.245348,2
122.02073800000001,0.0,0,0,22531563520,90.14861064024686,0,0.0,16,2,0.5,7,40.000000000000036,98.668606,2
122.02073800000001,0.0,0,0,22531563520,90.14861064024686,0,0.0,16,3,0.5,7,39.99999999999998,95.331159,2
122.02073800000001,0.0,0,0,22531563520,90.14861064024686,0,0.0,16,4,0.5,7,39.99999999999998,91.102016,2
122.02073800000001,0.0,0,0,22531563520,90.14861064024686,0,0.0,16,5,0.5,7,40.000000000000036,42.307436,2
122.02073800000001,0.0,0,0,22531563520,90.14861064024686,0,0.0,16,6,0.5,7,40.000000000000036,75.867147,2
122.02073800000001,0.0,0,0,22531563520,90.14861064024686,0,0.0,16,7,0.5,7,40.000000000000036,88.445538,2
122.02073800000001,0.0,0,0,22531563520,90.14861064024686,0,0.0,16,8,0.5,7,40.000000000000036,89.273296,2
122.02073800000001,0.0,0,0,22531563520,90.14861064024686,0,0.0,16,9,0.5,7,40.000000000000036,90.637046,2
122.02073800000001,0.0,0,0,22531563520,90.14861064024686,0,0.0,16,10,0.5,7,30.00000000000003,57.657538,2
122.02073800000001,0.0,0,0,22531563520,90.14861064024686,0,0.0,16,11,0.5,7,50.00000000000004,87.872324,2
122.02073800000001,0.0,0,0,22531563520,90.14861064024686,0,0.0,16,12,0.5,7,39.99999999999998,86.334168,2
122.02073800000001,0.0,0,0,22531563520,90.14861064024686,0,0.0,16,13,0.5,7,39.99999999999998,79.076282,2
122.02073800000001,0.0,0,0,22531563520,90.14861064024686,0,0.0,16,14,0.5,7,39.99999999999998,82.451125,2
122.02073800000001,0.0,0,0,22531563520,90.14861064024686,0,0.0,16,15,0.5,7,40.000000000000036,78.071528,2
122.02073800000001,0.0,0,0,22531563520,90.14861064024686,0,0.0,16,16,0.5,7,39.99999999999998,38.57601,2
119.709262,0.0,0,0,22531563520,91.88929758833176,0,0.0,16,1,0.5,8,40.000000000000036,99.299261,2
119.709262,0.0,0,0,22531563520,91.88929758833176,0,0.0,16,2,0.5,8,40.000000000000036,91.64067,2
119.709262,0.0,0,0,22531563520,91.88929758833176,0,0.0,16,3,0.5,8,40.000000000000036,101.187794,2
119.709262,0.0,0,0,22531563520,91.88929758833176,0,0.0,16,4,0.5,8,40.000000000000036,97.924694,2
119.709262,0.0,0,0,22531563520,91.88929758833176,0,0.0,16,5,0.5,8,40.000000000000036,83.367324,2
119.709262,0.0,0,0,22531563520,91.88929758833176,0,0.0,16,6,0.5,8,40.000000000000036,71.683393,2
119.709262,0.0,0,0,22531563520,91.88929758833176,0,0.0,16,7,0.5,8,40.000000000000036,87.573224,2
119.709262,0.0,0,0,22531563520,91.88929758833176,0,0.0,16,8,0.5,8,40.000000000000036,99.505111,2
119.709262,0.0,0,0,22531563520,91.88929758833176,0,0.0,16,9,0.5,8,40.000000000000036,77.49132,2
119.709262,0.0,0,0,22531563520,91.88929758833176,0,0.0,16,10,0.5,8,50.00000000000004,90.36221,2
119.709262,0.0,0,0,22531563520,91.88929758833176,0,0.0,16,11,0.5,8,40.000000000000036,91.257102,2
119.709262,0.0,0,0,22531563520,91.88929758833176,0,0.0,16,12,0.5,8,40.000000000000036,87.601112,2
119.709262,0.0,0,0,22531563520,91.88929758833176,0,0.0,16,13,0.5,8,40.000000000000036,90.566466,2
119.709262,0.0,0,0,22531563520,91.88929758833176,0,0.0,16,14,0.5,8,40.000000000000036,60.534448,2
119.709262,0.0,0,0,22531563520,91.88929758833176,0,0.0,16,15,0.5,8,40.000000000000036,87.171968,2
119.709262,0.0,0,0,22531563520,91.88929758833176,0,0.0,16,16,0.5,8,40.000000000000036,79.229094,2
122.967725,0.0,0,0,22531563520,88.09899779265191,0,0.0,16,1,0.5,9,39.99999999999992,40.911062,2
122.967725,0.0,0,0,22531563520,88.09899779265191,0,0.0,16,2,0.5,9,39.99999999999992,92.724225,2
122.967725,0.0,0,0,22531563520,88.09899779265191,0,0.0,16,3,0.5,9,39.99999999999992,52.614338,2
122.967725,0.0,0,0,22531563520,88.09899779265191,0,0.0,16,4,0.5,9,39.99999999999992,56.991307,2
122.967725,0.0,0,0,22531563520,88.09899779265191,0,0.0,16,5,0.5,9,39.99999999999992,67.729151,2
122.967725,0.0,0,0,22531563520,88.09899779265191,0,0.0,16,6,0.5,9,29.999999999999915,87.874551,2
122.967725,0.0,0,0,22531563520,88.09899779265191,0,0.0,16,7,0.5,9,29.999999999999915,39.072572,2
122.967725,0.0,0,0,22531563520,88.09899779265191,0,0.0,16,8,0.5,9,39.99999999999992,93.001831,2
122.967725,0.0,0,0,22531563520,88.09899779265191,0,0.0,16,9,0.5,9,39.99999999999992,65.970911,2
122.967725,0.0,0,0,22531563520,88.09899779265191,0,0.0,16,10,0.5,9,39.99999999999992,86.080674,2
122.967725,0.0,0,0,22531563520,88.09899779265191,0,0.0,16,11,0.5,9,39.99999999999992,67.322715,2
122.967725,0.0,0,0,22531563520,88.09899779265191,0,0.0,16,12,0.5,9,39.99999999999992,60.150639,2
122.967725,0.0,0,0,22531563520,88.09899779265191,0,0.0,16,13,0.5,9,39.99999999999992,76.835158,2
122.967725,0.0,0,0,22531563520,88.09899779265191,0,0.0,16,14,0.5,9,39.99999999999992,72.296693,2
122.967725,0.0,0,0,22531563520,88.09899779265191,0,0.0,16,15,0.5,9,49.999999999999936,70.261808,2
122.967725,0.0,0,0,22531563520,88.09899779265191,0,0.0,16,16,0.5,9,39.99999999999992,79.148328,2
122.028267,0.0,0,0,22531358720,91.50885234375967,-204800,0.0,16,1,0.5,10,40.000000000000036,88.420876,2
122.028267,0.0,0,0,22531358720,91.50885234375967,-204800,0.0,16,2,0.5,10,40.000000000000036,100.850419,2
122.028267,0.0,0,0,22531358720,91.50885234375967,-204800,0.0,16,3,0.5,10,40.000000000000036,64.872213,2
122.028267,0.0,0,0,22531358720,91.50885234375967,-204800,0.0,16,4,0.5,10,40.000000000000036,79.388402,2
122.028267,0.0,0,0,22531358720,91.50885234375967,-204800,0.0,16,5,0.5,10,40.000000000000036,79.759906,2
122.028267,0.0,0,0,22531358720,91.50885234375967,-204800,0.0,16,6,0.5,10,40.000000000000036,95.456227,2
122.028267,0.0,0,0,22531358720,91.50885234375967,-204800,0.0,16,7,0.5,10,30.00000000000003,89.215986,2
122.028267,0.0,0,0,22531358720,91.50885234375967,-204800,0.0,16,8,0.5,10,40.000000000000036,76.285474,2
122.028267,0.0,0,0,22531358720,91.50885234375967,-204800,0.0,16,9,0.5,10,40.000000000000036,71.885128,2
122.028267,0.0,0,0,22531358720,91.50885234375967,-204800,0.0,16,10,0.5,10,30.00000000000003,89.678495,2
122.028267,0.0,0,0,22531358720,91.50885234375967,-204800,0.0,16,11,0.5,10,40.000000000000036,95.995449,2
122.028267,0.0,0,0,22531358720,91.50885234375967,-204800,0.0,16,12,0.5,10,40.000000000000036,85.044412,2
122.028267,0.0,0,0,22531358720,91.50885234375967,-204800,0.0,16,13,0.5,10,40.000000000000036,68.64694,2
122.028267,0.0,0,0,22531358720,91.50885234375967,-204800,0.0,16,14,0.5,10,40.000000000000036,89.643623,2
122.028267,0.0,0,0,22531358720,91.50885234375967,-204800,0.0,16,15,0.5,10,40.000000000000036,81.196409,2
122.028267,0.0,0,0,22531358720,91.50885234375967,-204800,0.0,16,16,0.5,10,40.000000000000036,89.552363,2
128.366234,0.0,0,0,22531305472,90.88579062515487,-53248,0.0,16,1,0.5,11,40.000000000000036,111.263997,2
128.366234,0.0,0,0,22531305472,90.88579062515487,-53248,0.0,16,2,0.5,11,40.000000000000036,92.624127,2
128.366234,0.0,0,0,22531305472,90.88579062515487,-53248,0.0,16,3,0.5,11,40.000000000000036,61.128612,2
128.366234,0.0,0,0,22531305472,90.88579062515487,-53248,0.0,16,4,0.5,11,40.000000000000036,40.129997,2
128.366234,0.0,0,0,22531305472,90.88579062515487,-53248,0.0,16,5,0.5,11,40.000000000000036,100.53755,2
128.366234,0.0,0,0,22531305472,90.88579062515487,-53248,0.0,16,6,0.5,11,40.000000000000036,76.310377,2
128.366234,0.0,0,0,22531305472,90.88579062515487,-53248,0.0,16,7,0.5,11,40.000000000000036,97.691567,2
128.366234,0.0,0,0,22531305472,90.88579062515487,-53248,0.0,16,8,0.5,11,40.000000000000036,111.544801,2
128.366234,0.0,0,0,22531305472,90.88579062515487,-53248,0.0,16,9,0.5,11,50.00000000000004,78.535417,2
128.366234,0.0,0,0,22531305472,90.88579062515487,-53248,0.0,16,10,0.5,11,50.00000000000004,74.167401,2
128.366234,0.0,0,0,22531305472,90.88579062515487,-53248,0.0,16,11,0.5,11,40.000000000000036,95.520437,2
128.366234,0.0,0,0,22531305472,90.88579062515487,-53248,0.0,16,12,0.5,11,50.00000000000004,107.111314,2
128.366234,0.0,0,0,22531305472,90.88579062515487,-53248,0.0,16,13,0.5,11,40.000000000000036,93.562301,2
128.366234,0.0,0,0,22531305472,90.88579062515487,-53248,0.0,16,14,0.5,11,40.000000000000036,69.100855,2
128.366234,0.0,0,0,22531305472,90.88579062515487,-53248,0.0,16,15,0.5,11,40.000000000000036,88.168242,2
128.366234,0.0,0,0,22531305472,90.88579062515487,-53248,0.0,16,16,0.5,11,40.000000000000036,57.885307,2
119.616693,0.0,0,0,22531305472,93.35374843252623,0,0.0,16,1,0.5,12,39.99999999999992,105.852631,2
119.616693,0.0,0,0,22531305472,93.35374843252623,0,0.0,16,2,0.5,12,39.99999999999992,98.166153,2
119.616693,0.0,0,0,22531305472,93.35374843252623,0,0.0,16,3,0.5,12,39.99999999999992,59.361852,2
119.616693,0.0,0,0,22531305472,93.35374843252623,0,0.0,16,4,0.5,12,39.99999999999992,76.828589,2
119.616693,0.0,0,0,22531305472,93.35374843252623,0,0.0,16,5,0.5,12,39.99999999999992,59.411406,2
119.616693,0.0,0,0,22531305472,93.35374843252623,0,0.0,16,6,0.5,12,49.999999999999936,83.194053,2
119.616693,0.0,0,0,22531305472,93.35374843252623,0,0.0,16,7,0.5,12,39.99999999999992,105.877854,2
119.616693,0.0,0,0,22531305472,93.35374843252623,0,0.0,16,8,0.5,12,39.99999999999992,99.717817,2
119.616693,0.0,0,0,22531305472,93.35374843252623,0,0.0,16,9,0.5,12,39.99999999999992,79.642078,2
119.616693,0.0,0,0,22531305472,93.35374843252623,0,0.0,16,10,0.5,12,39.99999999999992,103.333031,2
119.616693,0.0,0,0,22531305472,93.35374843252623,0,0.0,16,11,0.5,12,49.999999999999936,74.319194,2
119.616693,0.0,0,0,22531305472,93.35374843252623,0,0.0,16,12,0.5,12,29.999999999999915,89.794207,2
119.616693,0.0,0,0,22531305472,93.35374843252623,0,0.0,16,13,0.5,12,39.99999999999992,74.701412,2
119.616693,0.0,0,0,22531305472,93.35374843252623,0,0.0,16,14,0.5,12,39.99999999999992,71.543564,2
119.616693,0.0,0,0,22531305472,93.35374843252623,0,0.0,16,15,0.5,12,39.99999999999992,66.052219,2
119.616693,0.0,0,0,22531305472,93.35374843252623,0,0.0,16,16,0.5,12,39.99999999999992,56.399994,2
119.10467600000001,0.0,0,0,22534234112,92.35573589065113,2928640,0.0,16,1,0.5,13,40.000000000000036,94.436193,2
119.10467600000001,0.0,0,0,22534234112,92.35573589065113,2928640,0.0,16,2,0.5,13,40.000000000000036,60.26983,2
119.10467600000001,0.0,0,0,22534234112,92.35573589065113,2928640,0.0,16,3,0.5,13,40.000000000000036,79.160436,2
119.10467600000001,0.0,0,0,22534234112,92.35573589065113,2928640,0.0,16,4,0.5,13,40.000000000000036,109.883919,2
119.10467600000001,0.0,0,0,22534234112,92.35573589065113,2928640,0.0,16,5,0.5,13,40.000000000000036,86.696119,2
119.10467600000001,0.0,0,0,22534234112,92.35573589065113,2928640,0.0,16,6,0.5,13,40.000000000000036,108.294567,2
119.10467600000001,0.0,0,0,22534234112,92.35573589065113,2928640,0.0,16,7,0.5,13,40.000000000000036,113.436169,2
119.10467600000001,0.0,0,0,22534234112,92.35573589065113,2928640,0.0,16,8,0.5,13,40.000000000000036,108.971514,2
119.10467600000001,0.0,0,0,22534234112,92.35573589065113,2928640,0.0,16,9,0.5,13,40.000000000000036,83.100085,2
119.10467600000001,0.0,0,0,22534234112,92.35573589065113,2928640,0.0,16,10,0.5,13,40.000000000000036,40.467333,2
119.10467600000001,0.0,0,0,22534234112,92.35573589065113,2928640,0.0,16,11,0.5,13,40.000000000000036,96.070167,2
119.10467600000001,0.0,0,0,22534234112,92.35573589065113,2928640,0.0,16,12,0.5,13,50.00000000000004,61.108272,2
119.10467600000001,0.0,0,0,22534234112,92.35573589065113,2928640,0.0,16,13,0.5,13,50.00000000000004,89.549941,2
119.10467600000001,0.0,0,0,22534234112,92.35573589065113,2928640,0.0,16,14,0.5,13,40.000000000000036,71.35317,2
119.10467600000001,0.0,0,0,22534234112,92.35573589065113,2928640,0.0,16,15,0.5,13,40.000000000000036,92.470714,2
119.10467600000001,0.0,0,0,22534234112,92.35573589065113,2928640,0.0,16,16,0.5,13,40.000000000000036,92.900546,2
123.56906500000001,0.0,0,0,22534631424,93.0653638919133,397312,0.0,16,1,0.5,14,50.00000000000004,60.825572,2
123.56906500000001,0.0,0,0,22534631424,93.0653638919133,397312,0.0,16,2,0.5,14,40.000000000000036,105.656541,2
123.56906500000001,0.0,0,0,22534631424,93.0653638919133,397312,0.0,16,3,0.5,14,40.000000000000036,88.019456,2
123.56906500000001,0.0,0,0,22534631424,93.0653638919133,397312,0.0,16,4,0.5,14,40.000000000000036,43.493957,2
123.56906500000001,0.0,0,0,22534631424,93.0653638919133,397312,0.0,16,5,0.5,14,40.000000000000036,66.796534,2
123.56906500000001,0.0,0,0,22534631424,93.0653638919133,397312,0.0,16,6,0.5,14,40.000000000000036,43.5418,2
123.56906500000001,0.0,0,0,22534631424,93.0653638919133,397312,0.0,16,7,0.5,14,40.000000000000036,89.342809,2
123.56906500000001,0.0,0,0,22534631424,93.0653638919133,397312,0.0,16,8,0.5,14,40.000000000000036,102.019382,2
123.56906500000001,0.0,0,0,22534631424,93.0653638919133,397312,0.0,16,9,0.5,14,40.000000000000036,103.931965,2
123.56906500000001,0.0,0,0,22534631424,93.0653638919133,397312,0.0,16,10,0.5,14,40.000000000000036,78.319531,2
123.56906500000001,0.0,0,0,22534631424,93.0653638919133,397312,0.0,16,11,0.5,14,40.000000000000036,86.182517,2
123.56906500000001,0.0,0,0,22534631424,93.0653638919133,397312,0.0,16,12,0.5,14,40.000000000000036,99.636001,2
123.56906500000001,0.0,0,0,22534631424,93.0653638919133,397312,0.0,16,13,0.5,14,40.000000000000036,58.178722,2
123.56906500000001,0.0,0,0,22534631424,93.0653638919133,397312,0.0,16,14,0.5,14,40.000000000000036,77.594824,2
123.56906500000001,0.0,0,0,22534631424,93.0653638919133,397312,0.0,16,15,0.5,14,40.000000000000036,98.768277,2
123.56906500000001,0.0,0,0,22534631424,93.0653638919133,397312,0.0,16,16,0.5,14,40.000000000000036,89.475362,2
122.19404899999999,0.0,0,0,22534664192,87.29284898855397,32768,0.0,16,1,0.5,15,39.99999999999992,40.516701,2
122.19404899999999,0.0,0,0,22534664192,87.29284898855397,32768,0.0,16,2,0.5,15,39.99999999999992,88.773863,2
122.19404899999999,0.0,0,0,22534664192,87.29284898855397,32768,0.0,16,3,0.5,15,39.99999999999992,81.095558,2
122.19404899999999,0.0,0,0,22534664192,87.29284898855397,32768,0.0,16,4,0.5,15,39.99999999999992,78.650369,2
122.19404899999999,0.0,0,0,22534664192,87.29284898855397,32768,0.0,16,5,0.5,15,39.99999999999992,95.309795,2
122.19404899999999,0.0,0,0,22534664192,87.29284898855397,32768,0.0,16,6,0.5,15,39.99999999999992,111.797128,2
122.19404899999999,0.0,0,0,22534664192,87.29284898855397,32768,0.0,16,7,0.5,15,49.999999999999936,100.567855,2
122.19404899999999,0.0,0,0,22534664192,87.29284898855397,32768,0.0,16,8,0.5,15,39.99999999999992,47.445366,2
122.19404899999999,0.0,0,0,22534664192,87.29284898855397,32768,0.0,16,9,0.5,15,39.99999999999992,103.514564,2
122.19404899999999,0.0,0,0,22534664192,87.29284898855397,32768,0.0,16,10,0.5,15,39.99999999999992,73.003003,2
122.19404899999999,0.0,0,0,22534664192,87.29284898855397,32768,0.0,16,11,0.5,15,39.99999999999992,88.519729,2
122.19404899999999,0.0,0,0,22534664192,87.29284898855397,32768,0.0,16,12,0.5,15,39.99999999999992,88.469315,2
122.19404899999999,0.0,0,0,22534664192,87.29284898855397,32768,0.0,16,13,0.5,15,39.99999999999992,64.700872,2
122.19404899999999,0.0,0,0,22534664192,87.29284898855397,32768,0.0,16,14,0.5,15,39.99999999999992,92.193609,2
122.19404899999999,0.0,0,0,22534664192,87.29284898855397,32768,0.0,16,15,0.5,15,39.99999999999992,46.067769,2
122.19404899999999,0.0,0,0,22534664192,87.29284898855397,32768,0.0,16,16,0.5,15,39.99999999999992,75.350165,2
121.487194,0.0,0,0,22560907264,91.91640945026583,0,0.0,16,1,0.5,1,40.00000000000001,77.992668,3
121.487194,0.0,0,0,22560907264,91.91640945026583,0,0.0,16,2,0.5,1,50.000000000000014,45.173136,3
121.487194,0.0,0,0,22560907264,91.91640945026583,0,0.0,16,3,0.5,1,40.000000000000036,101.73062,3
121.487194,0.0,0,0,22560907264,91.91640945026583,0,0.0,16,4,0.5,1,40.000000000000036,72.401343,3
121.487194,0.0,0,0,22560907264,91.91640945026583,0,0.0,16,5,0.5,1,40.000000000000036,105.724307,3
121.487194,0.0,0,0,22560907264,91.91640945026583,0,0.0,16,6,0.5,1,39.99999999999998,99.220977,3
121.487194,0.0,0,0,22560907264,91.91640945026583,0,0.0,16,7,0.5,1,40.000000000000036,109.742451,3
121.487194,0.0,0,0,22560907264,91.91640945026583,0,0.0,16,8,0.5,1,30.0,49.521925,3
121.487194,0.0,0,0,22560907264,91.91640945026583,0,0.0,16,9,0.5,1,40.00000000000001,108.488537,3
121.487194,0.0,0,0,22560907264,91.91640945026583,0,0.0,16,10,0.5,1,40.000000000000036,93.235427,3
121.487194,0.0,0,0,22560907264,91.91640945026583,0,0.0,16,11,0.5,1,30.00000000000003,67.664034,3
121.487194,0.0,0,0,22560907264,91.91640945026583,0,0.0,16,12,0.5,1,40.000000000000036,95.88523,3
121.487194,0.0,0,0,22560907264,91.91640945026583,0,0.0,16,13,0.5,1,40.000000000000036,71.909882,3
121.487194,0.0,0,0,22560907264,91.91640945026583,0,0.0,16,14,0.5,1,40.000000000000036,87.009307,3
121.487194,0.0,0,0,22560907264,91.91640945026583,0,0.0,16,15,0.5,1,40.00000000000001,81.010292,3
121.487194,0.0,0,0,22560907264,91.91640945026583,0,0.0,16,16,0.5,1,40.00000000000001,54.400762,3
130.463601,0.0,0,0,22560907264,85.59220028479727,0,0.0,16,1,0.5,2,39.99999999999998,50.908415,3
130.463601,0.0,0,0,22560907264,85.59220028479727,0,0.0,16,2,0.5,2,39.99999999999998,95.215027,3
130.463601,0.0,0,0,22560907264,85.59220028479727,0,0.0,16,3,0.5,2,29.99999999999997,52.282179,3
130.463601,0.0,0,0,22560907264,85.59220028479727,0,0.0,16,4,0.5,2,39.99999999999998,86.407056,3
130.463601,0.0,0,0,22560907264,85.59220028479727,0,0.0,16,5,0.5,2,39.99999999999998,40.306395,3
130.463601,0.0,0,0,22560907264,85.59220028479727,0,0.0,16,6,0.5,2,40.000000000000036,50.432481,3
130.463601,0.0,0,0,22560907264,85.59220028479727,0,0.0,16,7,0.5,2,39.99999999999998,96.166395,3
130.463601,0.0,0,0,22560907264,85.59220028479727,0,0.0,16,8,0.5,2,39.99999999999998,64.971536,3
130.463601,0.0,0,0,22560907264,85.59220028479727,0,0.0,16,9,0.5,2,39.99999999999998,85.08683,3
130.463601,0.0,0,0,22560907264,85.59220028479727,0,0.0,16,10,0.5,2,39.99999999999998,75.483248,3
130.463601,0.0,0,0,22560907264,85.59220028479727,0,0.0,16,11,0.5,2,39.99999999999998,84.347297,3
130.463601,0.0,0,0,22560907264,85.59220028479727,0,0.0,16,12,0.5,2,39.99999999999998,40.410364,3
130.463601,0.0,0,0,22560907264,85.59220028479727,0,0.0,16,13,0.5,2,39.99999999999998,66.203952,3
130.463601,0.0,0,0,22560907264,85.59220028479727,0,0.0,16,14,0.5,2,39.99999999999998,61.96209,3
130.463601,0.0,0,0,22560907264,85.59220028479727,0,0.0,16,15,0.5,2,39.99999999999998,40.773572,3
130.463601,0.0,0,0,22560907264,85.59220028479727,0,0.0,16,16,0.5,2,49.999999999999986,75.407832,3
135.65274,0.0,0,0,22560907264,87.23254195480268,0,0.0,16,1,0.5,3,49.999999999999986,115.132332,3
135.65274,0.0,0,0,22560907264,87.23254195480268,0,0.0,16,2,0.5,3,39.99999999999998,88.39076,3
135.65274,0.0,0,0,22560907264,87.23254195480268,0,0.0,16,3,0.5,3,49.999999999999986,112.027978,3
135.65274,0.0,0,0,22560907264,87.23254195480268,0,0.0,16,4,0.5,3,39.99999999999998,83.410872,3
135.65274,0.0,0,0,22560907264,87.23254195480268,0,0.0,16,5,0.5,3,49.999999999999986,104.743451,3
135.65274,0.0,0,0,22560907264,87.23254195480268,0,0.0,16,6,0.5,3,39.99999999999998,67.107909,3
135.65274,0.0,0,0,22560907264,87.23254195480268,0,0.0,16,7,0.5,3,39.99999999999998,106.292185,3
135.65274,0.0,0,0,22560907264,87.23254195480268,0,0.0,16,8,0.5,3,40.000000000000036,112.033691,3
135.65274,0.0,0,0,22560907264,87.23254195480268,0,0.0,16,9,0.5,3,39.99999999999998,107.791247,3
135.65274,0.0,0,0,22560907264,87.23254195480268,0,0.0,16,10,0.5,3,39.99999999999998,108.316596,3
135.65274,0.0,0,0,22560907264,87.23254195480268,0,0.0,16,11,0.5,3,49.999999999999986,77.053959,3
135.65274,0.0,0,0,22560907264,87.23254195480268,0,0.0,16,12,0.5,3,49.999999999999986,103.98986,3
135.65274,0.0,0,0,22560907264,87.23254195480268,0,0.0,16,13,0.5,3,39.99999999999998,83.277121,3
135.65274,0.0,0,0,22560907264,87.23254195480268,0,0.0,16,14,0.5,3,39.99999999999998,61.930949,3
135.65274,0.0,0,0,22560907264,87.23254195480268,0,0.0,16,15,0.5,3,39.99999999999998,77.91631,3
135.65274,0.0,0,0,22560907264,87.23254195480268,0,0.0,16,16,0.5,3,49.999999999999986,86.686597,3
133.440542,0.0,0,0,22560907264,92.42568374257425,0,0.0,16,1,0.5,4,40.000000000000036,45.235378,3
133.440542,0.0,0,0,22560907264,92.42568374257425,0,0.0,16,2,0.5,4,40.000000000000036,65.095794,3
133.440542,0.0,0,0,22560907264,92.42568374257425,0,0.0,16,3,0.5,4,40.000000000000036,110.341973,3
133.440542,0.0,0,0,22560907264,92.42568374257425,0,0.0,16,4,0.5,4,49.999999999999986,92.675384,3
133.440542,0.0,0,0,22560907264,92.42568374257425,0,0.0,16,5,0.5,4,60.0,104.794569,3
133.440542,0.0,0,0,22560907264,92.42568374257425,0,0.0,16,6,0.5,4,39.99999999999998,107.679694,3
133.440542,0.0,0,0,22560907264,92.42568374257425,0,0.0,16,7,0.5,4,40.000000000000036,79.761323,3
133.440542,0.0,0,0,22560907264,92.42568374257425,0,0.0,16,8,0.5,4,49.999999999999986,57.542225,3
133.440542,0.0,0,0,22560907264,92.42568374257425,0,0.0,16,9,0.5,4,50.00000000000004,102.196166,3
133.440542,0.0,0,0,22560907264,92.42568374257425,0,0.0,16,10,0.5,4,40.000000000000036,55.958404,3
133.440542,0.0,0,0,22560907264,92.42568374257425,0,0.0,16,11,0.5,4,39.99999999999998,85.200704,3
133.440542,0.0,0,0,22560907264,92.42568374257425,0,0.0,16,12,0.5,4,60.0,98.70412,3
133.440542,0.0,0,0,22560907264,92.42568374257425,0,0.0,16,13,0.5,4,40.000000000000036,95.873952,3
133.440542,0.0,0,0,22560907264,92.42568374257425,0,0.0,16,14,0.5,4,40.000000000000036,77.762086,3
133.440542,0.0,0,0,22560907264,92.42568374257425,0,0.0,16,15,0.5,4,40.000000000000036,97.908719,3
133.440542,0.0,0,0,22560907264,92.42568374257425,0,0.0,16,16,0.5,4,39.99999999999998,80.037736,3
136.00245,0.0,0,0,22560907264,85.78276837412588,0,0.0,16,1,0.5,5,60.0,80.991084,3
136.00245,0.0,0,0,22560907264,85.78276837412588,0,0.0,16,2,0.5,5,39.99999999999998,61.186948,3
136.00245,0.0,0,0,22560907264,85.78276837412588,0,0.0,16,3,0.5,5,39.99999999999998,55.908582,3
136.00245,0.0,0,0,22560907264,85.78276837412588,0,0.0,16,4,0.5,5,50.00000000000004,110.177125,3
136.00245,0.0,0,0,22560907264,85.78276837412588,0,0.0,16,5,0.5,5,30.00000000000003,111.19252,3
136.00245,0.0,0,0,22560907264,85.78276837412588,0,0.0,16,6,0.5,5,40.000000000000036,107.858524,3
136.00245,0.0,0,0,22560907264,85.78276837412588,0,0.0,16,7,0.5,5,39.99999999999998,68.390436,3
136.00245,0.0,0,0,22560907264,85.78276837412588,0,0.0,16,8,0.5,5,39.99999999999998,103.348895,3
136.00245,0.0,0,0,22560907264,85.78276837412588,0,0.0,16,9,0.5,5,39.99999999999998,63.956627,3
136.00245,0.0,0,0,22560907264,85.78276837412588,0,0.0,16,10,0.5,5,39.99999999999998,101.215034,3
136.00245,0.0,0,0,22560907264,85.78276837412588,0,0.0,16,11,0.5,5,40.000000000000036,76.755956,3
136.00245,0.0,0,0,22560907264,85.78276837412588,0,0.0,16,12,0.5,5,39.99999999999998,71.807943,3
136.00245,0.0,0,0,22560907264,85.78276837412588,0,0.0,16,13,0.5,5,39.99999999999998,49.993735,3
136.00245,0.0,0,0,22560907264,85.78276837412588,0,0.0,16,14,0.5,5,49.999999999999986,88.700079,3
136.00245,0.0,0,0,22560907264,85.78276837412588,0,0.0,16,15,0.5,5,49.999999999999986,68.399851,3
136.00245,0.0,0,0,22560907264,85.78276837412588,0,0.0,16,16,0.5,5,50.00000000000004,64.617383,3
135.08362,0.0,0,0,22560907264,85.13245351293139,0,0.0,16,1,0.5,6,39.99999999999998,79.636854,3
135.08362,0.0,0,0,22560907264,85.13245351293139,0,0.0,16,2,0.5,6,39.99999999999998,101.21408,3
135.08362,0.0,0,0,22560907264,85.13245351293139,0,0.0,16,3,0.5,6,39.99999999999998,100.523347,3
135.08362,0.0,0,0,22560907264,85.13245351293139,0,0.0,16,4,0.5,6,29.99999999999997,100.224129,3
135.08362,0.0,0,0,22560907264,85.13245351293139,0,0.0,16,5,0.5,6,39.99999999999998,86.002875,3
135.08362,0.0,0,0,22560907264,85.13245351293139,0,0.0,16,6,0.5,6,39.99999999999998,98.852715,3
135.08362,0.0,0,0,22560907264,85.13245351293139,0,0.0,16,7,0.5,6,49.999999999999986,98.108848,3
135.08362,0.0,0,0,22560907264,85.13245351293139,0,0.0,16,8,0.5,6,40.000000000000036,95.097926,3
135.08362,0.0,0,0,22560907264,85.13245351293139,0,0.0,16,9,0.5,6,39.99999999999998,97.222966,3
135.08362,0.0,0,0,22560907264,85.13245351293139,0,0.0,16,10,0.5,6,39.99999999999998,74.599926,3
135.08362,0.0,0,0,22560907264,85.13245351293139,0,0.0,16,11,0.5,6,39.99999999999998,89.115488,3
135.08362,0.0,0,0,22560907264,85.13245351293139,0,0.0,16,12,0.5,6,40.000000000000036,99.286678,3
135.08362,0.0,0,0,22560907264,85.13245351293139,0,0.0,16,13,0.5,6,39.99999999999998,96.744335,3
135.08362,0.0,0,0,22560907264,85.13245351293139,0,0.0,16,14,0.5,6,39.99999999999998,82.327021,3
135.08362,0.0,0,0,22560907264,85.13245351293139,0,0.0,16,15,0.5,6,39.99999999999998,88.036641,3
135.08362,0.0,0,0,22560907264,85.13245351293139,0,0.0,16,16,0.5,6,49.999999999999986,88.117004,3
133.650921,0.0,0,0,22560907264,84.7980189625706,0,0.0,16,1,0.5,7,40.000000000000036,89.559207,3
133.650921,0.0,0,0,22560907264,84.7980189625706,0,0.0,16,2,0.5,7,40.000000000000036,90.605807,3
133.650921,0.0,0,0,22560907264,84.7980189625706,0,0.0,16,3,0.5,7,40.000000000000036,67.161943,3
133.650921,0.0,0,0,22560907264,84.7980189625706,0,0.0,16,4,0.5,7,40.000000000000036,58.728782,3
133.650921,0.0,0,0,22560907264,84.7980189625706,0,0.0,16,5,0.5,7,50.00000000000004,67.190069,3
133.650921,0.0,0,0,22560907264,84.7980189625706,0,0.0,16,6,0.5,7,50.00000000000004,57.872858,3
133.650921,0.0,0,0,22560907264,84.7980189625706,0,0.0,16,7,0.5,7,40.000000000000036,89.64762,3
133.650921,0.0,0,0,22560907264,84.7980189625706,0,0.0,16,8,0.5,7,39.99999999999998,92.589936,3
133.650921,0.0,0,0,22560907264,84.7980189625706,0,0.0,16,9,0.5,7,40.000000000000036,62.30441,3
133.650921,0.0,0,0,22560907264,84.7980189625706,0,0.0,16,10,0.5,7,50.00000000000004,61.119649,3
133.650921,0.0,0,0,22560907264,84.7980189625706,0,0.0,16,11,0.5,7,40.000000000000036,85.801515,3
133.650921,0.0,0,0,22560907264,84.7980189625706,0,0.0,16,12,0.5,7,40.000000000000036,67.221901,3
133.650921,0.0,0,0,22560907264,84.7980189625706,0,0.0,16,13,0.5,7,40.000000000000036,55.088318,3
133.650921,0.0,0,0,22560907264,84.7980189625706,0,0.0,16,14,0.5,7,30.00000000000003,63.755635,3
133.650921,0.0,0,0,22560907264,84.7980189625706,0,0.0,16,15,0.5,7,40.000000000000036,69.274398,3
133.650921,0.0,0,0,22560907264,84.7980189625706,0,0.0,16,16,0.5,7,59.99999999999994,82.473793,3
135.08128399999998,0.0,0,0,22560907264,90.06922577575253,0,0.0,16,1,0.5,8,39.99999999999992,117.340144,3
135.08128399999998,0.0,0,0,22560907264,90.06922577575253,0,0.0,16,2,0.5,8,40.000000000000036,91.892642,3
135.08128399999998,0.0,0,0,22560907264,90.06922577575253,0,0.0,16,3,0.5,8,49.999999999999936,105.026243,3
135.08128399999998,0.0,0,0,22560907264,90.06922577575253,0,0.0,16,4,0.5,8,39.99999999999992,92.069049,3
135.08128399999998,0.0,0,0,22560907264,90.06922577575253,0,0.0,16,5,0.5,8,39.99999999999992,63.357134,3
135.08128399999998,0.0,0,0,22560907264,90.06922577575253,0,0.0,16,6,0.5,8,39.99999999999992,86.244281,3
135.08128399999998,0.0,0,0,22560907264,90.06922577575253,0,0.0,16,7,0.5,8,59.99999999999994,65.35462,3
135.08128399999998,0.0,0,0,22560907264,90.06922577575253,0,0.0,16,8,0.5,8,50.00000000000004,114.094784,3
135.08128399999998,0.0,0,0,22560907264,90.06922577575253,0,0.0,16,9,0.5,8,40.000000000000036,106.701323,3
135.08128399999998,0.0,0,0,22560907264,90.06922577575253,0,0.0,16,10,0.5,8,39.99999999999992,93.210077,3
135.08128399999998,0.0,0,0,22560907264,90.06922577575253,0,0.0,16,11,0.5,8,39.99999999999992,115.742594,3
135.08128399999998,0.0,0,0,22560907264,90.06922577575253,0,0.0,16,12,0.5,8,39.99999999999992,102.092396,3
135.08128399999998,0.0,0,0,22560907264,90.06922577575253,0,0.0,16,13,0.5,8,49.999999999999936,106.102173,3
135.08128399999998,0.0,0,0,22560907264,90.06922577575253,0,0.0,16,14,0.5,8,49.999999999999936,60.209445,3
135.08128399999998,0.0,0,0,22560907264,90.06922577575253,0,0.0,16,15,0.5,8,40.000000000000036,98.707143,3
135.08128399999998,0.0,0,0,22560907264,90.06922577575253,0,0.0,16,16,0.5,8,60.00000000000006,85.351159,3
121.687197,0.0,0,0,22560907264,89.02607341121737,0,0.0,16,1,0.5,9,40.000000000000036,102.908139,3
121.687197,0.0,0,0,22560907264,89.02607341121737,0,0.0,16,2,0.5,9,39.99999999999992,88.524643,3
121.687197,0.0,0,0,22560907264,89.02607341121737,0,0.0,16,3,0.5,9,40.000000000000036,70.995856,3
121.687197,0.0,0,0,22560907264,89.02607341121737,0,0.0,16,4,0.5,9,50.00000000000004,106.13225,3
121.687197,0.0,0,0,22560907264,89.02607341121737,0,0.0,16,5,0.5,9,40.000000000000036,107.725341,3
121.687197,0.0,0,0,22560907264,89.02607341121737,0,0.0,16,6,0.5,9,40.000000000000036,67.540677,3
121.687197,0.0,0,0,22560907264,89.02607341121737,0,0.0,16,7,0.5,9,50.00000000000004,71.902573,3
121.687197,0.0,0,0,22560907264,89.02607341121737,0,0.0,16,8,0.5,9,39.99999999999992,105.26666,3
121.687197,0.0,0,0,22560907264,89.02607341121737,0,0.0,16,9,0.5,9,39.99999999999992,81.853115,3
121.687197,0.0,0,0,22560907264,89.02607341121737,0,0.0,16,10,0.5,9,40.000000000000036,94.666035,3
121.687197,0.0,0,0,22560907264,89.02607341121737,0,0.0,16,11,0.5,9,40.000000000000036,65.558921,3
121.687197,0.0,0,0,22560907264,89.02607341121737,0,0.0,16,12,0.5,9,40.000000000000036,70.051683,3
121.687197,0.0,0,0,22560907264,89.02607341121737,0,0.0,16,13,0.5,9,40.000000000000036,85.320524,3
121.687197,0.0,0,0,22560907264,89.02607341121737,0,0.0,16,14,0.5,9,40.000000000000036,89.415103,3
121.687197,0.0,0,0,22560907264,89.02607341121737,0,0.0,16,15,0.5,9,39.99999999999992,59.909566,3
121.687197,0.0,0,0,22560907264,89.02607341121737,0,0.0,16,16,0.5,9,40.000000000000036,83.689286,3
135.371317,0.0,0,0,22560907264,89.87625249058152,0,0.0,16,1,0.5,10,50.00000000000004,98.016141,3
135.371317,0.0,0,0,22560907264,89.87625249058152,0,0.0,16,2,0.5,10,40.000000000000036,108.956398,3
135.371317,0.0,0,0,22560907264,89.87625249058152,0,0.0,16,3,0.5,10,40.000000000000036,87.648176,3
135.371317,0.0,0,0,22560907264,89.87625249058152,0,0.0,16,4,0.5,10,40.000000000000036,59.15172,3
135.371317,0.0,0,0,22560907264,89.87625249058152,0,0.0,16,5,0.5,10,40.000000000000036,71.787855,3
135.371317,0.0,0,0,22560907264,89.87625249058152,0,0.0,16,6,0.5,10,40.000000000000036,44.116088,3
135.371317,0.0,0,0,22560907264,89.87625249058152,0,0.0,16,7,0.5,10,40.000000000000036,98.54131,3
135.371317,0.0,0,0,22560907264,89.87625249058152,0,0.0,16,8,0.5,10,40.000000000000036,106.774652,3
135.371317,0.0,0,0,22560907264,89.87625249058152,0,0.0,16,9,0.5,10,40.000000000000036,56.454894,3
135.371317,0.0,0,0,22560907264,89.87625249058152,0,0.0,16,10,0.5,10,50.00000000000004,91.623282,3
135.371317,0.0,0,0,22560907264,89.87625249058152,0,0.0,16,11,0.5,10,50.00000000000004,98.293883,3
135.371317,0.0,0,0,22560907264,89.87625249058152,0,0.0,16,12,0.5,10,50.00000000000004,72.804917,3
135.371317,0.0,0,0,22560907264,89.87625249058152,0,0.0,16,13,0.5,10,50.00000000000004,82.332298,3
135.371317,0.0,0,0,22560907264,89.87625249058152,0,0.0,16,14,0.5,10,40.000000000000036,100.746567,3
135.371317,0.0,0,0,22560907264,89.87625249058152,0,0.0,16,15,0.5,10,40.000000000000036,104.917646,3
135.371317,0.0,0,0,22560907264,89.87625249058152,0,0.0,16,16,0.5,10,49.999999999999936,76.884161,3
128.76799599999998,0.0,0,0,22560702464,90.60222282754542,-204800,0.0,16,1,0.5,11,39.99999999999992,61.860575,3
128.76799599999998,0.0,0,0,22560702464,90.60222282754542,-204800,0.0,16,2,0.5,11,40.000000000000036,61.157015,3
128.76799599999998,0.0,0,0,22560702464,90.60222282754542,-204800,0.0,16,3,0.5,11,39.99999999999992,105.184744,3
128.76799599999998,0.0,0,0,22560702464,90.60222282754542,-204800,0.0,16,4,0.5,11,39.99999999999992,102.702469,3
128.76799599999998,0.0,0,0,22560702464,90.60222282754542,-204800,0.0,16,5,0.5,11,39.99999999999992,43.543066,3
128.76799599999998,0.0,0,0,22560702464,90.60222282754542,-204800,0.0,16,6,0.5,11,39.99999999999992,81.663157,3
128.76799599999998,0.0,0,0,22560702464,90.60222282754542,-204800,0.0,16,7,0.5,11,39.99999999999992,72.149534,3
128.76799599999998,0.0,0,0,22560702464,90.60222282754542,-204800,0.0,16,8,0.5,11,40.000000000000036,77.787327,3
128.76799599999998,0.0,0,0,22560702464,90.60222282754542,-204800,0.0,16,9,0.5,11,40.000000000000036,88.461848,3
128.76799599999998,0.0,0,0,22560702464,90.60222282754542,-204800,0.0,16,10,0.5,11,39.99999999999992,56.398639,3
128.76799599999998,0.0,0,0,22560702464,90.60222282754542,-204800,0.0,16,11,0.5,11,39.99999999999992,76.458274,3
128.76799599999998,0.0,0,0,22560702464,90.60222282754542,-204800,0.0,16,12,0.5,11,39.99999999999992,91.746432,3
128.76799599999998,0.0,0,0,22560702464,90.60222282754542,-204800,0.0,16,13,0.5,11,39.99999999999992,59.778012,3
128.76799599999998,0.0,0,0,22560702464,90.60222282754542,-204800,0.0,16,14,0.5,11,39.99999999999992,70.400185,3
128.76799599999998,0.0,0,0,22560702464,90.60222282754542,-204800,0.0,16,15,0.5,11,49.999999999999936,71.106198,3
128.76799599999998,0.0,0,0,22560702464,90.60222282754542,-204800,0.0,16,16,0.5,11,40.000000000000036,76.335149,3
119.983729,0.0,0,0,22560649216,91.67909758828695,-53248,0.0,16,1,0.5,12,40.000000000000036,92.004968,3
119.983729,0.0,0,0,22560649216,91.67909758828695,-53248,0.0,16,2,0.5,12,39.99999999999992,87.58043,3
119.983729,0.0,0,0,22560649216,91.67909758828695,-53248,0.0,16,3,0.5,12,40.000000000000036,100.100579,3
119.983729,0.0,0,0,22560649216,91.67909758828695,-53248,0.0,16,4,0.5,12,40.000000000000036,91.532865,3
119.983729,0.0,0,0,22560649216,91.67909758828695,-53248,0.0,16,5,0.5,12,40.000000000000036,81.304067,3
119.983729,0.0,0,0,22560649216,91.67909758828695,-53248,0.0,16,6,0.5,12,40.000000000000036,58.377951,3
119.983729,0.0,0,0,22560649216,91.67909758828695,-53248,0.0,16,7,0.5,12,40.000000000000036,72.852343,3
119.983729,0.0,0,0,22560649216,91.67909758828695,-53248,0.0,16,8,0.5,12,39.99999999999992,99.361971,3
119.983729,0.0,0,0,22560649216,91.67909758828695,-53248,0.0,16,9,0.5,12,39.99999999999992,95.221225,3
119.983729,0.0,0,0,22560649216,91.67909758828695,-53248,0.0,16,10,0.5,12,40.000000000000036,83.670584,3
119.983729,0.0,0,0,22560649216,91.67909758828695,-53248,0.0,16,11,0.5,12,40.000000000000036,89.155142,3
119.983729,0.0,0,0,22560649216,91.67909758828695,-53248,0.0,16,12,0.5,12,40.000000000000036,56.546506,3
119.983729,0.0,0,0,22560649216,91.67909758828695,-53248,0.0,16,13,0.5,12,40.000000000000036,83.948954,3
119.983729,0.0,0,0,22560649216,91.67909758828695,-53248,0.0,16,14,0.5,12,40.000000000000036,82.503993,3
119.983729,0.0,0,0,22560649216,91.67909758828695,-53248,0.0,16,15,0.5,12,40.000000000000036,72.207212,3
119.983729,0.0,0,0,22560649216,91.67909758828695,-53248,0.0,16,16,0.5,12,50.00000000000004,77.017058,3
126.62857899999999,0.0,0,0,22560649216,89.50059633329839,0,0.0,16,1,0.5,13,40.000000000000036,58.019465,3
126.62857899999999,0.0,0,0,22560649216,89.50059633329839,0,0.0,16,2,0.5,13,40.000000000000036,93.966054,3
126.62857899999999,0.0,0,0,22560649216,89.50059633329839,0,0.0,16,3,0.5,13,40.000000000000036,58.056811,3
126.62857899999999,0.0,0,0,22560649216,89.50059633329839,0,0.0,16,4,0.5,13,40.000000000000036,101.970466,3
126.62857899999999,0.0,0,0,22560649216,89.50059633329839,0,0.0,16,5,0.5,13,40.000000000000036,104.736872,3
126.62857899999999,0.0,0,0,22560649216,89.50059633329839,0,0.0,16,6,0.5,13,50.00000000000004,115.86575,3
126.62857899999999,0.0,0,0,22560649216,89.50059633329839,0,0.0,16,7,0.5,13,40.000000000000036,39.38652,3
126.62857899999999,0.0,0,0,22560649216,89.50059633329839,0,0.0,16,8,0.5,13,40.000000000000036,104.869269,3
126.62857899999999,0.0,0,0,22560649216,89.50059633329839,0,0.0,16,9,0.5,13,40.000000000000036,57.752245,3
126.62857899999999,0.0,0,0,22560649216,89.50059633329839,0,0.0,16,10,0.5,13,40.000000000000036,92.331088,3
126.62857899999999,0.0,0,0,22560649216,89.50059633329839,0,0.0,16,11,0.5,13,40.000000000000036,69.179382,3
126.62857899999999,0.0,0,0,22560649216,89.50059633329839,0,0.0,16,12,0.5,13,40.000000000000036,73.709174,3
126.62857899999999,0.0,0,0,22560649216,89.50059633329839,0,0.0,16,13,0.5,13,50.00000000000004,86.233554,3
126.62857899999999,0.0,0,0,22560649216,89.50059633329839,0,0.0,16,14,0.5,13,40.000000000000036,77.922205,3
126.62857899999999,0.0,0,0,22560649216,89.50059633329839,0,0.0,16,15,0.5,13,40.000000000000036,88.156747,3
126.62857899999999,0.0,0,0,22560649216,89.50059633329839,0,0.0,16,16,0.5,13,39.99999999999992,48.262725,3
125.947145,0.0,0,0,22560649216,89.98483715798547,0,0.0,16,1,0.5,14,39.99999999999992,69.444379,3
125.947145,0.0,0,0,22560649216,89.98483715798547,0,0.0,16,2,0.5,14,40.000000000000036,84.447743,3
125.947145,0.0,0,0,22560649216,89.98483715798547,0,0.0,16,3,0.5,14,40.000000000000036,78.573772,3
125.947145,0.0,0,0,22560649216,89.98483715798547,0,0.0,16,4,0.5,14,39.99999999999992,46.447362,3
125.947145,0.0,0,0,22560649216,89.98483715798547,0,0.0,16,5,0.5,14,39.99999999999992,108.721501,3
125.947145,0.0,0,0,22560649216,89.98483715798547,0,0.0,16,6,0.5,14,49.999999999999936,53.241514,3
125.947145,0.0,0,0,22560649216,89.98483715798547,0,0.0,16,7,0.5,14,39.99999999999992,110.608709,3
125.947145,0.0,0,0,22560649216,89.98483715798547,0,0.0,16,8,0.5,14,40.000000000000036,69.09822,3
125.947145,0.0,0,0,22560649216,89.98483715798547,0,0.0,16,9,0.5,14,40.000000000000036,107.688634,3
125.947145,0.0,0,0,22560649216,89.98483715798547,0,0.0,16,10,0.5,14,39.99999999999992,83.828307,3
125.947145,0.0,0,0,22560649216,89.98483715798547,0,0.0,16,11,0.5,14,39.99999999999992,87.649802,3
125.947145,0.0,0,0,22560649216,89.98483715798547,0,0.0,16,12,0.5,14,39.99999999999992,89.428141,3
125.947145,0.0,0,0,22560649216,89.98483715798547,0,0.0,16,13,0.5,14,49.999999999999936,53.50766,3
125.947145,0.0,0,0,22560649216,89.98483715798547,0,0.0,16,14,0.5,14,40.000000000000036,75.677954,3
125.947145,0.0,0,0,22560649216,89.98483715798547,0,0.0,16,15,0.5,14,40.000000000000036,65.949956,3
125.947145,0.0,0,0,22560649216,89.98483715798547,0,0.0,16,16,0.5,14,40.000000000000036,43.806435,3
151.55594,0.0,0,0,22560649216,86.87661246841306,0,0.0,16,1,0.5,15,40.000000000000036,121.551053,3
151.55594,0.0,0,0,22560649216,86.87661246841306,0,0.0,16,2,0.5,15,49.999999999999936,81.783175,3
151.55594,0.0,0,0,22560649216,86.87661246841306,0,0.0,16,3,0.5,15,39.99999999999992,71.63556,3
151.55594,0.0,0,0,22560649216,86.87661246841306,0,0.0,16,4,0.5,15,50.00000000000004,121.587281,3
151.55594,0.0,0,0,22560649216,86.87661246841306,0,0.0,16,5,0.5,15,50.00000000000004,84.786502,3
151.55594,0.0,0,0,22560649216,86.87661246841306,0,0.0,16,6,0.5,15,50.00000000000004,90.925591,3
151.55594,0.0,0,0,22560649216,86.87661246841306,0,0.0,16,7,0.5,15,60.00000000000006,119.82237,3
151.55594,0.0,0,0,22560649216,86.87661246841306,0,0.0,16,8,0.5,15,39.99999999999992,116.684308,3
151.55594,0.0,0,0,22560649216,86.87661246841306,0,0.0,16,9,0.5,15,49.999999999999936,121.608706,3
151.55594,0.0,0,0,22560649216,86.87661246841306,0,0.0,16,10,0.5,15,50.00000000000004,100.20012,3
151.55594,0.0,0,0,22560649216,86.87661246841306,0,0.0,16,11,0.5,15,40.000000000000036,63.958535,3
151.55594,0.0,0,0,22560649216,86.87661246841306,0,0.0,16,12,0.5,15,50.00000000000004,87.884312,3
151.55594,0.0,0,0,22560649216,86.87661246841306,0,0.0,16,13,0.5,15,50.00000000000004,97.791402,3
151.55594,0.0,0,0,22560649216,86.87661246841306,0,0.0,16,14,0.5,15,49.999999999999936,82.497072,3
151.55594,0.0,0,0,22560649216,86.87661246841306,0,0.0,16,15,0.5,15,39.99999999999992,105.220663,3
151.55594,0.0,0,0,22560649216,86.87661246841306,0,0.0,16,16,0.5,15,59.99999999999994,104.072163,3
279.418135,0.0,0,217088,22493089792,94.83994301224315,-4096,0.0,32,1,0.5,1,49.999999999999986,133.619034,1
279.418135,0.0,0,217088,22493089792,94.83994301224315,-4096,0.0,32,2,0.5,1,39.99999999999998,190.650554,1
279.418135,0.0,0,217088,22493089792,94.83994301224315,-4096,0.0,32,3,0.5,1,49.999999999999986,84.73144,1
279.418135,0.0,0,217088,22493089792,94.83994301224315,-4096,0.0,32,4,0.5,1,49.999999999999986,111.353709,1
279.418135,0.0,0,217088,22493089792,94.83994301224315,-4096,0.0,32,5,0.5,1,39.99999999999998,155.818083,1
279.418135,0.0,0,217088,22493089792,94.83994301224315,-4096,0.0,32,6,0.5,1,49.999999999999986,160.422365,1
279.418135,0.0,0,217088,22493089792,94.83994301224315,-4096,0.0,32,7,0.5,1,39.99999999999998,159.134583,1
279.418135,0.0,0,217088,22493089792,94.83994301224315,-4096,0.0,32,8,0.5,1,60.0,177.883727,1
279.418135,0.0,0,217088,22493089792,94.83994301224315,-4096,0.0,32,9,0.5,1,49.999999999999986,212.328763,1
279.418135,0.0,0,217088,22493089792,94.83994301224315,-4096,0.0,32,10,0.5,1,39.99999999999998,235.338591,1
279.418135,0.0,0,217088,22493089792,94.83994301224315,-4096,0.0,32,11,0.5,1,39.99999999999998,230.733583,1
279.418135,0.0,0,217088,22493089792,94.83994301224315,-4096,0.0,32,12,0.5,1,39.99999999999998,237.520878,1
279.418135,0.0,0,217088,22493089792,94.83994301224315,-4096,0.0,32,13,0.5,1,70.0,195.840582,1
279.418135,0.0,0,217088,22493089792,94.83994301224315,-4096,0.0,32,14,0.5,1,50.00000000000004,207.660438,1
279.418135,0.0,0,217088,22493089792,94.83994301224315,-4096,0.0,32,15,0.5,1,39.99999999999998,131.505505,1
279.418135,0.0,0,217088,22493089792,94.83994301224315,-4096,0.0,32,16,0.5,1,39.99999999999998,160.84517,1
279.418135,0.0,0,217088,22493089792,94.83994301224315,-4096,0.0,32,17,0.5,1,49.999999999999986,181.105311,1
279.418135,0.0,0,217088,22493089792,94.83994301224315,-4096,0.0,32,18,0.5,1,49.999999999999986,230.425598,1
279.418135,0.0,0,217088,22493089792,94.83994301224315,-4096,0.0,32,19,0.5,1,39.99999999999998,223.206786,1
279.418135,0.0,0,217088,22493089792,94.83994301224315,-4096,0.0,32,20,0.5,1,39.99999999999998,197.183859,1
279.418135,0.0,0,217088,22493089792,94.83994301224315,-4096,0.0,32,21,0.5,1,49.999999999999986,198.743128,1
279.418135,0.0,0,217088,22493089792,94.83994301224315,-4096,0.0,32,22,0.5,1,49.999999999999986,153.214379,1
279.418135,0.0,0,217088,22493089792,94.83994301224315,-4096,0.0,32,23,0.5,1,49.999999999999986,197.135335,1
279.418135,0.0,0,217088,22493089792,94.83994301224315,-4096,0.0,32,24,0.5,1,39.99999999999998,181.785993,1
279.418135,0.0,0,217088,22493089792,94.83994301224315,-4096,0.0,32,25,0.5,1,39.99999999999998,168.183132,1
279.418135,0.0,0,217088,22493089792,94.83994301224315,-4096,0.0,32,26,0.5,1,49.999999999999986,152.412478,1
279.418135,0.0,0,217088,22493089792,94.83994301224315,-4096,0.0,32,27,0.5,1,49.999999999999986,118.391637,1
279.418135,0.0,0,217088,22493089792,94.83994301224315,-4096,0.0,32,28,0.5,1,70.0,176.623921,1
279.418135,0.0,0,217088,22493089792,94.83994301224315,-4096,0.0,32,29,0.5,1,39.99999999999998,162.129054,1
279.418135,0.0,0,217088,22493089792,94.83994301224315,-4096,0.0,32,30,0.5,1,49.999999999999986,197.967266,1
279.418135,0.0,0,217088,22493089792,94.83994301224315,-4096,0.0,32,31,0.5,1,49.999999999999986,167.389176,1
279.418135,0.0,0,217088,22493089792,94.83994301224315,-4096,0.0,32,32,0.5,1,60.0,203.549965,1
294.208049,0.0,0,0,22493089792,94.60425514508798,0,0.0,32,1,0.5,2,39.99999999999998,44.742551,1
294.208049,0.0,0,0,22493089792,94.60425514508798,0,0.0,32,2,0.5,2,49.999999999999986,53.401314,1
294.208049,0.0,0,0,22493089792,94.60425514508798,0,0.0,32,3,0.5,2,60.0,266.974297,1
294.208049,0.0,0,0,22493089792,94.60425514508798,0,0.0,32,4,0.5,2,50.00000000000004,77.781309,1
294.208049,0.0,0,0,22493089792,94.60425514508798,0,0.0,32,5,0.5,2,49.999999999999986,73.777263,1
294.208049,0.0,0,0,22493089792,94.60425514508798,0,0.0,32,6,0.5,2,49.999999999999986,241.584593,1
294.208049,0.0,0,0,22493089792,94.60425514508798,0,0.0,32,7,0.5,2,49.999999999999986,241.215101,1
294.208049,0.0,0,0,22493089792,94.60425514508798,0,0.0,32,8,0.5,2,49.999999999999986,241.073018,1
294.208049,0.0,0,0,22493089792,94.60425514508798,0,0.0,32,9,0.5,2,49.999999999999986,231.330465,1
294.208049,0.0,0,0,22493089792,94.60425514508798,0,0.0,32,10,0.5,2,60.0,203.861249,1
294.208049,0.0,0,0,22493089792,94.60425514508798,0,0.0,32,11,0.5,2,49.999999999999986,210.165568,1
294.208049,0.0,0,0,22493089792,94.60425514508798,0,0.0,32,12,0.5,2,60.0,220.430884,1
294.208049,0.0,0,0,22493089792,94.60425514508798,0,0.0,32,13,0.5,2,49.999999999999986,175.811203,1
294.208049,0.0,0,0,22493089792,94.60425514508798,0,0.0,32,14,0.5,2,49.999999999999986,166.918145,1
294.208049,0.0,0,0,22493089792,94.60425514508798,0,0.0,32,15,0.5,2,60.0,249.768815,1
294.208049,0.0,0,0,22493089792,94.60425514508798,0,0.0,32,16,0.5,2,49.999999999999986,224.752968,1
294.208049,0.0,0,0,22493089792,94.60425514508798,0,0.0,32,17,0.5,2,49.999999999999986,235.799949,1
294.208049,0.0,0,0,22493089792,94.60425514508798,0,0.0,32,18,0.5,2,49.999999999999986,215.055043,1
294.208049,0.0,0,0,22493089792,94.60425514508798,0,0.0,32,19,0.5,2,60.0,82.286424,1
294.208049,0.0,0,0,22493089792,94.60425514508798,0,0.0,32,20,0.5,2,50.00000000000004,48.31186,1
294.208049,0.0,0,0,22493089792,94.60425514508798,0,0.0,32,21,0.5,2,40.000000000000036,178.464366,1
294.208049,0.0,0,0,22493089792,94.60425514508798,0,0.0,32,22,0.5,2,40.000000000000036,207.497041,1
294.208049,0.0,0,0,22493089792,94.60425514508798,0,0.0,32,23,0.5,2,40.000000000000036,87.831891,1
294.208049,0.0,0,0,22493089792,94.60425514508798,0,0.0,32,24,0.5,2,49.999999999999986,178.411703,1
294.208049,0.0,0,0,22493089792,94.60425514508798,0,0.0,32,25,0.5,2,49.999999999999986,195.405551,1
294.208049,0.0,0,0,22493089792,94.60425514508798,0,0.0,32,26,0.5,2,49.999999999999986,187.759264,1
294.208049,0.0,0,0,22493089792,94.60425514508798,0,0.0,32,27,0.5,2,49.999999999999986,186.651575,1
294.208049,0.0,0,0,22493089792,94.60425514508798,0,0.0,32,28,0.5,2,49.999999999999986,122.060812,1
294.208049,0.0,0,0,22493089792,94.60425514508798,0,0.0,32,29,0.5,2,50.00000000000004,87.318286,1
294.208049,0.0,0,0,22493089792,94.60425514508798,0,0.0,32,30,0.5,2,60.0,205.875424,1
294.208049,0.0,0,0,22493089792,94.60425514508798,0,0.0,32,31,0.5,2,50.00000000000004,87.706136,1
294.208049,0.0,0,0,22493089792,94.60425514508798,0,0.0,32,32,0.5,2,49.999999999999986,173.367342,1
280.070325,0.0,0,0,22493089792,93.42891527926716,0,0.0,32,1,0.5,3,50.00000000000004,216.109834,1
280.070325,0.0,0,0,22493089792,93.42891527926716,0,0.0,32,2,0.5,3,60.0,111.706406,1
280.070325,0.0,0,0,22493089792,93.42891527926716,0,0.0,32,3,0.5,3,49.999999999999986,151.674251,1
280.070325,0.0,0,0,22493089792,93.42891527926716,0,0.0,32,4,0.5,3,49.999999999999986,170.184988,1
280.070325,0.0,0,0,22493089792,93.42891527926716,0,0.0,32,5,0.5,3,39.99999999999998,45.391845,1
280.070325,0.0,0,0,22493089792,93.42891527926716,0,0.0,32,6,0.5,3,50.00000000000004,143.890519,1
280.070325,0.0,0,0,22493089792,93.42891527926716,0,0.0,32,7,0.5,3,49.999999999999986,229.2956,1
280.070325,0.0,0,0,22493089792,93.42891527926716,0,0.0,32,8,0.5,3,49.999999999999986,198.739429,1
280.070325,0.0,0,0,22493089792,93.42891527926716,0,0.0,32,9,0.5,3,49.999999999999986,217.063362,1
280.070325,0.0,0,0,22493089792,93.42891527926716,0,0.0,32,10,0.5,3,40.000000000000036,230.622675,1
280.070325,0.0,0,0,22493089792,93.42891527926716,0,0.0,32,11,0.5,3,50.00000000000004,233.951863,1
280.070325,0.0,0,0,22493089792,93.42891527926716,0,0.0,32,12,0.5,3,50.00000000000004,241.00076,1
280.070325,0.0,0,0,22493089792,93.42891527926716,0,0.0,32,13,0.5,3,60.0,176.532953,1
280.070325,0.0,0,0,22493089792,93.42891527926716,0,0.0,32,14,0.5,3,39.99999999999998,241.624096,1
280.070325,0.0,0,0,22493089792,93.42891527926716,0,0.0,32,15,0.5,3,50.00000000000004,111.716113,1
280.070325,0.0,0,0,22493089792,93.42891527926716,0,0.0,32,16,0.5,3,50.00000000000004,184.006185,1
280.070325,0.0,0,0,22493089792,93.42891527926716,0,0.0,32,17,0.5,3,49.999999999999986,221.206272,1
280.070325,0.0,0,0,22493089792,93.42891527926716,0,0.0,32,18,0.5,3,40.000000000000036,154.606858,1
280.070325,0.0,0,0,22493089792,93.42891527926716,0,0.0,32,19,0.5,3,50.00000000000004,215.167716,1
280.070325,0.0,0,0,22493089792,93.42891527926716,0,0.0,32,20,0.5,3,39.99999999999998,107.460112,1
280.070325,0.0,0,0,22493089792,93.42891527926716,0,0.0,32,21,0.5,3,49.999999999999986,169.847314,1
280.070325,0.0,0,0,22493089792,93.42891527926716,0,0.0,32,22,0.5,3,49.999999999999986,113.33133,1
280.070325,0.0,0,0,22493089792,93.42891527926716,0,0.0,32,23,0.5,3,49.999999999999986,203.243569,1
280.070325,0.0,0,0,22493089792,93.42891527926716,0,0.0,32,24,0.5,3,50.00000000000004,203.990845,1
280.070325,0.0,0,0,22493089792,93.42891527926716,0,0.0,32,25,0.5,3,50.00000000000004,155.147168,1
280.070325,0.0,0,0,22493089792,93.42891527926716,0,0.0,32,26,0.5,3,49.999999999999986,153.537046,1
280.070325,0.0,0,0,22493089792,93.42891527926716,0,0.0,32,27,0.5,3,40.000000000000036,104.231407,1
280.070325,0.0,0,0,22493089792,93.42891527926716,0,0.0,32,28,0.5,3,39.99999999999998,159.013536,1
280.070325,0.0,0,0,22493089792,93.42891527926716,0,0.0,32,29,0.5,3,39.99999999999998,80.810248,1
280.070325,0.0,0,0,22493089792,93.42891527926716,0,0.0,32,30,0.5,3,50.00000000000004,127.254935,1
280.070325,0.0,0,0,22493089792,93.42891527926716,0,0.0,32,31,0.5,3,49.999999999999986,162.958121,1
280.070325,0.0,0,0,22493089792,93.42891527926716,0,0.0,32,32,0.5,3,49.999999999999986,155.568617,1
253.40233899999998,0.0,0,0,22493089792,97.99962159522472,0,0.0,32,1,0.5,4,39.99999999999998,64.162181,1
253.40233899999998,0.0,0,0,22493089792,97.99962159522472,0,0.0,32,2,0.5,4,30.00000000000003,190.666665,1
253.40233899999998,0.0,0,0,22493089792,97.99962159522472,0,0.0,32,3,0.5,4,49.999999999999986,152.915238,1
253.40233899999998,0.0,0,0,22493089792,97.99962159522472,0,0.0,32,4,0.5,4,49.999999999999986,97.481165,1
253.40233899999998,0.0,0,0,22493089792,97.99962159522472,0,0.0,32,5,0.5,4,50.00000000000004,147.733194,1
253.40233899999998,0.0,0,0,22493089792,97.99962159522472,0,0.0,32,6,0.5,4,49.999999999999986,151.700802,1
253.40233899999998,0.0,0,0,22493089792,97.99962159522472,0,0.0,32,7,0.5,4,40.000000000000036,163.811064,1
253.40233899999998,0.0,0,0,22493089792,97.99962159522472,0,0.0,32,8,0.5,4,40.000000000000036,211.582836,1
253.40233899999998,0.0,0,0,22493089792,97.99962159522472,0,0.0,32,9,0.5,4,50.00000000000004,207.402786,1
253.40233899999998,0.0,0,0,22493089792,97.99962159522472,0,0.0,32,10,0.5,4,49.999999999999986,199.505991,1
253.40233899999998,0.0,0,0,22493089792,97.99962159522472,0,0.0,32,11,0.5,4,39.99999999999998,134.425098,1
253.40233899999998,0.0,0,0,22493089792,97.99962159522472,0,0.0,32,12,0.5,4,39.99999999999998,104.246403,1
253.40233899999998,0.0,0,0,22493089792,97.99962159522472,0,0.0,32,13,0.5,4,39.99999999999998,190.818519,1
253.40233899999998,0.0,0,0,22493089792,97.99962159522472,0,0.0,32,14,0.5,4,49.999999999999986,105.251838,1
253.40233899999998,0.0,0,0,22493089792,97.99962159522472,0,0.0,32,15,0.5,4,49.999999999999986,186.700626,1
253.40233899999998,0.0,0,0,22493089792,97.99962159522472,0,0.0,32,16,0.5,4,49.999999999999986,147.064947,1
253.40233899999998,0.0,0,0,22493089792,97.99962159522472,0,0.0,32,17,0.5,4,50.00000000000004,197.556729,1
253.40233899999998,0.0,0,0,22493089792,97.99962159522472,0,0.0,32,18,0.5,4,49.999999999999986,187.106595,1
253.40233899999998,0.0,0,0,22493089792,97.99962159522472,0,0.0,32,19,0.5,4,39.99999999999998,189.482435,1
253.40233899999998,0.0,0,0,22493089792,97.99962159522472,0,0.0,32,20,0.5,4,49.999999999999986,144.07862,1
253.40233899999998,0.0,0,0,22493089792,97.99962159522472,0,0.0,32,21,0.5,4,39.99999999999998,120.370431,1
253.40233899999998,0.0,0,0,22493089792,97.99962159522472,0,0.0,32,22,0.5,4,39.99999999999998,70.744555,1
253.40233899999998,0.0,0,0,22493089792,97.99962159522472,0,0.0,32,23,0.5,4,39.99999999999998,171.229174,1
253.40233899999998,0.0,0,0,22493089792,97.99962159522472,0,0.0,32,24,0.5,4,39.99999999999998,142.0063,1
253.40233899999998,0.0,0,0,22493089792,97.99962159522472,0,0.0,32,25,0.5,4,49.999999999999986,172.955992,1
253.40233899999998,0.0,0,0,22493089792,97.99962159522472,0,0.0,32,26,0.5,4,40.000000000000036,175.681132,1
253.40233899999998,0.0,0,0,22493089792,97.99962159522472,0,0.0,32,27,0.5,4,39.99999999999998,157.340597,1
253.40233899999998,0.0,0,0,22493089792,97.99962159522472,0,0.0,32,28,0.5,4,49.999999999999986,169.891326,1
253.40233899999998,0.0,0,0,22493089792,97.99962159522472,0,0.0,32,29,0.5,4,39.99999999999998,173.876442,1
253.40233899999998,0.0,0,0,22493089792,97.99962159522472,0,0.0,32,30,0.5,4,39.99999999999998,158.629618,1
253.40233899999998,0.0,0,0,22493089792,97.99962159522472,0,0.0,32,31,0.5,4,39.99999999999998,66.942069,1
253.40233899999998,0.0,0,0,22493089792,97.99962159522472,0,0.0,32,32,0.5,4,50.00000000000004,171.272692,1
253.240109,0.0,0,0,22493089792,93.45544337397155,0,0.0,32,1,0.5,5,39.99999999999998,151.887005,1
253.240109,0.0,0,0,22493089792,93.45544337397155,0,0.0,32,2,0.5,5,49.999999999999986,139.534811,1
253.240109,0.0,0,0,22493089792,93.45544337397155,0,0.0,32,3,0.5,5,50.00000000000004,183.181644,1
253.240109,0.0,0,0,22493089792,93.45544337397155,0,0.0,32,4,0.5,5,40.000000000000036,130.721492,1
253.240109,0.0,0,0,22493089792,93.45544337397155,0,0.0,32,5,0.5,5,39.99999999999998,151.787424,1
253.240109,0.0,0,0,22493089792,93.45544337397155,0,0.0,32,6,0.5,5,39.99999999999998,58.273913,1
253.240109,0.0,0,0,22493089792,93.45544337397155,0,0.0,32,7,0.5,5,49.999999999999986,183.576527,1
253.240109,0.0,0,0,22493089792,93.45544337397155,0,0.0,32,8,0.5,5,39.99999999999998,180.157443,1
253.240109,0.0,0,0,22493089792,93.45544337397155,0,0.0,32,9,0.5,5,39.99999999999998,143.460793,1
253.240109,0.0,0,0,22493089792,93.45544337397155,0,0.0,32,10,0.5,5,49.999999999999986,132.400117,1
253.240109,0.0,0,0,22493089792,93.45544337397155,0,0.0,32,11,0.5,5,39.99999999999998,200.752234,1
253.240109,0.0,0,0,22493089792,93.45544337397155,0,0.0,32,12,0.5,5,39.99999999999998,209.492881,1
253.240109,0.0,0,0,22493089792,93.45544337397155,0,0.0,32,13,0.5,5,50.00000000000004,203.214628,1
253.240109,0.0,0,0,22493089792,93.45544337397155,0,0.0,32,14,0.5,5,40.000000000000036,208.048874,1
253.240109,0.0,0,0,22493089792,93.45544337397155,0,0.0,32,15,0.5,5,39.99999999999998,205.48721,1
253.240109,0.0,0,0,22493089792,93.45544337397155,0,0.0,32,16,0.5,5,39.99999999999998,190.585168,1
253.240109,0.0,0,0,22493089792,93.45544337397155,0,0.0,32,17,0.5,5,39.99999999999998,100.446277,1
253.240109,0.0,0,0,22493089792,93.45544337397155,0,0.0,32,18,0.5,5,39.99999999999998,114.333839,1
253.240109,0.0,0,0,22493089792,93.45544337397155,0,0.0,32,19,0.5,5,49.999999999999986,145.37503,1
253.240109,0.0,0,0,22493089792,93.45544337397155,0,0.0,32,20,0.5,5,39.99999999999998,181.444113,1
253.240109,0.0,0,0,22493089792,93.45544337397155,0,0.0,32,21,0.5,5,39.99999999999998,184.924822,1
253.240109,0.0,0,0,22493089792,93.45544337397155,0,0.0,32,22,0.5,5,49.999999999999986,172.145432,1
253.240109,0.0,0,0,22493089792,93.45544337397155,0,0.0,32,23,0.5,5,39.99999999999998,131.319831,1
253.240109,0.0,0,0,22493089792,93.45544337397155,0,0.0,32,24,0.5,5,39.99999999999998,159.191401,1
253.240109,0.0,0,0,22493089792,93.45544337397155,0,0.0,32,25,0.5,5,39.99999999999998,101.796055,1
253.240109,0.0,0,0,22493089792,93.45544337397155,0,0.0,32,26,0.5,5,49.999999999999986,141.585358,1
253.240109,0.0,0,0,22493089792,93.45544337397155,0,0.0,32,27,0.5,5,49.999999999999986,143.559713,1
253.240109,0.0,0,0,22493089792,93.45544337397155,0,0.0,32,28,0.5,5,50.00000000000004,161.503234,1
253.240109,0.0,0,0,22493089792,93.45544337397155,0,0.0,32,29,0.5,5,49.999999999999986,164.893941,1
253.240109,0.0,0,0,22493089792,93.45544337397155,0,0.0,32,30,0.5,5,49.999999999999986,138.737777,1
253.240109,0.0,0,0,22493089792,93.45544337397155,0,0.0,32,31,0.5,5,40.000000000000036,148.667062,1
253.240109,0.0,0,0,22493089792,93.45544337397155,0,0.0,32,32,0.5,5,39.99999999999998,131.14302,1
238.934138,0.0,0,0,22493089792,96.26083653229084,0,0.0,32,1,0.5,6,40.000000000000036,111.112694,1
238.934138,0.0,0,0,22493089792,96.26083653229084,0,0.0,32,2,0.5,6,40.000000000000036,116.939732,1
238.934138,0.0,0,0,22493089792,96.26083653229084,0,0.0,32,3,0.5,6,40.000000000000036,42.998884,1
238.934138,0.0,0,0,22493089792,96.26083653229084,0,0.0,32,4,0.5,6,39.99999999999992,111.276133,1
238.934138,0.0,0,0,22493089792,96.26083653229084,0,0.0,32,5,0.5,6,40.000000000000036,184.853554,1
238.934138,0.0,0,0,22493089792,96.26083653229084,0,0.0,32,6,0.5,6,40.000000000000036,122.908335,1
238.934138,0.0,0,0,22493089792,96.26083653229084,0,0.0,32,7,0.5,6,40.000000000000036,186.973743,1
238.934138,0.0,0,0,22493089792,96.26083653229084,0,0.0,32,8,0.5,6,50.00000000000004,190.882678,1
238.934138,0.0,0,0,22493089792,96.26083653229084,0,0.0,32,9,0.5,6,40.000000000000036,116.23391,1
238.934138,0.0,0,0,22493089792,96.26083653229084,0,0.0,32,10,0.5,6,40.000000000000036,167.804556,1
238.934138,0.0,0,0,22493089792,96.26083653229084,0,0.0,32,11,0.5,6,40.000000000000036,152.122184,1
238.934138,0.0,0,0,22493089792,96.26083653229084,0,0.0,32,12,0.5,6,50.00000000000004,157.574407,1
238.934138,0.0,0,0,22493089792,96.26083653229084,0,0.0,32,13,0.5,6,40.000000000000036,147.719661,1
238.934138,0.0,0,0,22493089792,96.26083653229084,0,0.0,32,14,0.5,6,40.000000000000036,116.424554,1
238.934138,0.0,0,0,22493089792,96.26083653229084,0,0.0,32,15,0.5,6,40.000000000000036,180.129538,1
238.934138,0.0,0,0,22493089792,96.26083653229084,0,0.0,32,16,0.5,6,50.00000000000004,169.403077,1
238.934138,0.0,0,0,22493089792,96.26083653229084,0,0.0,32,17,0.5,6,40.000000000000036,139.263768,1
238.934138,0.0,0,0,22493089792,96.26083653229084,0,0.0,32,18,0.5,6,40.000000000000036,178.815636,1
238.934138,0.0,0,0,22493089792,96.26083653229084,0,0.0,32,19,0.5,6,40.000000000000036,134.203411,1
238.934138,0.0,0,0,22493089792,96.26083653229084,0,0.0,32,20,0.5,6,40.000000000000036,176.44037,1
238.934138,0.0,0,0,22493089792,96.26083653229084,0,0.0,32,21,0.5,6,50.00000000000004,99.999563,1
238.934138,0.0,0,0,22493089792,96.26083653229084,0,0.0,32,22,0.5,6,50.00000000000004,149.492258,1
238.934138,0.0,0,0,22493089792,96.26083653229084,0,0.0,32,23,0.5,6,40.000000000000036,119.166619,1
238.934138,0.0,0,0,22493089792,96.26083653229084,0,0.0,32,24,0.5,6,50.00000000000004,160.44444,1
238.934138,0.0,0,0,22493089792,96.26083653229084,0,0.0,32,25,0.5,6,40.000000000000036,154.539972,1
238.934138,0.0,0,0,22493089792,96.26083653229084,0,0.0,32,26,0.5,6,50.00000000000004,144.052014,1
238.934138,0.0,0,0,22493089792,96.26083653229084,0,0.0,32,27,0.5,6,40.000000000000036,130.103032,1
238.934138,0.0,0,0,22493089792,96.26083653229084,0,0.0,32,28,0.5,6,49.999999999999936,140.831357,1
238.934138,0.0,0,0,22493089792,96.26083653229084,0,0.0,32,29,0.5,6,40.000000000000036,108.868473,1
238.934138,0.0,0,0,22493089792,96.26083653229084,0,0.0,32,30,0.5,6,40.000000000000036,125.581639,1
238.934138,0.0,0,0,22493089792,96.26083653229084,0,0.0,32,31,0.5,6,39.99999999999992,66.803634,1
238.934138,0.0,0,0,22493089792,96.26083653229084,0,0.0,32,32,0.5,6,40.000000000000036,122.326322,1
236.088983,0.0,0,0,22493089792,93.18520381781283,0,0.0,32,1,0.5,7,49.999999999999936,140.535976,1
236.088983,0.0,0,0,22493089792,93.18520381781283,0,0.0,32,2,0.5,7,39.99999999999992,85.96558,1
236.088983,0.0,0,0,22493089792,93.18520381781283,0,0.0,32,3,0.5,7,29.999999999999915,92.528907,1
236.088983,0.0,0,0,22493089792,93.18520381781283,0,0.0,32,4,0.5,7,40.000000000000036,84.201896,1
236.088983,0.0,0,0,22493089792,93.18520381781283,0,0.0,32,5,0.5,7,39.99999999999992,111.859092,1
236.088983,0.0,0,0,22493089792,93.18520381781283,0,0.0,32,6,0.5,7,39.99999999999992,80.117447,1
236.088983,0.0,0,0,22493089792,93.18520381781283,0,0.0,32,7,0.5,7,39.99999999999992,41.378781,1
236.088983,0.0,0,0,22493089792,93.18520381781283,0,0.0,32,8,0.5,7,39.99999999999992,77.64503,1
236.088983,0.0,0,0,22493089792,93.18520381781283,0,0.0,32,9,0.5,7,39.99999999999992,147.955006,1
236.088983,0.0,0,0,22493089792,93.18520381781283,0,0.0,32,10,0.5,7,39.99999999999992,116.208486,1
236.088983,0.0,0,0,22493089792,93.18520381781283,0,0.0,32,11,0.5,7,49.999999999999936,163.58024,1
236.088983,0.0,0,0,22493089792,93.18520381781283,0,0.0,32,12,0.5,7,39.99999999999992,147.030998,1
236.088983,0.0,0,0,22493089792,93.18520381781283,0,0.0,32,13,0.5,7,39.99999999999992,160.430795,1
236.088983,0.0,0,0,22493089792,93.18520381781283,0,0.0,32,14,0.5,7,39.99999999999992,164.415257,1
236.088983,0.0,0,0,22493089792,93.18520381781283,0,0.0,32,15,0.5,7,39.99999999999992,163.993359,1
236.088983,0.0,0,0,22493089792,93.18520381781283,0,0.0,32,16,0.5,7,39.99999999999992,162.147563,1
236.088983,0.0,0,0,22493089792,93.18520381781283,0,0.0,32,17,0.5,7,39.99999999999992,96.192709,1
236.088983,0.0,0,0,22493089792,93.18520381781283,0,0.0,32,18,0.5,7,39.99999999999992,115.029132,1
236.088983,0.0,0,0,22493089792,93.18520381781283,0,0.0,32,19,0.5,7,39.99999999999992,155.147214,1
236.088983,0.0,0,0,22493089792,93.18520381781283,0,0.0,32,20,0.5,7,40.000000000000036,128.971256,1
236.088983,0.0,0,0,22493089792,93.18520381781283,0,0.0,32,21,0.5,7,40.000000000000036,70.177558,1
236.088983,0.0,0,0,22493089792,93.18520381781283,0,0.0,32,22,0.5,7,39.99999999999992,131.777011,1
236.088983,0.0,0,0,22493089792,93.18520381781283,0,0.0,32,23,0.5,7,50.00000000000004,126.000492,1
236.088983,0.0,0,0,22493089792,93.18520381781283,0,0.0,32,24,0.5,7,30.00000000000003,62.381525,1
236.088983,0.0,0,0,22493089792,93.18520381781283,0,0.0,32,25,0.5,7,39.99999999999992,114.99037,1
236.088983,0.0,0,0,22493089792,93.18520381781283,0,0.0,32,26,0.5,7,39.99999999999992,111.369861,1
236.088983,0.0,0,0,22493089792,93.18520381781283,0,0.0,32,27,0.5,7,40.000000000000036,133.941448,1
236.088983,0.0,0,0,22493089792,93.18520381781283,0,0.0,32,28,0.5,7,40.000000000000036,67.366388,1
236.088983,0.0,0,0,22493089792,93.18520381781283,0,0.0,32,29,0.5,7,40.000000000000036,123.404765,1
236.088983,0.0,0,0,22493089792,93.18520381781283,0,0.0,32,30,0.5,7,30.00000000000003,39.667533,1
236.088983,0.0,0,0,22493089792,93.18520381781283,0,0.0,32,31,0.5,7,40.000000000000036,74.962583,1
236.088983,0.0,0,0,22493089792,93.18520381781283,0,0.0,32,32,0.5,7,29.999999999999915,95.646074,1
239.418555,0.0,0,0,22492864512,95.36994045148887,-225280,0.0,32,1,0.5,8,40.000000000000036,110.084121,1
239.418555,0.0,0,0,22492864512,95.36994045148887,-225280,0.0,32,2,0.5,8,40.000000000000036,50.833197,1
239.418555,0.0,0,0,22492864512,95.36994045148887,-225280,0.0,32,3,0.5,8,50.00000000000004,106.504363,1
239.418555,0.0,0,0,22492864512,95.36994045148887,-225280,0.0,32,4,0.5,8,40.000000000000036,85.849716,1
239.418555,0.0,0,0,22492864512,95.36994045148887,-225280,0.0,32,5,0.5,8,40.000000000000036,169.277018,1
239.418555,0.0,0,0,22492864512,95.36994045148887,-225280,0.0,32,6,0.5,8,40.000000000000036,100.774448,1
239.418555,0.0,0,0,22492864512,95.36994045148887,-225280,0.0,32,7,0.5,8,50.00000000000004,190.007602,1
239.418555,0.0,0,0,22492864512,95.36994045148887,-225280,0.0,32,8,0.5,8,40.000000000000036,107.662778,1
239.418555,0.0,0,0,22492864512,95.36994045148887,-225280,0.0,32,9,0.5,8,40.000000000000036,107.730039,1
239.418555,0.0,0,0,22492864512,95.36994045148887,-225280,0.0,32,10,0.5,8,50.00000000000004,182.562307,1
239.418555,0.0,0,0,22492864512,95.36994045148887,-225280,0.0,32,11,0.5,8,40.000000000000036,131.527388,1
239.418555,0.0,0,0,22492864512,95.36994045148887,-225280,0.0,32,12,0.5,8,40.000000000000036,167.673227,1
239.418555,0.0,0,0,22492864512,95.36994045148887,-225280,0.0,32,13,0.5,8,40.000000000000036,159.125209,1
239.418555,0.0,0,0,22492864512,95.36994045148887,-225280,0.0,32,14,0.5,8,50.00000000000004,164.225947,1
239.418555,0.0,0,0,22492864512,95.36994045148887,-225280,0.0,32,15,0.5,8,50.00000000000004,129.7717,1
239.418555,0.0,0,0,22492864512,95.36994045148887,-225280,0.0,32,16,0.5,8,40.000000000000036,134.176808,1
239.418555,0.0,0,0,22492864512,95.36994045148887,-225280,0.0,32,17,0.5,8,40.000000000000036,164.508526,1
239.418555,0.0,0,0,22492864512,95.36994045148887,-225280,0.0,32,18,0.5,8,40.000000000000036,157.740127,1
239.418555,0.0,0,0,22492864512,95.36994045148887,-225280,0.0,32,19,0.5,8,40.000000000000036,170.259565,1
239.418555,0.0,0,0,22492864512,95.36994045148887,-225280,0.0,32,20,0.5,8,39.99999999999992,164.362384,1
239.418555,0.0,0,0,22492864512,95.36994045148887,-225280,0.0,32,21,0.5,8,39.99999999999992,100.315391,1
239.418555,0.0,0,0,22492864512,95.36994045148887,-225280,0.0,32,22,0.5,8,40.000000000000036,134.423683,1
239.418555,0.0,0,0,22492864512,95.36994045148887,-225280,0.0,32,23,0.5,8,39.99999999999992,161.372229,1
239.418555,0.0,0,0,22492864512,95.36994045148887,-225280,0.0,32,24,0.5,8,39.99999999999992,149.752547,1
239.418555,0.0,0,0,22492864512,95.36994045148887,-225280,0.0,32,25,0.5,8,50.00000000000004,151.403971,1
239.418555,0.0,0,0,22492864512,95.36994045148887,-225280,0.0,32,26,0.5,8,40.000000000000036,128.073847,1
239.418555,0.0,0,0,22492864512,95.36994045148887,-225280,0.0,32,27,0.5,8,39.99999999999992,85.131454,1
239.418555,0.0,0,0,22492864512,95.36994045148887,-225280,0.0,32,28,0.5,8,40.000000000000036,133.483454,1
239.418555,0.0,0,0,22492864512,95.36994045148887,-225280,0.0,32,29,0.5,8,39.99999999999992,135.300366,1
239.418555,0.0,0,0,22492864512,95.36994045148887,-225280,0.0,32,30,0.5,8,39.99999999999992,119.641531,1
239.418555,0.0,0,0,22492864512,95.36994045148887,-225280,0.0,32,31,0.5,8,40.000000000000036,131.519244,1
239.418555,0.0,0,0,22492864512,95.36994045148887,-225280,0.0,32,32,0.5,8,40.000000000000036,80.776643,1
240.99575000000002,0.0,0,0,22492831744,96.12894279943511,-32768,0.0,32,1,0.5,9,40.000000000000036,153.782443,1
240.99575000000002,0.0,0,0,22492831744,96.12894279943511,-32768,0.0,32,2,0.5,9,40.000000000000036,40.91865,1
240.99575000000002,0.0,0,0,22492831744,96.12894279943511,-32768,0.0,32,3,0.5,9,49.999999999999936,213.451798,1
240.99575000000002,0.0,0,0,22492831744,96.12894279943511,-32768,0.0,32,4,0.5,9,39.99999999999992,49.064914,1
240.99575000000002,0.0,0,0,22492831744,96.12894279943511,-32768,0.0,32,5,0.5,9,50.00000000000004,192.650894,1
240.99575000000002,0.0,0,0,22492831744,96.12894279943511,-32768,0.0,32,6,0.5,9,30.00000000000003,86.611308,1
240.99575000000002,0.0,0,0,22492831744,96.12894279943511,-32768,0.0,32,7,0.5,9,40.000000000000036,176.308418,1
240.99575000000002,0.0,0,0,22492831744,96.12894279943511,-32768,0.0,32,8,0.5,9,40.000000000000036,77.893172,1
240.99575000000002,0.0,0,0,22492831744,96.12894279943511,-32768,0.0,32,9,0.5,9,40.000000000000036,202.76202,1
240.99575000000002,0.0,0,0,22492831744,96.12894279943511,-32768,0.0,32,10,0.5,9,50.00000000000004,199.243933,1
240.99575000000002,0.0,0,0,22492831744,96.12894279943511,-32768,0.0,32,11,0.5,9,40.000000000000036,192.494871,1
240.99575000000002,0.0,0,0,22492831744,96.12894279943511,-32768,0.0,32,12,0.5,9,40.000000000000036,175.678852,1
240.99575000000002,0.0,0,0,22492831744,96.12894279943511,-32768,0.0,32,13,0.5,9,40.000000000000036,185.724626,1
240.99575000000002,0.0,0,0,22492831744,96.12894279943511,-32768,0.0,32,14,0.5,9,39.99999999999992,194.696003,1
240.99575000000002,0.0,0,0,22492831744,96.12894279943511,-32768,0.0,32,15,0.5,9,40.000000000000036,189.275006,1
240.99575000000002,0.0,0,0,22492831744,96.12894279943511,-32768,0.0,32,16,0.5,9,40.000000000000036,149.343462,1
240.99575000000002,0.0,0,0,22492831744,96.12894279943511,-32768,0.0,32,17,0.5,9,50.00000000000004,43.957593,1
240.99575000000002,0.0,0,0,22492831744,96.12894279943511,-32768,0.0,32,18,0.5,9,40.000000000000036,185.284433,1
240.99575000000002,0.0,0,0,22492831744,96.12894279943511,-32768,0.0,32,19,0.5,9,40.000000000000036,136.303584,1
240.99575000000002,0.0,0,0,22492831744,96.12894279943511,-32768,0.0,32,20,0.5,9,40.000000000000036,117.575984,1
240.99575000000002,0.0,0,0,22492831744,96.12894279943511,-32768,0.0,32,21,0.5,9,50.00000000000004,173.813649,1
240.99575000000002,0.0,0,0,22492831744,96.12894279943511,-32768,0.0,32,22,0.5,9,40.000000000000036,161.006533,1
240.99575000000002,0.0,0,0,22492831744,96.12894279943511,-32768,0.0,32,23,0.5,9,50.00000000000004,132.821233,1
240.99575000000002,0.0,0,0,22492831744,96.12894279943511,-32768,0.0,32,24,0.5,9,40.000000000000036,127.185669,1
240.99575000000002,0.0,0,0,22492831744,96.12894279943511,-32768,0.0,32,25,0.5,9,50.00000000000004,166.182088,1
240.99575000000002,0.0,0,0,22492831744,96.12894279943511,-32768,0.0,32,26,0.5,9,30.00000000000003,82.71622,1
240.99575000000002,0.0,0,0,22492831744,96.12894279943511,-32768,0.0,32,27,0.5,9,40.000000000000036,164.498081,1
240.99575000000002,0.0,0,0,22492831744,96.12894279943511,-32768,0.0,32,28,0.5,9,39.99999999999992,152.398772,1
240.99575000000002,0.0,0,0,22492831744,96.12894279943511,-32768,0.0,32,29,0.5,9,40.000000000000036,135.538267,1
240.99575000000002,0.0,0,0,22492831744,96.12894279943511,-32768,0.0,32,30,0.5,9,40.000000000000036,66.340709,1
240.99575000000002,0.0,0,0,22492831744,96.12894279943511,-32768,0.0,32,31,0.5,9,39.99999999999992,50.099066,1
240.99575000000002,0.0,0,0,22492831744,96.12894279943511,-32768,0.0,32,32,0.5,9,40.000000000000036,132.215359,1
228.631986,0.0,0,0,22492831744,95.49553286625434,0,0.0,32,1,0.5,10,39.99999999999992,56.576093,1
228.631986,0.0,0,0,22492831744,95.49553286625434,0,0.0,32,2,0.5,10,39.99999999999992,179.532094,1
228.631986,0.0,0,0,22492831744,95.49553286625434,0,0.0,32,3,0.5,10,40.000000000000036,187.415858,1
228.631986,0.0,0,0,22492831744,95.49553286625434,0,0.0,32,4,0.5,10,40.000000000000036,42.748094,1
228.631986,0.0,0,0,22492831744,95.49553286625434,0,0.0,32,5,0.5,10,39.99999999999992,41.033337,1
228.631986,0.0,0,0,22492831744,95.49553286625434,0,0.0,32,6,0.5,10,40.000000000000036,97.746797,1
228.631986,0.0,0,0,22492831744,95.49553286625434,0,0.0,32,7,0.5,10,39.99999999999992,42.675812,1
228.631986,0.0,0,0,22492831744,95.49553286625434,0,0.0,32,8,0.5,10,39.99999999999992,183.949606,1
228.631986,0.0,0,0,22492831744,95.49553286625434,0,0.0,32,9,0.5,10,39.99999999999992,73.52365,1
228.631986,0.0,0,0,22492831744,95.49553286625434,0,0.0,32,10,0.5,10,39.99999999999992,126.857947,1
228.631986,0.0,0,0,22492831744,95.49553286625434,0,0.0,32,11,0.5,10,39.99999999999992,180.738569,1
228.631986,0.0,0,0,22492831744,95.49553286625434,0,0.0,32,12,0.5,10,39.99999999999992,179.03965,1
228.631986,0.0,0,0,22492831744,95.49553286625434,0,0.0,32,13,0.5,10,39.99999999999992,178.071565,1
228.631986,0.0,0,0,22492831744,95.49553286625434,0,0.0,32,14,0.5,10,40.000000000000036,159.535055,1
228.631986,0.0,0,0,22492831744,95.49553286625434,0,0.0,32,15,0.5,10,39.99999999999992,178.831977,1
228.631986,0.0,0,0,22492831744,95.49553286625434,0,0.0,32,16,0.5,10,39.99999999999992,180.501931,1
228.631986,0.0,0,0,22492831744,95.49553286625434,0,0.0,32,17,0.5,10,39.99999999999992,63.858157,1
228.631986,0.0,0,0,22492831744,95.49553286625434,0,0.0,32,18,0.5,10,39.99999999999992,170.270704,1
228.631986,0.0,0,0,22492831744,95.49553286625434,0,0.0,32,19,0.5,10,39.99999999999992,146.461653,1
228.631986,0.0,0,0,22492831744,95.49553286625434,0,0.0,32,20,0.5,10,40.000000000000036,124.796645,1
228.631986,0.0,0,0,22492831744,95.49553286625434,0,0.0,32,21,0.5,10,49.999999999999936,173.434422,1
228.631986,0.0,0,0,22492831744,95.49553286625434,0,0.0,32,22,0.5,10,39.99999999999992,100.915384,1
228.631986,0.0,0,0,22492831744,95.49553286625434,0,0.0,32,23,0.5,10,39.99999999999992,168.390793,1
228.631986,0.0,0,0,22492831744,95.49553286625434,0,0.0,32,24,0.5,10,40.000000000000036,162.324636,1
228.631986,0.0,0,0,22492831744,95.49553286625434,0,0.0,32,25,0.5,10,39.99999999999992,160.574051,1
228.631986,0.0,0,0,22492831744,95.49553286625434,0,0.0,32,26,0.5,10,29.999999999999915,119.364373,1
228.631986,0.0,0,0,22492831744,95.49553286625434,0,0.0,32,27,0.5,10,40.000000000000036,84.228549,1
228.631986,0.0,0,0,22492831744,95.49553286625434,0,0.0,32,28,0.5,10,40.000000000000036,76.861692,1
228.631986,0.0,0,0,22492831744,95.49553286625434,0,0.0,32,29,0.5,10,40.000000000000036,156.476604,1
228.631986,0.0,0,0,22492831744,95.49553286625434,0,0.0,32,30,0.5,10,40.000000000000036,94.506803,1
228.631986,0.0,0,0,22492831744,95.49553286625434,0,0.0,32,31,0.5,10,40.000000000000036,146.711929,1
228.631986,0.0,0,0,22492831744,95.49553286625434,0,0.0,32,32,0.5,10,39.99999999999992,135.404545,1
233.643445,0.0,0,0,22492573696,94.1605701798959,-258048,0.0,32,1,0.5,11,40.000000000000036,174.844128,1
233.643445,0.0,0,0,22492573696,94.1605701798959,-258048,0.0,32,2,0.5,11,40.000000000000036,93.677515,1
233.643445,0.0,0,0,22492573696,94.1605701798959,-258048,0.0,32,3,0.5,11,30.00000000000003,109.008668,1
233.643445,0.0,0,0,22492573696,94.1605701798959,-258048,0.0,32,4,0.5,11,40.000000000000036,45.249622,1
233.643445,0.0,0,0,22492573696,94.1605701798959,-258048,0.0,32,5,0.5,11,40.000000000000036,199.985142,1
233.643445,0.0,0,0,22492573696,94.1605701798959,-258048,0.0,32,6,0.5,11,39.99999999999992,165.343546,1
233.643445,0.0,0,0,22492573696,94.1605701798959,-258048,0.0,32,7,0.5,11,40.000000000000036,63.668741,1
233.643445,0.0,0,0,22492573696,94.1605701798959,-258048,0.0,32,8,0.5,11,40.000000000000036,70.314953,1
233.643445,0.0,0,0,22492573696,94.1605701798959,-258048,0.0,32,9,0.5,11,40.000000000000036,102.243214,1
233.643445,0.0,0,0,22492573696,94.1605701798959,-258048,0.0,32,10,0.5,11,40.000000000000036,199.217346,1
233.643445,0.0,0,0,22492573696,94.1605701798959,-258048,0.0,32,11,0.5,11,40.000000000000036,192.67575,1
233.643445,0.0,0,0,22492573696,94.1605701798959,-258048,0.0,32,12,0.5,11,40.000000000000036,82.675578,1
233.643445,0.0,0,0,22492573696,94.1605701798959,-258048,0.0,32,13,0.5,11,40.000000000000036,174.492574,1
233.643445,0.0,0,0,22492573696,94.1605701798959,-258048,0.0,32,14,0.5,11,40.000000000000036,178.059825,1
233.643445,0.0,0,0,22492573696,94.1605701798959,-258048,0.0,32,15,0.5,11,30.00000000000003,107.851068,1
233.643445,0.0,0,0,22492573696,94.1605701798959,-258048,0.0,32,16,0.5,11,50.00000000000004,130.435047,1
233.643445,0.0,0,0,22492573696,94.1605701798959,-258048,0.0,32,17,0.5,11,30.00000000000003,171.368282,1
233.643445,0.0,0,0,22492573696,94.1605701798959,-258048,0.0,32,18,0.5,11,40.000000000000036,94.700525,1
233.643445,0.0,0,0,22492573696,94.1605701798959,-258048,0.0,32,19,0.5,11,40.000000000000036,118.073825,1
233.643445,0.0,0,0,22492573696,94.1605701798959,-258048,0.0,32,20,0.5,11,49.999999999999936,176.599536,1
233.643445,0.0,0,0,22492573696,94.1605701798959,-258048,0.0,32,21,0.5,11,40.000000000000036,100.1702,1
233.643445,0.0,0,0,22492573696,94.1605701798959,-258048,0.0,32,22,0.5,11,40.000000000000036,177.777337,1
233.643445,0.0,0,0,22492573696,94.1605701798959,-258048,0.0,32,23,0.5,11,40.000000000000036,82.824265,1
233.643445,0.0,0,0,22492573696,94.1605701798959,-258048,0.0,32,24,0.5,11,39.99999999999992,43.878811,1
233.643445,0.0,0,0,22492573696,94.1605701798959,-258048,0.0,32,25,0.5,11,40.000000000000036,119.950691,1
233.643445,0.0,0,0,22492573696,94.1605701798959,-258048,0.0,32,26,0.5,11,40.000000000000036,108.936646,1
233.643445,0.0,0,0,22492573696,94.1605701798959,-258048,0.0,32,27,0.5,11,39.99999999999992,135.556373,1
233.643445,0.0,0,0,22492573696,94.1605701798959,-258048,0.0,32,28,0.5,11,30.00000000000003,140.182811,1
233.643445,0.0,0,0,22492573696,94.1605701798959,-258048,0.0,32,29,0.5,11,39.99999999999992,137.756124,1
233.643445,0.0,0,0,22492573696,94.1605701798959,-258048,0.0,32,30,0.5,11,39.99999999999992,74.840901,1
233.643445,0.0,0,0,22492573696,94.1605701798959,-258048,0.0,32,31,0.5,11,40.000000000000036,47.724588,1
233.643445,0.0,0,0,22492573696,94.1605701798959,-258048,0.0,32,32,0.5,11,50.00000000000004,135.619752,1
233.18673900000002,0.0,0,0,22492573696,95.05972235696238,0,0.0,32,1,0.5,12,40.000000000000036,201.830114,1
233.18673900000002,0.0,0,0,22492573696,95.05972235696238,0,0.0,32,2,0.5,12,40.000000000000036,182.365722,1
233.18673900000002,0.0,0,0,22492573696,95.05972235696238,0,0.0,32,3,0.5,12,50.00000000000004,98.310419,1
233.18673900000002,0.0,0,0,22492573696,95.05972235696238,0,0.0,32,4,0.5,12,39.99999999999992,46.05115,1
233.18673900000002,0.0,0,0,22492573696,95.05972235696238,0,0.0,32,5,0.5,12,40.000000000000036,57.41546,1
233.18673900000002,0.0,0,0,22492573696,95.05972235696238,0,0.0,32,6,0.5,12,40.000000000000036,70.574742,1
233.18673900000002,0.0,0,0,22492573696,95.05972235696238,0,0.0,32,7,0.5,12,40.000000000000036,209.729227,1
233.18673900000002,0.0,0,0,22492573696,95.05972235696238,0,0.0,32,8,0.5,12,40.000000000000036,180.654342,1
233.18673900000002,0.0,0,0,22492573696,95.05972235696238,0,0.0,32,9,0.5,12,40.000000000000036,175.859211,1
233.18673900000002,0.0,0,0,22492573696,95.05972235696238,0,0.0,32,10,0.5,12,50.00000000000004,200.555189,1
233.18673900000002,0.0,0,0,22492573696,95.05972235696238,0,0.0,32,11,0.5,12,40.000000000000036,99.203178,1
233.18673900000002,0.0,0,0,22492573696,95.05972235696238,0,0.0,32,12,0.5,12,40.000000000000036,153.919833,1
233.18673900000002,0.0,0,0,22492573696,95.05972235696238,0,0.0,32,13,0.5,12,40.000000000000036,163.257631,1
233.18673900000002,0.0,0,0,22492573696,95.05972235696238,0,0.0,32,14,0.5,12,40.000000000000036,179.636577,1
233.18673900000002,0.0,0,0,22492573696,95.05972235696238,0,0.0,32,15,0.5,12,40.000000000000036,134.91722,1
233.18673900000002,0.0,0,0,22492573696,95.05972235696238,0,0.0,32,16,0.5,12,40.000000000000036,184.577812,1
233.18673900000002,0.0,0,0,22492573696,95.05972235696238,0,0.0,32,17,0.5,12,50.00000000000004,94.373339,1
233.18673900000002,0.0,0,0,22492573696,95.05972235696238,0,0.0,32,18,0.5,12,40.000000000000036,167.647615,1
233.18673900000002,0.0,0,0,22492573696,95.05972235696238,0,0.0,32,19,0.5,12,40.000000000000036,159.991671,1
233.18673900000002,0.0,0,0,22492573696,95.05972235696238,0,0.0,32,20,0.5,12,40.000000000000036,166.283952,1
233.18673900000002,0.0,0,0,22492573696,95.05972235696238,0,0.0,32,21,0.5,12,30.00000000000003,40.59318,1
233.18673900000002,0.0,0,0,22492573696,95.05972235696238,0,0.0,32,22,0.5,12,40.000000000000036,66.65997,1
233.18673900000002,0.0,0,0,22492573696,95.05972235696238,0,0.0,32,23,0.5,12,40.000000000000036,111.073074,1
233.18673900000002,0.0,0,0,22492573696,95.05972235696238,0,0.0,32,24,0.5,12,40.000000000000036,104.317778,1
233.18673900000002,0.0,0,0,22492573696,95.05972235696238,0,0.0,32,25,0.5,12,40.000000000000036,131.266421,1
233.18673900000002,0.0,0,0,22492573696,95.05972235696238,0,0.0,32,26,0.5,12,40.000000000000036,124.520459,1
233.18673900000002,0.0,0,0,22492573696,95.05972235696238,0,0.0,32,27,0.5,12,40.000000000000036,124.25065,1
233.18673900000002,0.0,0,0,22492573696,95.05972235696238,0,0.0,32,28,0.5,12,50.00000000000004,173.218317,1
233.18673900000002,0.0,0,0,22492573696,95.05972235696238,0,0.0,32,29,0.5,12,40.000000000000036,146.612611,1
233.18673900000002,0.0,0,0,22492573696,95.05972235696238,0,0.0,32,30,0.5,12,50.00000000000004,163.194867,1
233.18673900000002,0.0,0,0,22492573696,95.05972235696238,0,0.0,32,31,0.5,12,40.000000000000036,162.955176,1
233.18673900000002,0.0,0,0,22492573696,95.05972235696238,0,0.0,32,32,0.5,12,40.000000000000036,162.770009,1
240.224537,0.0,0,0,22492315648,94.35616756610176,-258048,0.0,32,1,0.5,13,40.000000000000036,50.188731,1
240.224537,0.0,0,0,22492315648,94.35616756610176,-258048,0.0,32,2,0.5,13,49.999999999999936,127.125823,1
240.224537,0.0,0,0,22492315648,94.35616756610176,-258048,0.0,32,3,0.5,13,39.99999999999992,215.732308,1
240.224537,0.0,0,0,22492315648,94.35616756610176,-258048,0.0,32,4,0.5,13,40.000000000000036,137.602461,1
240.224537,0.0,0,0,22492315648,94.35616756610176,-258048,0.0,32,5,0.5,13,39.99999999999992,213.378113,1
240.224537,0.0,0,0,22492315648,94.35616756610176,-258048,0.0,32,6,0.5,13,40.000000000000036,186.998953,1
240.224537,0.0,0,0,22492315648,94.35616756610176,-258048,0.0,32,7,0.5,13,39.99999999999992,181.558288,1
240.224537,0.0,0,0,22492315648,94.35616756610176,-258048,0.0,32,8,0.5,13,40.000000000000036,144.044867,1
240.224537,0.0,0,0,22492315648,94.35616756610176,-258048,0.0,32,9,0.5,13,39.99999999999992,171.710223,1
240.224537,0.0,0,0,22492315648,94.35616756610176,-258048,0.0,32,10,0.5,13,39.99999999999992,116.001549,1
240.224537,0.0,0,0,22492315648,94.35616756610176,-258048,0.0,32,11,0.5,13,49.999999999999936,191.914507,1
240.224537,0.0,0,0,22492315648,94.35616756610176,-258048,0.0,32,12,0.5,13,40.000000000000036,198.535393,1
240.224537,0.0,0,0,22492315648,94.35616756610176,-258048,0.0,32,13,0.5,13,39.99999999999992,174.88741,1
240.224537,0.0,0,0,22492315648,94.35616756610176,-258048,0.0,32,14,0.5,13,49.999999999999936,193.563963,1
240.224537,0.0,0,0,22492315648,94.35616756610176,-258048,0.0,32,15,0.5,13,40.000000000000036,188.617913,1
240.224537,0.0,0,0,22492315648,94.35616756610176,-258048,0.0,32,16,0.5,13,39.99999999999992,108.00676,1
240.224537,0.0,0,0,22492315648,94.35616756610176,-258048,0.0,32,17,0.5,13,39.99999999999992,191.222463,1
240.224537,0.0,0,0,22492315648,94.35616756610176,-258048,0.0,32,18,0.5,13,40.000000000000036,72.912141,1
240.224537,0.0,0,0,22492315648,94.35616756610176,-258048,0.0,32,19,0.5,13,40.000000000000036,152.600748,1
240.224537,0.0,0,0,22492315648,94.35616756610176,-258048,0.0,32,20,0.5,13,40.000000000000036,145.249478,1
240.224537,0.0,0,0,22492315648,94.35616756610176,-258048,0.0,32,21,0.5,13,50.00000000000004,172.808335,1
240.224537,0.0,0,0,22492315648,94.35616756610176,-258048,0.0,32,22,0.5,13,40.000000000000036,162.532964,1
240.224537,0.0,0,0,22492315648,94.35616756610176,-258048,0.0,32,23,0.5,13,40.000000000000036,120.884666,1
240.224537,0.0,0,0,22492315648,94.35616756610176,-258048,0.0,32,24,0.5,13,40.000000000000036,182.236143,1
240.224537,0.0,0,0,22492315648,94.35616756610176,-258048,0.0,32,25,0.5,13,39.99999999999992,167.469583,1
240.224537,0.0,0,0,22492315648,94.35616756610176,-258048,0.0,32,26,0.5,13,49.999999999999936,134.309957,1
240.224537,0.0,0,0,22492315648,94.35616756610176,-258048,0.0,32,27,0.5,13,40.000000000000036,96.37484,1
240.224537,0.0,0,0,22492315648,94.35616756610176,-258048,0.0,32,28,0.5,13,39.99999999999992,110.400356,1
240.224537,0.0,0,0,22492315648,94.35616756610176,-258048,0.0,32,29,0.5,13,40.000000000000036,120.650086,1
240.224537,0.0,0,0,22492315648,94.35616756610176,-258048,0.0,32,30,0.5,13,40.000000000000036,96.226651,1
240.224537,0.0,0,0,22492315648,94.35616756610176,-258048,0.0,32,31,0.5,13,39.99999999999992,96.089054,1
240.224537,0.0,0,0,22492315648,94.35616756610176,-258048,0.0,32,32,0.5,13,40.000000000000036,131.992236,1
235.00151599999998,0.0,0,0,22492090368,95.7440632000266,-225280,0.0,32,1,0.5,14,39.99999999999992,192.516872,1
235.00151599999998,0.0,0,0,22492090368,95.7440632000266,-225280,0.0,32,2,0.5,14,40.000000000000036,155.278739,1
235.00151599999998,0.0,0,0,22492090368,95.7440632000266,-225280,0.0,32,3,0.5,14,40.000000000000036,94.034061,1
235.00151599999998,0.0,0,0,22492090368,95.7440632000266,-225280,0.0,32,4,0.5,14,40.000000000000036,123.902571,1
235.00151599999998,0.0,0,0,22492090368,95.7440632000266,-225280,0.0,32,5,0.5,14,40.000000000000036,96.070351,1
235.00151599999998,0.0,0,0,22492090368,95.7440632000266,-225280,0.0,32,6,0.5,14,39.99999999999992,139.16773,1
235.00151599999998,0.0,0,0,22492090368,95.7440632000266,-225280,0.0,32,7,0.5,14,30.00000000000003,126.811921,1
235.00151599999998,0.0,0,0,22492090368,95.7440632000266,-225280,0.0,32,8,0.5,14,39.99999999999992,114.915777,1
235.00151599999998,0.0,0,0,22492090368,95.7440632000266,-225280,0.0,32,9,0.5,14,50.00000000000004,188.00191,1
235.00151599999998,0.0,0,0,22492090368,95.7440632000266,-225280,0.0,32,10,0.5,14,40.000000000000036,163.739228,1
235.00151599999998,0.0,0,0,22492090368,95.7440632000266,-225280,0.0,32,11,0.5,14,40.000000000000036,175.275799,1
235.00151599999998,0.0,0,0,22492090368,95.7440632000266,-225280,0.0,32,12,0.5,14,39.99999999999992,159.518603,1
235.00151599999998,0.0,0,0,22492090368,95.7440632000266,-225280,0.0,32,13,0.5,14,40.000000000000036,183.506194,1
235.00151599999998,0.0,0,0,22492090368,95.7440632000266,-225280,0.0,32,14,0.5,14,40.000000000000036,124.090476,1
235.00151599999998,0.0,0,0,22492090368,95.7440632000266,-225280,0.0,32,15,0.5,14,39.99999999999992,147.34825,1
235.00151599999998,0.0,0,0,22492090368,95.7440632000266,-225280,0.0,32,16,0.5,14,40.000000000000036,171.947434,1
235.00151599999998,0.0,0,0,22492090368,95.7440632000266,-225280,0.0,32,17,0.5,14,40.000000000000036,158.201667,1
235.00151599999998,0.0,0,0,22492090368,95.7440632000266,-225280,0.0,32,18,0.5,14,39.99999999999992,166.361342,1
235.00151599999998,0.0,0,0,22492090368,95.7440632000266,-225280,0.0,32,19,0.5,14,39.99999999999992,172.599318,1
235.00151599999998,0.0,0,0,22492090368,95.7440632000266,-225280,0.0,32,20,0.5,14,39.99999999999992,169.97331,1
235.00151599999998,0.0,0,0,22492090368,95.7440632000266,-225280,0.0,32,21,0.5,14,39.99999999999992,139.150296,1
235.00151599999998,0.0,0,0,22492090368,95.7440632000266,-225280,0.0,32,22,0.5,14,39.99999999999992,124.171681,1
235.00151599999998,0.0,0,0,22492090368,95.7440632000266,-225280,0.0,32,23,0.5,14,39.99999999999992,107.852796,1
235.00151599999998,0.0,0,0,22492090368,95.7440632000266,-225280,0.0,32,24,0.5,14,49.999999999999936,160.590303,1
235.00151599999998,0.0,0,0,22492090368,95.7440632000266,-225280,0.0,32,25,0.5,14,40.000000000000036,70.561032,1
235.00151599999998,0.0,0,0,22492090368,95.7440632000266,-225280,0.0,32,26,0.5,14,40.000000000000036,68.902828,1
235.00151599999998,0.0,0,0,22492090368,95.7440632000266,-225280,0.0,32,27,0.5,14,49.999999999999936,140.249586,1
235.00151599999998,0.0,0,0,22492090368,95.7440632000266,-225280,0.0,32,28,0.5,14,40.000000000000036,135.497686,1
235.00151599999998,0.0,0,0,22492090368,95.7440632000266,-225280,0.0,32,29,0.5,14,39.99999999999992,115.958646,1
235.00151599999998,0.0,0,0,22492090368,95.7440632000266,-225280,0.0,32,30,0.5,14,39.99999999999992,116.528456,1
235.00151599999998,0.0,0,0,22492090368,95.7440632000266,-225280,0.0,32,31,0.5,14,50.00000000000004,121.410206,1
235.00151599999998,0.0,0,0,22492090368,95.7440632000266,-225280,0.0,32,32,0.5,14,39.99999999999992,108.874479,1
235.724887,3.393786757865749,0,106496,22491803648,95.4502525649356,-286720,0.0,32,1,0.5,15,40.000000000000036,96.530804,1
235.724887,3.393786757865749,0,106496,22491803648,95.4502525649356,-286720,0.0,32,2,0.5,15,40.000000000000036,78.861213,1
235.724887,3.393786757865749,0,106496,22491803648,95.4502525649356,-286720,0.0,32,3,0.5,15,40.000000000000036,172.315073,1
235.724887,3.393786757865749,0,106496,22491803648,95.4502525649356,-286720,0.0,32,4,0.5,15,39.99999999999992,117.540666,1
235.724887,3.393786757865749,0,106496,22491803648,95.4502525649356,-286720,0.0,32,5,0.5,15,40.000000000000036,191.577495,1
235.724887,3.393786757865749,0,106496,22491803648,95.4502525649356,-286720,0.0,32,6,0.5,15,40.000000000000036,167.974872,1
235.724887,3.393786757865749,0,106496,22491803648,95.4502525649356,-286720,0.0,32,7,0.5,15,40.000000000000036,174.959108,1
235.724887,3.393786757865749,0,106496,22491803648,95.4502525649356,-286720,0.0,32,8,0.5,15,40.000000000000036,67.061085,1
235.724887,3.393786757865749,0,106496,22491803648,95.4502525649356,-286720,0.0,32,9,0.5,15,40.000000000000036,95.544906,1
235.724887,3.393786757865749,0,106496,22491803648,95.4502525649356,-286720,0.0,32,10,0.5,15,40.000000000000036,74.311013,1
235.724887,3.393786757865749,0,106496,22491803648,95.4502525649356,-286720,0.0,32,11,0.5,15,40.000000000000036,179.350311,1
235.724887,3.393786757865749,0,106496,22491803648,95.4502525649356,-286720,0.0,32,12,0.5,15,40.000000000000036,157.895458,1
235.724887,3.393786757865749,0,106496,22491803648,95.4502525649356,-286720,0.0,32,13,0.5,15,40.000000000000036,182.825896,1
235.724887,3.393786757865749,0,106496,22491803648,95.4502525649356,-286720,0.0,32,14,0.5,15,40.000000000000036,178.792755,1
235.724887,3.393786757865749,0,106496,22491803648,95.4502525649356,-286720,0.0,32,15,0.5,15,40.000000000000036,147.396801,1
235.724887,3.393786757865749,0,106496,22491803648,95.4502525649356,-286720,0.0,32,16,0.5,15,40.000000000000036,94.566097,1
235.724887,3.393786757865749,0,106496,22491803648,95.4502525649356,-286720,0.0,32,17,0.5,15,40.000000000000036,153.979032,1
235.724887,3.393786757865749,0,106496,22491803648,95.4502525649356,-286720,0.0,32,18,0.5,15,40.000000000000036,96.883694,1
235.724887,3.393786757865749,0,106496,22491803648,95.4502525649356,-286720,0.0,32,19,0.5,15,40.000000000000036,154.322066,1
235.724887,3.393786757865749,0,106496,22491803648,95.4502525649356,-286720,0.0,32,20,0.5,15,40.000000000000036,54.977775,1
235.724887,3.393786757865749,0,106496,22491803648,95.4502525649356,-286720,0.0,32,21,0.5,15,40.000000000000036,148.559356,1
235.724887,3.393786757865749,0,106496,22491803648,95.4502525649356,-286720,0.0,32,22,0.5,15,40.000000000000036,114.960861,1
235.724887,3.393786757865749,0,106496,22491803648,95.4502525649356,-286720,0.0,32,23,0.5,15,40.000000000000036,135.250623,1
235.724887,3.393786757865749,0,106496,22491803648,95.4502525649356,-286720,0.0,32,24,0.5,15,30.00000000000003,133.397875,1
235.724887,3.393786757865749,0,106496,22491803648,95.4502525649356,-286720,0.0,32,25,0.5,15,30.00000000000003,148.564151,1
235.724887,3.393786757865749,0,106496,22491803648,95.4502525649356,-286720,0.0,32,26,0.5,15,40.000000000000036,149.138104,1
235.724887,3.393786757865749,0,106496,22491803648,95.4502525649356,-286720,0.0,32,27,0.5,15,40.000000000000036,62.582168,1
235.724887,3.393786757865749,0,106496,22491803648,95.4502525649356,-286720,0.0,32,28,0.5,15,40.000000000000036,61.537736,1
235.724887,3.393786757865749,0,106496,22491803648,95.4502525649356,-286720,0.0,32,29,0.5,15,30.00000000000003,118.549429,1
235.724887,3.393786757865749,0,106496,22491803648,95.4502525649356,-286720,0.0,32,30,0.5,15,30.00000000000003,136.941083,1
235.724887,3.393786757865749,0,106496,22491803648,95.4502525649356,-286720,0.0,32,31,0.5,15,39.99999999999992,145.045398,1
235.724887,3.393786757865749,0,106496,22491803648,95.4502525649356,-286720,0.0,32,32,0.5,15,30.00000000000003,83.700549,1
237.180484,0.0,0,0,22470397952,95.5671659168904,-106496,0.0,32,1,0.5,1,39.99999999999998,178.536507,2
237.180484,0.0,0,0,22470397952,95.5671659168904,-106496,0.0,32,2,0.5,1,40.000000000000036,147.455652,2
237.180484,0.0,0,0,22470397952,95.5671659168904,-106496,0.0,32,3,0.5,1,40.000000000000036,173.471174,2
237.180484,0.0,0,0,22470397952,95.5671659168904,-106496,0.0,32,4,0.5,1,39.99999999999998,103.257804,2
237.180484,0.0,0,0,22470397952,95.5671659168904,-106496,0.0,32,5,0.5,1,39.99999999999998,209.060672,2
237.180484,0.0,0,0,22470397952,95.5671659168904,-106496,0.0,32,6,0.5,1,40.000000000000036,154.322623,2
237.180484,0.0,0,0,22470397952,95.5671659168904,-106496,0.0,32,7,0.5,1,39.99999999999998,210.911951,2
237.180484,0.0,0,0,22470397952,95.5671659168904,-106496,0.0,32,8,0.5,1,40.00000000000001,165.86188,2
237.180484,0.0,0,0,22470397952,95.5671659168904,-106496,0.0,32,9,0.5,1,39.99999999999998,135.169774,2
237.180484,0.0,0,0,22470397952,95.5671659168904,-106496,0.0,32,10,0.5,1,40.00000000000001,208.055561,2
237.180484,0.0,0,0,22470397952,95.5671659168904,-106496,0.0,32,11,0.5,1,40.000000000000036,183.336983,2
237.180484,0.0,0,0,22470397952,95.5671659168904,-106496,0.0,32,12,0.5,1,49.999999999999986,209.657386,2
237.180484,0.0,0,0,22470397952,95.5671659168904,-106496,0.0,32,13,0.5,1,40.000000000000036,192.696094,2
237.180484,0.0,0,0,22470397952,95.5671659168904,-106496,0.0,32,14,0.5,1,40.000000000000036,159.25579,2
237.180484,0.0,0,0,22470397952,95.5671659168904,-106496,0.0,32,15,0.5,1,30.00000000000003,197.095733,2
237.180484,0.0,0,0,22470397952,95.5671659168904,-106496,0.0,32,16,0.5,1,39.99999999999998,167.044806,2
237.180484,0.0,0,0,22470397952,95.5671659168904,-106496,0.0,32,17,0.5,1,50.000000000000014,128.653554,2
237.180484,0.0,0,0,22470397952,95.5671659168904,-106496,0.0,32,18,0.5,1,39.99999999999998,178.256114,2
237.180484,0.0,0,0,22470397952,95.5671659168904,-106496,0.0,32,19,0.5,1,39.99999999999998,186.718242,2
237.180484,0.0,0,0,22470397952,95.5671659168904,-106496,0.0,32,20,0.5,1,49.999999999999986,182.068203,2
237.180484,0.0,0,0,22470397952,95.5671659168904,-106496,0.0,32,21,0.5,1,40.000000000000036,175.234529,2
237.180484,0.0,0,0,22470397952,95.5671659168904,-106496,0.0,32,22,0.5,1,40.000000000000036,158.444568,2
237.180484,0.0,0,0,22470397952,95.5671659168904,-106496,0.0,32,23,0.5,1,39.99999999999998,171.693242,2
237.180484,0.0,0,0,22470397952,95.5671659168904,-106496,0.0,32,24,0.5,1,40.000000000000036,139.320227,2
237.180484,0.0,0,0,22470397952,95.5671659168904,-106496,0.0,32,25,0.5,1,50.000000000000014,168.032083,2
237.180484,0.0,0,0,22470397952,95.5671659168904,-106496,0.0,32,26,0.5,1,40.000000000000036,175.880897,2
237.180484,0.0,0,0,22470397952,95.5671659168904,-106496,0.0,32,27,0.5,1,40.000000000000036,148.822785,2
237.180484,0.0,0,0,22470397952,95.5671659168904,-106496,0.0,32,28,0.5,1,40.000000000000036,135.278446,2
237.180484,0.0,0,0,22470397952,95.5671659168904,-106496,0.0,32,29,0.5,1,40.000000000000036,148.356586,2
237.180484,0.0,0,0,22470397952,95.5671659168904,-106496,0.0,32,30,0.5,1,40.000000000000036,112.714172,2
237.180484,0.0,0,0,22470397952,95.5671659168904,-106496,0.0,32,31,0.5,1,30.00000000000003,145.825385,2
237.180484,0.0,0,0,22470397952,95.5671659168904,-106496,0.0,32,32,0.5,1,40.00000000000001,119.485244,2
235.243711,0.0,0,0,22470397952,96.35397507677138,0,0.0,32,1,0.5,2,50.00000000000004,84.597012,2
235.243711,0.0,0,0,22470397952,96.35397507677138,0,0.0,32,2,0.5,2,39.99999999999998,73.726094,2
235.243711,0.0,0,0,22470397952,96.35397507677138,0,0.0,32,3,0.5,2,39.99999999999998,39.912886,2
235.243711,0.0,0,0,22470397952,96.35397507677138,0,0.0,32,4,0.5,2,40.000000000000036,184.238273,2
235.243711,0.0,0,0,22470397952,96.35397507677138,0,0.0,32,5,0.5,2,40.000000000000036,135.69312,2
235.243711,0.0,0,0,22470397952,96.35397507677138,0,0.0,32,6,0.5,2,39.99999999999998,92.130876,2
235.243711,0.0,0,0,22470397952,96.35397507677138,0,0.0,32,7,0.5,2,40.000000000000036,76.498739,2
235.243711,0.0,0,0,22470397952,96.35397507677138,0,0.0,32,8,0.5,2,39.99999999999998,132.00926,2
235.243711,0.0,0,0,22470397952,96.35397507677138,0,0.0,32,9,0.5,2,40.000000000000036,192.963031,2
235.243711,0.0,0,0,22470397952,96.35397507677138,0,0.0,32,10,0.5,2,49.999999999999986,132.244093,2
235.243711,0.0,0,0,22470397952,96.35397507677138,0,0.0,32,11,0.5,2,39.99999999999998,116.099953,2
235.243711,0.0,0,0,22470397952,96.35397507677138,0,0.0,32,12,0.5,2,40.000000000000036,171.822345,2
235.243711,0.0,0,0,22470397952,96.35397507677138,0,0.0,32,13,0.5,2,39.99999999999998,60.393828,2
235.243711,0.0,0,0,22470397952,96.35397507677138,0,0.0,32,14,0.5,2,49.999999999999986,179.126513,2
235.243711,0.0,0,0,22470397952,96.35397507677138,0,0.0,32,15,0.5,2,49.999999999999986,170.479512,2
235.243711,0.0,0,0,22470397952,96.35397507677138,0,0.0,32,16,0.5,2,40.000000000000036,172.262698,2
235.243711,0.0,0,0,22470397952,96.35397507677138,0,0.0,32,17,0.5,2,39.99999999999998,127.903925,2
235.243711,0.0,0,0,22470397952,96.35397507677138,0,0.0,32,18,0.5,2,40.000000000000036,119.378737,2
235.243711,0.0,0,0,22470397952,96.35397507677138,0,0.0,32,19,0.5,2,40.000000000000036,150.211189,2
235.243711,0.0,0,0,22470397952,96.35397507677138,0,0.0,32,20,0.5,2,40.000000000000036,124.859558,2
235.243711,0.0,0,0,22470397952,96.35397507677138,0,0.0,32,21,0.5,2,39.99999999999998,156.200763,2
235.243711,0.0,0,0,22470397952,96.35397507677138,0,0.0,32,22,0.5,2,39.99999999999998,141.74157,2
235.243711,0.0,0,0,22470397952,96.35397507677138,0,0.0,32,23,0.5,2,40.000000000000036,48.929413,2
235.243711,0.0,0,0,22470397952,96.35397507677138,0,0.0,32,24,0.5,2,39.99999999999998,142.567201,2
235.243711,0.0,0,0,22470397952,96.35397507677138,0,0.0,32,25,0.5,2,39.99999999999998,121.96259,2
235.243711,0.0,0,0,22470397952,96.35397507677138,0,0.0,32,26,0.5,2,39.99999999999998,146.581492,2
235.243711,0.0,0,0,22470397952,96.35397507677138,0,0.0,32,27,0.5,2,39.99999999999998,54.129675,2
235.243711,0.0,0,0,22470397952,96.35397507677138,0,0.0,32,28,0.5,2,39.99999999999998,114.110758,2
235.243711,0.0,0,0,22470397952,96.35397507677138,0,0.0,32,29,0.5,2,39.99999999999998,90.472177,2
235.243711,0.0,0,0,22470397952,96.35397507677138,0,0.0,32,30,0.5,2,39.99999999999998,47.64427,2
235.243711,0.0,0,0,22470397952,96.35397507677138,0,0.0,32,31,0.5,2,39.99999999999998,118.283346,2
235.243711,0.0,0,0,22470397952,96.35397507677138,0,0.0,32,32,0.5,2,49.999999999999986,112.337577,2
249.653674,0.0,0,0,22470397952,94.13039921854934,0,0.0,32,1,0.5,3,49.999999999999986,93.226324,2
249.653674,0.0,0,0,22470397952,94.13039921854934,0,0.0,32,2,0.5,3,49.999999999999986,128.864345,2
249.653674,0.0,0,0,22470397952,94.13039921854934,0,0.0,32,3,0.5,3,49.999999999999986,167.689841,2
249.653674,0.0,0,0,22470397952,94.13039921854934,0,0.0,32,4,0.5,3,39.99999999999998,41.266025,2
249.653674,0.0,0,0,22470397952,94.13039921854934,0,0.0,32,5,0.5,3,49.999999999999986,163.080862,2
249.653674,0.0,0,0,22470397952,94.13039921854934,0,0.0,32,6,0.5,3,39.99999999999998,171.168616,2
249.653674,0.0,0,0,22470397952,94.13039921854934,0,0.0,32,7,0.5,3,49.999999999999986,185.01007,2
249.653674,0.0,0,0,22470397952,94.13039921854934,0,0.0,32,8,0.5,3,49.999999999999986,155.52309,2
249.653674,0.0,0,0,22470397952,94.13039921854934,0,0.0,32,9,0.5,3,49.999999999999986,203.937641,2
249.653674,0.0,0,0,22470397952,94.13039921854934,0,0.0,32,10,0.5,3,39.99999999999998,196.09804,2
249.653674,0.0,0,0,22470397952,94.13039921854934,0,0.0,32,11,0.5,3,39.99999999999998,135.974004,2
249.653674,0.0,0,0,22470397952,94.13039921854934,0,0.0,32,12,0.5,3,49.999999999999986,95.843196,2
249.653674,0.0,0,0,22470397952,94.13039921854934,0,0.0,32,13,0.5,3,49.999999999999986,186.150694,2
249.653674,0.0,0,0,22470397952,94.13039921854934,0,0.0,32,14,0.5,3,39.99999999999998,202.742958,2
249.653674,0.0,0,0,22470397952,94.13039921854934,0,0.0,32,15,0.5,3,39.99999999999998,112.139119,2
249.653674,0.0,0,0,22470397952,94.13039921854934,0,0.0,32,16,0.5,3,49.999999999999986,187.630863,2
249.653674,0.0,0,0,22470397952,94.13039921854934,0,0.0,32,17,0.5,3,39.99999999999998,151.879862,2
249.653674,0.0,0,0,22470397952,94.13039921854934,0,0.0,32,18,0.5,3,39.99999999999998,174.820891,2
249.653674,0.0,0,0,22470397952,94.13039921854934,0,0.0,32,19,0.5,3,39.99999999999998,161.027651,2
249.653674,0.0,0,0,22470397952,94.13039921854934,0,0.0,32,20,0.5,3,39.99999999999998,134.582656,2
249.653674,0.0,0,0,22470397952,94.13039921854934,0,0.0,32,21,0.5,3,39.99999999999998,141.721716,2
249.653674,0.0,0,0,22470397952,94.13039921854934,0,0.0,32,22,0.5,3,39.99999999999998,103.328677,2
249.653674,0.0,0,0,22470397952,94.13039921854934,0,0.0,32,23,0.5,3,39.99999999999998,150.317921,2
249.653674,0.0,0,0,22470397952,94.13039921854934,0,0.0,32,24,0.5,3,39.99999999999998,124.263863,2
249.653674,0.0,0,0,22470397952,94.13039921854934,0,0.0,32,25,0.5,3,39.99999999999998,131.790762,2
249.653674,0.0,0,0,22470397952,94.13039921854934,0,0.0,32,26,0.5,3,39.99999999999998,88.857468,2
249.653674,0.0,0,0,22470397952,94.13039921854934,0,0.0,32,27,0.5,3,39.99999999999998,86.416762,2
249.653674,0.0,0,0,22470397952,94.13039921854934,0,0.0,32,28,0.5,3,39.99999999999998,88.790952,2
249.653674,0.0,0,0,22470397952,94.13039921854934,0,0.0,32,29,0.5,3,49.999999999999986,132.218897,2
249.653674,0.0,0,0,22470397952,94.13039921854934,0,0.0,32,30,0.5,3,39.99999999999998,128.07792,2
249.653674,0.0,0,0,22470397952,94.13039921854934,0,0.0,32,31,0.5,3,39.99999999999998,103.183252,2
249.653674,0.0,0,0,22470397952,94.13039921854934,0,0.0,32,32,0.5,3,39.99999999999998,123.379947,2
229.992625,0.0,0,0,22470397952,94.9305802016043,0,0.0,32,1,0.5,4,39.99999999999998,86.321546,2
229.992625,0.0,0,0,22470397952,94.9305802016043,0,0.0,32,2,0.5,4,39.99999999999998,199.785824,2
229.992625,0.0,0,0,22470397952,94.9305802016043,0,0.0,32,3,0.5,4,39.99999999999998,152.910837,2
229.992625,0.0,0,0,22470397952,94.9305802016043,0,0.0,32,4,0.5,4,39.99999999999998,136.380121,2
229.992625,0.0,0,0,22470397952,94.9305802016043,0,0.0,32,5,0.5,4,39.99999999999998,43.518747,2
229.992625,0.0,0,0,22470397952,94.9305802016043,0,0.0,32,6,0.5,4,40.000000000000036,99.965391,2
229.992625,0.0,0,0,22470397952,94.9305802016043,0,0.0,32,7,0.5,4,39.99999999999998,202.744071,2
229.992625,0.0,0,0,22470397952,94.9305802016043,0,0.0,32,8,0.5,4,40.000000000000036,119.834483,2
229.992625,0.0,0,0,22470397952,94.9305802016043,0,0.0,32,9,0.5,4,39.99999999999998,65.400412,2
229.992625,0.0,0,0,22470397952,94.9305802016043,0,0.0,32,10,0.5,4,40.000000000000036,148.194113,2
229.992625,0.0,0,0,22470397952,94.9305802016043,0,0.0,32,11,0.5,4,40.000000000000036,167.491656,2
229.992625,0.0,0,0,22470397952,94.9305802016043,0,0.0,32,12,0.5,4,39.99999999999998,175.699052,2
229.992625,0.0,0,0,22470397952,94.9305802016043,0,0.0,32,13,0.5,4,39.99999999999998,143.061211,2
229.992625,0.0,0,0,22470397952,94.9305802016043,0,0.0,32,14,0.5,4,39.99999999999998,108.278482,2
229.992625,0.0,0,0,22470397952,94.9305802016043,0,0.0,32,15,0.5,4,40.000000000000036,185.828625,2
229.992625,0.0,0,0,22470397952,94.9305802016043,0,0.0,32,16,0.5,4,39.99999999999998,155.698408,2
229.992625,0.0,0,0,22470397952,94.9305802016043,0,0.0,32,17,0.5,4,40.000000000000036,160.947313,2
229.992625,0.0,0,0,22470397952,94.9305802016043,0,0.0,32,18,0.5,4,39.99999999999998,159.298182,2
229.992625,0.0,0,0,22470397952,94.9305802016043,0,0.0,32,19,0.5,4,49.999999999999986,152.185181,2
229.992625,0.0,0,0,22470397952,94.9305802016043,0,0.0,32,20,0.5,4,39.99999999999998,173.619829,2
229.992625,0.0,0,0,22470397952,94.9305802016043,0,0.0,32,21,0.5,4,40.000000000000036,172.436444,2
229.992625,0.0,0,0,22470397952,94.9305802016043,0,0.0,32,22,0.5,4,40.000000000000036,143.233492,2
229.992625,0.0,0,0,22470397952,94.9305802016043,0,0.0,32,23,0.5,4,39.99999999999998,98.493114,2
229.992625,0.0,0,0,22470397952,94.9305802016043,0,0.0,32,24,0.5,4,40.000000000000036,93.924726,2
229.992625,0.0,0,0,22470397952,94.9305802016043,0,0.0,32,25,0.5,4,40.000000000000036,138.461351,2
229.992625,0.0,0,0,22470397952,94.9305802016043,0,0.0,32,26,0.5,4,40.000000000000036,167.696254,2
229.992625,0.0,0,0,22470397952,94.9305802016043,0,0.0,32,27,0.5,4,40.000000000000036,159.212914,2
229.992625,0.0,0,0,22470397952,94.9305802016043,0,0.0,32,28,0.5,4,40.000000000000036,165.456424,2
229.992625,0.0,0,0,22470397952,94.9305802016043,0,0.0,32,29,0.5,4,39.99999999999998,157.869292,2
229.992625,0.0,0,0,22470397952,94.9305802016043,0,0.0,32,30,0.5,4,40.000000000000036,137.254586,2
229.992625,0.0,0,0,22470397952,94.9305802016043,0,0.0,32,31,0.5,4,40.000000000000036,129.189552,2
229.992625,0.0,0,0,22470397952,94.9305802016043,0,0.0,32,32,0.5,4,40.000000000000036,55.597262,2
236.284601,0.0,0,0,22470246400,94.5187847147119,-151552,0.0,32,1,0.5,5,39.99999999999998,72.409147,2
236.284601,0.0,0,0,22470246400,94.5187847147119,-151552,0.0,32,2,0.5,5,40.000000000000036,77.470491,2
236.284601,0.0,0,0,22470246400,94.5187847147119,-151552,0.0,32,3,0.5,5,40.000000000000036,47.314315,2
236.284601,0.0,0,0,22470246400,94.5187847147119,-151552,0.0,32,4,0.5,5,40.000000000000036,76.032865,2
236.284601,0.0,0,0,22470246400,94.5187847147119,-151552,0.0,32,5,0.5,5,40.000000000000036,159.602534,2
236.284601,0.0,0,0,22470246400,94.5187847147119,-151552,0.0,32,6,0.5,5,39.99999999999998,67.374854,2
236.284601,0.0,0,0,22470246400,94.5187847147119,-151552,0.0,32,7,0.5,5,40.000000000000036,60.735472,2
236.284601,0.0,0,0,22470246400,94.5187847147119,-151552,0.0,32,8,0.5,5,29.99999999999997,120.043809,2
236.284601,0.0,0,0,22470246400,94.5187847147119,-151552,0.0,32,9,0.5,5,40.000000000000036,171.614562,2
236.284601,0.0,0,0,22470246400,94.5187847147119,-151552,0.0,32,10,0.5,5,49.999999999999986,183.432652,2
236.284601,0.0,0,0,22470246400,94.5187847147119,-151552,0.0,32,11,0.5,5,39.99999999999998,127.797666,2
236.284601,0.0,0,0,22470246400,94.5187847147119,-151552,0.0,32,12,0.5,5,40.000000000000036,171.988333,2
236.284601,0.0,0,0,22470246400,94.5187847147119,-151552,0.0,32,13,0.5,5,40.000000000000036,184.940812,2
236.284601,0.0,0,0,22470246400,94.5187847147119,-151552,0.0,32,14,0.5,5,40.000000000000036,182.864372,2
236.284601,0.0,0,0,22470246400,94.5187847147119,-151552,0.0,32,15,0.5,5,39.99999999999998,57.571924,2
236.284601,0.0,0,0,22470246400,94.5187847147119,-151552,0.0,32,16,0.5,5,40.000000000000036,180.611118,2
236.284601,0.0,0,0,22470246400,94.5187847147119,-151552,0.0,32,17,0.5,5,39.99999999999998,132.61736,2
236.284601,0.0,0,0,22470246400,94.5187847147119,-151552,0.0,32,18,0.5,5,40.000000000000036,176.048007,2
236.284601,0.0,0,0,22470246400,94.5187847147119,-151552,0.0,32,19,0.5,5,40.000000000000036,141.803138,2
236.284601,0.0,0,0,22470246400,94.5187847147119,-151552,0.0,32,20,0.5,5,40.000000000000036,168.502293,2
236.284601,0.0,0,0,22470246400,94.5187847147119,-151552,0.0,32,21,0.5,5,39.99999999999998,122.402127,2
236.284601,0.0,0,0,22470246400,94.5187847147119,-151552,0.0,32,22,0.5,5,39.99999999999998,146.493653,2
236.284601,0.0,0,0,22470246400,94.5187847147119,-151552,0.0,32,23,0.5,5,40.000000000000036,105.304635,2
236.284601,0.0,0,0,22470246400,94.5187847147119,-151552,0.0,32,24,0.5,5,39.99999999999998,141.981298,2
236.284601,0.0,0,0,22470246400,94.5187847147119,-151552,0.0,32,25,0.5,5,39.99999999999998,139.982223,2
236.284601,0.0,0,0,22470246400,94.5187847147119,-151552,0.0,32,26,0.5,5,39.99999999999998,61.977939,2
236.284601,0.0,0,0,22470246400,94.5187847147119,-151552,0.0,32,27,0.5,5,39.99999999999998,86.240227,2
236.284601,0.0,0,0,22470246400,94.5187847147119,-151552,0.0,32,28,0.5,5,39.99999999999998,126.870359,2
236.284601,0.0,0,0,22470246400,94.5187847147119,-151552,0.0,32,29,0.5,5,40.000000000000036,57.428138,2
236.284601,0.0,0,0,22470246400,94.5187847147119,-151552,0.0,32,30,0.5,5,29.99999999999997,138.467128,2
236.284601,0.0,0,0,22470246400,94.5187847147119,-151552,0.0,32,31,0.5,5,39.99999999999998,121.159793,2
236.284601,0.0,0,0,22470246400,94.5187847147119,-151552,0.0,32,32,0.5,5,29.99999999999997,42.2462,2
234.860902,0.0,0,0,22469988352,95.80138630314066,-258048,0.0,32,1,0.5,6,40.000000000000036,42.686883,2
234.860902,0.0,0,0,22469988352,95.80138630314066,-258048,0.0,32,2,0.5,6,39.99999999999998,183.154968,2
234.860902,0.0,0,0,22469988352,95.80138630314066,-258048,0.0,32,3,0.5,6,39.99999999999998,81.751393,2
234.860902,0.0,0,0,22469988352,95.80138630314066,-258048,0.0,32,4,0.5,6,39.99999999999998,186.589729,2
234.860902,0.0,0,0,22469988352,95.80138630314066,-258048,0.0,32,5,0.5,6,39.99999999999998,114.159107,2
234.860902,0.0,0,0,22469988352,95.80138630314066,-258048,0.0,32,6,0.5,6,49.999999999999986,197.009784,2
234.860902,0.0,0,0,22469988352,95.80138630314066,-258048,0.0,32,7,0.5,6,39.99999999999998,220.227219,2
234.860902,0.0,0,0,22469988352,95.80138630314066,-258048,0.0,32,8,0.5,6,39.99999999999998,43.003707,2
234.860902,0.0,0,0,22469988352,95.80138630314066,-258048,0.0,32,9,0.5,6,39.99999999999998,192.646962,2
234.860902,0.0,0,0,22469988352,95.80138630314066,-258048,0.0,32,10,0.5,6,39.99999999999998,199.258953,2
234.860902,0.0,0,0,22469988352,95.80138630314066,-258048,0.0,32,11,0.5,6,39.99999999999998,125.653793,2
234.860902,0.0,0,0,22469988352,95.80138630314066,-258048,0.0,32,12,0.5,6,39.99999999999998,188.387502,2
234.860902,0.0,0,0,22469988352,95.80138630314066,-258048,0.0,32,13,0.5,6,39.99999999999998,184.502423,2
234.860902,0.0,0,0,22469988352,95.80138630314066,-258048,0.0,32,14,0.5,6,49.999999999999986,179.372118,2
234.860902,0.0,0,0,22469988352,95.80138630314066,-258048,0.0,32,15,0.5,6,49.999999999999986,191.483441,2
234.860902,0.0,0,0,22469988352,95.80138630314066,-258048,0.0,32,16,0.5,6,39.99999999999998,173.339583,2
234.860902,0.0,0,0,22469988352,95.80138630314066,-258048,0.0,32,17,0.5,6,39.99999999999998,151.980399,2
234.860902,0.0,0,0,22469988352,95.80138630314066,-258048,0.0,32,18,0.5,6,39.99999999999998,186.819929,2
234.860902,0.0,0,0,22469988352,95.80138630314066,-258048,0.0,32,19,0.5,6,39.99999999999998,148.280863,2
234.860902,0.0,0,0,22469988352,95.80138630314066,-258048,0.0,32,20,0.5,6,39.99999999999998,155.197307,2
234.860902,0.0,0,0,22469988352,95.80138630314066,-258048,0.0,32,21,0.5,6,39.99999999999998,186.740657,2
234.860902,0.0,0,0,22469988352,95.80138630314066,-258048,0.0,32,22,0.5,6,39.99999999999998,122.176015,2
234.860902,0.0,0,0,22469988352,95.80138630314066,-258048,0.0,32,23,0.5,6,39.99999999999998,149.944506,2
234.860902,0.0,0,0,22469988352,95.80138630314066,-258048,0.0,32,24,0.5,6,39.99999999999998,167.975992,2
234.860902,0.0,0,0,22469988352,95.80138630314066,-258048,0.0,32,25,0.5,6,39.99999999999998,138.123387,2
234.860902,0.0,0,0,22469988352,95.80138630314066,-258048,0.0,32,26,0.5,6,39.99999999999998,152.793355,2
234.860902,0.0,0,0,22469988352,95.80138630314066,-258048,0.0,32,27,0.5,6,39.99999999999998,175.074026,2
234.860902,0.0,0,0,22469988352,95.80138630314066,-258048,0.0,32,28,0.5,6,49.999999999999986,150.962892,2
234.860902,0.0,0,0,22469988352,95.80138630314066,-258048,0.0,32,29,0.5,6,39.99999999999998,180.033904,2
234.860902,0.0,0,0,22469988352,95.80138630314066,-258048,0.0,32,30,0.5,6,49.999999999999986,148.956849,2
234.860902,0.0,0,0,22469988352,95.80138630314066,-258048,0.0,32,31,0.5,6,39.99999999999998,151.335852,2
234.860902,0.0,0,0,22469988352,95.80138630314066,-258048,0.0,32,32,0.5,6,49.999999999999986,137.326252,2
238.155668,0.0,0,0,22469754880,94.47602145671404,-233472,0.0,32,1,0.5,7,40.000000000000036,180.270614,2
238.155668,0.0,0,0,22469754880,94.47602145671404,-233472,0.0,32,2,0.5,7,40.000000000000036,59.310683,2
238.155668,0.0,0,0,22469754880,94.47602145671404,-233472,0.0,32,3,0.5,7,40.000000000000036,186.990061,2
238.155668,0.0,0,0,22469754880,94.47602145671404,-233472,0.0,32,4,0.5,7,50.00000000000004,125.599141,2
238.155668,0.0,0,0,22469754880,94.47602145671404,-233472,0.0,32,5,0.5,7,40.000000000000036,63.386129,2
238.155668,0.0,0,0,22469754880,94.47602145671404,-233472,0.0,32,6,0.5,7,40.000000000000036,85.512101,2
238.155668,0.0,0,0,22469754880,94.47602145671404,-233472,0.0,32,7,0.5,7,40.000000000000036,169.822827,2
238.155668,0.0,0,0,22469754880,94.47602145671404,-233472,0.0,32,8,0.5,7,40.000000000000036,97.477184,2
238.155668,0.0,0,0,22469754880,94.47602145671404,-233472,0.0,32,9,0.5,7,40.000000000000036,176.819319,2
238.155668,0.0,0,0,22469754880,94.47602145671404,-233472,0.0,32,10,0.5,7,40.000000000000036,184.070219,2
238.155668,0.0,0,0,22469754880,94.47602145671404,-233472,0.0,32,11,0.5,7,40.000000000000036,188.004349,2
238.155668,0.0,0,0,22469754880,94.47602145671404,-233472,0.0,32,12,0.5,7,40.000000000000036,104.016129,2
238.155668,0.0,0,0,22469754880,94.47602145671404,-233472,0.0,32,13,0.5,7,40.000000000000036,168.551829,2
238.155668,0.0,0,0,22469754880,94.47602145671404,-233472,0.0,32,14,0.5,7,40.000000000000036,121.684222,2
238.155668,0.0,0,0,22469754880,94.47602145671404,-233472,0.0,32,15,0.5,7,40.000000000000036,107.824907,2
238.155668,0.0,0,0,22469754880,94.47602145671404,-233472,0.0,32,16,0.5,7,40.000000000000036,188.454465,2
238.155668,0.0,0,0,22469754880,94.47602145671404,-233472,0.0,32,17,0.5,7,40.000000000000036,163.904116,2
238.155668,0.0,0,0,22469754880,94.47602145671404,-233472,0.0,32,18,0.5,7,50.00000000000004,151.663681,2
238.155668,0.0,0,0,22469754880,94.47602145671404,-233472,0.0,32,19,0.5,7,40.000000000000036,173.41347,2
238.155668,0.0,0,0,22469754880,94.47602145671404,-233472,0.0,32,20,0.5,7,40.000000000000036,140.132236,2
238.155668,0.0,0,0,22469754880,94.47602145671404,-233472,0.0,32,21,0.5,7,40.000000000000036,135.983341,2
238.155668,0.0,0,0,22469754880,94.47602145671404,-233472,0.0,32,22,0.5,7,40.000000000000036,145.559754,2
238.155668,0.0,0,0,22469754880,94.47602145671404,-233472,0.0,32,23,0.5,7,40.000000000000036,159.002939,2
238.155668,0.0,0,0,22469754880,94.47602145671404,-233472,0.0,32,24,0.5,7,40.000000000000036,159.282422,2
238.155668,0.0,0,0,22469754880,94.47602145671404,-233472,0.0,32,25,0.5,7,40.000000000000036,149.849581,2
238.155668,0.0,0,0,22469754880,94.47602145671404,-233472,0.0,32,26,0.5,7,40.000000000000036,126.503417,2
238.155668,0.0,0,0,22469754880,94.47602145671404,-233472,0.0,32,27,0.5,7,40.000000000000036,109.588849,2
238.155668,0.0,0,0,22469754880,94.47602145671404,-233472,0.0,32,28,0.5,7,30.00000000000003,120.917506,2
238.155668,0.0,0,0,22469754880,94.47602145671404,-233472,0.0,32,29,0.5,7,40.000000000000036,118.787913,2
238.155668,0.0,0,0,22469754880,94.47602145671404,-233472,0.0,32,30,0.5,7,40.000000000000036,126.679272,2
238.155668,0.0,0,0,22469754880,94.47602145671404,-233472,0.0,32,31,0.5,7,50.00000000000004,116.783658,2
238.155668,0.0,0,0,22469754880,94.47602145671404,-233472,0.0,32,32,0.5,7,40.000000000000036,133.904739,2
235.991327,0.0,0,0,22469820416,95.34248688720203,65536,0.0,32,1,0.5,8,39.99999999999992,131.740748,2
235.991327,0.0,0,0,22469820416,95.34248688720203,65536,0.0,32,2,0.5,8,39.99999999999992,154.938645,2
235.991327,0.0,0,0,22469820416,95.34248688720203,65536,0.0,32,3,0.5,8,39.99999999999992,87.544274,2
235.991327,0.0,0,0,22469820416,95.34248688720203,65536,0.0,32,4,0.5,8,39.99999999999992,111.102416,2
235.991327,0.0,0,0,22469820416,95.34248688720203,65536,0.0,32,5,0.5,8,49.999999999999936,154.099139,2
235.991327,0.0,0,0,22469820416,95.34248688720203,65536,0.0,32,6,0.5,8,30.00000000000003,103.034766,2
235.991327,0.0,0,0,22469820416,95.34248688720203,65536,0.0,32,7,0.5,8,39.99999999999992,106.363057,2
235.991327,0.0,0,0,22469820416,95.34248688720203,65536,0.0,32,8,0.5,8,50.00000000000004,189.766838,2
235.991327,0.0,0,0,22469820416,95.34248688720203,65536,0.0,32,9,0.5,8,39.99999999999992,157.771314,2
235.991327,0.0,0,0,22469820416,95.34248688720203,65536,0.0,32,10,0.5,8,40.000000000000036,151.952777,2
235.991327,0.0,0,0,22469820416,95.34248688720203,65536,0.0,32,11,0.5,8,40.000000000000036,130.591652,2
235.991327,0.0,0,0,22469820416,95.34248688720203,65536,0.0,32,12,0.5,8,39.99999999999992,90.04471,2
235.991327,0.0,0,0,22469820416,95.34248688720203,65536,0.0,32,13,0.5,8,39.99999999999992,148.608725,2
235.991327,0.0,0,0,22469820416,95.34248688720203,65536,0.0,32,14,0.5,8,39.99999999999992,185.599325,2
235.991327,0.0,0,0,22469820416,95.34248688720203,65536,0.0,32,15,0.5,8,39.99999999999992,178.416887,2
235.991327,0.0,0,0,22469820416,95.34248688720203,65536,0.0,32,16,0.5,8,39.99999999999992,177.330349,2
235.991327,0.0,0,0,22469820416,95.34248688720203,65536,0.0,32,17,0.5,8,40.000000000000036,164.01517,2
235.991327,0.0,0,0,22469820416,95.34248688720203,65536,0.0,32,18,0.5,8,39.99999999999992,102.467434,2
235.991327,0.0,0,0,22469820416,95.34248688720203,65536,0.0,32,19,0.5,8,39.99999999999992,153.461481,2
235.991327,0.0,0,0,22469820416,95.34248688720203,65536,0.0,32,20,0.5,8,39.99999999999992,161.759402,2
235.991327,0.0,0,0,22469820416,95.34248688720203,65536,0.0,32,21,0.5,8,40.000000000000036,151.591355,2
235.991327,0.0,0,0,22469820416,95.34248688720203,65536,0.0,32,22,0.5,8,40.000000000000036,70.317485,2
235.991327,0.0,0,0,22469820416,95.34248688720203,65536,0.0,32,23,0.5,8,39.99999999999992,122.921846,2
235.991327,0.0,0,0,22469820416,95.34248688720203,65536,0.0,32,24,0.5,8,40.000000000000036,58.546031,2
235.991327,0.0,0,0,22469820416,95.34248688720203,65536,0.0,32,25,0.5,8,40.000000000000036,113.863808,2
235.991327,0.0,0,0,22469820416,95.34248688720203,65536,0.0,32,26,0.5,8,49.999999999999936,125.062349,2
235.991327,0.0,0,0,22469820416,95.34248688720203,65536,0.0,32,27,0.5,8,40.000000000000036,137.164821,2
235.991327,0.0,0,0,22469820416,95.34248688720203,65536,0.0,32,28,0.5,8,49.999999999999936,128.068254,2
235.991327,0.0,0,0,22469820416,95.34248688720203,65536,0.0,32,29,0.5,8,39.99999999999992,135.309471,2
235.991327,0.0,0,0,22469820416,95.34248688720203,65536,0.0,32,30,0.5,8,40.000000000000036,74.257208,2
235.991327,0.0,0,0,22469820416,95.34248688720203,65536,0.0,32,31,0.5,8,40.000000000000036,116.864801,2
235.991327,0.0,0,0,22469820416,95.34248688720203,65536,0.0,32,32,0.5,8,40.000000000000036,47.389984,2
229.499244,0.0,0,0,22469881856,95.13466342111352,61440,0.0,32,1,0.5,9,50.00000000000004,128.653639,2
229.499244,0.0,0,0,22469881856,95.13466342111352,61440,0.0,32,2,0.5,9,40.000000000000036,116.004521,2
229.499244,0.0,0,0,22469881856,95.13466342111352,61440,0.0,32,3,0.5,9,40.000000000000036,109.349032,2
229.499244,0.0,0,0,22469881856,95.13466342111352,61440,0.0,32,4,0.5,9,40.000000000000036,152.43895,2
229.499244,0.0,0,0,22469881856,95.13466342111352,61440,0.0,32,5,0.5,9,40.000000000000036,184.053781,2
229.499244,0.0,0,0,22469881856,95.13466342111352,61440,0.0,32,6,0.5,9,49.999999999999936,167.571514,2
229.499244,0.0,0,0,22469881856,95.13466342111352,61440,0.0,32,7,0.5,9,40.000000000000036,163.482473,2
229.499244,0.0,0,0,22469881856,95.13466342111352,61440,0.0,32,8,0.5,9,29.999999999999915,160.023336,2
229.499244,0.0,0,0,22469881856,95.13466342111352,61440,0.0,32,9,0.5,9,40.000000000000036,189.153016,2
229.499244,0.0,0,0,22469881856,95.13466342111352,61440,0.0,32,10,0.5,9,39.99999999999992,155.599214,2
229.499244,0.0,0,0,22469881856,95.13466342111352,61440,0.0,32,11,0.5,9,39.99999999999992,135.876798,2
229.499244,0.0,0,0,22469881856,95.13466342111352,61440,0.0,32,12,0.5,9,50.00000000000004,193.953808,2
229.499244,0.0,0,0,22469881856,95.13466342111352,61440,0.0,32,13,0.5,9,40.000000000000036,161.008872,2
229.499244,0.0,0,0,22469881856,95.13466342111352,61440,0.0,32,14,0.5,9,40.000000000000036,135.303939,2
229.499244,0.0,0,0,22469881856,95.13466342111352,61440,0.0,32,15,0.5,9,40.000000000000036,131.856394,2
229.499244,0.0,0,0,22469881856,95.13466342111352,61440,0.0,32,16,0.5,9,40.000000000000036,132.692044,2
229.499244,0.0,0,0,22469881856,95.13466342111352,61440,0.0,32,17,0.5,9,39.99999999999992,143.57184,2
229.499244,0.0,0,0,22469881856,95.13466342111352,61440,0.0,32,18,0.5,9,40.000000000000036,178.598773,2
229.499244,0.0,0,0,22469881856,95.13466342111352,61440,0.0,32,19,0.5,9,40.000000000000036,162.459223,2
229.499244,0.0,0,0,22469881856,95.13466342111352,61440,0.0,32,20,0.5,9,40.000000000000036,140.606769,2
229.499244,0.0,0,0,22469881856,95.13466342111352,61440,0.0,32,21,0.5,9,39.99999999999992,164.288683,2
229.499244,0.0,0,0,22469881856,95.13466342111352,61440,0.0,32,22,0.5,9,39.99999999999992,169.116461,2
229.499244,0.0,0,0,22469881856,95.13466342111352,61440,0.0,32,23,0.5,9,40.000000000000036,153.658322,2
229.499244,0.0,0,0,22469881856,95.13466342111352,61440,0.0,32,24,0.5,9,39.99999999999992,163.352798,2
229.499244,0.0,0,0,22469881856,95.13466342111352,61440,0.0,32,25,0.5,9,39.99999999999992,124.230941,2
229.499244,0.0,0,0,22469881856,95.13466342111352,61440,0.0,32,26,0.5,9,40.000000000000036,108.773776,2
229.499244,0.0,0,0,22469881856,95.13466342111352,61440,0.0,32,27,0.5,9,39.99999999999992,164.394806,2
229.499244,0.0,0,0,22469881856,95.13466342111352,61440,0.0,32,28,0.5,9,40.000000000000036,132.228967,2
229.499244,0.0,0,0,22469881856,95.13466342111352,61440,0.0,32,29,0.5,9,40.000000000000036,127.062174,2
229.499244,0.0,0,0,22469881856,95.13466342111352,61440,0.0,32,30,0.5,9,39.99999999999992,146.927983,2
229.499244,0.0,0,0,22469881856,95.13466342111352,61440,0.0,32,31,0.5,9,39.99999999999992,110.099673,2
229.499244,0.0,0,0,22469881856,95.13466342111352,61440,0.0,32,32,0.5,9,39.99999999999992,101.090861,2
226.667191,0.0,0,0,22469881856,95.58801417656294,0,0.0,32,1,0.5,10,30.00000000000003,62.210074,2
226.667191,0.0,0,0,22469881856,95.58801417656294,0,0.0,32,2,0.5,10,40.000000000000036,142.607293,2
226.667191,0.0,0,0,22469881856,95.58801417656294,0,0.0,32,3,0.5,10,40.000000000000036,44.369784,2
226.667191,0.0,0,0,22469881856,95.58801417656294,0,0.0,32,4,0.5,10,40.000000000000036,40.594241,2
226.667191,0.0,0,0,22469881856,95.58801417656294,0,0.0,32,5,0.5,10,40.000000000000036,153.590324,2
226.667191,0.0,0,0,22469881856,95.58801417656294,0,0.0,32,6,0.5,10,30.00000000000003,37.763603,2
226.667191,0.0,0,0,22469881856,95.58801417656294,0,0.0,32,7,0.5,10,40.000000000000036,160.621511,2
226.667191,0.0,0,0,22469881856,95.58801417656294,0,0.0,32,8,0.5,10,50.00000000000004,163.814774,2
226.667191,0.0,0,0,22469881856,95.58801417656294,0,0.0,32,9,0.5,10,40.000000000000036,181.943831,2
226.667191,0.0,0,0,22469881856,95.58801417656294,0,0.0,32,10,0.5,10,40.000000000000036,185.983119,2
226.667191,0.0,0,0,22469881856,95.58801417656294,0,0.0,32,11,0.5,10,40.000000000000036,53.358916,2
226.667191,0.0,0,0,22469881856,95.58801417656294,0,0.0,32,12,0.5,10,30.00000000000003,48.064766,2
226.667191,0.0,0,0,22469881856,95.58801417656294,0,0.0,32,13,0.5,10,50.00000000000004,169.998566,2
226.667191,0.0,0,0,22469881856,95.58801417656294,0,0.0,32,14,0.5,10,40.000000000000036,127.752341,2
226.667191,0.0,0,0,22469881856,95.58801417656294,0,0.0,32,15,0.5,10,40.000000000000036,170.67294,2
226.667191,0.0,0,0,22469881856,95.58801417656294,0,0.0,32,16,0.5,10,40.000000000000036,92.708543,2
226.667191,0.0,0,0,22469881856,95.58801417656294,0,0.0,32,17,0.5,10,40.000000000000036,43.788632,2
226.667191,0.0,0,0,22469881856,95.58801417656294,0,0.0,32,18,0.5,10,40.000000000000036,156.303444,2
226.667191,0.0,0,0,22469881856,95.58801417656294,0,0.0,32,19,0.5,10,40.000000000000036,147.164592,2
226.667191,0.0,0,0,22469881856,95.58801417656294,0,0.0,32,20,0.5,10,40.000000000000036,161.191142,2
226.667191,0.0,0,0,22469881856,95.58801417656294,0,0.0,32,21,0.5,10,40.000000000000036,47.778189,2
226.667191,0.0,0,0,22469881856,95.58801417656294,0,0.0,32,22,0.5,10,40.000000000000036,144.974394,2
226.667191,0.0,0,0,22469881856,95.58801417656294,0,0.0,32,23,0.5,10,40.000000000000036,106.056526,2
226.667191,0.0,0,0,22469881856,95.58801417656294,0,0.0,32,24,0.5,10,40.000000000000036,115.962319,2
226.667191,0.0,0,0,22469881856,95.58801417656294,0,0.0,32,25,0.5,10,40.000000000000036,133.38503,2
226.667191,0.0,0,0,22469881856,95.58801417656294,0,0.0,32,26,0.5,10,30.00000000000003,111.452243,2
226.667191,0.0,0,0,22469881856,95.58801417656294,0,0.0,32,27,0.5,10,40.000000000000036,111.752849,2
226.667191,0.0,0,0,22469881856,95.58801417656294,0,0.0,32,28,0.5,10,40.000000000000036,118.713546,2
226.667191,0.0,0,0,22469881856,95.58801417656294,0,0.0,32,29,0.5,10,40.000000000000036,83.055467,2
226.667191,0.0,0,0,22469881856,95.58801417656294,0,0.0,32,30,0.5,10,30.00000000000003,39.228997,2
226.667191,0.0,0,0,22469881856,95.58801417656294,0,0.0,32,31,0.5,10,40.000000000000036,131.482654,2
226.667191,0.0,0,0,22469881856,95.58801417656294,0,0.0,32,32,0.5,10,40.000000000000036,103.691373,2
235.16352400000002,0.0,0,0,22469881856,92.13447008333529,0,0.0,32,1,0.5,11,49.999999999999936,104.047238,2
235.16352400000002,0.0,0,0,22469881856,92.13447008333529,0,0.0,32,2,0.5,11,39.99999999999992,47.430315,2
235.16352400000002,0.0,0,0,22469881856,92.13447008333529,0,0.0,32,3,0.5,11,39.99999999999992,82.057363,2
235.16352400000002,0.0,0,0,22469881856,92.13447008333529,0,0.0,32,4,0.5,11,39.99999999999992,114.624363,2
235.16352400000002,0.0,0,0,22469881856,92.13447008333529,0,0.0,32,5,0.5,11,39.99999999999992,50.061849,2
235.16352400000002,0.0,0,0,22469881856,92.13447008333529,0,0.0,32,6,0.5,11,49.999999999999936,175.904641,2
235.16352400000002,0.0,0,0,22469881856,92.13447008333529,0,0.0,32,7,0.5,11,39.99999999999992,40.523994,2
235.16352400000002,0.0,0,0,22469881856,92.13447008333529,0,0.0,32,8,0.5,11,40.000000000000036,150.031219,2
235.16352400000002,0.0,0,0,22469881856,92.13447008333529,0,0.0,32,9,0.5,11,39.99999999999992,169.612127,2
235.16352400000002,0.0,0,0,22469881856,92.13447008333529,0,0.0,32,10,0.5,11,40.000000000000036,162.222148,2
235.16352400000002,0.0,0,0,22469881856,92.13447008333529,0,0.0,32,11,0.5,11,40.000000000000036,103.963448,2
235.16352400000002,0.0,0,0,22469881856,92.13447008333529,0,0.0,32,12,0.5,11,49.999999999999936,176.294215,2
235.16352400000002,0.0,0,0,22469881856,92.13447008333529,0,0.0,32,13,0.5,11,39.99999999999992,120.087414,2
235.16352400000002,0.0,0,0,22469881856,92.13447008333529,0,0.0,32,14,0.5,11,39.99999999999992,171.155021,2
235.16352400000002,0.0,0,0,22469881856,92.13447008333529,0,0.0,32,15,0.5,11,40.000000000000036,124.989143,2
235.16352400000002,0.0,0,0,22469881856,92.13447008333529,0,0.0,32,16,0.5,11,39.99999999999992,166.873271,2
235.16352400000002,0.0,0,0,22469881856,92.13447008333529,0,0.0,32,17,0.5,11,40.000000000000036,159.833271,2
235.16352400000002,0.0,0,0,22469881856,92.13447008333529,0,0.0,32,18,0.5,11,39.99999999999992,139.000215,2
235.16352400000002,0.0,0,0,22469881856,92.13447008333529,0,0.0,32,19,0.5,11,39.99999999999992,160.494184,2
235.16352400000002,0.0,0,0,22469881856,92.13447008333529,0,0.0,32,20,0.5,11,39.99999999999992,166.549081,2
235.16352400000002,0.0,0,0,22469881856,92.13447008333529,0,0.0,32,21,0.5,11,40.000000000000036,161.310113,2
235.16352400000002,0.0,0,0,22469881856,92.13447008333529,0,0.0,32,22,0.5,11,40.000000000000036,153.301678,2
235.16352400000002,0.0,0,0,22469881856,92.13447008333529,0,0.0,32,23,0.5,11,39.99999999999992,128.027122,2
235.16352400000002,0.0,0,0,22469881856,92.13447008333529,0,0.0,32,24,0.5,11,40.000000000000036,145.411251,2
235.16352400000002,0.0,0,0,22469881856,92.13447008333529,0,0.0,32,25,0.5,11,40.000000000000036,81.725669,2
235.16352400000002,0.0,0,0,22469881856,92.13447008333529,0,0.0,32,26,0.5,11,40.000000000000036,116.902116,2
235.16352400000002,0.0,0,0,22469881856,92.13447008333529,0,0.0,32,27,0.5,11,40.000000000000036,107.265458,2
235.16352400000002,0.0,0,0,22469881856,92.13447008333529,0,0.0,32,28,0.5,11,40.000000000000036,132.064055,2
235.16352400000002,0.0,0,0,22469881856,92.13447008333529,0,0.0,32,29,0.5,11,49.999999999999936,86.092613,2
235.16352400000002,0.0,0,0,22469881856,92.13447008333529,0,0.0,32,30,0.5,11,40.000000000000036,123.980829,2
235.16352400000002,0.0,0,0,22469881856,92.13447008333529,0,0.0,32,31,0.5,11,40.000000000000036,91.909273,2
235.16352400000002,0.0,0,0,22469881856,92.13447008333529,0,0.0,32,32,0.5,11,30.00000000000003,92.61101,2
234.513856,0.0,0,917504,22469881856,92.38970795249958,0,0.0,32,1,0.5,12,40.000000000000036,188.816989,2
234.513856,0.0,0,917504,22469881856,92.38970795249958,0,0.0,32,2,0.5,12,40.000000000000036,153.977841,2
234.513856,0.0,0,917504,22469881856,92.38970795249958,0,0.0,32,3,0.5,12,30.00000000000003,40.247702,2
234.513856,0.0,0,917504,22469881856,92.38970795249958,0,0.0,32,4,0.5,12,40.000000000000036,85.029284,2
234.513856,0.0,0,917504,22469881856,92.38970795249958,0,0.0,32,5,0.5,12,40.000000000000036,42.086658,2
234.513856,0.0,0,917504,22469881856,92.38970795249958,0,0.0,32,6,0.5,12,40.000000000000036,103.380471,2
234.513856,0.0,0,917504,22469881856,92.38970795249958,0,0.0,32,7,0.5,12,40.000000000000036,181.962677,2
234.513856,0.0,0,917504,22469881856,92.38970795249958,0,0.0,32,8,0.5,12,29.999999999999915,84.838984,2
234.513856,0.0,0,917504,22469881856,92.38970795249958,0,0.0,32,9,0.5,12,40.000000000000036,122.138842,2
234.513856,0.0,0,917504,22469881856,92.38970795249958,0,0.0,32,10,0.5,12,39.99999999999992,160.028583,2
234.513856,0.0,0,917504,22469881856,92.38970795249958,0,0.0,32,11,0.5,12,39.99999999999992,171.197901,2
234.513856,0.0,0,917504,22469881856,92.38970795249958,0,0.0,32,12,0.5,12,30.00000000000003,64.191791,2
234.513856,0.0,0,917504,22469881856,92.38970795249958,0,0.0,32,13,0.5,12,40.000000000000036,170.444133,2
234.513856,0.0,0,917504,22469881856,92.38970795249958,0,0.0,32,14,0.5,12,40.000000000000036,144.729243,2
234.513856,0.0,0,917504,22469881856,92.38970795249958,0,0.0,32,15,0.5,12,39.99999999999992,146.370933,2
234.513856,0.0,0,917504,22469881856,92.38970795249958,0,0.0,32,16,0.5,12,40.000000000000036,159.455263,2
234.513856,0.0,0,917504,22469881856,92.38970795249958,0,0.0,32,17,0.5,12,39.99999999999992,139.434294,2
234.513856,0.0,0,917504,22469881856,92.38970795249958,0,0.0,32,18,0.5,12,30.00000000000003,139.567472,2
234.513856,0.0,0,917504,22469881856,92.38970795249958,0,0.0,32,19,0.5,12,40.000000000000036,156.14534,2
234.513856,0.0,0,917504,22469881856,92.38970795249958,0,0.0,32,20,0.5,12,40.000000000000036,67.876175,2
234.513856,0.0,0,917504,22469881856,92.38970795249958,0,0.0,32,21,0.5,12,39.99999999999992,99.94628,2
234.513856,0.0,0,917504,22469881856,92.38970795249958,0,0.0,32,22,0.5,12,49.999999999999936,160.075129,2
234.513856,0.0,0,917504,22469881856,92.38970795249958,0,0.0,32,23,0.5,12,40.000000000000036,137.307154,2
234.513856,0.0,0,917504,22469881856,92.38970795249958,0,0.0,32,24,0.5,12,39.99999999999992,117.156559,2
234.513856,0.0,0,917504,22469881856,92.38970795249958,0,0.0,32,25,0.5,12,39.99999999999992,105.206447,2
234.513856,0.0,0,917504,22469881856,92.38970795249958,0,0.0,32,26,0.5,12,39.99999999999992,126.965797,2
234.513856,0.0,0,917504,22469881856,92.38970795249958,0,0.0,32,27,0.5,12,39.99999999999992,51.067666,2
234.513856,0.0,0,917504,22469881856,92.38970795249958,0,0.0,32,28,0.5,12,39.99999999999992,135.369023,2
234.513856,0.0,0,917504,22469881856,92.38970795249958,0,0.0,32,29,0.5,12,40.000000000000036,87.375896,2
234.513856,0.0,0,917504,22469881856,92.38970795249958,0,0.0,32,30,0.5,12,39.99999999999992,60.69813,2
234.513856,0.0,0,917504,22469881856,92.38970795249958,0,0.0,32,31,0.5,12,39.99999999999992,123.55901,2
234.513856,0.0,0,917504,22469881856,92.38970795249958,0,0.0,32,32,0.5,12,49.999999999999936,99.434489,2
237.497271,0.0,0,0,22469881856,96.84321804271099,0,0.0,32,1,0.5,13,40.000000000000036,100.079784,2
237.497271,0.0,0,0,22469881856,96.84321804271099,0,0.0,32,2,0.5,13,40.000000000000036,69.525163,2
237.497271,0.0,0,0,22469881856,96.84321804271099,0,0.0,32,3,0.5,13,50.00000000000004,199.748632,2
237.497271,0.0,0,0,22469881856,96.84321804271099,0,0.0,32,4,0.5,13,40.000000000000036,200.010036,2
237.497271,0.0,0,0,22469881856,96.84321804271099,0,0.0,32,5,0.5,13,40.000000000000036,192.931291,2
237.497271,0.0,0,0,22469881856,96.84321804271099,0,0.0,32,6,0.5,13,40.000000000000036,128.68515,2
237.497271,0.0,0,0,22469881856,96.84321804271099,0,0.0,32,7,0.5,13,50.00000000000004,45.623358,2
237.497271,0.0,0,0,22469881856,96.84321804271099,0,0.0,32,8,0.5,13,50.00000000000004,203.936783,2
237.497271,0.0,0,0,22469881856,96.84321804271099,0,0.0,32,9,0.5,13,50.00000000000004,124.290177,2
237.497271,0.0,0,0,22469881856,96.84321804271099,0,0.0,32,10,0.5,13,40.000000000000036,127.956651,2
237.497271,0.0,0,0,22469881856,96.84321804271099,0,0.0,32,11,0.5,13,50.00000000000004,201.210147,2
237.497271,0.0,0,0,22469881856,96.84321804271099,0,0.0,32,12,0.5,13,50.00000000000004,189.218368,2
237.497271,0.0,0,0,22469881856,96.84321804271099,0,0.0,32,13,0.5,13,40.000000000000036,124.070601,2
237.497271,0.0,0,0,22469881856,96.84321804271099,0,0.0,32,14,0.5,13,40.000000000000036,46.495021,2
237.497271,0.0,0,0,22469881856,96.84321804271099,0,0.0,32,15,0.5,13,40.000000000000036,172.499245,2
237.497271,0.0,0,0,22469881856,96.84321804271099,0,0.0,32,16,0.5,13,40.000000000000036,175.736587,2
237.497271,0.0,0,0,22469881856,96.84321804271099,0,0.0,32,17,0.5,13,40.000000000000036,176.801364,2
237.497271,0.0,0,0,22469881856,96.84321804271099,0,0.0,32,18,0.5,13,50.00000000000004,79.717266,2
237.497271,0.0,0,0,22469881856,96.84321804271099,0,0.0,32,19,0.5,13,40.000000000000036,123.96375,2
237.497271,0.0,0,0,22469881856,96.84321804271099,0,0.0,32,20,0.5,13,40.000000000000036,109.949687,2
237.497271,0.0,0,0,22469881856,96.84321804271099,0,0.0,32,21,0.5,13,40.000000000000036,148.125613,2
237.497271,0.0,0,0,22469881856,96.84321804271099,0,0.0,32,22,0.5,13,40.000000000000036,141.868059,2
237.497271,0.0,0,0,22469881856,96.84321804271099,0,0.0,32,23,0.5,13,40.000000000000036,110.745398,2
237.497271,0.0,0,0,22469881856,96.84321804271099,0,0.0,32,24,0.5,13,40.000000000000036,155.681701,2
237.497271,0.0,0,0,22469881856,96.84321804271099,0,0.0,32,25,0.5,13,40.000000000000036,97.617538,2
237.497271,0.0,0,0,22469881856,96.84321804271099,0,0.0,32,26,0.5,13,40.000000000000036,143.201996,2
237.497271,0.0,0,0,22469881856,96.84321804271099,0,0.0,32,27,0.5,13,40.000000000000036,100.344829,2
237.497271,0.0,0,0,22469881856,96.84321804271099,0,0.0,32,28,0.5,13,40.000000000000036,67.565584,2
237.497271,0.0,0,0,22469881856,96.84321804271099,0,0.0,32,29,0.5,13,40.000000000000036,76.893696,2
237.497271,0.0,0,0,22469881856,96.84321804271099,0,0.0,32,30,0.5,13,40.000000000000036,130.258545,2
237.497271,0.0,0,0,22469881856,96.84321804271099,0,0.0,32,31,0.5,13,40.000000000000036,49.442595,2
237.497271,0.0,0,0,22469881856,96.84321804271099,0,0.0,32,32,0.5,13,40.000000000000036,86.234439,2
239.454056,0.0,0,0,22469881856,93.26771785120967,0,0.0,32,1,0.5,14,39.99999999999992,42.990575,2
239.454056,0.0,0,0,22469881856,93.26771785120967,0,0.0,32,2,0.5,14,40.000000000000036,165.169522,2
239.454056,0.0,0,0,22469881856,93.26771785120967,0,0.0,32,3,0.5,14,40.000000000000036,71.29039,2
239.454056,0.0,0,0,22469881856,93.26771785120967,0,0.0,32,4,0.5,14,40.000000000000036,160.929052,2
239.454056,0.0,0,0,22469881856,93.26771785120967,0,0.0,32,5,0.5,14,39.99999999999992,154.183344,2
239.454056,0.0,0,0,22469881856,93.26771785120967,0,0.0,32,6,0.5,14,40.000000000000036,196.775562,2
239.454056,0.0,0,0,22469881856,93.26771785120967,0,0.0,32,7,0.5,14,39.99999999999992,167.645244,2
239.454056,0.0,0,0,22469881856,93.26771785120967,0,0.0,32,8,0.5,14,40.000000000000036,78.679207,2
239.454056,0.0,0,0,22469881856,93.26771785120967,0,0.0,32,9,0.5,14,39.99999999999992,210.879814,2
239.454056,0.0,0,0,22469881856,93.26771785120967,0,0.0,32,10,0.5,14,50.00000000000004,207.072589,2
239.454056,0.0,0,0,22469881856,93.26771785120967,0,0.0,32,11,0.5,14,40.000000000000036,168.08078,2
239.454056,0.0,0,0,22469881856,93.26771785120967,0,0.0,32,12,0.5,14,39.99999999999992,52.42366,2
239.454056,0.0,0,0,22469881856,93.26771785120967,0,0.0,32,13,0.5,14,39.99999999999992,157.421221,2
239.454056,0.0,0,0,22469881856,93.26771785120967,0,0.0,32,14,0.5,14,39.99999999999992,140.216821,2
239.454056,0.0,0,0,22469881856,93.26771785120967,0,0.0,32,15,0.5,14,40.000000000000036,153.375999,2
239.454056,0.0,0,0,22469881856,93.26771785120967,0,0.0,32,16,0.5,14,39.99999999999992,140.563794,2
239.454056,0.0,0,0,22469881856,93.26771785120967,0,0.0,32,17,0.5,14,40.000000000000036,174.541586,2
239.454056,0.0,0,0,22469881856,93.26771785120967,0,0.0,32,18,0.5,14,39.99999999999992,61.183967,2
239.454056,0.0,0,0,22469881856,93.26771785120967,0,0.0,32,19,0.5,14,39.99999999999992,140.961922,2
239.454056,0.0,0,0,22469881856,93.26771785120967,0,0.0,32,20,0.5,14,40.000000000000036,167.691082,2
239.454056,0.0,0,0,22469881856,93.26771785120967,0,0.0,32,21,0.5,14,40.000000000000036,138.937759,2
239.454056,0.0,0,0,22469881856,93.26771785120967,0,0.0,32,22,0.5,14,40.000000000000036,161.068695,2
239.454056,0.0,0,0,22469881856,93.26771785120967,0,0.0,32,23,0.5,14,40.000000000000036,82.387538,2
239.454056,0.0,0,0,22469881856,93.26771785120967,0,0.0,32,24,0.5,14,40.000000000000036,129.034789,2
239.454056,0.0,0,0,22469881856,93.26771785120967,0,0.0,32,25,0.5,14,40.000000000000036,139.215145,2
239.454056,0.0,0,0,22469881856,93.26771785120967,0,0.0,32,26,0.5,14,40.000000000000036,69.721186,2
239.454056,0.0,0,0,22469881856,93.26771785120967,0,0.0,32,27,0.5,14,40.000000000000036,153.300578,2
239.454056,0.0,0,0,22469881856,93.26771785120967,0,0.0,32,28,0.5,14,40.000000000000036,137.41695,2
239.454056,0.0,0,0,22469881856,93.26771785120967,0,0.0,32,29,0.5,14,40.000000000000036,137.530814,2
239.454056,0.0,0,0,22469881856,93.26771785120967,0,0.0,32,30,0.5,14,40.000000000000036,64.513129,2
239.454056,0.0,0,0,22469881856,93.26771785120967,0,0.0,32,31,0.5,14,40.000000000000036,124.603179,2
239.454056,0.0,0,0,22469881856,93.26771785120967,0,0.0,32,32,0.5,14,30.00000000000003,145.367592,2
233.641143,0.0,0,0,22469881856,94.16149791738654,0,0.0,32,1,0.5,15,50.00000000000004,114.878197,2
233.641143,0.0,0,0,22469881856,94.16149791738654,0,0.0,32,2,0.5,15,49.999999999999936,201.680359,2
233.641143,0.0,0,0,22469881856,94.16149791738654,0,0.0,32,3,0.5,15,39.99999999999992,93.517038,2
233.641143,0.0,0,0,22469881856,94.16149791738654,0,0.0,32,4,0.5,15,39.99999999999992,189.439084,2
233.641143,0.0,0,0,22469881856,94.16149791738654,0,0.0,32,5,0.5,15,40.000000000000036,83.704685,2
233.641143,0.0,0,0,22469881856,94.16149791738654,0,0.0,32,6,0.5,15,39.99999999999992,206.433071,2
233.641143,0.0,0,0,22469881856,94.16149791738654,0,0.0,32,7,0.5,15,40.000000000000036,128.769066,2
233.641143,0.0,0,0,22469881856,94.16149791738654,0,0.0,32,8,0.5,15,39.99999999999992,199.078941,2
233.641143,0.0,0,0,22469881856,94.16149791738654,0,0.0,32,9,0.5,15,40.000000000000036,63.493657,2
233.641143,0.0,0,0,22469881856,94.16149791738654,0,0.0,32,10,0.5,15,39.99999999999992,184.028118,2
233.641143,0.0,0,0,22469881856,94.16149791738654,0,0.0,32,11,0.5,15,39.99999999999992,131.945877,2
233.641143,0.0,0,0,22469881856,94.16149791738654,0,0.0,32,12,0.5,15,40.000000000000036,197.260124,2
233.641143,0.0,0,0,22469881856,94.16149791738654,0,0.0,32,13,0.5,15,40.000000000000036,114.165688,2
233.641143,0.0,0,0,22469881856,94.16149791738654,0,0.0,32,14,0.5,15,40.000000000000036,193.165505,2
233.641143,0.0,0,0,22469881856,94.16149791738654,0,0.0,32,15,0.5,15,39.99999999999992,133.168485,2
233.641143,0.0,0,0,22469881856,94.16149791738654,0,0.0,32,16,0.5,15,40.000000000000036,120.104929,2
233.641143,0.0,0,0,22469881856,94.16149791738654,0,0.0,32,17,0.5,15,49.999999999999936,179.58126,2
233.641143,0.0,0,0,22469881856,94.16149791738654,0,0.0,32,18,0.5,15,40.000000000000036,151.212115,2
233.641143,0.0,0,0,22469881856,94.16149791738654,0,0.0,32,19,0.5,15,40.000000000000036,128.017839,2
233.641143,0.0,0,0,22469881856,94.16149791738654,0,0.0,32,20,0.5,15,39.99999999999992,186.958785,2
233.641143,0.0,0,0,22469881856,94.16149791738654,0,0.0,32,21,0.5,15,39.99999999999992,127.795367,2
233.641143,0.0,0,0,22469881856,94.16149791738654,0,0.0,32,22,0.5,15,39.99999999999992,95.466163,2
233.641143,0.0,0,0,22469881856,94.16149791738654,0,0.0,32,23,0.5,15,39.99999999999992,165.337204,2
233.641143,0.0,0,0,22469881856,94.16149791738654,0,0.0,32,24,0.5,15,39.99999999999992,145.520788,2
233.641143,0.0,0,0,22469881856,94.16149791738654,0,0.0,32,25,0.5,15,39.99999999999992,147.144549,2
233.641143,0.0,0,0,22469881856,94.16149791738654,0,0.0,32,26,0.5,15,49.999999999999936,95.597776,2
233.641143,0.0,0,0,22469881856,94.16149791738654,0,0.0,32,27,0.5,15,39.99999999999992,115.793994,2
233.641143,0.0,0,0,22469881856,94.16149791738654,0,0.0,32,28,0.5,15,39.99999999999992,101.79608,2
233.641143,0.0,0,0,22469881856,94.16149791738654,0,0.0,32,29,0.5,15,39.99999999999992,105.939602,2
233.641143,0.0,0,0,22469881856,94.16149791738654,0,0.0,32,30,0.5,15,39.99999999999992,121.732169,2
233.641143,0.0,0,0,22469881856,94.16149791738654,0,0.0,32,31,0.5,15,39.99999999999992,61.888832,2
233.641143,0.0,0,0,22469881856,94.16149791738654,0,0.0,32,32,0.5,15,49.999999999999936,60.633472,2
232.51292700000002,0.0,0,0,22481506304,96.0520071786622,0,0.0,32,1,0.5,1,39.99999999999998,117.806219,3
232.51292700000002,0.0,0,0,22481506304,96.0520071786622,0,0.0,32,2,0.5,1,40.000000000000036,153.117224,3
232.51292700000002,0.0,0,0,22481506304,96.0520071786622,0,0.0,32,3,0.5,1,40.000000000000036,65.178097,3
232.51292700000002,0.0,0,0,22481506304,96.0520071786622,0,0.0,32,4,0.5,1,39.99999999999998,116.765083,3
232.51292700000002,0.0,0,0,22481506304,96.0520071786622,0,0.0,32,5,0.5,1,40.000000000000036,132.443435,3
232.51292700000002,0.0,0,0,22481506304,96.0520071786622,0,0.0,32,6,0.5,1,40.000000000000036,137.696385,3
232.51292700000002,0.0,0,0,22481506304,96.0520071786622,0,0.0,32,7,0.5,1,40.00000000000001,39.554579,3
232.51292700000002,0.0,0,0,22481506304,96.0520071786622,0,0.0,32,8,0.5,1,39.99999999999998,108.018306,3
232.51292700000002,0.0,0,0,22481506304,96.0520071786622,0,0.0,32,9,0.5,1,39.99999999999998,128.089932,3
232.51292700000002,0.0,0,0,22481506304,96.0520071786622,0,0.0,32,10,0.5,1,40.000000000000036,131.806326,3
232.51292700000002,0.0,0,0,22481506304,96.0520071786622,0,0.0,32,11,0.5,1,39.99999999999998,72.061687,3
232.51292700000002,0.0,0,0,22481506304,96.0520071786622,0,0.0,32,12,0.5,1,49.999999999999986,145.272688,3
232.51292700000002,0.0,0,0,22481506304,96.0520071786622,0,0.0,32,13,0.5,1,40.000000000000036,180.087683,3
232.51292700000002,0.0,0,0,22481506304,96.0520071786622,0,0.0,32,14,0.5,1,40.000000000000036,84.450507,3
232.51292700000002,0.0,0,0,22481506304,96.0520071786622,0,0.0,32,15,0.5,1,39.99999999999998,140.255531,3
232.51292700000002,0.0,0,0,22481506304,96.0520071786622,0,0.0,32,16,0.5,1,30.00000000000003,148.023603,3
232.51292700000002,0.0,0,0,22481506304,96.0520071786622,0,0.0,32,17,0.5,1,40.000000000000036,143.397831,3
232.51292700000002,0.0,0,0,22481506304,96.0520071786622,0,0.0,32,18,0.5,1,40.000000000000036,160.299384,3
232.51292700000002,0.0,0,0,22481506304,96.0520071786622,0,0.0,32,19,0.5,1,39.99999999999998,138.344243,3
232.51292700000002,0.0,0,0,22481506304,96.0520071786622,0,0.0,32,20,0.5,1,40.000000000000036,152.10574,3
232.51292700000002,0.0,0,0,22481506304,96.0520071786622,0,0.0,32,21,0.5,1,40.000000000000036,153.863077,3
232.51292700000002,0.0,0,0,22481506304,96.0520071786622,0,0.0,32,22,0.5,1,39.99999999999998,134.414785,3
232.51292700000002,0.0,0,0,22481506304,96.0520071786622,0,0.0,32,23,0.5,1,39.99999999999998,91.472287,3
232.51292700000002,0.0,0,0,22481506304,96.0520071786622,0,0.0,32,24,0.5,1,40.000000000000036,118.230566,3
232.51292700000002,0.0,0,0,22481506304,96.0520071786622,0,0.0,32,25,0.5,1,40.00000000000001,126.039433,3
232.51292700000002,0.0,0,0,22481506304,96.0520071786622,0,0.0,32,26,0.5,1,39.99999999999998,147.60734,3
232.51292700000002,0.0,0,0,22481506304,96.0520071786622,0,0.0,32,27,0.5,1,40.000000000000036,113.734558,3
232.51292700000002,0.0,0,0,22481506304,96.0520071786622,0,0.0,32,28,0.5,1,40.000000000000036,121.179698,3
232.51292700000002,0.0,0,0,22481506304,96.0520071786622,0,0.0,32,29,0.5,1,39.99999999999998,126.588907,3
232.51292700000002,0.0,0,0,22481506304,96.0520071786622,0,0.0,32,30,0.5,1,40.000000000000036,124.149252,3
232.51292700000002,0.0,0,0,22481506304,96.0520071786622,0,0.0,32,31,0.5,1,40.000000000000036,113.399842,3
232.51292700000002,0.0,0,0,22481506304,96.0520071786622,0,0.0,32,32,0.5,1,39.99999999999998,146.066258,3
237.140528,0.0,0,0,22481506304,94.8804499583087,0,0.0,32,1,0.5,2,40.000000000000036,171.93708,3
237.140528,0.0,0,0,22481506304,94.8804499583087,0,0.0,32,2,0.5,2,39.99999999999998,52.06675,3
237.140528,0.0,0,0,22481506304,94.8804499583087,0,0.0,32,3,0.5,2,39.99999999999998,108.158366,3
237.140528,0.0,0,0,22481506304,94.8804499583087,0,0.0,32,4,0.5,2,40.000000000000036,103.04398,3
237.140528,0.0,0,0,22481506304,94.8804499583087,0,0.0,32,5,0.5,2,39.99999999999998,111.211108,3
237.140528,0.0,0,0,22481506304,94.8804499583087,0,0.0,32,6,0.5,2,39.99999999999998,87.170873,3
237.140528,0.0,0,0,22481506304,94.8804499583087,0,0.0,32,7,0.5,2,39.99999999999998,93.119335,3
237.140528,0.0,0,0,22481506304,94.8804499583087,0,0.0,32,8,0.5,2,40.000000000000036,167.818661,3
237.140528,0.0,0,0,22481506304,94.8804499583087,0,0.0,32,9,0.5,2,40.000000000000036,115.856576,3
237.140528,0.0,0,0,22481506304,94.8804499583087,0,0.0,32,10,0.5,2,39.99999999999998,155.986146,3
237.140528,0.0,0,0,22481506304,94.8804499583087,0,0.0,32,11,0.5,2,40.000000000000036,123.661952,3
237.140528,0.0,0,0,22481506304,94.8804499583087,0,0.0,32,12,0.5,2,40.000000000000036,174.605703,3
237.140528,0.0,0,0,22481506304,94.8804499583087,0,0.0,32,13,0.5,2,39.99999999999998,138.146273,3
237.140528,0.0,0,0,22481506304,94.8804499583087,0,0.0,32,14,0.5,2,49.999999999999986,162.396341,3
237.140528,0.0,0,0,22481506304,94.8804499583087,0,0.0,32,15,0.5,2,50.00000000000004,175.938746,3
237.140528,0.0,0,0,22481506304,94.8804499583087,0,0.0,32,16,0.5,2,49.999999999999986,172.444893,3
237.140528,0.0,0,0,22481506304,94.8804499583087,0,0.0,32,17,0.5,2,39.99999999999998,172.775983,3
237.140528,0.0,0,0,22481506304,94.8804499583087,0,0.0,32,18,0.5,2,39.99999999999998,166.1078,3
237.140528,0.0,0,0,22481506304,94.8804499583087,0,0.0,32,19,0.5,2,40.000000000000036,166.22183,3
237.140528,0.0,0,0,22481506304,94.8804499583087,0,0.0,32,20,0.5,2,39.99999999999998,150.520422,3
237.140528,0.0,0,0,22481506304,94.8804499583087,0,0.0,32,21,0.5,2,39.99999999999998,131.857263,3
237.140528,0.0,0,0,22481506304,94.8804499583087,0,0.0,32,22,0.5,2,40.000000000000036,119.808222,3
237.140528,0.0,0,0,22481506304,94.8804499583087,0,0.0,32,23,0.5,2,40.000000000000036,145.497751,3
237.140528,0.0,0,0,22481506304,94.8804499583087,0,0.0,32,24,0.5,2,49.999999999999986,124.68822,3
237.140528,0.0,0,0,22481506304,94.8804499583087,0,0.0,32,25,0.5,2,49.999999999999986,118.674949,3
237.140528,0.0,0,0,22481506304,94.8804499583087,0,0.0,32,26,0.5,2,40.000000000000036,147.213715,3
237.140528,0.0,0,0,22481506304,94.8804499583087,0,0.0,32,27,0.5,2,39.99999999999998,127.100044,3
237.140528,0.0,0,0,22481506304,94.8804499583087,0,0.0,32,28,0.5,2,39.99999999999998,134.821726,3
237.140528,0.0,0,0,22481506304,94.8804499583087,0,0.0,32,29,0.5,2,40.000000000000036,132.448049,3
237.140528,0.0,0,0,22481506304,94.8804499583087,0,0.0,32,30,0.5,2,39.99999999999998,134.911761,3
237.140528,0.0,0,0,22481506304,94.8804499583087,0,0.0,32,31,0.5,2,39.99999999999998,103.730613,3
237.140528,0.0,0,0,22481506304,94.8804499583087,0,0.0,32,32,0.5,2,40.000000000000036,83.856025,3
229.80192399999999,0.0,0,0,22481248256,97.18514512228627,-258048,0.0,32,1,0.5,3,39.99999999999998,120.898562,3
229.80192399999999,0.0,0,0,22481248256,97.18514512228627,-258048,0.0,32,2,0.5,3,39.99999999999998,40.233868,3
229.80192399999999,0.0,0,0,22481248256,97.18514512228627,-258048,0.0,32,3,0.5,3,39.99999999999998,204.694757,3
229.80192399999999,0.0,0,0,22481248256,97.18514512228627,-258048,0.0,32,4,0.5,3,39.99999999999998,103.261928,3
229.80192399999999,0.0,0,0,22481248256,97.18514512228627,-258048,0.0,32,5,0.5,3,39.99999999999998,72.238764,3
229.80192399999999,0.0,0,0,22481248256,97.18514512228627,-258048,0.0,32,6,0.5,3,39.99999999999998,66.512006,3
229.80192399999999,0.0,0,0,22481248256,97.18514512228627,-258048,0.0,32,7,0.5,3,39.99999999999998,189.405914,3
229.80192399999999,0.0,0,0,22481248256,97.18514512228627,-258048,0.0,32,8,0.5,3,39.99999999999998,200.297473,3
229.80192399999999,0.0,0,0,22481248256,97.18514512228627,-258048,0.0,32,9,0.5,3,39.99999999999998,143.965767,3
229.80192399999999,0.0,0,0,22481248256,97.18514512228627,-258048,0.0,32,10,0.5,3,39.99999999999998,80.127713,3
229.80192399999999,0.0,0,0,22481248256,97.18514512228627,-258048,0.0,32,11,0.5,3,39.99999999999998,155.621848,3
229.80192399999999,0.0,0,0,22481248256,97.18514512228627,-258048,0.0,32,12,0.5,3,39.99999999999998,123.473018,3
229.80192399999999,0.0,0,0,22481248256,97.18514512228627,-258048,0.0,32,13,0.5,3,39.99999999999998,167.226872,3
229.80192399999999,0.0,0,0,22481248256,97.18514512228627,-258048,0.0,32,14,0.5,3,39.99999999999998,163.995862,3
229.80192399999999,0.0,0,0,22481248256,97.18514512228627,-258048,0.0,32,15,0.5,3,39.99999999999998,163.975373,3
229.80192399999999,0.0,0,0,22481248256,97.18514512228627,-258048,0.0,32,16,0.5,3,39.99999999999998,91.710695,3
229.80192399999999,0.0,0,0,22481248256,97.18514512228627,-258048,0.0,32,17,0.5,3,39.99999999999998,154.800009,3
229.80192399999999,0.0,0,0,22481248256,97.18514512228627,-258048,0.0,32,18,0.5,3,39.99999999999998,171.188023,3
229.80192399999999,0.0,0,0,22481248256,97.18514512228627,-258048,0.0,32,19,0.5,3,39.99999999999998,125.189515,3
229.80192399999999,0.0,0,0,22481248256,97.18514512228627,-258048,0.0,32,20,0.5,3,39.99999999999998,114.522711,3
229.80192399999999,0.0,0,0,22481248256,97.18514512228627,-258048,0.0,32,21,0.5,3,39.99999999999998,147.738419,3
229.80192399999999,0.0,0,0,22481248256,97.18514512228627,-258048,0.0,32,22,0.5,3,39.99999999999998,140.735312,3
229.80192399999999,0.0,0,0,22481248256,97.18514512228627,-258048,0.0,32,23,0.5,3,39.99999999999998,153.067674,3
229.80192399999999,0.0,0,0,22481248256,97.18514512228627,-258048,0.0,32,24,0.5,3,39.99999999999998,138.677457,3
229.80192399999999,0.0,0,0,22481248256,97.18514512228627,-258048,0.0,32,25,0.5,3,39.99999999999998,139.162461,3
229.80192399999999,0.0,0,0,22481248256,97.18514512228627,-258048,0.0,32,26,0.5,3,39.99999999999998,143.836143,3
229.80192399999999,0.0,0,0,22481248256,97.18514512228627,-258048,0.0,32,27,0.5,3,49.999999999999986,137.939928,3
229.80192399999999,0.0,0,0,22481248256,97.18514512228627,-258048,0.0,32,28,0.5,3,39.99999999999998,130.163004,3
229.80192399999999,0.0,0,0,22481248256,97.18514512228627,-258048,0.0,32,29,0.5,3,39.99999999999998,97.380925,3
229.80192399999999,0.0,0,0,22481248256,97.18514512228627,-258048,0.0,32,30,0.5,3,39.99999999999998,91.753158,3
229.80192399999999,0.0,0,0,22481248256,97.18514512228627,-258048,0.0,32,31,0.5,3,39.99999999999998,89.805658,3
229.80192399999999,0.0,0,0,22481248256,97.18514512228627,-258048,0.0,32,32,0.5,3,39.99999999999998,108.816335,3
229.967332,0.0,0,0,22481248256,94.94102115921405,0,0.0,32,1,0.5,4,39.99999999999998,112.843097,3
229.967332,0.0,0,0,22481248256,94.94102115921405,0,0.0,32,2,0.5,4,40.000000000000036,97.43655,3
229.967332,0.0,0,0,22481248256,94.94102115921405,0,0.0,32,3,0.5,4,40.000000000000036,87.665915,3
229.967332,0.0,0,0,22481248256,94.94102115921405,0,0.0,32,4,0.5,4,39.99999999999998,132.486886,3
229.967332,0.0,0,0,22481248256,94.94102115921405,0,0.0,32,5,0.5,4,40.000000000000036,51.490199,3
229.967332,0.0,0,0,22481248256,94.94102115921405,0,0.0,32,6,0.5,4,40.000000000000036,119.768415,3
229.967332,0.0,0,0,22481248256,94.94102115921405,0,0.0,32,7,0.5,4,40.000000000000036,39.453544,3
229.967332,0.0,0,0,22481248256,94.94102115921405,0,0.0,32,8,0.5,4,49.999999999999986,91.93205,3
229.967332,0.0,0,0,22481248256,94.94102115921405,0,0.0,32,9,0.5,4,39.99999999999998,122.604326,3
229.967332,0.0,0,0,22481248256,94.94102115921405,0,0.0,32,10,0.5,4,40.000000000000036,69.817936,3
229.967332,0.0,0,0,22481248256,94.94102115921405,0,0.0,32,11,0.5,4,39.99999999999998,132.108355,3
229.967332,0.0,0,0,22481248256,94.94102115921405,0,0.0,32,12,0.5,4,39.99999999999998,103.674119,3
229.967332,0.0,0,0,22481248256,94.94102115921405,0,0.0,32,13,0.5,4,49.999999999999986,170.580478,3
229.967332,0.0,0,0,22481248256,94.94102115921405,0,0.0,32,14,0.5,4,39.99999999999998,57.11214,3
229.967332,0.0,0,0,22481248256,94.94102115921405,0,0.0,32,15,0.5,4,39.99999999999998,108.073531,3
229.967332,0.0,0,0,22481248256,94.94102115921405,0,0.0,32,16,0.5,4,40.000000000000036,163.515285,3
229.967332,0.0,0,0,22481248256,94.94102115921405,0,0.0,32,17,0.5,4,40.000000000000036,66.830589,3
229.967332,0.0,0,0,22481248256,94.94102115921405,0,0.0,32,18,0.5,4,40.000000000000036,86.265381,3
229.967332,0.0,0,0,22481248256,94.94102115921405,0,0.0,32,19,0.5,4,39.99999999999998,153.415826,3
229.967332,0.0,0,0,22481248256,94.94102115921405,0,0.0,32,20,0.5,4,40.000000000000036,155.886893,3
229.967332,0.0,0,0,22481248256,94.94102115921405,0,0.0,32,21,0.5,4,40.000000000000036,96.283769,3
229.967332,0.0,0,0,22481248256,94.94102115921405,0,0.0,32,22,0.5,4,39.99999999999998,99.123307,3
229.967332,0.0,0,0,22481248256,94.94102115921405,0,0.0,32,23,0.5,4,30.00000000000003,133.931956,3
229.967332,0.0,0,0,22481248256,94.94102115921405,0,0.0,32,24,0.5,4,30.00000000000003,107.070414,3
229.967332,0.0,0,0,22481248256,94.94102115921405,0,0.0,32,25,0.5,4,40.000000000000036,120.184511,3
229.967332,0.0,0,0,22481248256,94.94102115921405,0,0.0,32,26,0.5,4,39.99999999999998,115.889606,3
229.967332,0.0,0,0,22481248256,94.94102115921405,0,0.0,32,27,0.5,4,39.99999999999998,112.395818,3
229.967332,0.0,0,0,22481248256,94.94102115921405,0,0.0,32,28,0.5,4,49.999999999999986,79.976196,3
229.967332,0.0,0,0,22481248256,94.94102115921405,0,0.0,32,29,0.5,4,49.999999999999986,107.819139,3
229.967332,0.0,0,0,22481248256,94.94102115921405,0,0.0,32,30,0.5,4,40.000000000000036,106.703172,3
229.967332,0.0,0,0,22481248256,94.94102115921405,0,0.0,32,31,0.5,4,40.000000000000036,119.777335,3
229.967332,0.0,0,0,22481248256,94.94102115921405,0,0.0,32,32,0.5,4,39.99999999999998,79.04724,3
247.707816,0.0,0,0,22480474112,95.54267220485235,-774144,0.0,32,1,0.5,5,40.000000000000036,74.18715,3
247.707816,0.0,0,0,22480474112,95.54267220485235,-774144,0.0,32,2,0.5,5,60.0,126.528095,3
247.707816,0.0,0,0,22480474112,95.54267220485235,-774144,0.0,32,3,0.5,5,60.0,136.266179,3
247.707816,0.0,0,0,22480474112,95.54267220485235,-774144,0.0,32,4,0.5,5,40.000000000000036,105.996403,3
247.707816,0.0,0,0,22480474112,95.54267220485235,-774144,0.0,32,5,0.5,5,39.99999999999998,157.288215,3
247.707816,0.0,0,0,22480474112,95.54267220485235,-774144,0.0,32,6,0.5,5,49.999999999999986,171.911953,3
247.707816,0.0,0,0,22480474112,95.54267220485235,-774144,0.0,32,7,0.5,5,39.99999999999998,39.33868,3
247.707816,0.0,0,0,22480474112,95.54267220485235,-774144,0.0,32,8,0.5,5,50.00000000000004,203.564156,3
247.707816,0.0,0,0,22480474112,95.54267220485235,-774144,0.0,32,9,0.5,5,40.000000000000036,155.662407,3
247.707816,0.0,0,0,22480474112,95.54267220485235,-774144,0.0,32,10,0.5,5,39.99999999999998,112.102369,3
247.707816,0.0,0,0,22480474112,95.54267220485235,-774144,0.0,32,11,0.5,5,40.000000000000036,114.033285,3
247.707816,0.0,0,0,22480474112,95.54267220485235,-774144,0.0,32,12,0.5,5,60.0,153.847833,3
247.707816,0.0,0,0,22480474112,95.54267220485235,-774144,0.0,32,13,0.5,5,40.000000000000036,170.104256,3
247.707816,0.0,0,0,22480474112,95.54267220485235,-774144,0.0,32,14,0.5,5,40.000000000000036,92.29819,3
247.707816,0.0,0,0,22480474112,95.54267220485235,-774144,0.0,32,15,0.5,5,40.000000000000036,157.994317,3
247.707816,0.0,0,0,22480474112,95.54267220485235,-774144,0.0,32,16,0.5,5,39.99999999999998,91.81881,3
247.707816,0.0,0,0,22480474112,95.54267220485235,-774144,0.0,32,17,0.5,5,49.999999999999986,174.664934,3
247.707816,0.0,0,0,22480474112,95.54267220485235,-774144,0.0,32,18,0.5,5,39.99999999999998,105.904716,3
247.707816,0.0,0,0,22480474112,95.54267220485235,-774144,0.0,32,19,0.5,5,40.000000000000036,105.501483,3
247.707816,0.0,0,0,22480474112,95.54267220485235,-774144,0.0,32,20,0.5,5,39.99999999999998,163.409121,3
247.707816,0.0,0,0,22480474112,95.54267220485235,-774144,0.0,32,21,0.5,5,49.999999999999986,159.181393,3
247.707816,0.0,0,0,22480474112,95.54267220485235,-774144,0.0,32,22,0.5,5,40.000000000000036,145.193794,3
247.707816,0.0,0,0,22480474112,95.54267220485235,-774144,0.0,32,23,0.5,5,39.99999999999998,135.220052,3
247.707816,0.0,0,0,22480474112,95.54267220485235,-774144,0.0,32,24,0.5,5,49.999999999999986,142.165447,3
247.707816,0.0,0,0,22480474112,95.54267220485235,-774144,0.0,32,25,0.5,5,49.999999999999986,149.465103,3
247.707816,0.0,0,0,22480474112,95.54267220485235,-774144,0.0,32,26,0.5,5,40.000000000000036,99.688355,3
247.707816,0.0,0,0,22480474112,95.54267220485235,-774144,0.0,32,27,0.5,5,40.000000000000036,99.669798,3
247.707816,0.0,0,0,22480474112,95.54267220485235,-774144,0.0,32,28,0.5,5,30.00000000000003,75.786474,3
247.707816,0.0,0,0,22480474112,95.54267220485235,-774144,0.0,32,29,0.5,5,40.000000000000036,70.649907,3
247.707816,0.0,0,0,22480474112,95.54267220485235,-774144,0.0,32,30,0.5,5,39.99999999999998,99.951064,3
247.707816,0.0,0,0,22480474112,95.54267220485235,-774144,0.0,32,31,0.5,5,39.99999999999998,65.805324,3
247.707816,0.0,0,0,22480474112,95.54267220485235,-774144,0.0,32,32,0.5,5,50.00000000000004,106.913279,3
268.609257,0.0,0,0,22480474112,96.17439704744191,0,0.0,32,1,0.5,6,39.99999999999998,157.134108,3
268.609257,0.0,0,0,22480474112,96.17439704744191,0,0.0,32,2,0.5,6,39.99999999999998,86.674596,3
268.609257,0.0,0,0,22480474112,96.17439704744191,0,0.0,32,3,0.5,6,39.99999999999998,83.16212,3
268.609257,0.0,0,0,22480474112,96.17439704744191,0,0.0,32,4,0.5,6,39.99999999999998,57.265208,3
268.609257,0.0,0,0,22480474112,96.17439704744191,0,0.0,32,5,0.5,6,49.999999999999986,191.093841,3
268.609257,0.0,0,0,22480474112,96.17439704744191,0,0.0,32,6,0.5,6,49.999999999999986,164.698666,3
268.609257,0.0,0,0,22480474112,96.17439704744191,0,0.0,32,7,0.5,6,39.99999999999998,60.29062,3
268.609257,0.0,0,0,22480474112,96.17439704744191,0,0.0,32,8,0.5,6,49.999999999999986,84.872483,3
268.609257,0.0,0,0,22480474112,96.17439704744191,0,0.0,32,9,0.5,6,49.999999999999986,210.8511,3
268.609257,0.0,0,0,22480474112,96.17439704744191,0,0.0,32,10,0.5,6,39.99999999999998,111.775791,3
268.609257,0.0,0,0,22480474112,96.17439704744191,0,0.0,32,11,0.5,6,49.999999999999986,179.622206,3
268.609257,0.0,0,0,22480474112,96.17439704744191,0,0.0,32,12,0.5,6,40.000000000000036,123.571965,3
268.609257,0.0,0,0,22480474112,96.17439704744191,0,0.0,32,13,0.5,6,49.999999999999986,216.324444,3
268.609257,0.0,0,0,22480474112,96.17439704744191,0,0.0,32,14,0.5,6,49.999999999999986,178.183877,3
268.609257,0.0,0,0,22480474112,96.17439704744191,0,0.0,32,15,0.5,6,49.999999999999986,202.952029,3
268.609257,0.0,0,0,22480474112,96.17439704744191,0,0.0,32,16,0.5,6,39.99999999999998,153.437563,3
268.609257,0.0,0,0,22480474112,96.17439704744191,0,0.0,32,17,0.5,6,39.99999999999998,135.631761,3
268.609257,0.0,0,0,22480474112,96.17439704744191,0,0.0,32,18,0.5,6,39.99999999999998,75.494211,3
268.609257,0.0,0,0,22480474112,96.17439704744191,0,0.0,32,19,0.5,6,49.999999999999986,173.933624,3
268.609257,0.0,0,0,22480474112,96.17439704744191,0,0.0,32,20,0.5,6,60.0,188.171734,3
268.609257,0.0,0,0,22480474112,96.17439704744191,0,0.0,32,21,0.5,6,49.999999999999986,184.276503,3
268.609257,0.0,0,0,22480474112,96.17439704744191,0,0.0,32,22,0.5,6,49.999999999999986,163.28278,3
268.609257,0.0,0,0,22480474112,96.17439704744191,0,0.0,32,23,0.5,6,49.999999999999986,165.507142,3
268.609257,0.0,0,0,22480474112,96.17439704744191,0,0.0,32,24,0.5,6,49.999999999999986,115.994737,3
268.609257,0.0,0,0,22480474112,96.17439704744191,0,0.0,32,25,0.5,6,39.99999999999998,162.229359,3
268.609257,0.0,0,0,22480474112,96.17439704744191,0,0.0,32,26,0.5,6,60.0,171.105417,3
268.609257,0.0,0,0,22480474112,96.17439704744191,0,0.0,32,27,0.5,6,49.999999999999986,136.118894,3
268.609257,0.0,0,0,22480474112,96.17439704744191,0,0.0,32,28,0.5,6,60.0,166.566434,3
268.609257,0.0,0,0,22480474112,96.17439704744191,0,0.0,32,29,0.5,6,49.999999999999986,56.627824,3
268.609257,0.0,0,0,22480474112,96.17439704744191,0,0.0,32,30,0.5,6,49.999999999999986,154.932251,3
268.609257,0.0,0,0,22480474112,96.17439704744191,0,0.0,32,31,0.5,6,49.999999999999986,106.413506,3
268.609257,0.0,0,0,22480474112,96.17439704744191,0,0.0,32,32,0.5,6,49.999999999999986,125.277159,3
247.756745,0.0,0,0,22480474112,93.50569513922603,0,0.0,32,1,0.5,7,40.000000000000036,64.679524,3
247.756745,0.0,0,0,22480474112,93.50569513922603,0,0.0,32,2,0.5,7,40.000000000000036,106.748862,3
247.756745,0.0,0,0,22480474112,93.50569513922603,0,0.0,32,3,0.5,7,40.000000000000036,146.212122,3
247.756745,0.0,0,0,22480474112,93.50569513922603,0,0.0,32,4,0.5,7,40.000000000000036,41.532095,3
247.756745,0.0,0,0,22480474112,93.50569513922603,0,0.0,32,5,0.5,7,40.000000000000036,148.811587,3
247.756745,0.0,0,0,22480474112,93.50569513922603,0,0.0,32,6,0.5,7,40.000000000000036,132.806308,3
247.756745,0.0,0,0,22480474112,93.50569513922603,0,0.0,32,7,0.5,7,40.000000000000036,77.063571,3
247.756745,0.0,0,0,22480474112,93.50569513922603,0,0.0,32,8,0.5,7,40.000000000000036,163.813073,3
247.756745,0.0,0,0,22480474112,93.50569513922603,0,0.0,32,9,0.5,7,50.00000000000004,176.043046,3
247.756745,0.0,0,0,22480474112,93.50569513922603,0,0.0,32,10,0.5,7,40.000000000000036,97.664108,3
247.756745,0.0,0,0,22480474112,93.50569513922603,0,0.0,32,11,0.5,7,40.000000000000036,155.883876,3
247.756745,0.0,0,0,22480474112,93.50569513922603,0,0.0,32,12,0.5,7,40.000000000000036,175.737913,3
247.756745,0.0,0,0,22480474112,93.50569513922603,0,0.0,32,13,0.5,7,40.000000000000036,84.751049,3
247.756745,0.0,0,0,22480474112,93.50569513922603,0,0.0,32,14,0.5,7,40.000000000000036,180.066968,3
247.756745,0.0,0,0,22480474112,93.50569513922603,0,0.0,32,15,0.5,7,40.000000000000036,161.83401,3
247.756745,0.0,0,0,22480474112,93.50569513922603,0,0.0,32,16,0.5,7,50.00000000000004,163.221645,3
247.756745,0.0,0,0,22480474112,93.50569513922603,0,0.0,32,17,0.5,7,50.00000000000004,156.776689,3
247.756745,0.0,0,0,22480474112,93.50569513922603,0,0.0,32,18,0.5,7,50.00000000000004,175.417073,3
247.756745,0.0,0,0,22480474112,93.50569513922603,0,0.0,32,19,0.5,7,40.000000000000036,78.205781,3
247.756745,0.0,0,0,22480474112,93.50569513922603,0,0.0,32,20,0.5,7,40.000000000000036,159.842293,3
247.756745,0.0,0,0,22480474112,93.50569513922603,0,0.0,32,21,0.5,7,40.000000000000036,155.959781,3
247.756745,0.0,0,0,22480474112,93.50569513922603,0,0.0,32,22,0.5,7,50.00000000000004,169.129945,3
247.756745,0.0,0,0,22480474112,93.50569513922603,0,0.0,32,23,0.5,7,50.00000000000004,171.472285,3
247.756745,0.0,0,0,22480474112,93.50569513922603,0,0.0,32,24,0.5,7,50.00000000000004,164.838319,3
247.756745,0.0,0,0,22480474112,93.50569513922603,0,0.0,32,25,0.5,7,50.00000000000004,149.332745,3
247.756745,0.0,0,0,22480474112,93.50569513922603,0,0.0,32,26,0.5,7,50.00000000000004,112.475833,3
247.756745,0.0,0,0,22480474112,93.50569513922603,0,0.0,32,27,0.5,7,40.000000000000036,129.664077,3
247.756745,0.0,0,0,22480474112,93.50569513922603,0,0.0,32,28,0.5,7,40.000000000000036,124.659142,3
247.756745,0.0,0,0,22480474112,93.50569513922603,0,0.0,32,29,0.5,7,40.000000000000036,119.296843,3
247.756745,0.0,0,0,22480474112,93.50569513922603,0,0.0,32,30,0.5,7,40.000000000000036,121.919544,3
247.756745,0.0,0,0,22480474112,93.50569513922603,0,0.0,32,31,0.5,7,50.00000000000004,129.099459,3
247.756745,0.0,0,0,22480474112,93.50569513922603,0,0.0,32,32,0.5,7,40.000000000000036,112.745216,3
247.693809,0.0,0,0,22480474112,95.54807511027876,0,0.0,32,1,0.5,8,49.999999999999936,92.389864,3
247.693809,0.0,0,0,22480474112,95.54807511027876,0,0.0,32,2,0.5,8,39.99999999999992,97.361774,3
247.693809,0.0,0,0,22480474112,95.54807511027876,0,0.0,32,3,0.5,8,49.999999999999936,116.597568,3
247.693809,0.0,0,0,22480474112,95.54807511027876,0,0.0,32,4,0.5,8,39.99999999999992,123.969842,3
247.693809,0.0,0,0,22480474112,95.54807511027876,0,0.0,32,5,0.5,8,40.000000000000036,131.824091,3
247.693809,0.0,0,0,22480474112,95.54807511027876,0,0.0,32,6,0.5,8,39.99999999999992,41.678076,3
247.693809,0.0,0,0,22480474112,95.54807511027876,0,0.0,32,7,0.5,8,40.000000000000036,127.853473,3
247.693809,0.0,0,0,22480474112,95.54807511027876,0,0.0,32,8,0.5,8,49.999999999999936,127.801147,3
247.693809,0.0,0,0,22480474112,95.54807511027876,0,0.0,32,9,0.5,8,39.99999999999992,175.503956,3
247.693809,0.0,0,0,22480474112,95.54807511027876,0,0.0,32,10,0.5,8,49.999999999999936,183.312964,3
247.693809,0.0,0,0,22480474112,95.54807511027876,0,0.0,32,11,0.5,8,39.99999999999992,68.479014,3
247.693809,0.0,0,0,22480474112,95.54807511027876,0,0.0,32,12,0.5,8,39.99999999999992,167.980663,3
247.693809,0.0,0,0,22480474112,95.54807511027876,0,0.0,32,13,0.5,8,49.999999999999936,176.373889,3
247.693809,0.0,0,0,22480474112,95.54807511027876,0,0.0,32,14,0.5,8,49.999999999999936,158.841162,3
247.693809,0.0,0,0,22480474112,95.54807511027876,0,0.0,32,15,0.5,8,39.99999999999992,163.743009,3
247.693809,0.0,0,0,22480474112,95.54807511027876,0,0.0,32,16,0.5,8,39.99999999999992,119.909625,3
247.693809,0.0,0,0,22480474112,95.54807511027876,0,0.0,32,17,0.5,8,39.99999999999992,163.509834,3
247.693809,0.0,0,0,22480474112,95.54807511027876,0,0.0,32,18,0.5,8,39.99999999999992,159.369627,3
247.693809,0.0,0,0,22480474112,95.54807511027876,0,0.0,32,19,0.5,8,39.99999999999992,156.940163,3
247.693809,0.0,0,0,22480474112,95.54807511027876,0,0.0,32,20,0.5,8,39.99999999999992,123.34962,3
247.693809,0.0,0,0,22480474112,95.54807511027876,0,0.0,32,21,0.5,8,39.99999999999992,76.122263,3
247.693809,0.0,0,0,22480474112,95.54807511027876,0,0.0,32,22,0.5,8,39.99999999999992,135.632148,3
247.693809,0.0,0,0,22480474112,95.54807511027876,0,0.0,32,23,0.5,8,39.99999999999992,105.198605,3
247.693809,0.0,0,0,22480474112,95.54807511027876,0,0.0,32,24,0.5,8,39.99999999999992,133.41734,3
247.693809,0.0,0,0,22480474112,95.54807511027876,0,0.0,32,25,0.5,8,39.99999999999992,129.597675,3
247.693809,0.0,0,0,22480474112,95.54807511027876,0,0.0,32,26,0.5,8,39.99999999999992,129.571027,3
247.693809,0.0,0,0,22480474112,95.54807511027876,0,0.0,32,27,0.5,8,39.99999999999992,117.668967,3
247.693809,0.0,0,0,22480474112,95.54807511027876,0,0.0,32,28,0.5,8,39.99999999999992,141.081242,3
247.693809,0.0,0,0,22480474112,95.54807511027876,0,0.0,32,29,0.5,8,39.99999999999992,140.64993,3
247.693809,0.0,0,0,22480474112,95.54807511027876,0,0.0,32,30,0.5,8,49.999999999999936,125.319801,3
247.693809,0.0,0,0,22480474112,95.54807511027876,0,0.0,32,31,0.5,8,49.999999999999936,70.231041,3
247.693809,0.0,0,0,22480474112,95.54807511027876,0,0.0,32,32,0.5,8,39.99999999999992,101.887334,3
246.477098,0.0,0,0,22480474112,92.63876245944908,0,0.0,32,1,0.5,9,40.000000000000036,56.953449,3
246.477098,0.0,0,0,22480474112,92.63876245944908,0,0.0,32,2,0.5,9,50.00000000000004,148.02325,3
246.477098,0.0,0,0,22480474112,92.63876245944908,0,0.0,32,3,0.5,9,40.000000000000036,166.550257,3
246.477098,0.0,0,0,22480474112,92.63876245944908,0,0.0,32,4,0.5,9,40.000000000000036,131.788597,3
246.477098,0.0,0,0,22480474112,92.63876245944908,0,0.0,32,5,0.5,9,39.99999999999992,82.492511,3
246.477098,0.0,0,0,22480474112,92.63876245944908,0,0.0,32,6,0.5,9,40.000000000000036,178.271309,3
246.477098,0.0,0,0,22480474112,92.63876245944908,0,0.0,32,7,0.5,9,39.99999999999992,132.33803,3
246.477098,0.0,0,0,22480474112,92.63876245944908,0,0.0,32,8,0.5,9,40.000000000000036,163.607521,3
246.477098,0.0,0,0,22480474112,92.63876245944908,0,0.0,32,9,0.5,9,40.000000000000036,172.015434,3
246.477098,0.0,0,0,22480474112,92.63876245944908,0,0.0,32,10,0.5,9,40.000000000000036,71.223309,3
246.477098,0.0,0,0,22480474112,92.63876245944908,0,0.0,32,11,0.5,9,40.000000000000036,99.81878,3
246.477098,0.0,0,0,22480474112,92.63876245944908,0,0.0,32,12,0.5,9,50.00000000000004,170.109111,3
246.477098,0.0,0,0,22480474112,92.63876245944908,0,0.0,32,13,0.5,9,40.000000000000036,194.572333,3
246.477098,0.0,0,0,22480474112,92.63876245944908,0,0.0,32,14,0.5,9,40.000000000000036,180.271722,3
246.477098,0.0,0,0,22480474112,92.63876245944908,0,0.0,32,15,0.5,9,40.000000000000036,100.901437,3
246.477098,0.0,0,0,22480474112,92.63876245944908,0,0.0,32,16,0.5,9,40.000000000000036,179.759899,3
246.477098,0.0,0,0,22480474112,92.63876245944908,0,0.0,32,17,0.5,9,40.000000000000036,91.111555,3
246.477098,0.0,0,0,22480474112,92.63876245944908,0,0.0,32,18,0.5,9,40.000000000000036,174.839835,3
246.477098,0.0,0,0,22480474112,92.63876245944908,0,0.0,32,19,0.5,9,30.00000000000003,126.662712,3
246.477098,0.0,0,0,22480474112,92.63876245944908,0,0.0,32,20,0.5,9,40.000000000000036,172.171883,3
246.477098,0.0,0,0,22480474112,92.63876245944908,0,0.0,32,21,0.5,9,50.00000000000004,172.030191,3
246.477098,0.0,0,0,22480474112,92.63876245944908,0,0.0,32,22,0.5,9,40.000000000000036,139.324277,3
246.477098,0.0,0,0,22480474112,92.63876245944908,0,0.0,32,23,0.5,9,40.000000000000036,147.984337,3
246.477098,0.0,0,0,22480474112,92.63876245944908,0,0.0,32,24,0.5,9,40.000000000000036,114.401039,3
246.477098,0.0,0,0,22480474112,92.63876245944908,0,0.0,32,25,0.5,9,40.000000000000036,138.092778,3
246.477098,0.0,0,0,22480474112,92.63876245944908,0,0.0,32,26,0.5,9,40.000000000000036,58.02203,3
246.477098,0.0,0,0,22480474112,92.63876245944908,0,0.0,32,27,0.5,9,40.000000000000036,78.00604,3
246.477098,0.0,0,0,22480474112,92.63876245944908,0,0.0,32,28,0.5,9,40.000000000000036,109.167484,3
246.477098,0.0,0,0,22480474112,92.63876245944908,0,0.0,32,29,0.5,9,40.000000000000036,129.383283,3
246.477098,0.0,0,0,22480474112,92.63876245944908,0,0.0,32,30,0.5,9,40.000000000000036,119.198044,3
246.477098,0.0,0,0,22480474112,92.63876245944908,0,0.0,32,31,0.5,9,40.000000000000036,108.704895,3
246.477098,0.0,0,0,22480474112,92.63876245944908,0,0.0,32,32,0.5,9,40.000000000000036,117.157205,3
239.48050800000001,0.0,0,0,22480474112,96.04121935469512,0,0.0,32,1,0.5,10,40.000000000000036,56.274724,3
239.48050800000001,0.0,0,0,22480474112,96.04121935469512,0,0.0,32,2,0.5,10,50.00000000000004,103.342138,3
239.48050800000001,0.0,0,0,22480474112,96.04121935469512,0,0.0,32,3,0.5,10,40.000000000000036,114.553702,3
239.48050800000001,0.0,0,0,22480474112,96.04121935469512,0,0.0,32,4,0.5,10,40.000000000000036,122.549648,3
239.48050800000001,0.0,0,0,22480474112,96.04121935469512,0,0.0,32,5,0.5,10,40.000000000000036,194.796362,3
239.48050800000001,0.0,0,0,22480474112,96.04121935469512,0,0.0,32,6,0.5,10,50.00000000000004,201.305509,3
239.48050800000001,0.0,0,0,22480474112,96.04121935469512,0,0.0,32,7,0.5,10,40.000000000000036,195.619982,3
239.48050800000001,0.0,0,0,22480474112,96.04121935469512,0,0.0,32,8,0.5,10,40.000000000000036,44.565573,3
239.48050800000001,0.0,0,0,22480474112,96.04121935469512,0,0.0,32,9,0.5,10,40.000000000000036,163.124219,3
239.48050800000001,0.0,0,0,22480474112,96.04121935469512,0,0.0,32,10,0.5,10,50.00000000000004,191.230135,3
239.48050800000001,0.0,0,0,22480474112,96.04121935469512,0,0.0,32,11,0.5,10,40.000000000000036,132.046768,3
239.48050800000001,0.0,0,0,22480474112,96.04121935469512,0,0.0,32,12,0.5,10,40.000000000000036,179.529489,3
239.48050800000001,0.0,0,0,22480474112,96.04121935469512,0,0.0,32,13,0.5,10,40.000000000000036,190.728001,3
239.48050800000001,0.0,0,0,22480474112,96.04121935469512,0,0.0,32,14,0.5,10,50.00000000000004,151.588894,3
239.48050800000001,0.0,0,0,22480474112,96.04121935469512,0,0.0,32,15,0.5,10,40.000000000000036,188.688508,3
239.48050800000001,0.0,0,0,22480474112,96.04121935469512,0,0.0,32,16,0.5,10,40.000000000000036,177.910024,3
239.48050800000001,0.0,0,0,22480474112,96.04121935469512,0,0.0,32,17,0.5,10,40.000000000000036,107.96797,3
239.48050800000001,0.0,0,0,22480474112,96.04121935469512,0,0.0,32,18,0.5,10,50.00000000000004,167.182225,3
239.48050800000001,0.0,0,0,22480474112,96.04121935469512,0,0.0,32,19,0.5,10,50.00000000000004,140.079914,3
239.48050800000001,0.0,0,0,22480474112,96.04121935469512,0,0.0,32,20,0.5,10,40.000000000000036,143.644727,3
239.48050800000001,0.0,0,0,22480474112,96.04121935469512,0,0.0,32,21,0.5,10,40.000000000000036,152.584313,3
239.48050800000001,0.0,0,0,22480474112,96.04121935469512,0,0.0,32,22,0.5,10,40.000000000000036,164.884483,3
239.48050800000001,0.0,0,0,22480474112,96.04121935469512,0,0.0,32,23,0.5,10,40.000000000000036,150.583337,3
239.48050800000001,0.0,0,0,22480474112,96.04121935469512,0,0.0,32,24,0.5,10,40.000000000000036,141.894745,3
239.48050800000001,0.0,0,0,22480474112,96.04121935469512,0,0.0,32,25,0.5,10,40.000000000000036,115.521011,3
239.48050800000001,0.0,0,0,22480474112,96.04121935469512,0,0.0,32,26,0.5,10,40.000000000000036,150.575775,3
239.48050800000001,0.0,0,0,22480474112,96.04121935469512,0,0.0,32,27,0.5,10,40.000000000000036,132.867199,3
239.48050800000001,0.0,0,0,22480474112,96.04121935469512,0,0.0,32,28,0.5,10,50.00000000000004,128.91593,3
239.48050800000001,0.0,0,0,22480474112,96.04121935469512,0,0.0,32,29,0.5,10,40.000000000000036,107.849584,3
239.48050800000001,0.0,0,0,22480474112,96.04121935469512,0,0.0,32,30,0.5,10,40.000000000000036,88.648888,3
239.48050800000001,0.0,0,0,22480474112,96.04121935469512,0,0.0,32,31,0.5,10,40.000000000000036,116.635104,3
239.48050800000001,0.0,0,0,22480474112,96.04121935469512,0,0.0,32,32,0.5,10,40.000000000000036,101.192199,3
235.200783,0.0,0,0,22480474112,94.95433241536342,0,0.0,32,1,0.5,11,39.99999999999992,104.165617,3
235.200783,0.0,0,0,22480474112,94.95433241536342,0,0.0,32,2,0.5,11,39.99999999999992,102.519673,3
235.200783,0.0,0,0,22480474112,94.95433241536342,0,0.0,32,3,0.5,11,39.99999999999992,43.92036,3
235.200783,0.0,0,0,22480474112,94.95433241536342,0,0.0,32,4,0.5,11,49.999999999999936,139.589577,3
235.200783,0.0,0,0,22480474112,94.95433241536342,0,0.0,32,5,0.5,11,40.000000000000036,71.632132,3
235.200783,0.0,0,0,22480474112,94.95433241536342,0,0.0,32,6,0.5,11,39.99999999999992,125.862083,3
235.200783,0.0,0,0,22480474112,94.95433241536342,0,0.0,32,7,0.5,11,40.000000000000036,116.207772,3
235.200783,0.0,0,0,22480474112,94.95433241536342,0,0.0,32,8,0.5,11,39.99999999999992,119.803949,3
235.200783,0.0,0,0,22480474112,94.95433241536342,0,0.0,32,9,0.5,11,39.99999999999992,143.928157,3
235.200783,0.0,0,0,22480474112,94.95433241536342,0,0.0,32,10,0.5,11,39.99999999999992,131.318084,3
235.200783,0.0,0,0,22480474112,94.95433241536342,0,0.0,32,11,0.5,11,39.99999999999992,136.131812,3
235.200783,0.0,0,0,22480474112,94.95433241536342,0,0.0,32,12,0.5,11,39.99999999999992,129.18438,3
235.200783,0.0,0,0,22480474112,94.95433241536342,0,0.0,32,13,0.5,11,39.99999999999992,113.921924,3
235.200783,0.0,0,0,22480474112,94.95433241536342,0,0.0,32,14,0.5,11,39.99999999999992,137.747298,3
235.200783,0.0,0,0,22480474112,94.95433241536342,0,0.0,32,15,0.5,11,39.99999999999992,95.49494,3
235.200783,0.0,0,0,22480474112,94.95433241536342,0,0.0,32,16,0.5,11,39.99999999999992,155.555651,3
235.200783,0.0,0,0,22480474112,94.95433241536342,0,0.0,32,17,0.5,11,39.99999999999992,171.916172,3
235.200783,0.0,0,0,22480474112,94.95433241536342,0,0.0,32,18,0.5,11,39.99999999999992,148.737986,3
235.200783,0.0,0,0,22480474112,94.95433241536342,0,0.0,32,19,0.5,11,39.99999999999992,173.637962,3
235.200783,0.0,0,0,22480474112,94.95433241536342,0,0.0,32,20,0.5,11,39.99999999999992,173.336459,3
235.200783,0.0,0,0,22480474112,94.95433241536342,0,0.0,32,21,0.5,11,39.99999999999992,129.07034,3
235.200783,0.0,0,0,22480474112,94.95433241536342,0,0.0,32,22,0.5,11,39.99999999999992,59.99032,3
235.200783,0.0,0,0,22480474112,94.95433241536342,0,0.0,32,23,0.5,11,39.99999999999992,113.276162,3
235.200783,0.0,0,0,22480474112,94.95433241536342,0,0.0,32,24,0.5,11,39.99999999999992,103.061912,3
235.200783,0.0,0,0,22480474112,94.95433241536342,0,0.0,32,25,0.5,11,39.99999999999992,157.005156,3
235.200783,0.0,0,0,22480474112,94.95433241536342,0,0.0,32,26,0.5,11,39.99999999999992,153.258353,3
235.200783,0.0,0,0,22480474112,94.95433241536342,0,0.0,32,27,0.5,11,39.99999999999992,133.127913,3
235.200783,0.0,0,0,22480474112,94.95433241536342,0,0.0,32,28,0.5,11,39.99999999999992,120.595233,3
235.200783,0.0,0,0,22480474112,94.95433241536342,0,0.0,32,29,0.5,11,39.99999999999992,71.447873,3
235.200783,0.0,0,0,22480474112,94.95433241536342,0,0.0,32,30,0.5,11,39.99999999999992,125.488258,3
235.200783,0.0,0,0,22480474112,94.95433241536342,0,0.0,32,31,0.5,11,39.99999999999992,99.177359,3
235.200783,0.0,0,0,22480474112,94.95433241536342,0,0.0,32,32,0.5,11,39.99999999999992,98.687838,3
235.761599,0.0,0,0,22478667776,95.43538937401787,-1806336,0.0,32,1,0.5,12,40.000000000000036,122.466261,3
235.761599,0.0,0,0,22478667776,95.43538937401787,-1806336,0.0,32,2,0.5,12,40.000000000000036,146.645329,3
235.761599,0.0,0,0,22478667776,95.43538937401787,-1806336,0.0,32,3,0.5,12,50.00000000000004,195.660528,3
235.761599,0.0,0,0,22478667776,95.43538937401787,-1806336,0.0,32,4,0.5,12,50.00000000000004,195.05044,3
235.761599,0.0,0,0,22478667776,95.43538937401787,-1806336,0.0,32,5,0.5,12,39.99999999999992,91.478918,3
235.761599,0.0,0,0,22478667776,95.43538937401787,-1806336,0.0,32,6,0.5,12,40.000000000000036,179.341262,3
235.761599,0.0,0,0,22478667776,95.43538937401787,-1806336,0.0,32,7,0.5,12,39.99999999999992,182.84817,3
235.761599,0.0,0,0,22478667776,95.43538937401787,-1806336,0.0,32,8,0.5,12,40.000000000000036,41.702285,3
235.761599,0.0,0,0,22478667776,95.43538937401787,-1806336,0.0,32,9,0.5,12,50.00000000000004,151.955421,3
235.761599,0.0,0,0,22478667776,95.43538937401787,-1806336,0.0,32,10,0.5,12,40.000000000000036,174.310064,3
235.761599,0.0,0,0,22478667776,95.43538937401787,-1806336,0.0,32,11,0.5,12,40.000000000000036,69.779215,3
235.761599,0.0,0,0,22478667776,95.43538937401787,-1806336,0.0,32,12,0.5,12,50.00000000000004,179.489237,3
235.761599,0.0,0,0,22478667776,95.43538937401787,-1806336,0.0,32,13,0.5,12,40.000000000000036,187.923035,3
235.761599,0.0,0,0,22478667776,95.43538937401787,-1806336,0.0,32,14,0.5,12,40.000000000000036,172.890087,3
235.761599,0.0,0,0,22478667776,95.43538937401787,-1806336,0.0,32,15,0.5,12,40.000000000000036,173.019156,3
235.761599,0.0,0,0,22478667776,95.43538937401787,-1806336,0.0,32,16,0.5,12,50.00000000000004,178.835821,3
235.761599,0.0,0,0,22478667776,95.43538937401787,-1806336,0.0,32,17,0.5,12,40.000000000000036,168.693754,3
235.761599,0.0,0,0,22478667776,95.43538937401787,-1806336,0.0,32,18,0.5,12,40.000000000000036,165.470896,3
235.761599,0.0,0,0,22478667776,95.43538937401787,-1806336,0.0,32,19,0.5,12,40.000000000000036,172.053318,3
235.761599,0.0,0,0,22478667776,95.43538937401787,-1806336,0.0,32,20,0.5,12,40.000000000000036,160.93707,3
235.761599,0.0,0,0,22478667776,95.43538937401787,-1806336,0.0,32,21,0.5,12,40.000000000000036,183.347211,3
235.761599,0.0,0,0,22478667776,95.43538937401787,-1806336,0.0,32,22,0.5,12,40.000000000000036,158.375692,3
235.761599,0.0,0,0,22478667776,95.43538937401787,-1806336,0.0,32,23,0.5,12,40.000000000000036,160.747948,3
235.761599,0.0,0,0,22478667776,95.43538937401787,-1806336,0.0,32,24,0.5,12,40.000000000000036,160.127404,3
235.761599,0.0,0,0,22478667776,95.43538937401787,-1806336,0.0,32,25,0.5,12,40.000000000000036,130.283333,3
235.761599,0.0,0,0,22478667776,95.43538937401787,-1806336,0.0,32,26,0.5,12,40.000000000000036,159.794621,3
235.761599,0.0,0,0,22478667776,95.43538937401787,-1806336,0.0,32,27,0.5,12,40.000000000000036,132.82519,3
235.761599,0.0,0,0,22478667776,95.43538937401787,-1806336,0.0,32,28,0.5,12,40.000000000000036,152.700426,3
235.761599,0.0,0,0,22478667776,95.43538937401787,-1806336,0.0,32,29,0.5,12,40.000000000000036,133.901232,3
235.761599,0.0,0,0,22478667776,95.43538937401787,-1806336,0.0,32,30,0.5,12,40.000000000000036,134.016919,3
235.761599,0.0,0,0,22478667776,95.43538937401787,-1806336,0.0,32,31,0.5,12,40.000000000000036,118.005869,3
235.761599,0.0,0,0,22478667776,95.43538937401787,-1806336,0.0,32,32,0.5,12,40.000000000000036,115.119444,3
270.148188,0.0,0,0,22478151680,87.60623879020014,-516096,0.0,32,1,0.5,13,40.000000000000036,124.626773,3
270.148188,0.0,0,0,22478151680,87.60623879020014,-516096,0.0,32,2,0.5,13,40.000000000000036,101.069307,3
270.148188,0.0,0,0,22478151680,87.60623879020014,-516096,0.0,32,3,0.5,13,40.000000000000036,49.011181,3
270.148188,0.0,0,0,22478151680,87.60623879020014,-516096,0.0,32,4,0.5,13,40.000000000000036,151.956802,3
270.148188,0.0,0,0,22478151680,87.60623879020014,-516096,0.0,32,5,0.5,13,50.00000000000004,129.945432,3
270.148188,0.0,0,0,22478151680,87.60623879020014,-516096,0.0,32,6,0.5,13,40.000000000000036,41.54052,3
270.148188,0.0,0,0,22478151680,87.60623879020014,-516096,0.0,32,7,0.5,13,50.00000000000004,122.167892,3
270.148188,0.0,0,0,22478151680,87.60623879020014,-516096,0.0,32,8,0.5,13,40.000000000000036,117.501691,3
270.148188,0.0,0,0,22478151680,87.60623879020014,-516096,0.0,32,9,0.5,13,40.000000000000036,76.279626,3
270.148188,0.0,0,0,22478151680,87.60623879020014,-516096,0.0,32,10,0.5,13,50.00000000000004,194.818893,3
270.148188,0.0,0,0,22478151680,87.60623879020014,-516096,0.0,32,11,0.5,13,50.00000000000004,179.990545,3
270.148188,0.0,0,0,22478151680,87.60623879020014,-516096,0.0,32,12,0.5,13,40.000000000000036,127.888698,3
270.148188,0.0,0,0,22478151680,87.60623879020014,-516096,0.0,32,13,0.5,13,50.00000000000004,143.461439,3
270.148188,0.0,0,0,22478151680,87.60623879020014,-516096,0.0,32,14,0.5,13,40.000000000000036,136.509244,3
270.148188,0.0,0,0,22478151680,87.60623879020014,-516096,0.0,32,15,0.5,13,50.00000000000004,185.162118,3
270.148188,0.0,0,0,22478151680,87.60623879020014,-516096,0.0,32,16,0.5,13,40.000000000000036,184.301675,3
270.148188,0.0,0,0,22478151680,87.60623879020014,-516096,0.0,32,17,0.5,13,40.000000000000036,171.510607,3
270.148188,0.0,0,0,22478151680,87.60623879020014,-516096,0.0,32,18,0.5,13,40.000000000000036,143.392642,3
270.148188,0.0,0,0,22478151680,87.60623879020014,-516096,0.0,32,19,0.5,13,40.000000000000036,146.996851,3
270.148188,0.0,0,0,22478151680,87.60623879020014,-516096,0.0,32,20,0.5,13,60.00000000000006,88.136769,3
270.148188,0.0,0,0,22478151680,87.60623879020014,-516096,0.0,32,21,0.5,13,40.000000000000036,107.842387,3
270.148188,0.0,0,0,22478151680,87.60623879020014,-516096,0.0,32,22,0.5,13,40.000000000000036,163.093061,3
270.148188,0.0,0,0,22478151680,87.60623879020014,-516096,0.0,32,23,0.5,13,40.000000000000036,159.44433,3
270.148188,0.0,0,0,22478151680,87.60623879020014,-516096,0.0,32,24,0.5,13,50.00000000000004,154.393492,3
270.148188,0.0,0,0,22478151680,87.60623879020014,-516096,0.0,32,25,0.5,13,50.00000000000004,133.402377,3
270.148188,0.0,0,0,22478151680,87.60623879020014,-516096,0.0,32,26,0.5,13,40.000000000000036,157.338963,3
270.148188,0.0,0,0,22478151680,87.60623879020014,-516096,0.0,32,27,0.5,13,50.00000000000004,151.651325,3
270.148188,0.0,0,0,22478151680,87.60623879020014,-516096,0.0,32,28,0.5,13,40.000000000000036,119.938586,3
270.148188,0.0,0,0,22478151680,87.60623879020014,-516096,0.0,32,29,0.5,13,40.000000000000036,123.207484,3
270.148188,0.0,0,0,22478151680,87.60623879020014,-516096,0.0,32,30,0.5,13,40.000000000000036,138.196795,3
270.148188,0.0,0,0,22478151680,87.60623879020014,-516096,0.0,32,31,0.5,13,40.000000000000036,60.4212,3
270.148188,0.0,0,0,22478151680,87.60623879020014,-516096,0.0,32,32,0.5,13,69.99999999999996,156.53009,3
236.982394,0.0,0,0,22477893632,95.64704906585258,-258048,0.0,32,1,0.5,14,39.99999999999992,88.709621,3
236.982394,0.0,0,0,22477893632,95.64704906585258,-258048,0.0,32,2,0.5,14,39.99999999999992,196.246084,3
236.982394,0.0,0,0,22477893632,95.64704906585258,-258048,0.0,32,3,0.5,14,39.99999999999992,120.692187,3
236.982394,0.0,0,0,22477893632,95.64704906585258,-258048,0.0,32,4,0.5,14,39.99999999999992,68.098918,3
236.982394,0.0,0,0,22477893632,95.64704906585258,-258048,0.0,32,5,0.5,14,40.000000000000036,167.644893,3
236.982394,0.0,0,0,22477893632,95.64704906585258,-258048,0.0,32,6,0.5,14,39.99999999999992,159.68498,3
236.982394,0.0,0,0,22477893632,95.64704906585258,-258048,0.0,32,7,0.5,14,40.000000000000036,183.573396,3
236.982394,0.0,0,0,22477893632,95.64704906585258,-258048,0.0,32,8,0.5,14,39.99999999999992,158.995742,3
236.982394,0.0,0,0,22477893632,95.64704906585258,-258048,0.0,32,9,0.5,14,39.99999999999992,195.805404,3
236.982394,0.0,0,0,22477893632,95.64704906585258,-258048,0.0,32,10,0.5,14,39.99999999999992,159.825171,3
236.982394,0.0,0,0,22477893632,95.64704906585258,-258048,0.0,32,11,0.5,14,39.99999999999992,99.557875,3
236.982394,0.0,0,0,22477893632,95.64704906585258,-258048,0.0,32,12,0.5,14,39.99999999999992,63.018459,3
236.982394,0.0,0,0,22477893632,95.64704906585258,-258048,0.0,32,13,0.5,14,39.99999999999992,195.749742,3
236.982394,0.0,0,0,22477893632,95.64704906585258,-258048,0.0,32,14,0.5,14,39.99999999999992,197.173856,3
236.982394,0.0,0,0,22477893632,95.64704906585258,-258048,0.0,32,15,0.5,14,39.99999999999992,190.875608,3
236.982394,0.0,0,0,22477893632,95.64704906585258,-258048,0.0,32,16,0.5,14,39.99999999999992,163.007914,3
236.982394,0.0,0,0,22477893632,95.64704906585258,-258048,0.0,32,17,0.5,14,39.99999999999992,187.413329,3
236.982394,0.0,0,0,22477893632,95.64704906585258,-258048,0.0,32,18,0.5,14,39.99999999999992,182.558504,3
236.982394,0.0,0,0,22477893632,95.64704906585258,-258048,0.0,32,19,0.5,14,39.99999999999992,190.774882,3
236.982394,0.0,0,0,22477893632,95.64704906585258,-258048,0.0,32,20,0.5,14,39.99999999999992,165.213406,3
236.982394,0.0,0,0,22477893632,95.64704906585258,-258048,0.0,32,21,0.5,14,49.999999999999936,110.627775,3
236.982394,0.0,0,0,22477893632,95.64704906585258,-258048,0.0,32,22,0.5,14,39.99999999999992,162.952156,3
236.982394,0.0,0,0,22477893632,95.64704906585258,-258048,0.0,32,23,0.5,14,39.99999999999992,138.882561,3
236.982394,0.0,0,0,22477893632,95.64704906585258,-258048,0.0,32,24,0.5,14,39.99999999999992,136.005682,3
236.982394,0.0,0,0,22477893632,95.64704906585258,-258048,0.0,32,25,0.5,14,39.99999999999992,119.964002,3
236.982394,0.0,0,0,22477893632,95.64704906585258,-258048,0.0,32,26,0.5,14,39.99999999999992,74.348957,3
236.982394,0.0,0,0,22477893632,95.64704906585258,-258048,0.0,32,27,0.5,14,39.99999999999992,100.636389,3
236.982394,0.0,0,0,22477893632,95.64704906585258,-258048,0.0,32,28,0.5,14,39.99999999999992,150.647253,3
236.982394,0.0,0,0,22477893632,95.64704906585258,-258048,0.0,32,29,0.5,14,39.99999999999992,156.873606,3
236.982394,0.0,0,0,22477893632,95.64704906585258,-258048,0.0,32,30,0.5,14,39.99999999999992,118.042851,3
236.982394,0.0,0,0,22477893632,95.64704906585258,-258048,0.0,32,31,0.5,14,39.99999999999992,140.130878,3
236.982394,0.0,0,0,22477893632,95.64704906585258,-258048,0.0,32,32,0.5,14,40.000000000000036,63.105919,3
232.646152,0.0,0,0,22477893632,94.56421183364473,0,0.0,32,1,0.5,15,40.000000000000036,42.536345,3
232.646152,0.0,0,0,22477893632,94.56421183364473,0,0.0,32,2,0.5,15,40.000000000000036,115.883892,3
232.646152,0.0,0,0,22477893632,94.56421183364473,0,0.0,32,3,0.5,15,30.00000000000003,102.398715,3
232.646152,0.0,0,0,22477893632,94.56421183364473,0,0.0,32,4,0.5,15,40.000000000000036,58.771192,3
232.646152,0.0,0,0,22477893632,94.56421183364473,0,0.0,32,5,0.5,15,39.99999999999992,163.831615,3
232.646152,0.0,0,0,22477893632,94.56421183364473,0,0.0,32,6,0.5,15,40.000000000000036,113.782181,3
232.646152,0.0,0,0,22477893632,94.56421183364473,0,0.0,32,7,0.5,15,39.99999999999992,56.979182,3
232.646152,0.0,0,0,22477893632,94.56421183364473,0,0.0,32,8,0.5,15,40.000000000000036,100.226948,3
232.646152,0.0,0,0,22477893632,94.56421183364473,0,0.0,32,9,0.5,15,40.000000000000036,155.920099,3
232.646152,0.0,0,0,22477893632,94.56421183364473,0,0.0,32,10,0.5,15,40.000000000000036,141.991323,3
232.646152,0.0,0,0,22477893632,94.56421183364473,0,0.0,32,11,0.5,15,40.000000000000036,173.734233,3
232.646152,0.0,0,0,22477893632,94.56421183364473,0,0.0,32,12,0.5,15,40.000000000000036,72.579485,3
232.646152,0.0,0,0,22477893632,94.56421183364473,0,0.0,32,13,0.5,15,40.000000000000036,87.185874,3
232.646152,0.0,0,0,22477893632,94.56421183364473,0,0.0,32,14,0.5,15,40.000000000000036,86.12347,3
232.646152,0.0,0,0,22477893632,94.56421183364473,0,0.0,32,15,0.5,15,40.000000000000036,147.483344,3
232.646152,0.0,0,0,22477893632,94.56421183364473,0,0.0,32,16,0.5,15,40.000000000000036,75.745709,3
232.646152,0.0,0,0,22477893632,94.56421183364473,0,0.0,32,17,0.5,15,40.000000000000036,87.634859,3
232.646152,0.0,0,0,22477893632,94.56421183364473,0,0.0,32,18,0.5,15,40.000000000000036,143.94689,3
232.646152,0.0,0,0,22477893632,94.56421183364473,0,0.0,32,19,0.5,15,50.00000000000004,112.52879,3
232.646152,0.0,0,0,22477893632,94.56421183364473,0,0.0,32,20,0.5,15,40.000000000000036,124.049791,3
232.646152,0.0,0,0,22477893632,94.56421183364473,0,0.0,32,21,0.5,15,40.000000000000036,147.692418,3
232.646152,0.0,0,0,22477893632,94.56421183364473,0,0.0,32,22,0.5,15,40.000000000000036,91.707742,3
232.646152,0.0,0,0,22477893632,94.56421183364473,0,0.0,32,23,0.5,15,40.000000000000036,60.975993,3
232.646152,0.0,0,0,22477893632,94.56421183364473,0,0.0,32,24,0.5,15,40.000000000000036,98.033359,3
232.646152,0.0,0,0,22477893632,94.56421183364473,0,0.0,32,25,0.5,15,40.000000000000036,93.546836,3
232.646152,0.0,0,0,22477893632,94.56421183364473,0,0.0,32,26,0.5,15,40.000000000000036,119.906514,3
232.646152,0.0,0,0,22477893632,94.56421183364473,0,0.0,32,27,0.5,15,30.00000000000003,112.583825,3
232.646152,0.0,0,0,22477893632,94.56421183364473,0,0.0,32,28,0.5,15,40.000000000000036,55.016084,3
232.646152,0.0,0,0,22477893632,94.56421183364473,0,0.0,32,29,0.5,15,40.000000000000036,119.966562,3
232.646152,0.0,0,0,22477893632,94.56421183364473,0,0.0,32,30,0.5,15,40.000000000000036,103.568126,3
232.646152,0.0,0,0,22477893632,94.56421183364473,0,0.0,32,31,0.5,15,40.000000000000036,91.764701,3
232.646152,0.0,0,0,22477893632,94.56421183364473,0,0.0,32,32,0.5,15,40.000000000000036,109.365113,3
