Time(s),TotalHemorrhageRate(mL/s),TotalHemorrhagedVolume(mL),HeartRate(1/min),MeanArterialPressure(mmHg),BloodVolume(mL),HemoglobinContent(g),OxygenSaturation,Patient-Weight(kg),ECG-Lead3ElectricPotential(mV),HeartStrokeVolume(mL),HeartEjectionFraction,ExtravascularFluidVolume(L),ArterialPressure(mmHg),SystolicArterialPressure(mmHg),DiastolicArterialPressure(mmHg),CardiacOutput(L/min),CentralVenousPressure(mmHg),PulmonaryCapillariesWedgePressure(mmHg),TidalVolume(mL),TotalLungVolume(mL),RespirationRate(1/min),CarbonDioxideSaturation,EndTidalCarbonDioxideFraction,EndTidalCarbonDioxidePressure(mmHg),TotalAlveolarVentilation(L/min),TranspulmonaryPressure(cmH2O),CoreTemperature(degC),SkinTemperature(degC),RespiratoryExchangeRatio,OxygenConsumptionRate(mL/min),CarbonDioxideProductionRate(mL/min),GlomerularFiltrationRate(mL/min),RenalBloodFlow(L/min),UrineProductionRate(mL/min),LeftAfferentArterioleResistance(mmHg_min/mL),RightAfferentArterioleResistance(mmHg_min/mL),SystemicVascularResistance(mmHg_s/mL),LeftAlveoli-Pressure(cmH2O),RightAlveoli-Pressure(cmH2O),Pericardium-Volume(mL),Pericardium-Pressure(mmHg),Carina-Oxygen-PartialPressure(mmHg),Carina-CarbonDioxide-PartialPressure(mmHg),LeftLungPulmonary-Oxygen-PartialPressure(mmHg),RightLungPulmonary-Oxygen-PartialPressure(mmHg),LeftLungPulmonary-CarbonDioxide-PartialPressure(mmHg),RightLungPulmonary-CarbonDioxide-PartialPressure(mmHg),LeftAlveoli-Oxygen-PartialPressure(mmHg),LeftAlveoli-CarbonDioxide-PartialPressure(mmHg),RightAlveoli-Oxygen-PartialPressure(mmHg),RightAlveoli-CarbonDioxide-PartialPressure(mmHg),Aorta-Oxygen-PartialPressure(mmHg),Aorta-CarbonDioxide-PartialPressure(mmHg),VenaCava-Oxygen-PartialPressure(mmHg),VenaCava-CarbonDioxide-PartialPressure(mmHg),RightTubules-Sodium-Concentration(g/L),LeftTubules-Sodium-Concentration(g/L),Oxygen-AlveolarTransfer(mL/s),CarbonDioxide-AlveolarTransfer(mL/s),Epinephrine-BloodConcentration(ug/L),Epinephrine-SystemicMassCleared(ug),Norepinephrine-BloodConcentration(ug/L),Norepinephrine-SystemicMassCleared(ug)
0.00,0,0,72.000,95.323,5488.939,821.464,0.9741,77.1,-0.010,80.4,0.566,34.1,106.6,114,73.6,5.79,4.80,6.46,535.260,2355.33,12.00,0.029,0.0476,36.1797,6.42,6.15,37.0,32.9,0.820,252,207,123,1.17,1.345,0.0423,0.0423,0.940,1033,1033,15,1,151,7.1,112.0,109.3,38.8,39.7,111,39.7,108,40.6,89.0,39.4,38.2,44.3,4.03,4.03,5.00,-3.63,0.032221,0.76050182,0.198656,2.67364139
1.00,0,0,72.002,95.325,5488.978,821.464,0.9741,77.0,0.161,80.4,0.566,34.1,93.2,114,73.6,5.79,4.72,6.46,535.260,2742.08,12.00,0.029,0.0476,36.1797,6.42,7.73,37.0,32.9,0.820,252,206,98,1.02,0.874,0.0423,0.0423,0.940,1033,1033,15,1,160,0.3,117.6,114.8,34.5,35.6,115,36.3,112,37.5,89.0,39.5,38.2,44.3,4.03,4.03,4.33,-3.83,0.032222,0.76334229,0.198683,2.68322370
2.00,0,0,72.004,95.331,5489.018,821.464,0.9740,77.0,-0.006,80.4,0.566,34.1,81.9,114,73.6,5.79,4.64,6.46,535.260,2643.54,12.00,0.029,0.0476,36.1797,6.42,6.35,37.0,32.9,0.819,251,205,78,0.88,0.477,0.0423,0.0423,0.940,1034,1034,15,1,139,16.8,115.8,113.0,36.1,37.1,115,36.9,112,38.0,88.9,39.5,38.2,44.3,4.03,4.03,3.67,-2.66,0.032224,0.76618227,0.198720,2.69280623
3.00,0,0,72.008,95.332,5489.060,821.464,0.9740,77.0,0.041,80.4,0.566,34.1,76.1,114,73.6,5.79,4.65,6.46,535.260,2247.81,12.00,0.029,0.0476,36.1797,6.42,4.87,37.0,32.9,0.817,248,203,67,0.83,0.246,0.0423,0.0423,0.940,1033,1033,15,1,115,36.2,113.6,110.7,37.8,38.9,113,37.9,111,39.0,89.0,39.5,38.2,44.3,4.03,4.03,3.20,-2.17,0.032227,0.76902121,0.198764,2.70238952
4.00,0,0,72.009,95.318,5489.100,821.464,0.9741,77.1,0.214,80.3,0.566,34.1,111.0,114,73.6,5.79,4.72,6.46,535.260,2242.89,12.00,0.029,0.0476,36.1797,6.42,4.92,37.0,32.9,0.818,250,204,130,1.25,1.438,0.0423,0.0423,0.940,1033,1033,15,1,115,36.2,112.2,109.4,38.8,39.8,112,39.0,109,40.0,89.0,39.4,38.2,44.3,4.03,4.03,4.38,-2.96,0.032228,0.77185945,0.198796,2.71197419
5.00,0,0,72.011,95.320,5489.138,821.464,0.9741,77.1,-0.024,80.4,0.566,34.1,110.4,114,73.6,5.79,4.78,6.46,534.866,2355.32,12.00,0.029,0.0476,36.2013,6.42,6.15,37.0,32.9,0.820,252,207,130,1.22,1.470,0.0423,0.0423,0.940,1033,1033,15,1,151,7.1,112.0,109.3,38.8,39.8,111,39.7,108,40.6,89.0,39.4,38.2,44.3,4.03,4.03,5.10,-3.74,0.032227,0.77469907,0.198814,2.72156180
6.00,0,0,72.012,95.322,5489.177,821.464,0.9741,77.1,0.098,80.4,0.566,34.1,96.3,114,73.6,5.79,4.75,6.46,534.866,2741.94,12.00,0.029,0.0476,36.2013,6.42,7.73,37.0,32.9,0.820,252,207,104,1.05,0.984,0.0423,0.0423,0.940,1033,1033,15,1,160,0.3,117.6,114.8,34.5,35.6,115,36.3,112,37.5,89.0,39.5,38.2,44.3,4.03,4.03,4.52,-3.97,0.032228,0.77753983,0.198838,2.73115146
7.00,0,0,72.013,95.328,5489.217,821.464,0.9740,77.0,0.098,80.4,0.566,34.1,84.5,114,73.6,5.79,4.65,6.46,534.866,2643.24,12.00,0.029,0.0476,36.2013,6.42,6.35,37.0,32.9,0.819,251,206,83,0.91,0.568,0.0423,0.0423,0.939,1034,1034,15,1,139,16.9,115.8,113.0,36.1,37.2,115,36.9,112,38.1,89.0,39.6,38.2,44.3,4.04,4.04,3.80,-2.76,0.032230,0.78038030,0.198873,2.74074125
8.00,0,0,72.016,95.331,5489.258,821.464,0.9740,77.0,0.017,80.4,0.566,34.1,74.6,114,73.6,5.79,4.63,6.46,534.866,2247.79,12.00,0.029,0.0476,36.2013,6.42,4.87,37.0,32.9,0.818,250,205,65,0.80,0.224,0.0423,0.0423,0.939,1033,1033,15,1,115,36.2,113.6,110.7,37.9,38.9,113,38.0,111,39.0,89.0,39.6,38.2,44.3,4.04,4.04,3.29,-2.21,0.032233,0.78321991,0.198916,2.75033185
9.00,0,0,72.017,95.319,5489.298,821.464,0.9741,77.1,-0.090,80.3,0.566,34.1,105.9,114,73.6,5.79,4.70,6.46,534.866,2242.89,12.00,0.029,0.0476,36.2013,6.42,4.92,37.0,32.9,0.817,249,203,120,1.19,1.243,0.0423,0.0423,0.940,1033,1033,15,1,115,36.3,112.2,109.4,38.9,39.8,112,39.0,109,40.0,89.0,39.5,38.2,44.3,4.04,4.04,4.00,-2.70,0.032234,0.78605845,0.198955,2.75992343
10.00,0,0,72.018,95.320,5489.337,821.464,0.9741,77.1,-0.029,80.4,0.566,34.1,113.6,114,73.6,5.79,4.77,6.46,534.667,2355.32,12.00,0.029,0.0477,36.2227,6.42,6.15,37.0,32.9,0.819,252,206,135,1.26,1.563,0.0423,0.0423,0.939,1033,1033,15,1,151,7.1,112.0,109.3,38.8,39.8,111,39.7,108,40.7,89.1,39.5,38.2,44.3,4.04,4.04,5.07,-3.75,0.032234,0.78889800,0.198974,2.76951778
11.00,0,0,72.019,95.322,5489.375,821.464,0.9740,77.1,0.043,80.4,0.566,34.1,99.6,114,73.6,5.79,4.78,6.46,534.667,2741.96,12.00,0.029,0.0477,36.2227,6.42,7.73,37.0,32.9,0.820,252,207,110,1.09,1.099,0.0423,0.0423,0.939,1033,1033,15,1,160,0.3,117.7,114.9,34.5,35.6,115,36.4,112,37.5,89.0,39.5,38.2,44.3,4.04,4.04,4.72,-4.12,0.032235,0.79173898,0.198996,2.77911465
12.00,0,0,72.020,95.328,5489.415,821.464,0.9740,77.0,0.205,80.4,0.566,34.1,87.3,114,73.6,5.79,4.67,6.46,534.667,2643.24,12.00,0.029,0.0477,36.2227,6.42,6.35,37.0,32.9,0.819,251,206,88,0.95,0.665,0.0423,0.0423,0.939,1034,1034,15,1,139,16.9,115.8,113.1,36.1,37.2,115,36.9,112,38.1,89.0,39.6,38.2,44.3,4.04,4.04,3.94,-2.86,0.032237,0.79457994,0.199029,2.78871183
13.00,0,0,72.022,95.331,5489.456,821.464,0.9740,77.0,-0.032,80.4,0.566,34.1,76.9,114,73.6,5.79,4.62,6.46,534.667,2247.79,12.00,0.029,0.0477,36.2227,6.42,4.87,37.0,32.9,0.818,250,205,69,0.83,0.303,0.0423,0.0423,0.939,1033,1033,15,1,115,36.2,113.6,110.7,37.9,38.9,113,38.0,111,39.1,89.0,39.6,38.2,44.3,4.04,4.04,3.40,-2.29,0.032240,0.79742021,0.199070,2.79830975
14.00,0,0,72.022,95.320,5489.497,821.464,0.9741,77.0,-0.073,80.3,0.566,34.1,97.5,114,73.6,5.79,4.68,6.46,534.667,2242.89,12.00,0.029,0.0477,36.2227,6.42,4.92,37.0,32.9,0.816,247,202,105,1.10,0.939,0.0423,0.0423,0.940,1033,1033,15,1,115,36.3,112.3,109.5,38.9,39.9,112,39.1,109,40.1,89.0,39.5,38.2,44.3,4.04,4.04,3.60,-2.40,0.032242,0.80025926,0.199114,2.80790843
15.00,0,0,72.023,95.321,5489.536,821.464,0.9741,77.1,-0.041,80.4,0.566,34.1,114.3,114,73.6,5.79,4.75,6.46,534.684,2355.33,12.00,0.029,0.0477,36.2435,6.42,6.15,37.0,32.9,0.819,251,206,136,1.27,1.576,0.0423,0.0423,0.939,1033,1033,15,1,151,7.1,112.1,109.3,38.9,39.8,111,39.7,108,40.7,89.1,39.5,38.2,44.3,4.04,4.04,4.94,-3.69,0.032242,0.80309879,0.199135,2.81750952
16.00,0,0,72.023,95.322,5489.574,821.464,0.9740,77.1,0.021,80.4,0.566,34.1,103.0,114,73.6,5.79,4.81,6.46,534.684,2742.01,12.00,0.029,0.0477,36.2435,6.42,7.73,37.0,32.9,0.820,252,207,116,1.13,1.219,0.0423,0.0423,0.939,1033,1033,15,1,160,0.3,117.7,114.9,34.5,35.6,115,36.4,112,37.6,89.0,39.6,38.2,44.3,4.04,4.04,4.93,-4.29,0.032242,0.80593986,0.199156,2.82711339
17.00,0,0,72.024,95.328,5489.613,821.464,0.9740,77.0,0.205,80.4,0.566,34.1,90.1,114,73.6,5.79,4.69,6.46,534.684,2643.24,12.00,0.029,0.0477,36.2435,6.42,6.35,37.0,32.9,0.819,252,206,93,0.98,0.765,0.0423,0.0423,0.939,1034,1034,15,1,139,16.9,115.8,113.1,36.2,37.2,115,37.0,112,38.1,89.0,39.6,38.2,44.3,4.04,4.04,4.09,-2.97,0.032245,0.80878132,0.199186,2.83671813
18.00,0,0,72.025,95.331,5489.654,821.464,0.9740,77.0,-0.039,80.4,0.566,34.1,79.4,114,73.6,5.79,4.63,6.46,534.684,2247.79,12.00,0.029,0.0477,36.2435,6.42,4.87,37.0,32.9,0.819,251,205,74,0.85,0.387,0.0423,0.0423,0.939,1033,1033,15,1,115,36.2,113.6,110.7,37.9,39.0,113,38.0,111,39.1,89.0,39.6,38.2,44.3,4.04,4.04,3.52,-2.38,0.032248,0.81162221,0.199226,2.84632337
19.00,0,0,72.025,95.322,5489.696,821.464,0.9740,77.0,-0.048,80.3,0.566,34.1,86.5,114,73.6,5.79,4.67,6.46,534.684,2242.89,12.00,0.029,0.0477,36.2435,6.42,4.92,37.0,32.9,0.816,247,202,85,0.97,0.560,0.0423,0.0423,0.939,1033,1033,15,1,115,36.3,112.2,109.5,38.9,39.9,112,39.1,109,40.1,89.1,39.5,38.2,44.3,4.05,4.05,3.30,-2.14,0.032250,0.81446192,0.199272,2.85592931
20.00,0,0,72.025,95.321,5489.734,821.464,0.9741,77.1,0.017,80.4,0.566,34.1,113.5,114,73.6,5.79,4.73,6.46,534.727,2355.35,12.00,0.029,0.0477,36.2626,6.42,6.15,37.0,32.9,0.818,250,205,135,1.27,1.538,0.0423,0.0423,0.939,1033,1033,15,1,151,7.1,112.1,109.4,38.9,39.8,111,39.7,108,40.7,89.1,39.5,38.2,44.3,4.05,4.05,4.72,-3.57,0.032250,0.81730149,0.199298,2.86553718
21.00,0,0,72.026,95.326,5489.773,821.464,0.9740,77.1,-0.010,80.4,0.566,34.1,106.6,114,73.6,5.79,4.80,6.46,534.727,2742.07,12.00,0.029,0.0477,36.2626,6.42,7.73,37.0,32.9,0.820,252,207,123,1.17,1.342,0.0423,0.0423,0.939,1033,1033,15,1,160,0.3,117.7,114.9,34.5,35.7,115,36.4,112,37.6,89.0,39.6,38.2,44.3,4.05,4.05,5.13,-4.46,0.032251,0.82014260,0.199317,2.87514798
22.00,0,0,72.026,95.330,5489.812,821.464,0.9740,77.0,0.161,80.4,0.566,34.1,93.2,114,73.6,5.79,4.72,6.46,534.727,2643.24,12.00,0.029,0.0477,36.2626,6.42,6.35,37.0,32.9,0.820,252,206,99,1.02,0.870,0.0423,0.0423,0.939,1034,1034,15,1,139,16.9,115.8,113.1,36.2,37.2,115,37.0,112,38.1,89.0,39.6,38.2,44.3,4.05,4.05,4.25,-3.08,0.032253,0.82298449,0.199345,2.88476028
23.00,0,0,72.026,95.331,5489.852,821.464,0.9740,77.0,-0.006,80.4,0.566,34.1,81.9,114,73.6,5.79,4.64,6.46,534.727,2247.78,12.00,0.029,0.0477,36.2626,6.42,4.87,37.0,32.9,0.819,251,205,78,0.88,0.474,0.0423,0.0423,0.939,1033,1033,15,1,115,36.3,113.6,110.7,37.9,39.0,113,38.0,111,39.1,89.0,39.6,38.2,44.3,4.05,4.05,3.65,-2.46,0.032256,0.82582596,0.199383,2.89437286
24.00,0,0,72.026,95.322,5489.894,821.464,0.9740,77.0,0.041,80.4,0.566,34.1,76.1,114,73.6,5.79,4.65,6.46,534.727,2242.89,12.00,0.029,0.0477,36.2626,6.42,4.92,37.0,32.9,0.817,248,203,67,0.83,0.244,0.0423,0.0423,0.939,1033,1033,15,1,115,36.3,112.2,109.5,38.9,39.9,112,39.1,109,40.1,89.1,39.6,38.2,44.3,4.05,4.05,3.19,-2.02,0.032258,0.82866638,0.199428,2.90398618
25.00,0,0,72.026,95.321,5489.933,821.464,0.9741,77.1,0.214,80.4,0.566,34.1,111.0,114,73.6,5.79,4.72,6.46,534.776,2355.36,12.00,0.029,0.0477,36.2807,6.42,6.15,37.0,32.9,0.818,250,204,130,1.25,1.434,0.0423,0.0423,0.939,1033,1033,15,1,151,7.1,112.1,109.4,38.9,39.8,111,39.7,108,40.7,89.1,39.6,38.2,44.3,4.05,4.05,4.41,-3.37,0.032258,0.83150610,0.199461,2.91360092
26.00,0,0,72.026,95.326,5489.971,821.464,0.9740,77.1,-0.024,80.4,0.566,34.1,110.4,114,73.6,5.79,4.79,6.46,534.776,2742.13,12.00,0.029,0.0477,36.2807,6.42,7.73,37.0,32.9,0.820,252,207,130,1.22,1.467,0.0423,0.0423,0.939,1033,1033,15,1,160,0.3,117.7,114.9,34.5,35.7,115,36.4,112,37.6,89.0,39.6,38.2,44.3,4.05,4.05,5.25,-4.60,0.032259,0.83434718,0.199480,2.92321862
27.00,0,0,72.026,95.329,5490.010,821.464,0.9739,77.1,0.098,80.4,0.566,34.1,96.3,114,73.6,5.79,4.75,6.46,534.776,2643.24,12.00,0.029,0.0477,36.2807,6.42,6.35,37.0,32.9,0.820,252,207,104,1.05,0.981,0.0423,0.0423,0.939,1034,1034,15,1,139,16.9,115.9,113.1,36.2,37.3,115,37.0,112,38.2,89.0,39.7,38.2,44.3,4.05,4.05,4.43,-3.21,0.032261,0.83718941,0.199506,2.93283839
28.00,0,0,72.026,95.331,5490.051,821.464,0.9740,77.0,0.098,80.4,0.566,34.1,84.5,114,73.6,5.79,4.65,6.46,534.776,2247.77,12.00,0.029,0.0477,36.2807,6.42,4.87,37.0,32.9,0.819,251,206,83,0.91,0.566,0.0423,0.0423,0.939,1033,1033,15,1,115,36.3,113.6,110.7,38.0,39.0,113,38.1,111,39.2,89.0,39.6,38.2,44.3,4.06,4.06,3.78,-2.56,0.032264,0.84003138,0.199541,2.94245832
29.00,0,0,72.025,95.323,5490.092,821.464,0.9740,77.0,0.017,80.4,0.566,34.1,74.6,114,73.6,5.79,4.63,6.46,534.776,2242.89,12.00,0.029,0.0477,36.2807,6.42,4.92,37.0,32.9,0.818,250,205,65,0.80,0.222,0.0423,0.0423,0.939,1033,1033,15,1,115,36.3,112.2,109.4,39.0,40.0,112,39.1,109,40.2,89.1,39.6,38.2,44.3,4.06,4.06,3.28,-2.07,0.032266,0.84287251,0.199585,2.95207905
30.00,0,0,72.025,95.322,5490.132,821.464,0.9741,77.1,-0.090,80.4,0.566,34.1,105.9,114,73.6,5.79,4.70,6.46,534.832,2355.38,12.00,0.029,0.0478,36.2986,6.42,6.15,37.0,32.9,0.817,249,203,120,1.19,1.239,0.0423,0.0423,0.939,1033,1033,15,1,151,7.1,112.1,109.4,38.9,39.9,111,39.8,108,40.7,89.1,39.6,38.2,44.3,4.06,4.06,4.03,-3.12,0.032267,0.84571255,0.199625,2.96170078
31.00,2.333,2.287,72.024,95.326,5487.837,821.115,0.9740,77.1,-0.029,80.4,0.566,34.1,113.6,114,73.6,5.79,4.76,6.46,534.832,2742.20,12.00,0.029,0.0478,36.2986,6.42,7.73,37.0,32.9,0.819,252,206,135,1.26,1.559,0.0423,0.0423,0.939,1033,1033,15,1,160,0.3,117.7,114.9,34.5,35.7,115,36.4,112,37.6,89.1,39.6,38.2,44.3,4.06,4.06,5.23,-4.62,0.032267,0.84855357,0.199639,2.97132525
32.00,2.333,4.620,72.024,95.324,5485.542,820.765,0.9739,77.1,0.043,80.4,0.566,34.1,99.6,114,73.6,5.79,4.77,6.46,534.832,2643.23,12.00,0.029,0.0478,36.2986,6.42,6.35,37.0,32.9,0.820,252,207,110,1.09,1.095,0.0423,0.0423,0.939,1034,1034,15,1,139,16.9,115.9,113.1,36.2,37.3,115,37.0,112,38.2,89.0,39.7,38.2,44.3,4.06,4.06,4.63,-3.36,0.032270,0.85139601,0.199656,2.98095201
33.00,2.333,6.953,72.024,95.318,5483.249,820.416,0.9740,77.0,0.205,80.4,0.566,34.1,87.2,114,73.6,5.79,4.66,6.46,534.832,2247.77,12.00,0.029,0.0478,36.2986,6.42,4.87,37.0,32.9,0.819,251,206,88,0.95,0.660,0.0423,0.0423,0.939,1033,1033,15,1,115,36.3,113.6,110.7,38.0,39.1,113,38.1,111,39.2,89.0,39.7,38.2,44.3,4.06,4.06,3.92,-2.65,0.032272,0.85423844,0.199684,2.99057864
34.00,2.333,9.287,72.025,95.290,5480.957,820.066,0.9740,77.0,-0.032,80.4,0.566,34.1,76.9,114,73.6,5.79,4.61,6.46,534.832,2242.89,12.00,0.029,0.0478,36.2986,6.42,4.92,37.0,32.9,0.818,250,205,69,0.83,0.298,0.0423,0.0423,0.939,1033,1033,15,1,115,36.4,112.2,109.4,39.0,40.0,112,39.2,109,40.2,89.1,39.6,38.2,44.3,4.06,4.06,3.39,-2.14,0.032274,0.85708013,0.199721,3.00020525
35.00,2.333,11.620,72.026,95.275,5478.664,819.717,0.9741,77.0,-0.073,80.4,0.566,34.1,97.5,114,73.5,5.79,4.67,6.46,534.892,2364.45,12.05,0.029,0.0478,36.3159,6.44,6.21,37.0,32.9,0.816,247,202,105,1.10,0.933,0.0423,0.0423,0.939,1033,1033,15,1,152,6.0,112.3,109.5,38.8,39.8,111,39.7,108,40.7,89.1,39.6,38.2,44.3,4.06,4.06,3.64,-2.89,0.032275,0.85992049,0.199760,3.00983170
36.00,2.333,13.953,72.029,95.266,5476.370,819.368,0.9740,77.1,-0.041,80.3,0.566,34.1,114.2,114,73.5,5.79,4.73,6.45,534.892,2746.27,12.05,0.029,0.0478,36.3159,6.44,7.74,37.0,32.9,0.819,251,206,136,1.27,1.567,0.0423,0.0423,0.939,1033,1033,15,1,160,0.3,117.8,115.0,34.5,35.6,116,36.4,113,37.6,89.1,39.7,38.2,44.3,4.07,4.07,5.09,-4.52,0.032276,0.86276117,0.199778,3.01945939
37.00,2.333,16.287,72.033,95.254,5474.075,819.018,0.9739,77.1,0.021,80.3,0.566,34.1,102.9,114,73.5,5.79,4.79,6.45,534.892,2635.43,12.05,0.029,0.0478,36.3159,6.44,6.30,37.1,32.9,0.820,252,207,117,1.13,1.210,0.0423,0.0423,0.939,1034,1034,15,1,138,17.9,115.8,113.0,36.3,37.3,115,37.0,112,38.2,89.0,39.7,38.2,44.3,4.07,4.07,4.82,-3.52,0.032278,0.86560328,0.199795,3.02908849
38.00,2.333,18.620,72.040,95.242,5471.781,818.669,0.9740,77.0,0.205,80.3,0.566,34.1,90.0,114,73.5,5.79,4.67,6.45,534.892,2246.98,12.05,0.029,0.0478,36.3159,6.44,4.88,37.1,32.9,0.819,252,206,93,0.98,0.757,0.0423,0.0423,0.939,1033,1033,15,1,115,36.3,113.6,110.7,38.0,39.1,113,38.1,111,39.2,89.1,39.7,38.1,44.3,4.07,4.07,4.05,-2.74,0.032281,0.86844566,0.199823,3.03871688
39.00,2.333,20.953,72.048,95.230,5469.489,818.320,0.9740,77.0,-0.039,80.3,0.566,34.1,79.3,114,73.5,5.78,4.60,6.45,534.892,2242.89,12.05,0.029,0.0478,36.3159,6.44,4.92,37.1,32.9,0.819,251,205,74,0.85,0.379,0.0423,0.0423,0.939,1033,1033,15,1,115,36.4,112.2,109.5,39.0,40.0,112,39.2,109,40.2,89.1,39.6,38.1,44.3,4.07,4.07,3.50,-2.22,0.032282,0.87128731,0.199860,3.04834394
40.00,2.333,23.287,72.071,95.200,5467.197,817.970,0.9741,77.0,-0.048,80.2,0.565,34.1,86.3,114,73.5,5.78,4.64,6.45,534.955,2373.60,12.05,0.029,0.0478,36.3126,6.45,6.26,37.1,32.9,0.816,247,202,85,0.97,0.551,0.0423,0.0423,0.940,1033,1033,15,1,154,5.1,112.4,109.7,38.7,39.7,111,39.7,108,40.7,89.1,39.6,38.1,44.3,4.07,4.07,3.34,-2.70,0.032284,0.87412758,0.199904,3.05796974
41.00,2.333,25.620,72.086,95.195,5464.903,817.621,0.9740,77.1,0.017,80.2,0.565,34.1,113.3,114,73.5,5.78,4.70,6.44,534.955,2750.11,12.05,0.029,0.0478,36.3126,6.45,7.74,37.1,32.9,0.818,250,205,135,1.27,1.524,0.0423,0.0423,0.940,1033,1033,15,1,160,0.3,117.9,115.1,34.5,35.6,116,36.3,113,37.5,89.1,39.7,38.1,44.3,4.07,4.07,4.87,-4.34,0.032284,0.87696749,0.199929,3.06759534
42.00,2.333,27.953,72.104,95.190,5462.607,817.271,0.9740,77.1,-0.010,80.2,0.565,34.1,106.5,114,73.5,5.78,4.77,6.44,534.955,2627.46,12.05,0.029,0.0478,36.3126,6.45,6.24,37.1,32.9,0.820,252,207,123,1.17,1.328,0.0423,0.0423,0.940,1034,1034,15,1,137,18.8,115.8,113.0,36.3,37.4,115,37.0,112,38.2,89.1,39.7,38.1,44.3,4.07,4.07,5.01,-3.69,0.032286,0.87980877,0.199947,3.07722163
43.00,2.333,30.287,72.124,95.184,5460.313,816.922,0.9740,77.0,0.161,80.1,0.565,34.1,93.0,114,73.5,5.78,4.68,6.44,534.955,2246.33,12.05,0.029,0.0478,36.3126,6.45,4.89,37.1,32.9,0.819,252,206,99,1.01,0.859,0.0423,0.0423,0.940,1033,1033,15,1,115,36.3,113.6,110.8,38.0,39.1,113,38.1,111,39.2,89.1,39.7,38.1,44.3,4.07,4.07,4.20,-2.85,0.032288,0.88265071,0.199975,3.08684707
44.00,2.333,32.620,72.147,95.178,5458.021,816.573,0.9741,77.0,-0.006,80.1,0.565,34.1,81.8,114,73.5,5.78,4.60,6.44,534.955,2242.89,12.05,0.029,0.0478,36.3126,6.45,4.92,37.1,32.9,0.819,251,205,78,0.88,0.465,0.0423,0.0423,0.940,1033,1033,15,1,115,36.4,112.2,109.5,39.1,40.0,112,39.2,109,40.2,89.1,39.6,38.1,44.3,4.07,4.07,3.62,-2.29,0.032290,0.88549206,0.200013,3.09647033
45.00,2.333,34.953,72.199,95.160,5455.729,816.223,0.9741,77.0,0.041,80.0,0.565,34.1,76.0,114,73.5,5.78,4.61,6.43,535.019,2382.80,12.05,0.029,0.0478,36.3100,6.45,6.31,37.1,32.9,0.817,248,203,67,0.83,0.235,0.0423,0.0423,0.940,1033,1033,15,1,154,4.4,112.6,109.9,38.6,39.5,111,39.6,109,40.6,89.2,39.6,38.1,44.3,4.08,4.08,3.25,-2.64,0.032291,0.88833218,0.200059,3.10609186
46.00,2.333,37.287,72.229,95.159,5453.435,815.874,0.9740,77.1,0.214,80.0,0.565,34.1,110.7,114,73.5,5.78,4.67,6.43,535.019,2753.72,12.05,0.029,0.0478,36.3100,6.45,7.74,37.1,32.9,0.818,250,204,130,1.24,1.417,0.0424,0.0424,0.940,1033,1033,15,1,160,0.3,118.0,115.2,34.4,35.6,116,36.3,113,37.5,89.1,39.7,38.1,44.3,4.08,4.08,4.55,-4.08,0.032292,0.89117140,0.200093,3.11571227
47.00,2.333,39.620,72.261,95.157,5451.140,815.525,0.9740,77.1,-0.024,79.9,0.565,34.1,110.2,114,73.5,5.78,4.74,6.43,535.019,2619.30,12.05,0.029,0.0478,36.3100,6.45,6.19,37.1,32.9,0.820,252,207,130,1.21,1.450,0.0424,0.0424,0.940,1034,1034,15,1,136,19.7,115.8,113.0,36.4,37.4,115,37.1,112,38.2,89.1,39.7,38.1,44.3,4.08,4.08,5.12,-3.82,0.032294,0.89401183,0.200114,3.12533309
48.00,2.333,41.953,72.295,95.154,5448.846,815.175,0.9740,77.0,0.098,79.9,0.565,34.1,95.7,114,73.5,5.78,4.68,6.43,535.019,2245.77,12.05,0.029,0.0478,36.3100,6.45,4.89,37.1,32.9,0.820,252,207,104,1.04,0.953,0.0424,0.0424,0.940,1033,1033,15,1,115,36.3,113.6,110.8,38.1,39.1,113,38.2,111,39.2,89.1,39.7,38.1,44.3,4.08,4.08,4.34,-2.94,0.032296,0.89685346,0.200142,3.13495350
49.00,2.333,44.287,72.331,95.569,5446.553,814.826,0.9741,77.0,0.044,79.5,0.562,34.1,82.9,114,73.8,5.75,4.58,6.41,535.019,2242.89,12.05,0.029,0.0478,36.3100,6.45,4.92,37.1,32.9,0.819,251,206,81,0.89,0.506,0.0424,0.0424,0.949,1033,1033,15,1,115,36.4,112.3,109.5,39.1,40.1,112,39.3,109,40.3,89.2,39.6,38.1,44.3,4.08,4.08,3.66,-2.32,0.032297,0.89969589,0.200179,3.14457242
50.00,2.333,46.620,72.363,95.877,5444.261,814.476,0.9741,77.0,-0.017,78.8,0.560,34.1,81.7,115,74.6,5.70,4.60,6.39,535.083,2392.05,12.05,0.029,0.0478,36.3103,6.45,6.36,37.1,32.9,0.817,248,202,77,0.90,0.408,0.0424,0.0424,0.960,1033,1033,15,1,155,3.7,112.8,110.1,38.5,39.4,111,39.6,109,40.6,89.2,39.6,38.1,44.3,4.08,4.08,3.31,-2.75,0.032298,0.90253856,0.200225,3.15419166
51.00,2.333,48.953,72.353,95.721,5441.966,814.127,0.9740,77.1,0.017,78.7,0.560,34.1,113.6,114,74.5,5.70,4.67,6.39,535.083,2757.10,12.05,0.029,0.0478,36.3103,6.45,7.74,37.1,32.9,0.818,251,205,135,1.27,1.534,0.0424,0.0424,0.959,1033,1033,15,1,160,0.3,118.0,115.2,34.4,35.6,116,36.3,113,37.5,89.2,39.7,38.1,44.3,4.08,4.08,4.89,-4.31,0.032299,0.90538148,0.200253,3.16381350
52.00,2.333,51.287,72.331,95.527,5439.672,813.778,0.9740,77.1,0.004,78.7,0.560,34.1,103.8,114,74.3,5.69,4.74,6.38,535.083,2610.99,12.05,0.029,0.0478,36.3103,6.45,6.14,37.1,32.9,0.820,252,207,118,1.14,1.234,0.0424,0.0424,0.958,1034,1034,15,1,135,20.6,115.7,113.0,36.4,37.5,115,37.1,112,38.3,89.1,39.7,38.1,44.3,4.09,4.09,4.86,-3.56,0.032301,0.90822620,0.200273,3.17343992
53.00,2.333,53.620,72.305,95.345,5437.378,813.428,0.9740,77.0,0.205,78.6,0.560,34.1,89.1,114,74.1,5.68,4.62,6.37,535.083,2245.31,12.05,0.029,0.0478,36.3103,6.45,4.90,37.1,32.9,0.819,252,206,92,0.97,0.718,0.0424,0.0424,0.957,1033,1033,15,1,115,36.3,113.6,110.8,38.1,39.1,113,38.2,111,39.3,89.1,39.7,38.1,44.3,4.09,4.09,4.01,-2.71,0.032303,0.91107100,0.200304,3.18306840
54.00,2.333,55.953,72.280,95.199,5435.087,813.079,0.9741,77.0,-0.036,78.5,0.560,34.1,77.5,114,74.0,5.68,4.56,6.37,535.083,2242.89,12.05,0.029,0.0478,36.3103,6.45,4.92,37.1,32.9,0.819,250,205,71,0.83,0.311,0.0424,0.0424,0.957,1033,1033,15,1,115,36.4,112.3,109.5,39.1,40.1,112,39.3,109,40.3,89.2,39.6,38.1,44.3,4.09,4.09,3.42,-2.17,0.032305,0.91391405,0.200348,3.19269746
55.00,2.333,58.287,72.261,94.263,5432.796,812.730,0.9741,77.0,-0.067,79.2,0.564,34.1,91.1,113,72.9,5.72,4.61,6.37,535.145,2401.33,12.05,0.029,0.0478,36.3235,6.45,6.41,37.1,32.9,0.816,247,202,94,1.02,0.701,0.0424,0.0424,0.940,1033,1033,15,1,156,3.2,113.0,110.3,38.3,39.3,112,39.5,109,40.5,89.2,39.6,38.1,44.3,4.09,4.09,3.49,-2.97,0.032306,0.91675337,0.200399,3.20232521
56.00,2.333,60.620,72.292,94.257,5430.503,812.380,0.9740,77.1,-0.088,79.2,0.564,34.1,113.3,113,72.8,5.73,4.67,6.37,535.145,2760.25,12.05,0.029,0.0478,36.3235,6.45,7.74,37.1,32.9,0.818,251,205,136,1.26,1.516,0.0424,0.0424,0.939,1033,1033,15,1,160,0.3,118.1,115.3,34.4,35.6,116,36.3,113,37.5,89.2,39.7,38.1,44.3,4.09,4.09,5.00,-4.37,0.032306,0.91959058,0.200430,3.21195107
57.00,2.333,62.953,72.351,94.823,5428.208,812.031,0.9740,77.1,0.021,78.9,0.562,34.1,102.1,113,73.1,5.71,4.72,6.36,535.145,2602.51,12.05,0.029,0.0478,36.3235,6.45,6.08,37.1,32.9,0.820,252,207,116,1.11,1.170,0.0424,0.0424,0.948,1034,1034,15,1,134,21.4,115.7,112.9,36.5,37.6,115,37.1,112,38.3,89.1,39.7,38.1,44.3,4.09,4.09,4.76,-3.47,0.032307,0.92242907,0.200456,3.22157474
58.00,2.333,65.287,72.419,95.358,5425.914,811.682,0.9740,77.0,0.212,78.4,0.559,34.1,88.1,114,74.0,5.68,4.60,6.35,535.145,2244.92,12.05,0.029,0.0478,36.3235,6.45,4.90,37.1,32.9,0.819,252,206,90,0.95,0.684,0.0424,0.0424,0.959,1033,1033,15,1,115,36.4,113.6,110.8,38.1,39.2,113,38.2,111,39.3,89.2,39.7,38.1,44.3,4.09,4.09,3.93,-2.66,0.032310,0.92526931,0.200494,3.23119427
59.00,2.333,67.620,72.529,95.531,5423.622,811.332,0.9741,77.0,0.002,78.1,0.558,34.1,76.5,114,74.3,5.66,4.55,6.35,535.145,2242.89,12.05,0.029,0.0478,36.3235,6.45,4.92,37.1,32.9,0.818,250,205,69,0.82,0.279,0.0424,0.0424,0.963,1033,1033,15,1,115,36.4,112.3,109.5,39.1,40.1,112,39.3,109,40.3,89.2,39.6,38.0,44.3,4.09,4.09,3.34,-2.11,0.032312,0.92810993,0.200542,3.24081055
60.00,2.333,69.953,72.568,95.456,5421.329,810.983,0.9741,77.0,-0.090,78.0,0.558,34.1,106.0,114,74.3,5.66,4.61,6.34,535.209,2410.63,12.05,0.029,0.0478,36.3274,6.45,6.45,37.1,32.9,0.817,249,203,121,1.19,1.235,0.0424,0.0424,0.962,1033,1033,15,1,157,2.7,113.2,110.5,38.2,39.2,112,39.5,109,40.5,89.2,39.6,38.0,44.3,4.10,4.10,4.09,-3.48,0.032312,0.93094987,0.200589,3.25042531
61.00,2.333,72.287,72.599,95.360,5419.034,810.634,0.9740,77.1,-0.034,78.0,0.558,34.1,111.1,114,74.2,5.66,4.69,6.34,535.209,2763.16,12.05,0.029,0.0478,36.3274,6.45,7.73,37.1,32.9,0.819,252,207,132,1.22,1.473,0.0424,0.0424,0.961,1033,1033,15,1,160,0.3,118.1,115.3,34.4,35.6,116,36.3,113,37.5,89.2,39.7,38.0,44.3,4.10,4.10,5.20,-4.45,0.032313,0.93379115,0.200614,3.26004164
62.00,2.333,74.620,72.626,95.264,5416.740,810.284,0.9740,77.0,0.098,78.0,0.558,34.1,95.2,114,74.1,5.66,4.64,6.33,535.209,2593.87,12.05,0.029,0.0478,36.3274,6.45,6.03,37.1,32.9,0.819,252,207,103,1.04,0.931,0.0424,0.0424,0.961,1034,1034,15,1,133,22.3,115.7,112.9,36.6,37.6,115,37.2,112,38.3,89.1,39.7,38.0,44.3,4.10,4.10,4.34,-3.16,0.032315,0.93663373,0.200647,3.26965917
63.00,2.333,76.953,72.651,95.181,5414.448,809.935,0.9740,77.0,0.044,77.9,0.558,34.1,82.3,114,74.1,5.66,4.55,6.33,535.209,2244.59,12.05,0.029,0.0478,36.3274,6.45,4.90,37.1,32.9,0.819,251,206,80,0.89,0.477,0.0424,0.0424,0.960,1033,1033,15,1,115,36.4,113.6,110.8,38.1,39.2,113,38.2,111,39.3,89.2,39.7,38.0,44.3,4.10,4.10,3.65,-2.47,0.032318,0.93947562,0.200692,3.27927556
64.00,2.333,79.287,72.707,95.067,5412.157,809.585,0.9741,77.0,-0.017,77.8,0.558,34.1,81.1,114,74.0,5.66,4.56,6.32,535.209,2242.89,12.05,0.029,0.0478,36.3274,6.45,4.92,37.1,32.9,0.817,248,202,76,0.89,0.379,0.0424,0.0424,0.960,1033,1033,15,1,115,36.4,112.3,109.5,39.1,40.1,112,39.3,109,40.3,89.2,39.7,38.0,44.3,4.10,4.10,3.22,-2.07,0.032320,0.94231581,0.200747,3.28889114
65.00,2.333,81.620,72.740,95.037,5409.863,809.236,0.9741,77.1,0.017,77.7,0.558,34.1,112.8,113,73.9,5.65,4.63,6.32,535.273,2419.96,12.05,0.029,0.0478,36.3363,6.45,6.50,37.1,32.9,0.818,251,205,135,1.26,1.498,0.0424,0.0424,0.960,1033,1033,15,1,157,2.3,113.3,110.6,38.1,39.1,112,39.4,109,40.4,89.2,39.6,38.0,44.3,4.10,4.10,4.78,-3.99,0.032320,0.94515512,0.200784,3.29850673
66.00,2.333,83.953,72.778,95.027,5407.569,808.887,0.9740,77.1,0.004,77.7,0.558,34.1,103.4,113,73.9,5.65,4.70,6.31,535.273,2765.83,12.05,0.029,0.0478,36.3363,6.45,7.73,37.1,32.9,0.820,252,207,118,1.13,1.214,0.0424,0.0424,0.960,1033,1033,15,1,160,0.3,118.1,115.4,34.4,35.6,116,36.3,113,37.5,89.2,39.7,38.0,44.3,4.10,4.10,4.91,-4.12,0.032321,0.94799592,0.200813,3.30812348
67.00,2.333,86.287,72.821,95.024,5405.275,808.537,0.9740,77.0,0.205,77.6,0.558,34.1,89.1,113,73.9,5.65,4.58,6.31,535.273,2585.08,12.05,0.029,0.0478,36.3363,6.45,5.97,37.1,32.9,0.819,252,206,92,0.96,0.713,0.0424,0.0424,0.960,1034,1034,15,1,132,23.1,115.6,112.9,36.6,37.7,115,37.2,112,38.3,89.2,39.7,38.0,44.3,4.11,4.11,4.01,-2.91,0.032323,0.95083704,0.200854,3.31773886
68.00,2.333,88.620,72.917,95.031,5402.984,808.188,0.9740,77.0,-0.032,77.5,0.557,34.1,77.4,113,74.0,5.65,4.51,6.30,535.273,2244.32,12.05,0.029,0.0478,36.3363,6.45,4.91,37.1,32.9,0.818,250,205,71,0.83,0.304,0.0424,0.0424,0.960,1033,1033,15,1,115,36.4,113.7,110.8,38.1,39.2,114,38.2,111,39.3,89.2,39.7,38.0,44.3,4.11,4.11,3.40,-2.29,0.032326,0.95367711,0.200906,3.32735202
69.00,2.333,90.953,72.971,95.029,5400.692,807.839,0.9741,77.0,-0.084,77.4,0.557,34.1,101.9,113,74.0,5.65,4.58,6.30,535.273,2242.89,12.05,0.029,0.0478,36.3363,6.45,4.92,37.1,32.9,0.816,248,203,114,1.14,1.081,0.0424,0.0424,0.960,1033,1033,15,1,115,36.4,112.3,109.6,39.1,40.1,112,39.3,109,40.3,89.2,39.7,38.0,44.3,4.11,4.11,3.81,-2.56,0.032328,0.95651557,0.200961,3.33696324
70.00,2.333,93.287,73.027,95.033,5398.397,807.489,0.9741,77.1,-0.029,77.4,0.557,34.1,112.5,113,74.0,5.65,4.65,6.30,535.339,2429.29,12.05,0.029,0.0478,36.3414,6.45,6.55,37.1,32.9,0.819,252,206,135,1.24,1.506,0.0424,0.0424,0.960,1033,1033,15,1,157,2.0,113.5,110.8,38.0,39.0,112,39.4,109,40.4,89.2,39.6,38.0,44.3,4.11,4.11,5.11,-4.21,0.032327,0.95935475,0.200993,3.34657463
71.00,2.333,95.620,73.085,95.042,5396.103,807.140,0.9740,77.0,0.072,77.4,0.557,34.1,96.7,113,74.0,5.65,4.63,6.29,535.339,2768.26,12.05,0.029,0.0478,36.3414,6.45,7.72,37.1,32.9,0.819,252,207,107,1.05,0.980,0.0424,0.0424,0.960,1033,1033,15,1,160,0.3,118.2,115.4,34.4,35.6,116,36.3,113,37.5,89.2,39.7,38.0,44.3,4.11,4.11,4.48,-3.76,0.032329,0.96219544,0.201029,3.35618596
72.00,2.333,97.953,73.145,95.048,5393.811,806.791,0.9740,77.0,0.098,77.3,0.557,34.1,83.7,113,74.0,5.65,4.53,6.29,535.339,2576.15,12.05,0.029,0.0478,36.3414,6.45,5.92,37.1,32.9,0.819,251,206,83,0.90,0.522,0.0424,0.0424,0.960,1034,1034,15,1,131,23.9,115.6,112.8,36.7,37.7,115,37.2,112,38.4,89.2,39.8,38.0,44.3,4.11,4.11,3.73,-2.70,0.032331,0.96503579,0.201078,3.36579472
73.00,2.333,100.287,73.270,95.051,5391.519,806.442,0.9740,77.0,0.026,77.2,0.557,34.1,76.5,113,74.0,5.66,4.53,6.29,535.339,2244.09,12.05,0.029,0.0478,36.3414,6.45,4.91,37.1,32.9,0.817,249,203,69,0.83,0.244,0.0424,0.0424,0.959,1033,1033,15,1,115,36.4,113.7,110.9,38.1,39.2,114,38.2,111,39.3,89.2,39.7,38.0,44.3,4.11,4.11,3.20,-2.17,0.032335,0.96787486,0.201137,3.37540157
74.00,2.333,102.620,73.334,95.042,5389.226,806.092,0.9741,77.0,0.668,77.2,0.557,34.1,111.8,113,74.0,5.66,4.60,6.28,535.339,2242.89,12.05,0.029,0.0478,36.3414,6.45,4.92,37.1,32.9,0.818,251,205,134,1.24,1.453,0.0424,0.0424,0.959,1033,1033,15,1,115,36.4,112.3,109.6,39.2,40.2,112,39.3,109,40.4,89.2,39.6,38.0,44.3,4.12,4.12,4.54,-3.07,0.032335,0.97071306,0.201182,3.38500742
75.00,2.333,104.953,73.399,95.039,5386.932,805.743,0.9741,77.1,0.001,77.1,0.556,34.1,105.2,113,74.0,5.66,4.67,6.28,535.405,2438.62,12.05,0.029,0.0478,36.3440,6.45,6.60,37.1,32.9,0.819,253,207,122,1.14,1.271,0.0424,0.0424,0.959,1033,1033,15,1,158,1.7,113.7,111.0,37.9,38.9,112,39.3,109,40.3,89.3,39.6,38.0,44.3,4.12,4.12,4.99,-4.10,0.032335,0.97355296,0.201216,3.39461416
76.00,2.333,107.287,73.465,95.041,5384.638,805.394,0.9740,77.0,0.205,77.1,0.556,34.1,90.6,113,74.0,5.66,4.56,6.28,535.405,2770.45,12.05,0.029,0.0478,36.3440,6.45,7.72,37.1,32.9,0.819,252,207,96,0.98,0.764,0.0424,0.0424,0.959,1033,1033,15,1,160,0.3,118.2,115.4,34.4,35.6,116,36.3,113,37.5,89.2,39.7,37.9,44.3,4.12,4.12,4.13,-3.46,0.032337,0.97639362,0.201260,3.40421992
77.00,2.333,109.620,73.531,95.040,5382.346,805.044,0.9740,77.0,-0.035,77.0,0.556,34.1,78.7,113,74.1,5.66,4.49,6.27,535.405,2567.08,12.05,0.029,0.0478,36.3440,6.45,5.86,37.1,32.9,0.818,251,205,74,0.84,0.347,0.0424,0.0424,0.958,1034,1034,15,1,130,24.6,115.6,112.8,36.7,37.8,115,37.2,112,38.4,89.2,39.8,37.9,44.3,4.12,4.12,3.47,-2.51,0.032340,0.97923345,0.201315,3.41382369
78.00,2.333,111.953,73.666,95.034,5380.055,804.695,0.9740,77.0,-0.074,76.9,0.556,34.1,97.4,113,74.1,5.67,4.54,6.27,535.405,2243.90,12.05,0.029,0.0478,36.3440,6.45,4.91,37.1,32.9,0.816,248,202,106,1.08,0.916,0.0424,0.0424,0.958,1033,1033,15,1,115,36.4,113.7,110.9,38.1,39.2,114,38.2,111,39.3,89.2,39.7,37.9,44.3,4.12,4.12,3.64,-2.58,0.032343,0.98207174,0.201376,3.42342595
79.00,2.333,114.287,73.734,95.019,5377.761,804.346,0.9741,77.1,-0.038,76.9,0.556,34.1,113.1,113,74.1,5.67,4.61,6.27,535.405,2242.89,12.05,0.029,0.0478,36.3440,6.45,4.92,37.1,32.9,0.819,252,206,137,1.24,1.517,0.0424,0.0424,0.957,1033,1033,15,1,115,36.4,112.3,109.6,39.2,40.2,112,39.4,109,40.4,89.3,39.6,37.9,44.3,4.12,4.12,4.95,-3.30,0.032343,0.98491050,0.201413,3.43302870
80.00,2.333,116.620,73.803,95.015,5375.467,803.996,0.9741,77.0,0.061,76.8,0.556,34.1,98.3,113,74.1,5.67,4.62,6.26,535.472,2447.95,12.05,0.029,0.0478,36.3435,6.45,6.64,37.1,32.9,0.819,253,207,110,1.06,1.032,0.0424,0.0424,0.957,1033,1033,15,1,158,1.5,113.8,111.2,37.8,38.8,112,39.3,109,40.3,89.3,39.6,37.9,44.3,4.12,4.12,4.60,-3.86,0.032343,0.98775098,0.201452,3.44263225
81.00,2.333,118.953,73.873,95.012,5373.174,803.647,0.9741,77.0,0.108,76.8,0.556,34.1,85.0,113,74.1,5.67,4.51,6.26,535.472,2772.39,12.05,0.029,0.0478,36.3435,6.45,7.71,37.1,32.9,0.819,252,206,86,0.91,0.567,0.0424,0.0424,0.957,1033,1033,15,1,160,0.3,118.3,115.5,34.4,35.6,116,36.3,113,37.5,89.2,39.7,37.9,44.3,4.13,4.13,3.83,-3.19,0.032345,0.99059128,0.201504,3.45223391
82.00,2.333,121.287,74.013,95.013,5370.883,803.298,0.9740,77.0,0.065,76.7,0.555,34.1,74.1,113,74.1,5.68,4.49,6.26,535.472,2557.88,12.05,0.029,0.0478,36.3435,6.45,5.81,37.1,32.9,0.818,251,205,66,0.78,0.189,0.0424,0.0424,0.956,1034,1034,15,1,129,25.4,115.6,112.8,36.7,37.8,115,37.2,112,38.4,89.2,39.8,37.9,44.4,4.13,4.13,3.23,-2.34,0.032348,0.99343038,0.201565,3.46183415
83.00,2.333,123.620,74.084,95.010,5368.590,802.948,0.9741,77.0,0.355,76.7,0.555,34.1,110.8,113,74.1,5.68,4.56,6.26,535.472,2243.73,12.05,0.029,0.0478,36.3435,6.45,4.91,37.1,32.9,0.817,251,205,132,1.23,1.408,0.0424,0.0424,0.956,1033,1033,15,1,115,36.4,113.7,110.9,38.2,39.2,114,38.3,111,39.4,89.2,39.7,37.9,44.4,4.13,4.13,4.46,-3.19,0.032351,0.99626840,0.201617,3.47143370
84.00,2.333,125.953,74.155,95.466,5366.295,802.599,0.9741,77.1,0.001,76.4,0.554,34.1,105.1,114,74.3,5.67,4.64,6.24,535.472,2242.89,12.05,0.029,0.0478,36.3435,6.45,4.92,37.1,32.9,0.819,253,207,122,1.14,1.268,0.0424,0.0424,0.963,1033,1033,15,1,115,36.4,112.3,109.6,39.2,40.2,112,39.4,109,40.4,89.3,39.6,37.9,44.4,4.13,4.13,4.83,-3.11,0.032351,0.99910909,0.201650,3.48103540
85.00,2.333,128.287,74.213,95.847,5364.002,802.250,0.9741,77.0,0.210,75.9,0.551,34.1,89.1,114,75.1,5.63,4.51,6.23,535.539,2457.25,12.05,0.029,0.0478,36.3404,6.45,6.69,37.1,32.9,0.819,253,207,93,0.96,0.711,0.0424,0.0424,0.973,1033,1033,15,1,158,1.3,114.0,111.3,37.7,38.7,112,39.2,109,40.2,89.3,39.6,37.9,44.4,4.13,4.13,4.07,-3.55,0.032352,1.00195269,0.201694,3.49063853
86.00,2.333,130.620,74.263,95.689,5361.711,801.901,0.9741,77.0,0.013,75.6,0.551,34.1,76.1,114,75.1,5.62,4.47,6.21,535.539,2774.08,12.05,0.029,0.0478,36.3404,6.45,7.70,37.1,32.9,0.818,251,206,69,0.81,0.258,0.0424,0.0424,0.974,1033,1033,15,1,160,0.3,118.3,115.6,34.4,35.5,116,36.2,113,37.5,89.3,39.7,37.9,44.4,4.13,4.13,3.37,-2.80,0.032354,1.00479648,0.201752,3.50024339
87.00,2.333,132.953,74.263,95.484,5359.418,801.551,0.9740,77.0,0.355,75.6,0.551,34.1,110.6,113,75.0,5.61,4.55,6.21,535.539,2548.56,12.05,0.029,0.0478,36.3404,6.45,5.75,37.1,32.9,0.817,251,205,131,1.23,1.401,0.0424,0.0424,0.972,1034,1034,15,1,128,26.1,115.6,112.8,36.8,37.9,115,37.2,112,38.4,89.2,39.7,37.9,44.4,4.13,4.13,4.50,-3.42,0.032357,1.00763918,0.201802,3.50985175
88.00,2.333,135.287,74.255,95.285,5357.125,801.202,0.9740,77.1,0.001,75.5,0.551,34.1,104.2,113,74.8,5.61,4.63,6.20,535.539,2243.60,12.05,0.029,0.0478,36.3404,6.45,4.91,37.1,32.9,0.819,253,208,120,1.14,1.235,0.0424,0.0424,0.971,1033,1033,15,1,115,36.4,113.7,110.9,38.2,39.3,114,38.4,111,39.4,89.2,39.7,37.9,44.4,4.14,4.14,4.85,-3.31,0.032358,1.01048339,0.201834,3.51946610
89.00,2.333,137.620,74.245,95.099,5354.833,800.853,0.9741,77.0,0.210,75.4,0.551,34.1,88.3,113,74.6,5.60,4.50,6.19,535.539,2242.89,12.05,0.029,0.0478,36.3404,6.45,4.92,37.1,32.9,0.819,253,207,91,0.95,0.676,0.0424,0.0424,0.971,1033,1033,15,1,115,36.4,112.3,109.6,39.3,40.3,112,39.5,109,40.5,89.3,39.7,37.9,44.4,4.14,4.14,3.93,-2.50,0.032359,1.01332772,0.201880,3.52908337
90.00,2.333,139.953,74.239,94.913,5352.542,800.503,0.9741,77.0,0.013,75.3,0.551,34.1,75.5,113,74.4,5.59,4.46,6.18,535.601,2466.54,12.05,0.029,0.0478,36.3575,6.45,6.73,37.1,32.9,0.818,251,206,68,0.80,0.232,0.0424,0.0424,0.971,1033,1033,15,1,159,1.1,114.2,111.5,37.5,38.6,112,39.1,110,40.1,89.3,39.6,37.9,44.4,4.14,4.14,3.42,-3.12,0.032361,1.01617006,0.201939,3.53870143
91.00,2.333,142.287,74.248,94.874,5350.251,800.154,0.9740,77.0,0.355,75.2,0.551,34.1,110.0,113,74.4,5.58,4.54,6.17,535.601,2775.51,12.05,0.029,0.0478,36.3575,6.45,7.69,37.1,32.9,0.817,251,205,131,1.22,1.377,0.0424,0.0424,0.971,1033,1033,15,1,160,0.3,118.4,115.6,34.4,35.5,116,36.2,113,37.5,89.2,39.7,37.9,44.4,4.14,4.14,4.57,-3.84,0.032362,1.01901014,0.201991,3.54832009
92.00,2.333,144.620,74.265,94.858,5347.957,799.805,0.9740,77.0,0.001,75.1,0.551,34.1,104.0,113,74.4,5.58,4.62,6.17,535.601,2539.11,12.05,0.029,0.0478,36.3575,6.45,5.69,37.1,32.9,0.819,254,208,120,1.13,1.222,0.0424,0.0424,0.972,1034,1034,15,1,127,26.7,115.5,112.7,36.9,37.9,115,37.3,112,38.5,89.2,39.8,37.8,44.4,4.14,4.14,4.88,-3.56,0.032364,1.02185137,0.202025,3.55794089
93.00,2.333,146.953,74.290,94.857,5345.665,799.456,0.9740,77.0,0.210,75.0,0.550,34.1,88.2,113,74.4,5.57,4.49,6.16,535.601,2243.48,12.05,0.029,0.0478,36.3575,6.45,4.91,37.1,32.9,0.819,253,207,92,0.95,0.672,0.0424,0.0424,0.972,1033,1033,15,1,115,36.4,113.6,110.9,38.3,39.3,113,38.4,111,39.5,89.2,39.7,37.8,44.4,4.14,4.14,3.95,-2.66,0.032366,1.02469296,0.202073,3.56756069
94.00,2.333,149.287,74.363,94.874,5343.375,799.106,0.9741,77.0,0.013,74.9,0.550,34.1,75.6,113,74.4,5.57,4.45,6.16,535.601,2242.89,12.05,0.029,0.0478,36.3575,6.45,4.92,37.1,32.9,0.818,252,206,69,0.80,0.235,0.0424,0.0424,0.973,1033,1033,15,1,115,36.4,112.3,109.6,39.3,40.3,112,39.5,109,40.5,89.2,39.7,37.8,44.4,4.14,4.14,3.29,-2.08,0.032368,1.02753303,0.202135,3.57717792
95.00,2.333,151.620,74.409,94.895,5341.083,798.757,0.9741,77.0,0.355,74.8,0.550,34.1,110.0,113,74.5,5.57,4.53,6.15,535.663,2475.80,12.05,0.029,0.0478,36.3585,6.45,6.78,37.1,32.9,0.817,251,205,131,1.22,1.376,0.0424,0.0424,0.974,1033,1033,15,1,159,1.0,114.4,111.7,37.4,38.5,112,39.0,110,40.0,89.2,39.7,37.8,44.4,4.15,4.15,4.54,-4.06,0.032368,1.03037139,0.202189,3.58679318
96.00,2.333,153.953,74.460,94.918,5338.790,798.408,0.9740,77.0,0.001,74.8,0.550,34.1,104.0,113,74.5,5.57,4.61,6.15,535.663,2776.70,12.05,0.029,0.0478,36.3585,6.45,7.67,37.1,32.9,0.819,254,208,121,1.13,1.223,0.0424,0.0424,0.974,1033,1033,15,1,160,0.3,118.3,115.6,34.4,35.6,116,36.3,113,37.5,89.2,39.7,37.8,44.4,4.15,4.15,4.92,-3.96,0.032370,1.03321136,0.202226,3.59640885
97.00,2.333,156.287,74.514,94.936,5336.498,798.059,0.9739,77.0,0.210,74.7,0.550,34.1,88.3,113,74.5,5.57,4.48,6.15,535.663,2529.55,12.05,0.029,0.0478,36.3585,6.45,5.64,37.1,32.9,0.819,253,207,92,0.95,0.676,0.0424,0.0424,0.974,1034,1034,15,1,126,27.4,115.5,112.7,36.9,38.0,115,37.3,112,38.5,89.2,39.8,37.8,44.4,4.15,4.15,3.96,-2.86,0.032372,1.03605206,0.202277,3.60602260
98.00,2.333,158.620,74.631,94.958,5334.207,797.709,0.9740,77.0,0.013,74.6,0.549,34.1,75.7,113,74.6,5.57,4.44,6.14,535.663,2243.39,12.05,0.029,0.0478,36.3585,6.45,4.91,37.1,32.9,0.818,252,206,69,0.80,0.239,0.0424,0.0424,0.975,1033,1033,15,1,115,36.4,113.7,110.9,38.3,39.3,114,38.4,111,39.5,89.2,39.7,37.8,44.4,4.15,4.15,3.30,-2.22,0.032376,1.03889159,0.202340,3.61563352
99.00,2.333,160.953,74.692,94.957,5331.915,797.360,0.9741,77.0,0.355,74.6,0.549,34.1,110.0,113,74.6,5.57,4.51,6.14,535.663,2242.89,12.05,0.029,0.0478,36.3585,6.45,4.92,37.1,32.9,0.817,251,205,131,1.21,1.374,0.0424,0.0424,0.975,1033,1033,15,1,115,36.4,112.3,109.6,39.3,40.3,112,39.5,109,40.5,89.2,39.7,37.8,44.4,4.15,4.15,4.40,-2.97,0.032377,1.04172967,0.202397,3.62524266
100.00,2.333,163.287,74.754,94.958,5329.622,797.011,0.9741,77.0,0.001,74.5,0.549,34.1,104.0,113,74.6,5.57,4.59,6.14,535.729,2485.02,12.05,0.029,0.0478,36.3549,6.45,6.82,37.1,32.9,0.819,254,208,121,1.12,1.223,0.0424,0.0424,0.974,1033,1033,15,1,159,0.9,114.5,111.8,37.3,38.4,113,39.0,110,40.0,89.2,39.7,37.8,44.4,4.15,4.15,4.97,-4.26,0.032377,1.04456953,0.202437,3.63485270
101.00,2.333,165.620,74.818,94.962,5327.330,796.662,0.9740,77.0,0.210,74.5,0.549,34.1,88.4,113,74.6,5.57,4.47,6.13,535.729,2777.63,12.05,0.029,0.0478,36.3549,6.45,7.66,37.1,32.9,0.818,253,207,92,0.94,0.677,0.0424,0.0424,0.974,1033,1033,15,1,160,0.3,118.3,115.6,34.4,35.6,116,36.3,113,37.5,89.2,39.7,37.8,44.4,4.15,4.15,3.99,-3.19,0.032379,1.04741020,0.202489,3.64446147
102.00,2.333,167.953,74.947,94.962,5325.039,796.312,0.9739,77.0,0.013,74.4,0.549,34.1,75.8,113,74.7,5.58,4.42,6.13,535.729,2519.88,12.05,0.029,0.0478,36.3549,6.45,5.58,37.1,32.9,0.818,252,206,69,0.80,0.240,0.0425,0.0425,0.974,1034,1034,15,1,126,28.0,115.5,112.7,36.9,38.0,115,37.3,112,38.5,89.2,39.8,37.8,44.4,4.16,4.16,3.31,-2.39,0.032382,1.05024970,0.202554,3.65406810
103.00,2.333,170.287,75.013,94.958,5322.748,795.963,0.9740,77.0,0.482,74.3,0.549,34.1,109.9,113,74.7,5.58,4.50,6.13,535.729,2243.31,12.05,0.029,0.0478,36.3549,6.45,4.92,37.1,32.9,0.817,251,205,131,1.21,1.371,0.0425,0.0425,0.973,1033,1033,15,1,115,36.4,113.7,110.9,38.3,39.3,114,38.4,111,39.5,89.2,39.7,37.8,44.4,4.16,4.16,4.44,-3.16,0.032385,1.05308776,0.202613,3.66367366
104.00,2.333,172.620,75.079,94.945,5320.454,795.614,0.9741,77.0,0.004,74.3,0.548,34.1,104.0,113,74.7,5.58,4.58,6.12,535.729,2242.89,12.05,0.029,0.0478,36.3549,6.45,4.92,37.1,32.9,0.819,254,208,121,1.12,1.220,0.0425,0.0425,0.973,1033,1033,15,1,115,36.4,112.3,109.6,39.3,40.3,112,39.5,109,40.5,89.2,39.7,37.8,44.4,4.16,4.16,4.81,-3.09,0.032385,1.05592765,0.202653,3.67328072
105.00,2.333,174.953,75.146,94.941,5318.162,795.265,0.9741,77.0,0.202,74.3,0.548,34.1,88.4,113,74.7,5.58,4.45,6.12,535.795,2494.20,12.05,0.029,0.0478,36.3603,6.46,6.86,37.1,32.9,0.818,254,208,93,0.94,0.676,0.0425,0.0425,0.973,1033,1033,15,1,159,0.8,114.7,112.0,37.2,38.3,113,38.9,110,39.9,89.2,39.7,37.7,44.4,4.16,4.16,4.07,-3.66,0.032386,1.05876836,0.202707,3.68288706
106.00,2.333,177.287,75.282,94.939,5315.872,794.915,0.9740,76.9,0.041,74.2,0.548,34.1,75.8,113,74.7,5.58,4.41,6.12,535.795,2778.30,12.05,0.029,0.0478,36.3603,6.46,7.64,37.1,32.9,0.817,252,206,69,0.80,0.240,0.0425,0.0425,0.972,1033,1033,15,1,160,0.3,118.4,115.6,34.4,35.6,116,36.3,113,37.5,89.2,39.7,37.7,44.4,4.16,4.16,3.34,-2.64,0.032388,1.06160789,0.202773,3.69249170
107.00,2.333,179.620,75.351,94.938,5313.580,794.566,0.9739,77.0,0.482,74.1,0.548,34.1,109.9,113,74.7,5.59,4.49,6.11,535.795,2510.12,12.05,0.029,0.0478,36.3603,6.46,5.53,37.1,32.8,0.817,252,206,131,1.21,1.367,0.0425,0.0425,0.972,1034,1034,15,1,125,28.6,115.5,112.7,36.9,38.0,115,37.3,112,38.5,89.2,39.8,37.7,44.4,4.16,4.16,4.49,-3.40,0.032391,1.06444592,0.202833,3.70209560
108.00,2.333,181.953,75.420,94.935,5311.287,794.217,0.9740,77.0,0.004,74.1,0.548,34.1,104.0,113,74.7,5.59,4.57,6.11,535.795,2243.24,12.05,0.029,0.0478,36.3603,6.46,4.92,37.1,32.8,0.819,255,208,121,1.12,1.217,0.0425,0.0425,0.971,1033,1033,15,1,115,36.4,113.6,110.9,38.3,39.4,113,38.4,111,39.5,89.2,39.7,37.7,44.4,4.16,4.16,4.83,-3.29,0.032393,1.06728578,0.202875,3.71170133
109.00,2.333,184.287,75.490,94.916,5308.995,793.868,0.9741,77.0,0.202,74.0,0.548,34.1,88.4,113,74.7,5.59,4.44,6.11,535.795,2242.89,12.05,0.029,0.0478,36.3603,6.46,4.92,37.1,32.8,0.818,254,208,93,0.94,0.674,0.0425,0.0425,0.971,1033,1033,15,1,115,36.4,112.3,109.6,39.3,40.3,112,39.5,109,40.6,89.2,39.7,37.7,44.4,4.17,4.17,3.91,-2.48,0.032394,1.07012649,0.202929,3.72130657
110.00,2.333,186.620,75.631,94.915,5306.705,793.519,0.9741,76.9,0.041,74.0,0.548,34.1,75.9,113,74.7,5.59,4.40,6.10,535.859,2503.34,12.05,0.029,0.0479,36.3643,6.46,6.90,37.1,32.8,0.817,253,207,70,0.80,0.240,0.0425,0.0425,0.970,1033,1033,15,1,159,0.7,114.9,112.2,37.1,38.1,113,38.8,110,39.8,89.3,39.7,37.7,44.4,4.17,4.17,3.42,-3.23,0.032396,1.07296603,0.202997,3.73091028
111.00,2.333,188.953,75.702,94.917,5304.413,793.169,0.9740,77.0,0.482,73.9,0.547,34.1,109.8,113,74.7,5.60,4.47,6.10,535.859,2778.72,12.05,0.029,0.0479,36.3643,6.46,7.63,37.1,32.8,0.817,252,206,131,1.20,1.363,0.0425,0.0425,0.970,1033,1033,15,1,160,0.3,118.4,115.7,34.4,35.6,116,36.3,113,37.5,89.2,39.8,37.7,44.4,4.17,4.17,4.54,-3.69,0.032397,1.07580406,0.203057,3.74051340
112.00,2.333,191.287,75.773,94.916,5302.120,792.820,0.9739,77.0,0.004,73.9,0.547,34.1,104.0,113,74.8,5.60,4.55,6.10,535.859,2500.26,12.05,0.029,0.0479,36.3643,6.46,5.47,37.1,32.8,0.819,255,209,122,1.12,1.215,0.0425,0.0425,0.970,1034,1034,15,1,124,29.1,115.4,112.6,37.0,38.1,115,37.4,112,38.5,89.2,39.8,37.7,44.4,4.17,4.17,4.86,-3.53,0.032400,1.07864386,0.203100,3.75011843
113.00,2.333,193.620,75.844,94.913,5299.828,792.471,0.9740,76.9,0.202,73.8,0.547,34.1,88.4,113,74.8,5.60,4.43,6.09,535.859,2243.18,12.05,0.029,0.0479,36.3643,6.46,4.92,37.1,32.8,0.818,254,208,93,0.94,0.673,0.0425,0.0425,0.969,1033,1033,15,1,115,36.4,113.6,110.9,38.3,39.4,113,38.5,111,39.6,89.2,39.7,37.7,44.4,4.17,4.17,3.93,-2.64,0.032402,1.08148453,0.203156,3.75972308
114.00,2.333,195.953,75.987,94.893,5297.538,792.122,0.9740,76.9,0.041,73.7,0.547,34.1,75.9,112,74.8,5.60,4.39,6.09,535.859,2242.89,12.05,0.029,0.0479,36.3643,6.46,4.92,37.1,32.8,0.817,253,207,70,0.80,0.240,0.0425,0.0425,0.968,1033,1033,15,1,115,36.4,112.3,109.6,39.3,40.3,112,39.5,109,40.5,89.2,39.7,37.7,44.4,4.17,4.17,3.28,-2.06,0.032404,1.08432403,0.203224,3.76932629
115.00,2.333,198.287,76.060,95.320,5295.246,791.772,0.9740,77.0,0.668,73.4,0.545,34.1,112.0,113,74.9,5.58,4.47,6.08,535.924,2512.42,12.05,0.029,0.0478,36.3550,6.46,6.95,37.1,32.8,0.817,253,207,136,1.23,1.448,0.0425,0.0425,0.977,1033,1033,15,1,159,0.6,115.1,112.4,36.9,38.0,113,38.6,110,39.7,89.2,39.7,37.7,44.4,4.17,4.17,4.75,-4.31,0.032404,1.08716258,0.203282,3.77892940
116.00,2.333,200.620,76.120,95.696,5292.953,791.423,0.9740,77.0,0.033,72.9,0.542,34.1,100.4,113,75.7,5.55,4.51,6.07,535.924,2778.88,12.05,0.029,0.0478,36.3550,6.46,7.61,37.1,32.8,0.819,255,209,115,1.08,1.097,0.0425,0.0425,0.986,1033,1033,15,1,160,0.3,118.4,115.6,34.5,35.6,116,36.3,113,37.6,89.2,39.8,37.6,44.4,4.18,4.18,4.64,-3.59,0.032406,1.09000531,0.203322,3.78853663
117.00,2.333,202.953,76.160,95.700,5290.662,791.074,0.9739,76.9,0.062,72.7,0.542,34.1,84.1,113,75.8,5.54,4.38,6.06,535.924,2490.31,12.05,0.029,0.0478,36.3550,6.46,5.41,37.1,32.8,0.818,254,208,85,0.89,0.525,0.0425,0.0425,0.989,1034,1034,15,1,124,29.7,115.4,112.6,37.1,38.2,115,37.4,112,38.6,89.2,39.8,37.6,44.4,4.18,4.18,3.71,-2.67,0.032409,1.09284980,0.203378,3.79814576
118.00,2.333,205.287,76.186,95.362,5288.372,790.725,0.9740,77.0,-0.073,72.6,0.542,34.1,93.1,113,75.6,5.53,4.41,6.04,535.924,2243.14,12.05,0.029,0.0478,36.3550,6.46,4.92,37.1,32.8,0.815,250,204,99,1.03,0.759,0.0425,0.0425,0.987,1033,1033,15,1,115,36.4,113.7,110.9,38.3,39.4,114,38.4,111,39.5,89.2,39.7,37.6,44.4,4.18,4.18,3.53,-2.46,0.032412,1.09569298,0.203446,3.80775757
119.00,2.333,207.620,76.184,95.170,5286.080,790.376,0.9741,77.0,-0.037,72.5,0.542,34.1,110.3,113,75.4,5.52,4.50,6.04,535.924,2242.89,12.05,0.029,0.0478,36.3550,6.46,4.92,37.1,32.8,0.818,255,209,133,1.20,1.419,0.0425,0.0425,0.986,1033,1033,15,1,115,36.4,112.3,109.6,39.4,40.4,112,39.6,109,40.6,89.2,39.7,37.6,44.4,4.18,4.18,4.99,-3.28,0.032412,1.09853620,0.203488,3.81737469
120.00,2.333,209.953,76.180,95.014,5283.788,790.027,0.9740,76.9,0.172,72.4,0.542,34.1,91.8,112,75.3,5.52,4.43,6.03,535.989,2521.45,12.05,0.029,0.0478,36.3483,6.46,6.99,37.1,32.8,0.818,255,209,99,0.98,0.789,0.0425,0.0425,0.985,1033,1033,15,1,159,0.6,115.1,112.5,36.9,38.0,113,38.6,110,39.7,89.2,39.7,37.6,44.4,4.18,4.18,4.27,-3.87,0.032413,1.10138070,0.203536,3.82699641
121.00,2.333,212.287,76.182,94.825,5281.499,789.677,0.9740,76.9,0.009,72.3,0.542,34.1,77.3,112,75.1,5.51,4.36,6.02,535.989,2778.78,12.05,0.029,0.0478,36.3483,6.46,7.59,37.1,32.8,0.817,254,207,72,0.82,0.285,0.0425,0.0425,0.985,1033,1033,15,1,160,0.3,118.4,115.7,34.5,35.7,116,36.3,113,37.6,89.2,39.7,37.6,44.4,4.18,4.18,3.42,-2.62,0.032415,1.10422342,0.203600,3.83661891
122.00,2.333,214.620,76.193,94.779,5279.209,789.328,0.9739,77.0,0.482,72.2,0.542,34.1,109.6,112,75.0,5.50,4.45,6.01,535.989,2480.28,12.05,0.029,0.0478,36.3483,6.46,5.36,37.1,32.8,0.817,253,206,131,1.20,1.352,0.0425,0.0425,0.985,1034,1034,15,1,123,30.2,115.4,112.6,37.1,38.2,115,37.4,112,38.5,89.1,39.8,37.6,44.4,4.18,4.18,4.53,-3.42,0.032418,1.10706359,0.203660,3.84624223
123.00,2.333,216.953,76.212,94.757,5276.917,788.979,0.9740,77.0,0.022,72.1,0.542,34.1,101.1,112,75.0,5.50,4.51,6.01,535.989,2243.10,12.05,0.029,0.0478,36.3483,6.46,4.92,37.1,32.8,0.818,255,209,116,1.09,1.110,0.0425,0.0425,0.986,1033,1033,15,1,115,36.4,113.6,110.9,38.4,39.5,113,38.5,111,39.6,89.2,39.7,37.6,44.4,4.19,4.19,4.69,-3.17,0.032420,1.10990514,0.203701,3.85586831
124.00,2.333,219.287,76.239,94.739,5274.627,788.630,0.9740,76.9,0.125,72.0,0.541,34.1,84.8,112,75.0,5.49,4.38,6.00,535.989,2242.89,12.05,0.029,0.0478,36.3483,6.46,4.92,37.1,32.8,0.818,255,208,86,0.90,0.541,0.0425,0.0425,0.986,1033,1033,15,1,115,36.4,112.2,109.6,39.4,40.4,112,39.6,109,40.6,89.2,39.7,37.6,44.4,4.19,4.19,3.75,-2.36,0.032421,1.11274676,0.203759,3.86549324
125.00,2.333,221.620,76.313,94.766,5272.338,788.281,0.9740,76.9,-0.061,71.9,0.541,34.1,87.3,112,75.1,5.49,4.39,6.00,536.055,2530.40,12.05,0.029,0.0479,36.3723,6.46,7.03,37.1,32.8,0.815,250,204,89,0.96,0.559,0.0425,0.0425,0.987,1033,1033,15,1,159,0.5,115.3,112.7,36.7,37.8,113,38.5,110,39.6,89.2,39.7,37.6,44.4,4.19,4.19,3.50,-3.40,0.032422,1.11558621,0.203830,3.87511591
126.00,2.333,223.953,76.360,94.789,5270.046,787.931,0.9739,77.0,-0.034,71.9,0.541,34.1,111.5,112,75.1,5.49,4.48,5.99,536.055,2778.42,12.05,0.029,0.0479,36.3723,6.46,7.57,37.1,32.8,0.818,255,208,136,1.21,1.445,0.0425,0.0425,0.988,1033,1033,15,1,160,0.3,118.3,115.6,34.5,35.7,116,36.4,113,37.6,89.1,39.8,37.6,44.4,4.19,4.19,5.09,-4.00,0.032424,1.11842520,0.203877,3.88473830
127.00,2.333,226.287,76.410,94.809,5267.754,787.582,0.9739,76.9,0.144,71.8,0.541,34.1,93.3,112,75.2,5.49,4.43,5.99,536.055,2470.18,12.05,0.029,0.0479,36.3723,6.46,5.30,37.1,32.8,0.818,255,209,102,0.99,0.838,0.0425,0.0425,0.988,1034,1034,15,1,122,30.7,115.3,112.5,37.2,38.3,115,37.4,112,38.6,89.1,39.8,37.6,44.4,4.19,4.19,4.22,-3.03,0.032427,1.12126614,0.203927,3.89436087
128.00,2.333,228.620,76.522,94.828,5265.465,787.233,0.9739,76.9,-0.032,71.7,0.540,34.1,78.7,112,75.2,5.49,4.33,5.99,536.055,2243.06,12.05,0.029,0.0479,36.3723,6.46,4.92,37.1,32.8,0.817,254,208,75,0.83,0.329,0.0425,0.0425,0.989,1033,1033,15,1,115,36.4,113.6,110.9,38.4,39.5,113,38.5,111,39.6,89.1,39.8,37.6,44.4,4.19,4.19,3.44,-2.30,0.032430,1.12410629,0.203993,3.90398047
129.00,2.333,230.953,76.581,94.839,5263.175,786.884,0.9740,77.0,0.099,71.7,0.540,34.1,107.7,112,75.2,5.49,4.42,5.98,536.055,2242.89,12.05,0.029,0.0479,36.3723,6.46,4.92,37.1,32.8,0.816,252,206,128,1.18,1.277,0.0425,0.0425,0.988,1033,1033,15,1,115,36.4,112.3,109.6,39.4,40.4,112,39.6,109,40.6,89.1,39.7,37.5,44.4,4.19,4.19,4.26,-2.86,0.032431,1.12694452,0.204060,3.91359807
130.00,2.333,233.287,76.643,94.847,5260.883,786.535,0.9739,77.0,0.004,71.6,0.540,34.1,102.9,112,75.2,5.49,4.50,5.98,536.119,2539.29,12.05,0.029,0.0479,36.3750,6.46,7.06,37.1,32.8,0.818,256,209,120,1.10,1.171,0.0425,0.0425,0.988,1033,1033,15,1,159,0.5,115.4,112.8,36.7,37.8,113,38.4,111,39.6,89.1,39.7,37.5,44.4,4.19,4.19,4.93,-4.38,0.032431,1.12978448,0.204104,3.92321681
131.00,2.333,235.620,76.705,94.856,5258.592,786.186,0.9739,76.9,0.175,71.6,0.540,34.1,86.3,112,75.3,5.49,4.36,5.98,536.119,2777.80,12.05,0.029,0.0479,36.3750,6.46,7.54,37.1,32.8,0.818,255,209,90,0.91,0.592,0.0426,0.0426,0.988,1033,1033,15,1,160,0.4,118.3,115.6,34.6,35.7,116,36.4,113,37.7,89.1,39.8,37.5,44.4,4.20,4.20,3.86,-2.95,0.032434,1.13262528,0.204163,3.93283425
132.00,2.333,237.953,76.833,94.860,5256.303,785.836,0.9738,76.9,-0.036,71.5,0.540,34.1,82.0,112,75.3,5.50,4.36,5.97,536.119,2460.01,12.05,0.029,0.0479,36.3750,6.46,5.25,37.1,32.8,0.815,251,205,80,0.89,0.392,0.0426,0.0426,0.988,1034,1034,15,1,122,31.1,115.3,112.5,37.2,38.3,115,37.4,112,38.6,89.1,39.8,37.5,44.4,4.20,4.20,3.30,-2.40,0.032437,1.13546446,0.204237,3.94244953
133.00,2.333,240.287,76.898,94.858,5254.012,785.487,0.9739,77.0,-0.032,71.5,0.540,34.1,111.9,112,75.3,5.50,4.44,5.97,536.119,2243.04,12.05,0.029,0.0479,36.3750,6.46,4.92,37.1,32.8,0.817,255,208,137,1.21,1.454,0.0426,0.0426,0.987,1033,1033,15,1,115,36.4,113.6,110.9,38.4,39.5,113,38.5,111,39.6,89.1,39.7,37.5,44.4,4.20,4.20,4.94,-3.46,0.032439,1.13830308,0.204290,3.95206486
134.00,2.333,242.620,76.963,94.847,5251.720,785.138,0.9739,76.9,0.132,71.4,0.539,34.1,94.8,112,75.3,5.50,4.42,5.97,536.119,2242.89,12.05,0.029,0.0479,36.3750,6.46,4.92,37.1,32.8,0.818,256,209,105,1.01,0.890,0.0426,0.0426,0.987,1033,1033,15,1,115,36.4,112.2,109.5,39.5,40.5,112,39.7,109,40.7,89.1,39.7,37.5,44.4,4.20,4.20,4.27,-2.69,0.032440,1.14114399,0.204340,3.96168162
135.00,2.333,244.953,77.028,94.841,5249.430,784.789,0.9739,76.9,-0.044,71.4,0.539,34.1,79.9,112,75.3,5.50,4.32,5.97,536.186,2548.10,12.05,0.029,0.0479,36.3733,6.46,7.10,37.1,32.8,0.817,255,208,78,0.84,0.372,0.0426,0.0426,0.987,1033,1033,15,1,159,0.5,115.6,112.9,36.6,37.7,113,38.3,111,39.5,89.1,39.7,37.5,44.4,4.20,4.20,3.63,-3.46,0.032442,1.14398438,0.204407,3.97129646
136.00,2.333,247.287,77.161,94.839,5247.141,784.440,0.9738,77.0,-0.069,71.3,0.539,34.1,105.0,112,75.3,5.50,4.39,5.96,536.186,2776.92,12.05,0.029,0.0479,36.3733,6.46,7.52,37.1,32.8,0.815,252,206,123,1.15,1.175,0.0426,0.0426,0.986,1033,1033,15,1,159,0.4,118.3,115.6,34.6,35.7,116,36.4,113,37.6,89.1,39.8,37.5,44.4,4.20,4.20,4.20,-3.34,0.032444,1.14682277,0.204478,3.98091020
137.00,2.333,249.620,77.228,94.837,5244.849,784.091,0.9738,77.0,-0.001,71.3,0.539,34.1,104.5,112,75.3,5.50,4.47,5.96,536.186,2449.78,12.05,0.029,0.0479,36.3733,6.46,5.19,37.1,32.8,0.818,256,210,124,1.12,1.225,0.0426,0.0426,0.986,1034,1034,15,1,121,31.6,115.2,112.5,37.2,38.3,115,37.5,112,38.7,89.0,39.8,37.5,44.4,4.20,4.20,4.91,-3.55,0.032447,1.14966257,0.204524,3.99052588
138.00,2.333,251.953,77.295,94.834,5242.558,783.742,0.9739,76.9,0.184,71.2,0.539,34.1,87.6,112,75.3,5.51,4.35,5.96,536.186,2243.01,12.05,0.029,0.0479,36.3733,6.46,4.92,37.1,32.8,0.818,256,209,92,0.92,0.637,0.0426,0.0426,0.986,1033,1033,15,1,115,36.4,113.5,110.8,38.5,39.5,113,38.6,111,39.7,89.1,39.8,37.4,44.4,4.21,4.21,3.89,-2.60,0.032449,1.15250358,0.204583,4.00014149
139.00,2.333,254.287,77.431,94.813,5240.270,783.392,0.9739,76.9,0.016,71.2,0.539,34.1,77.6,112,75.3,5.51,4.33,5.95,536.186,2242.89,12.05,0.029,0.0479,36.3733,6.46,4.92,37.1,32.8,0.816,253,206,73,0.82,0.264,0.0426,0.0426,0.985,1033,1033,15,1,115,36.4,112.2,109.6,39.4,40.5,112,39.6,109,40.7,89.1,39.7,37.4,44.4,4.21,4.21,3.22,-2.03,0.032451,1.15534311,0.204657,4.00975556
140.00,2.333,256.620,77.500,94.815,5237.979,783.043,0.9739,77.0,-0.040,71.1,0.539,34.1,111.9,112,75.4,5.51,4.41,5.95,536.252,2556.83,12.05,0.029,0.0479,36.3839,6.46,7.14,37.1,32.8,0.817,255,208,137,1.21,1.443,0.0426,0.0426,0.985,1033,1033,15,1,159,0.4,115.8,113.1,36.4,37.6,114,38.2,111,39.4,89.1,39.7,37.4,44.4,4.21,4.21,5.00,-4.56,0.032452,1.15818164,0.204715,4.01936985
141.00,2.333,258.953,77.569,94.818,5235.687,782.694,0.9738,76.9,0.098,71.1,0.538,34.1,96.4,112,75.4,5.51,4.41,5.95,536.252,2775.78,12.05,0.029,0.0479,36.3839,6.46,7.49,37.1,32.8,0.818,256,210,109,1.02,0.940,0.0426,0.0426,0.984,1033,1033,15,1,159,0.5,118.2,115.6,34.6,35.8,116,36.5,113,37.7,89.1,39.8,37.4,44.4,4.21,4.21,4.41,-3.36,0.032454,1.16102247,0.204765,4.02898627
142.00,2.333,261.287,77.638,94.817,5233.398,782.345,0.9738,76.9,-0.035,71.0,0.538,34.1,81.2,112,75.4,5.52,4.30,5.94,536.252,2439.50,12.05,0.029,0.0479,36.3839,6.46,5.14,37.1,32.8,0.817,256,209,81,0.85,0.413,0.0426,0.0426,0.984,1034,1034,15,1,121,32.0,115.2,112.4,37.3,38.4,115,37.5,112,38.7,89.0,39.8,37.4,44.4,4.21,4.21,3.57,-2.55,0.032457,1.16386301,0.204832,4.03860120
143.00,2.333,263.620,77.777,94.809,5231.109,781.996,0.9738,76.9,-0.090,71.0,0.538,34.1,101.6,112,75.4,5.52,4.36,5.94,536.252,2242.99,12.05,0.029,0.0479,36.3839,6.46,4.92,37.1,32.8,0.815,252,206,117,1.11,1.046,0.0426,0.0426,0.983,1033,1033,15,1,115,36.4,113.6,110.9,38.4,39.5,113,38.6,111,39.7,89.1,39.8,37.4,44.4,4.21,4.21,3.91,-2.75,0.032460,1.16670162,0.204906,4.04821521
144.00,2.333,265.953,77.846,94.798,5228.817,781.647,0.9739,77.0,-0.022,70.9,0.538,34.1,106.2,112,75.4,5.52,4.44,5.94,536.252,2242.89,12.05,0.029,0.0479,36.3839,6.46,4.92,37.1,32.8,0.818,257,210,127,1.13,1.278,0.0426,0.0426,0.983,1033,1033,15,1,115,36.4,112.2,109.5,39.5,40.5,112,39.7,109,40.7,89.1,39.7,37.4,44.4,4.21,4.21,4.92,-3.18,0.032460,1.16954130,0.204953,4.05783114
145.00,2.333,268.287,77.916,94.791,5226.526,781.298,0.9739,76.9,0.200,70.9,0.538,34.1,89.0,112,75.4,5.52,4.34,5.94,536.318,2565.48,12.05,0.029,0.0479,36.3668,6.46,7.18,37.1,32.8,0.817,256,210,95,0.94,0.683,0.0426,0.0426,0.982,1033,1033,15,1,159,0.4,115.8,113.2,36.4,37.5,114,38.2,111,39.3,89.1,39.7,37.4,44.4,4.21,4.21,4.11,-3.83,0.032462,1.17238242,0.205012,4.06744757
146.00,2.333,270.620,78.056,95.206,5224.238,780.949,0.9738,76.9,0.016,70.5,0.535,34.1,78.6,112,75.5,5.50,4.31,5.92,536.318,2774.38,12.05,0.029,0.0479,36.3668,6.46,7.47,37.1,32.8,0.815,253,207,75,0.83,0.299,0.0426,0.0426,0.990,1033,1033,15,1,159,0.5,118.2,115.6,34.6,35.8,116,36.4,113,37.7,89.0,39.8,37.4,44.4,4.22,4.22,3.31,-2.54,0.032464,1.17522235,0.205086,4.07706264
147.00,2.333,272.953,78.114,95.590,5221.946,780.599,0.9738,77.0,-0.036,70.0,0.533,34.1,112.4,112,76.3,5.47,4.40,5.91,536.318,2429.18,12.05,0.029,0.0479,36.3668,6.46,5.08,37.1,32.8,0.817,256,209,138,1.21,1.470,0.0426,0.0426,1.001,1034,1034,15,1,120,32.4,115.1,112.4,37.3,38.4,115,37.5,112,38.7,89.0,39.8,37.3,44.4,4.22,4.22,5.00,-3.70,0.032467,1.17806321,0.205139,4.08667980
148.00,2.333,275.287,78.153,95.609,5219.655,780.250,0.9738,76.9,0.161,69.8,0.532,34.1,93.0,112,76.5,5.46,4.35,5.90,536.318,2242.98,12.05,0.029,0.0479,36.3668,6.46,4.92,37.1,32.8,0.818,257,210,102,0.99,0.826,0.0426,0.0426,1.003,1033,1033,15,1,115,36.4,113.5,110.8,38.5,39.6,113,38.6,111,39.7,89.0,39.8,37.3,44.4,4.22,4.22,4.17,-2.78,0.032469,1.18090828,0.205189,4.09630187
149.00,2.333,277.620,78.176,95.280,5217.367,779.901,0.9739,76.9,0.033,69.7,0.532,34.1,77.2,112,76.3,5.45,4.29,5.89,536.318,2242.89,12.05,0.029,0.0479,36.3668,6.46,4.92,37.1,32.8,0.816,256,209,73,0.81,0.276,0.0426,0.0426,1.002,1033,1033,15,1,115,36.4,112.2,109.5,39.5,40.5,112,39.7,109,40.7,89.1,39.7,37.3,44.4,4.22,4.22,3.34,-2.07,0.032471,1.18375317,0.205257,4.10592617
150.00,2.333,279.953,78.172,95.098,5215.077,779.552,0.9738,77.0,-0.079,69.6,0.532,34.1,111.5,112,76.1,5.44,4.38,5.88,536.385,2574.02,12.05,0.029,0.0479,36.3845,6.46,7.21,37.1,32.8,0.817,255,208,136,1.21,1.422,0.0426,0.0426,1.001,1033,1033,15,1,159,0.4,116.0,113.4,36.3,37.4,114,38.1,111,39.2,89.0,39.7,37.3,44.4,4.22,4.22,4.94,-4.46,0.032472,1.18659631,0.205316,4.11555450
151.00,2.333,282.287,78.165,94.945,5212.787,779.203,0.9737,76.9,0.098,69.6,0.533,34.1,95.4,112,75.9,5.44,4.37,5.88,536.385,2772.72,12.05,0.029,0.0479,36.3845,6.46,7.44,37.1,32.8,0.818,257,210,107,1.02,0.904,0.0426,0.0426,1.000,1033,1033,15,1,159,0.6,118.2,115.5,34.7,35.9,116,36.5,113,37.7,89.0,39.8,37.3,44.4,4.22,4.22,4.39,-3.28,0.032474,1.18944124,0.205363,4.12518898
152.00,2.333,284.620,78.159,94.737,5210.499,778.854,0.9737,76.9,-0.032,69.4,0.532,34.1,79.1,112,75.7,5.43,4.27,5.86,536.385,2418.81,12.05,0.029,0.0479,36.3845,6.46,5.03,37.1,32.8,0.817,256,209,77,0.83,0.337,0.0427,0.0427,0.999,1034,1034,15,1,120,32.7,115.1,112.4,37.4,38.5,115,37.6,112,38.7,89.0,39.8,37.3,44.4,4.22,4.22,3.50,-2.40,0.032477,1.19228492,0.205429,4.13482463
153.00,2.333,286.953,78.165,94.680,5208.210,778.505,0.9738,76.9,0.668,69.4,0.532,34.1,109.2,111,75.7,5.42,4.36,5.86,536.385,2242.96,12.05,0.029,0.0479,36.3845,6.46,4.92,37.1,32.8,0.816,254,208,132,1.19,1.326,0.0427,0.0427,1.000,1033,1033,15,1,115,36.4,113.5,110.8,38.5,39.6,113,38.7,111,39.7,89.0,39.8,37.3,44.5,4.23,4.23,4.53,-3.09,0.032480,1.19512580,0.205494,4.14446131
154.00,2.333,289.287,78.179,94.643,5205.919,778.156,0.9738,76.9,0.045,69.3,0.532,34.1,98.4,111,75.7,5.42,4.40,5.85,536.385,2242.89,12.05,0.029,0.0479,36.3845,6.46,4.92,37.1,32.8,0.818,257,210,112,1.05,1.004,0.0427,0.0427,1.000,1033,1033,15,1,115,36.4,112.1,109.4,39.6,40.6,112,39.8,109,40.8,89.0,39.7,37.3,44.5,4.23,4.23,4.53,-2.77,0.032480,1.19796814,0.205540,4.15410124
155.00,2.333,291.620,78.200,94.629,5203.631,777.807,0.9738,76.9,-0.027,69.2,0.532,34.1,81.5,111,75.7,5.41,4.27,5.85,536.451,2582.47,12.05,0.029,0.0479,36.3892,6.46,7.25,37.1,32.8,0.817,256,209,81,0.85,0.419,0.0427,0.0427,1.001,1033,1033,15,1,159,0.4,116.1,113.4,36.2,37.3,114,38.0,111,39.2,89.0,39.7,37.3,44.5,4.23,4.23,3.75,-3.49,0.032482,1.20081008,0.205605,4.16373976
156.00,2.333,293.953,78.266,94.648,5201.343,777.458,0.9737,76.9,-0.069,69.1,0.532,34.1,104.9,111,75.7,5.41,4.33,5.84,536.451,2770.80,12.05,0.029,0.0479,36.3892,6.46,7.41,37.1,32.8,0.815,254,207,123,1.14,1.163,0.0427,0.0427,1.002,1033,1033,15,1,159,0.8,118.2,115.5,34.7,35.9,116,36.5,113,37.7,88.9,39.8,37.3,44.5,4.23,4.23,4.25,-3.29,0.032484,1.20364941,0.205676,4.17337645
157.00,2.333,296.287,78.308,94.664,5199.052,777.109,0.9737,77.0,0.017,69.0,0.532,34.1,101.7,111,75.7,5.41,4.41,5.84,536.451,2408.41,12.05,0.029,0.0479,36.3892,6.46,4.97,37.1,32.8,0.818,258,211,119,1.08,1.118,0.0427,0.0427,1.003,1034,1034,15,1,120,33.1,115.1,112.3,37.4,38.5,115,37.6,112,38.8,88.9,39.8,37.3,44.5,4.23,4.23,4.78,-3.34,0.032487,1.20649000,0.205722,4.18301434
158.00,2.333,298.620,78.355,94.681,5196.763,776.759,0.9737,76.9,0.070,69.0,0.531,34.1,84.1,111,75.8,5.41,4.27,5.84,536.451,2242.95,12.05,0.029,0.0479,36.3892,6.46,4.92,37.1,32.8,0.817,257,210,86,0.88,0.509,0.0427,0.0427,1.003,1033,1033,15,1,115,36.5,113.5,110.7,38.6,39.7,113,38.7,111,39.8,88.9,39.8,37.3,44.5,4.23,4.23,3.74,-2.39,0.032490,1.20933131,0.205785,4.19265045
159.00,2.333,300.953,78.462,94.701,5194.476,776.410,0.9738,76.9,-0.077,68.9,0.531,34.1,97.7,111,75.8,5.40,4.31,5.83,536.451,2242.89,12.05,0.029,0.0479,36.3892,6.46,4.92,37.1,32.8,0.814,253,206,110,1.06,0.901,0.0427,0.0427,1.003,1033,1033,15,1,115,36.5,112.2,109.5,39.6,40.6,112,39.8,109,40.8,88.9,39.7,37.2,44.5,4.23,4.23,3.73,-2.36,0.032492,1.21217044,0.205861,4.20228376
160.00,2.333,303.287,78.520,94.718,5192.185,776.061,0.9737,77.0,-0.022,68.8,0.531,34.1,105.1,111,75.8,5.41,4.40,5.83,536.518,2590.82,12.05,0.029,0.0479,36.4159,6.46,7.28,37.1,32.8,0.817,258,211,125,1.12,1.233,0.0427,0.0427,1.003,1033,1033,15,1,159,0.4,116.3,113.6,36.1,37.2,114,38.0,111,39.1,88.9,39.8,37.2,44.5,4.23,4.23,5.10,-4.50,0.032492,1.21501026,0.205909,4.21191762
161.00,2.333,305.620,78.580,94.735,5189.896,775.712,0.9736,76.9,0.184,68.8,0.531,34.1,86.9,111,75.9,5.41,4.28,5.83,536.518,2768.61,12.05,0.029,0.0479,36.4159,6.46,7.38,37.1,32.8,0.817,257,210,91,0.91,0.602,0.0427,0.0427,1.003,1033,1033,15,1,159,0.9,118.1,115.4,34.8,36.0,116,36.6,113,37.8,88.9,39.8,37.2,44.5,4.24,4.24,3.91,-2.89,0.032495,1.21785158,0.205971,4.22155070
162.00,2.333,307.953,78.704,94.749,5187.608,775.363,0.9736,76.9,-0.061,68.7,0.530,34.1,87.7,111,75.9,5.41,4.28,5.82,536.518,2397.99,12.05,0.029,0.0479,36.4159,6.46,4.92,37.1,32.8,0.814,253,206,91,0.95,0.562,0.0427,0.0427,1.003,1034,1034,15,1,119,33.4,115.1,112.3,37.4,38.5,115,37.6,112,38.8,88.8,39.8,37.2,44.5,4.24,4.24,3.46,-2.43,0.032499,1.22069109,0.206048,4.23118122
163.00,2.333,310.287,78.767,94.751,5185.318,775.014,0.9737,76.9,-0.030,68.7,0.530,34.1,108.6,111,75.9,5.41,4.38,5.82,536.518,2242.94,12.05,0.029,0.0479,36.4159,6.46,4.92,37.1,32.8,0.817,258,211,132,1.16,1.347,0.0427,0.0427,1.003,1033,1033,15,1,115,36.5,113.5,110.7,38.6,39.7,113,38.8,111,39.8,88.9,39.8,37.2,44.5,4.24,4.24,5.03,-3.36,0.032501,1.22353054,0.206100,4.24081219
164.00,2.333,312.620,78.830,94.743,5183.028,774.665,0.9737,76.9,0.206,68.6,0.530,34.1,89.6,111,75.9,5.41,4.29,5.82,536.518,2242.89,12.05,0.029,0.0479,36.4159,6.46,4.92,37.1,32.8,0.817,258,210,97,0.94,0.696,0.0427,0.0427,1.003,1033,1033,15,1,115,36.5,112.1,109.4,39.6,40.6,112,39.9,109,40.9,88.9,39.7,37.2,44.5,4.24,4.24,4.01,-2.41,0.032502,1.22637210,0.206159,4.25044379
165.00,2.333,314.953,78.959,94.738,5180.741,774.316,0.9737,76.9,0.002,68.6,0.530,34.1,78.1,111,75.9,5.41,4.26,5.81,536.585,2599.05,12.05,0.029,0.0479,36.4112,6.46,7.31,37.1,32.8,0.815,255,207,74,0.82,0.275,0.0427,0.0427,1.002,1033,1033,15,1,159,0.4,116.4,113.7,36.0,37.1,114,37.9,111,39.0,88.9,39.8,37.2,44.5,4.24,4.24,3.42,-3.26,0.032504,1.22921224,0.206235,4.26007329
166.00,2.333,317.287,79.024,94.738,5178.451,773.967,0.9736,76.9,-0.039,68.5,0.530,34.1,111.2,111,75.9,5.42,4.35,5.81,536.585,2766.17,12.05,0.029,0.0479,36.4112,6.46,7.35,37.1,32.8,0.817,257,210,137,1.19,1.416,0.0427,0.0427,1.002,1033,1033,15,1,159,1.1,118.1,115.3,34.9,36.0,116,36.6,113,37.8,88.8,39.9,37.2,44.5,4.24,4.24,5.05,-3.87,0.032506,1.23205138,0.206294,4.26970298
167.00,2.333,319.620,79.090,94.735,5176.161,773.618,0.9736,76.9,0.181,68.5,0.530,34.1,92.4,111,75.9,5.42,4.30,5.81,536.585,2387.54,12.05,0.029,0.0479,36.4112,6.46,4.86,37.1,32.8,0.817,258,211,102,0.97,0.794,0.0427,0.0427,1.002,1034,1034,15,1,119,33.7,115.0,112.2,37.5,38.6,115,37.7,112,38.8,88.8,39.9,37.2,44.5,4.24,4.24,4.19,-2.89,0.032509,1.23489292,0.206350,4.27933444
168.00,2.333,321.953,79.222,94.702,5173.873,773.269,0.9736,76.9,0.025,68.4,0.530,34.1,77.1,111,76.0,5.42,4.24,5.81,536.585,2242.93,12.05,0.029,0.0479,36.4112,6.46,4.92,37.1,32.8,0.816,257,210,73,0.80,0.263,0.0427,0.0427,1.001,1033,1033,15,1,115,36.5,113.4,110.7,38.6,39.7,113,38.8,110,39.8,88.8,39.8,37.1,44.5,4.24,4.24,3.36,-2.13,0.032513,1.23773355,0.206424,4.28896413
169.00,2.333,324.287,79.288,94.709,5171.584,772.920,0.9737,76.9,-0.065,68.4,0.530,34.1,110.9,111,75.9,5.42,4.33,5.80,536.585,2242.89,12.05,0.029,0.0479,36.4112,6.46,4.92,37.1,32.8,0.816,256,209,136,1.19,1.396,0.0427,0.0427,1.000,1033,1033,15,1,115,36.5,112.1,109.4,39.6,40.6,112,39.8,109,40.9,88.9,39.8,37.1,44.5,4.25,4.25,4.75,-3.04,0.032514,1.24057255,0.206489,4.29859358
170.00,2.333,326.620,79.356,94.713,5169.294,772.571,0.9737,76.9,0.117,68.3,0.529,34.1,95.4,111,76.0,5.42,4.32,5.80,536.649,2607.17,12.05,0.029,0.0479,36.4287,6.47,7.35,37.1,32.8,0.817,258,211,108,1.00,0.896,0.0427,0.0427,1.000,1033,1033,15,1,159,0.4,116.5,113.8,36.0,37.1,114,37.8,111,39.0,88.9,39.8,37.1,44.5,4.25,4.25,4.50,-4.06,0.032515,1.24341398,0.206542,4.30822546
171.00,2.333,328.953,79.491,94.716,5167.006,772.222,0.9736,76.9,-0.032,68.3,0.529,34.1,79.4,111,76.0,5.43,4.21,5.80,536.649,2763.47,12.05,0.029,0.0479,36.4287,6.47,7.32,37.1,32.8,0.816,257,210,78,0.82,0.342,0.0428,0.0428,1.000,1033,1033,15,1,158,1.4,118.0,115.3,34.9,36.1,116,36.6,113,37.8,88.8,39.8,37.1,44.5,4.25,4.25,3.51,-2.58,0.032518,1.24625500,0.206614,4.31785582
172.00,2.333,331.287,79.559,94.712,5164.718,771.873,0.9735,76.9,0.668,68.2,0.529,34.1,109.0,111,76.0,5.43,4.30,5.79,536.649,2377.09,12.05,0.029,0.0479,36.4287,6.47,4.81,37.1,32.8,0.815,256,208,132,1.17,1.314,0.0428,0.0428,0.999,1034,1034,15,1,118,34.0,115.0,112.2,37.5,38.6,115,37.7,112,38.8,88.8,39.9,37.1,44.5,4.25,4.25,4.58,-3.31,0.032521,1.24909402,0.206685,4.32748560
173.00,2.333,333.620,79.626,94.707,5162.428,771.524,0.9736,76.9,0.065,68.2,0.529,34.1,98.4,111,76.0,5.43,4.34,5.79,536.649,2242.93,12.05,0.029,0.0479,36.4287,6.47,4.92,37.1,32.8,0.817,259,211,114,1.04,1.001,0.0428,0.0428,0.999,1033,1033,15,1,115,36.5,113.4,110.6,38.7,39.7,113,38.8,110,39.9,88.8,39.8,37.1,44.5,4.25,4.25,4.55,-2.93,0.032523,1.25193523,0.206736,4.33711810
174.00,2.333,335.953,79.694,94.694,5160.140,771.175,0.9736,76.9,-0.036,68.2,0.529,34.1,81.8,111,76.0,5.43,4.21,5.79,536.649,2242.89,12.05,0.029,0.0479,36.4287,6.47,4.92,37.1,32.8,0.816,258,210,83,0.85,0.423,0.0428,0.0428,0.999,1033,1033,15,1,115,36.5,112.0,109.3,39.7,40.7,112,39.9,109,40.9,88.8,39.8,37.1,44.5,4.25,4.25,3.59,-2.14,0.032525,1.25477667,0.206806,4.34674954
175.00,2.333,338.287,79.830,94.684,5157.852,770.826,0.9736,76.9,-0.016,68.1,0.529,34.1,104.7,111,76.0,5.44,4.28,5.78,536.714,2615.16,12.05,0.029,0.0479,36.4199,6.47,7.38,37.1,32.8,0.815,255,207,124,1.13,1.151,0.0428,0.0428,0.998,1033,1033,15,1,159,0.3,116.7,113.9,35.8,37.0,114,37.7,112,38.9,88.8,39.8,37.1,44.5,4.25,4.25,4.32,-4.03,0.032527,1.25761592,0.206882,4.35638006
176.00,2.333,340.620,79.899,94.685,5155.562,770.477,0.9735,76.9,0.021,68.1,0.529,34.1,101.6,111,76.0,5.44,4.35,5.78,536.714,2760.51,12.05,0.029,0.0479,36.4199,6.47,7.28,37.1,32.8,0.817,259,211,120,1.07,1.110,0.0428,0.0428,0.998,1033,1033,15,1,158,1.7,117.9,115.2,35.0,36.1,116,36.6,113,37.9,88.8,39.9,37.0,44.5,4.25,4.25,4.80,-3.56,0.032529,1.26045668,0.206932,4.36601302
177.00,2.333,342.953,79.967,94.684,5153.273,770.128,0.9735,76.9,0.009,68.0,0.529,34.1,84.3,111,76.0,5.44,4.22,5.78,536.714,2366.63,12.05,0.029,0.0479,36.4199,6.47,4.76,37.1,32.8,0.816,258,211,87,0.88,0.509,0.0428,0.0428,0.997,1034,1034,15,1,118,34.3,114.9,112.1,37.6,38.7,115,37.7,112,38.9,88.8,39.9,37.0,44.5,4.26,4.26,3.76,-2.56,0.032532,1.26329831,0.206999,4.37564569
178.00,2.333,345.287,80.105,95.097,5150.986,769.779,0.9736,76.9,-0.090,67.7,0.527,34.1,102.7,111,76.0,5.42,4.26,5.77,536.714,2242.92,12.05,0.029,0.0479,36.4199,6.47,4.92,37.1,32.8,0.814,254,207,120,1.11,1.075,0.0428,0.0428,1.005,1033,1033,15,1,115,36.5,113.4,110.7,38.7,39.7,113,38.8,110,39.9,88.8,39.8,37.0,44.5,4.26,4.26,4.02,-2.71,0.032535,1.26613820,0.207075,4.38527733
179.00,2.333,347.620,80.162,95.512,5148.695,769.430,0.9736,76.9,0.021,67.2,0.524,34.1,101.6,112,76.9,5.39,4.33,5.76,536.714,2242.89,12.05,0.029,0.0479,36.4199,6.47,4.92,37.1,32.8,0.817,259,212,119,1.07,1.113,0.0428,0.0428,1.016,1033,1033,15,1,115,36.5,112.0,109.3,39.7,40.7,112,39.9,109,40.9,88.8,39.8,37.0,44.5,4.26,4.26,4.70,-2.86,0.032536,1.26898158,0.207122,4.39491334
180.00,2.333,349.953,80.199,95.539,5146.407,769.081,0.9736,76.9,-0.022,67.0,0.523,34.1,82.9,112,77.1,5.38,4.19,5.75,536.780,2623.03,12.05,0.029,0.0479,36.4296,6.47,7.41,37.1,32.8,0.816,258,211,84,0.86,0.461,0.0428,0.0428,1.019,1033,1033,15,1,159,0.3,116.7,114.0,35.8,36.9,114,37.7,112,38.8,88.8,39.8,37.0,44.5,4.26,4.26,3.79,-3.53,0.032538,1.27182764,0.207187,4.40455223
181.00,2.333,352.287,80.217,95.233,5144.120,768.732,0.9735,76.9,0.271,66.9,0.523,34.1,107.7,112,76.9,5.37,4.27,5.73,536.780,2757.30,12.05,0.029,0.0479,36.4296,6.47,7.25,37.1,32.8,0.815,256,208,129,1.16,1.261,0.0428,0.0428,1.017,1033,1033,15,1,158,2.0,117.9,115.2,35.0,36.2,116,36.6,113,37.9,88.7,39.9,37.0,44.5,4.26,4.26,4.50,-3.46,0.032541,1.27467212,0.207256,4.41419439
182.00,2.333,354.620,80.208,95.050,5141.830,768.383,0.9735,76.9,0.065,66.8,0.523,34.1,97.7,111,76.8,5.36,4.30,5.73,536.780,2356.17,12.05,0.029,0.0479,36.4296,6.47,4.71,37.1,32.8,0.817,259,212,112,1.03,0.973,0.0428,0.0428,1.016,1034,1034,15,1,118,34.5,114.9,112.1,37.6,38.7,115,37.8,112,38.9,88.7,39.9,37.0,44.5,4.26,4.26,4.53,-3.11,0.032544,1.27751846,0.207303,4.42384387
183.00,2.333,356.953,80.184,94.747,5139.543,768.034,0.9735,76.8,-0.032,66.7,0.523,34.1,79.8,111,76.5,5.35,4.18,5.72,536.780,2242.92,12.05,0.029,0.0479,36.4296,6.47,4.92,37.1,32.8,0.816,258,211,79,0.83,0.351,0.0428,0.0428,1.015,1033,1033,15,1,115,36.5,113.3,110.6,38.7,39.8,113,38.9,110,40.0,88.7,39.8,37.0,44.5,4.26,4.26,3.53,-2.23,0.032546,1.28036424,0.207371,4.43349609
184.00,2.333,359.287,80.176,94.657,5137.256,767.685,0.9735,76.9,-0.009,66.7,0.523,34.1,109.9,111,76.4,5.34,4.28,5.71,536.780,2242.89,12.05,0.029,0.0479,36.4296,6.47,4.92,37.1,32.8,0.815,257,210,134,1.18,1.348,0.0428,0.0428,1.015,1033,1033,15,1,115,36.5,112.0,109.3,39.7,40.7,112,40.0,109,41.0,88.7,39.8,37.0,44.5,4.26,4.26,4.67,-2.99,0.032548,1.28320706,0.207437,4.44315069
185.00,2.333,361.620,80.174,94.597,5134.968,767.336,0.9735,76.9,0.117,66.6,0.523,34.1,94.4,111,76.3,5.34,4.26,5.71,536.843,2630.76,12.05,0.029,0.0480,36.4553,6.47,7.43,37.1,32.8,0.817,259,212,106,0.99,0.853,0.0428,0.0428,1.015,1033,1033,15,1,159,0.3,116.8,114.1,35.7,36.9,115,37.6,112,38.8,88.7,39.8,37.0,44.5,4.27,4.27,4.47,-4.03,0.032548,1.28605147,0.207487,4.45280976
186.00,2.333,363.953,80.192,94.549,5132.682,766.987,0.9734,76.8,0.025,66.5,0.523,34.1,77.4,111,76.3,5.33,4.19,5.70,536.843,2753.83,12.05,0.029,0.0480,36.4553,6.47,7.21,37.1,32.8,0.815,258,211,74,0.80,0.268,0.0428,0.0428,1.016,1033,1033,15,1,157,2.4,117.8,115.1,35.1,36.3,116,36.7,113,37.9,88.6,39.9,36.9,44.5,4.27,4.27,3.43,-2.50,0.032552,1.28889453,0.207558,4.46246798
187.00,2.333,366.287,80.212,94.545,5130.394,766.638,0.9734,76.9,-0.031,66.4,0.523,34.1,110.7,111,76.3,5.33,4.29,5.69,536.843,2345.72,12.05,0.029,0.0480,36.4553,6.47,4.66,37.1,32.8,0.816,258,210,136,1.19,1.383,0.0429,0.0429,1.017,1034,1034,15,1,117,34.8,114.8,112.0,37.6,38.8,115,37.8,112,38.9,88.6,39.9,36.9,44.5,4.27,4.27,4.98,-3.56,0.032555,1.29173536,0.207619,4.47212616
188.00,2.333,368.620,80.239,94.549,5128.105,766.289,0.9734,76.8,0.181,66.4,0.523,34.1,91.5,111,76.3,5.32,4.23,5.69,536.843,2242.91,12.05,0.029,0.0480,36.4553,6.47,4.92,37.1,32.8,0.816,259,212,101,0.96,0.751,0.0429,0.0429,1.018,1033,1033,15,1,115,36.5,113.2,110.5,38.8,39.9,113,38.9,110,40.0,88.6,39.8,36.9,44.5,4.27,4.27,4.16,-2.65,0.032557,1.29457835,0.207674,4.48178593
189.00,2.333,370.953,80.310,94.562,5125.820,765.940,0.9735,76.8,0.002,66.2,0.522,34.1,78.6,111,76.4,5.32,4.19,5.69,536.843,2242.89,12.05,0.029,0.0480,36.4553,6.47,4.92,37.1,32.8,0.814,256,209,76,0.82,0.281,0.0429,0.0429,1.019,1033,1033,15,1,115,36.5,111.9,109.2,39.8,40.8,112,40.0,109,41.0,88.7,39.8,36.9,44.5,4.27,4.27,3.31,-1.96,0.032559,1.29741985,0.207749,4.49144284
190.00,2.333,373.287,80.354,94.576,5123.531,765.591,0.9734,76.9,-0.034,66.2,0.522,34.1,109.1,111,76.4,5.32,4.29,5.68,536.906,2638.36,12.05,0.029,0.0480,36.4679,6.47,7.46,37.1,32.8,0.816,259,212,134,1.16,1.346,0.0429,0.0429,1.019,1033,1033,15,1,159,0.3,116.9,114.2,35.7,36.8,115,37.5,112,38.7,88.6,39.9,36.9,44.5,4.27,4.27,5.21,-4.64,0.032560,1.30026015,0.207806,4.50109918
191.00,2.333,375.620,80.401,94.595,5121.243,765.242,0.9733,76.8,0.213,66.2,0.522,34.1,88.8,111,76.4,5.32,4.20,5.68,536.906,2750.11,12.05,0.029,0.0480,36.4679,6.47,7.17,37.1,32.8,0.816,260,212,96,0.93,0.657,0.0429,0.0429,1.019,1034,1034,15,1,157,2.8,117.7,114.9,35.2,36.4,116,36.8,113,38.0,88.6,39.9,36.9,44.5,4.27,4.27,4.03,-2.96,0.032563,1.30310264,0.207865,4.51075578
192.00,2.333,377.953,80.505,94.620,5118.957,764.893,0.9733,76.8,-0.060,66.1,0.522,34.1,88.0,111,76.5,5.32,4.20,5.68,536.906,2335.29,12.05,0.029,0.0480,36.4679,6.47,4.60,37.1,32.8,0.814,255,207,93,0.94,0.564,0.0429,0.0429,1.019,1034,1034,15,1,117,35.1,114.8,112.0,37.7,38.8,115,37.8,112,39.0,88.5,39.9,36.9,44.5,4.27,4.27,3.51,-2.44,0.032568,1.30594333,0.207944,4.52040935
193.00,2.333,380.287,80.560,94.627,5116.668,764.544,0.9734,76.9,-0.018,66.0,0.522,34.1,105.6,111,76.5,5.32,4.30,5.67,536.906,2242.91,12.05,0.029,0.0480,36.4679,6.47,4.92,37.1,32.8,0.816,260,212,127,1.11,1.236,0.0429,0.0429,1.019,1033,1033,15,1,115,36.5,113.2,110.4,38.8,39.9,113,39.0,110,40.0,88.6,39.9,36.9,44.5,4.28,4.28,4.99,-3.27,0.032570,1.30878397,0.207998,4.53006322
194.00,2.333,382.620,80.617,94.627,5114.380,764.195,0.9734,76.8,0.143,66.0,0.522,34.1,86.1,111,76.5,5.32,4.18,5.67,536.906,2242.89,12.05,0.029,0.0480,36.4679,6.47,4.92,37.1,32.8,0.816,260,212,91,0.89,0.565,0.0429,0.0429,1.019,1033,1033,15,1,115,36.5,111.8,109.1,39.8,40.8,112,40.1,109,41.1,88.6,39.8,36.9,44.5,4.28,4.28,3.84,-2.29,0.032571,1.31162649,0.208061,4.53971691
195.00,2.333,384.953,80.734,94.632,5112.095,763.846,0.9734,76.9,-0.082,65.9,0.521,34.1,97.7,111,76.5,5.32,4.21,5.67,536.968,2645.80,12.05,0.029,0.0480,36.4836,6.47,7.49,37.1,32.8,0.814,255,208,111,1.05,0.891,0.0429,0.0429,1.019,1033,1033,15,1,160,0.3,117.0,114.3,35.6,36.7,115,37.4,112,38.6,88.6,39.9,36.8,44.5,4.28,4.28,3.97,-3.73,0.032574,1.31446690,0.208140,4.54936814
196.00,2.333,387.287,80.795,94.634,5109.805,763.497,0.9732,76.9,0.006,65.9,0.521,34.1,102.3,111,76.5,5.32,4.30,5.67,536.968,2746.13,12.05,0.029,0.0480,36.4836,6.47,7.14,37.1,32.8,0.816,260,213,121,1.07,1.122,0.0429,0.0429,1.019,1034,1034,15,1,156,3.3,117.6,114.9,35.3,36.4,116,36.8,113,38.0,88.5,40.0,36.8,44.5,4.28,4.28,4.86,-3.59,0.032576,1.31730812,0.208192,4.55902085
197.00,2.333,389.620,80.855,94.633,5107.518,763.148,0.9732,76.8,0.009,65.9,0.521,34.1,83.6,111,76.5,5.33,4.16,5.66,536.968,2324.89,12.05,0.029,0.0480,36.4836,6.47,4.55,37.1,32.8,0.816,260,212,86,0.87,0.477,0.0429,0.0429,1.019,1034,1034,15,1,117,35.3,114.7,111.9,37.7,38.9,115,37.9,112,39.0,88.5,40.0,36.8,44.5,4.28,4.28,3.73,-2.52,0.032580,1.32015058,0.208260,4.56867302
198.00,2.333,391.953,80.979,94.604,5105.232,762.799,0.9733,76.9,-0.016,65.7,0.521,34.1,104.6,111,76.6,5.32,4.21,5.66,536.968,2242.91,12.05,0.029,0.0480,36.4836,6.47,4.92,37.1,32.8,0.814,256,209,125,1.12,1.140,0.0429,0.0429,1.019,1033,1033,15,1,115,36.6,113.2,110.4,38.8,39.9,113,39.0,110,40.0,88.5,39.9,36.8,44.5,4.28,4.28,4.22,-2.84,0.032583,1.32299077,0.208337,4.57832349
199.00,2.333,394.287,81.042,94.610,5102.943,762.450,0.9733,76.9,0.034,65.8,0.521,34.1,99.0,111,76.5,5.33,4.26,5.66,536.968,2244.33,12.05,0.029,0.0480,36.5023,6.47,5.03,37.1,32.8,0.816,261,213,115,1.04,1.010,0.0429,0.0429,1.018,1033,1033,15,1,115,36.5,111.8,109.1,39.9,40.9,112,40.1,109,41.1,88.5,39.8,36.8,44.5,4.28,4.28,4.59,-2.81,0.032584,1.32583264,0.208389,4.58797627
200.00,2.333,396.620,81.106,94.614,5100.656,762.101,0.9733,76.8,-0.040,65.7,0.521,34.1,81.2,111,76.6,5.33,4.13,5.66,537.019,2653.09,12.05,0.029,0.0480,36.5023,6.47,7.51,37.1,32.8,0.815,260,212,82,0.84,0.393,0.0429,0.0429,1.018,1033,1033,15,1,160,0.3,117.0,114.3,35.5,36.7,115,37.4,112,38.6,88.5,39.9,36.8,44.5,4.28,4.28,3.72,-3.44,0.032586,1.32867497,0.208460,4.59762795
201.00,2.333,398.953,81.234,94.617,5098.370,761.752,0.9732,76.9,0.668,65.7,0.521,34.1,108.6,111,76.6,5.33,4.22,5.65,537.019,2741.90,12.05,0.029,0.0480,36.5023,6.47,7.10,37.1,32.8,0.815,258,210,133,1.16,1.290,0.0429,0.0429,1.017,1034,1034,15,1,155,3.9,117.5,114.8,35.3,36.5,116,36.8,113,38.0,88.5,40.0,36.8,44.5,4.29,4.29,4.67,-3.56,0.032589,1.33151508,0.208534,4.60727868
202.00,2.333,401.287,81.299,94.614,5096.081,761.403,0.9732,76.8,0.114,65.6,0.520,34.1,96.0,111,76.6,5.33,4.23,5.65,537.019,2314.52,12.05,0.029,0.0480,36.5023,6.47,4.50,37.1,32.8,0.816,261,213,110,1.00,0.902,0.0429,0.0429,1.017,1034,1034,15,1,117,35.5,114.6,111.8,37.8,38.9,114,37.9,112,39.1,88.4,40.0,36.8,44.5,4.29,4.29,4.43,-3.01,0.032592,1.33435745,0.208588,4.61693210
203.00,2.333,403.620,81.429,94.591,5093.795,761.054,0.9732,76.8,0.007,65.5,0.520,34.1,78.8,111,76.6,5.34,4.13,5.64,537.019,2242.90,12.05,0.029,0.0480,36.5023,6.47,4.92,37.1,32.8,0.815,260,212,78,0.81,0.311,0.0430,0.0430,1.017,1033,1033,15,1,115,36.6,113.1,110.4,38.9,39.9,113,39.0,110,40.1,88.5,39.9,36.7,44.5,4.29,4.29,3.46,-2.17,0.032595,1.33719962,0.208662,4.62658409
204.00,2.333,405.953,81.494,94.587,5091.508,760.705,0.9733,76.9,-0.043,65.5,0.520,34.1,110.3,111,76.6,5.34,4.23,5.64,537.019,2247.01,12.05,0.029,0.0480,36.5040,6.47,5.14,37.1,32.8,0.815,259,211,136,1.17,1.360,0.0430,0.0430,1.016,1033,1033,15,1,116,36.2,111.8,109.1,39.8,40.8,112,40.1,109,41.1,88.5,39.9,36.7,44.5,4.29,4.29,4.79,-3.10,0.032597,1.34003987,0.208731,4.63623580
205.00,2.333,408.287,81.560,94.585,5089.220,760.357,0.9733,76.8,0.174,65.5,0.520,34.1,93.0,111,76.6,5.34,4.19,5.64,537.068,2660.23,12.05,0.029,0.0480,36.5040,6.47,7.54,37.1,32.8,0.816,261,213,104,0.97,0.799,0.0430,0.0430,1.016,1033,1033,15,1,160,0.3,117.1,114.4,35.5,36.6,115,37.4,112,38.6,88.5,39.9,36.7,44.5,4.29,4.29,4.37,-3.93,0.032598,1.34288261,0.208788,4.64589003
206.00,2.333,410.620,81.693,94.586,5086.934,760.008,0.9732,76.8,0.058,65.4,0.520,34.1,76.6,111,76.6,5.34,4.13,5.64,537.068,2737.43,12.05,0.029,0.0480,36.5040,6.47,7.06,37.1,32.8,0.815,260,212,74,0.78,0.236,0.0430,0.0430,1.015,1034,1034,15,1,155,4.5,117.4,114.7,35.4,36.5,116,36.8,113,38.0,88.4,40.0,36.7,44.5,4.29,4.29,3.37,-2.44,0.032602,1.34572442,0.208866,4.65554262
207.00,2.333,412.953,81.759,94.583,5084.646,759.659,0.9732,76.9,-0.031,65.4,0.520,34.1,110.2,111,76.6,5.35,4.23,5.63,537.068,2304.18,12.05,0.029,0.0480,36.5040,6.47,4.46,37.1,32.8,0.815,260,212,136,1.17,1.367,0.0430,0.0430,1.015,1034,1034,15,1,116,35.6,114.6,111.8,37.8,38.9,114,37.9,112,39.1,88.4,40.0,36.7,44.5,4.29,4.29,5.05,-3.56,0.032605,1.34856487,0.208929,4.66519560
208.00,2.333,415.287,81.826,94.579,5082.358,759.310,0.9732,76.8,0.214,65.3,0.520,34.1,90.2,110,76.6,5.35,4.16,5.63,537.068,2242.90,12.05,0.029,0.0480,36.5040,6.47,4.92,37.1,32.8,0.816,261,213,99,0.93,0.700,0.0430,0.0430,1.014,1033,1033,15,1,115,36.5,113.1,110.3,38.9,40.0,113,39.1,110,40.1,88.4,39.9,36.7,44.5,4.29,4.29,4.07,-2.58,0.032607,1.35140783,0.208989,4.67485061
209.00,2.333,417.620,81.960,94.562,5080.073,758.961,0.9733,76.8,-0.051,65.3,0.519,34.1,82.8,110,76.6,5.35,4.14,5.63,537.068,2250.76,12.05,0.029,0.0480,36.4968,6.47,5.24,37.1,32.8,0.813,257,209,84,0.87,0.398,0.0430,0.0430,1.014,1033,1033,15,1,116,35.5,111.7,109.0,39.9,40.8,111,40.1,109,41.1,88.5,39.9,36.7,44.5,4.29,4.29,3.35,-2.08,0.032609,1.35424933,0.209070,4.68450390
210.00,2.333,419.953,82.028,94.558,5077.785,758.612,0.9732,76.9,-0.022,65.2,0.519,34.1,107.2,110,76.6,5.35,4.24,5.63,537.116,2667.20,12.05,0.029,0.0480,36.4968,6.47,7.56,37.1,32.8,0.816,262,213,131,1.12,1.279,0.0430,0.0430,1.013,1033,1033,15,1,160,0.3,117.2,114.5,35.4,36.5,115,37.3,112,38.5,88.4,39.9,36.7,44.5,4.30,4.30,5.21,-4.59,0.032610,1.35709022,0.209128,4.69415829
211.00,2.333,422.287,82.095,94.559,5075.498,758.263,0.9731,76.8,0.150,65.2,0.519,34.1,87.5,110,76.6,5.35,4.14,5.62,537.116,2732.72,12.05,0.029,0.0480,36.4968,6.47,7.01,37.1,32.8,0.815,262,213,94,0.90,0.606,0.0430,0.0430,1.013,1034,1034,15,1,154,5.1,117.3,114.6,35.5,36.6,116,36.9,113,38.1,88.4,40.0,36.6,44.5,4.30,4.30,3.96,-2.88,0.032613,1.35993319,0.209192,4.70381396
212.00,2.333,424.620,82.231,94.556,5073.213,757.914,0.9731,76.8,-0.073,65.1,0.519,34.1,93.7,110,76.7,5.36,4.15,5.62,537.116,2294.71,12.05,0.029,0.0480,36.4968,6.47,4.47,37.1,32.8,0.813,256,208,104,1.00,0.747,0.0430,0.0430,1.012,1034,1034,15,1,116,35.8,114.6,111.8,37.8,38.9,114,37.9,112,39.1,88.4,40.0,36.6,44.6,4.30,4.30,3.70,-2.60,0.032617,1.36277423,0.209274,4.71346796
213.00,2.333,426.953,82.299,94.904,5070.924,757.565,0.9732,76.9,0.018,64.7,0.516,34.1,102.0,111,76.7,5.32,4.24,5.61,537.116,2242.90,12.05,0.029,0.0480,36.4968,6.47,4.92,37.1,32.8,0.816,262,214,121,1.06,1.107,0.0430,0.0430,1.023,1033,1033,15,1,115,36.6,113.0,110.3,38.9,40.0,113,39.1,110,40.2,88.4,39.9,36.6,44.6,4.30,4.30,4.79,-3.07,0.032619,1.36561656,0.209326,4.72312450
214.00,2.333,429.287,82.358,95.277,5068.637,757.216,0.9732,76.8,-0.035,64.2,0.513,34.1,82.3,111,77.5,5.29,4.09,5.60,537.116,2255.41,12.05,0.029,0.0480,36.5025,6.47,5.33,37.1,32.8,0.815,262,213,84,0.85,0.429,0.0430,0.0430,1.033,1033,1033,15,1,118,34.3,111.7,109.0,39.9,40.9,111,40.1,109,41.1,88.4,39.9,36.6,44.6,4.30,4.30,3.62,-2.22,0.032621,1.36846210,0.209393,4.73278283
215.00,2.333,431.620,82.423,95.219,5066.351,756.867,0.9731,76.9,-0.088,64.0,0.512,34.1,110.1,111,77.6,5.28,4.19,5.58,537.165,2674.01,12.05,0.029,0.0480,36.5025,6.47,7.58,37.1,32.8,0.815,260,212,136,1.17,1.349,0.0430,0.0430,1.036,1033,1033,15,1,160,0.3,117.3,114.6,35.3,36.5,115,37.2,112,38.4,88.3,39.9,36.6,44.6,4.30,4.30,4.92,-4.42,0.032623,1.37130679,0.209462,4.74244340
216.00,2.333,433.953,82.433,95.066,5064.063,756.519,0.9730,76.8,0.174,63.9,0.512,34.1,92.4,111,77.5,5.27,4.15,5.58,537.165,2727.76,12.05,0.029,0.0480,36.5025,6.47,6.97,37.1,32.8,0.816,262,214,103,0.96,0.775,0.0431,0.0431,1.035,1034,1034,15,1,153,5.8,117.2,114.5,35.6,36.7,116,36.9,113,38.1,88.3,40.0,36.6,44.6,4.30,4.30,4.24,-3.08,0.032625,1.37415439,0.209516,4.75211049
217.00,2.333,436.287,82.432,94.756,5061.779,756.170,0.9730,76.8,-0.051,63.8,0.513,34.1,83.5,110,77.2,5.26,4.12,5.57,537.165,2286.64,12.05,0.029,0.0480,36.5025,6.47,4.54,37.1,32.8,0.813,258,210,85,0.88,0.416,0.0431,0.0431,1.033,1034,1034,15,1,116,36.0,114.5,111.7,37.8,39.0,114,37.9,112,39.1,88.3,40.0,36.6,44.6,4.30,4.30,3.43,-2.36,0.032629,1.37700051,0.209592,4.76177967
218.00,2.333,438.620,82.429,94.621,5059.492,755.821,0.9731,76.9,-0.023,63.7,0.513,34.1,104.4,110,77.1,5.25,4.23,5.56,537.165,2242.90,12.05,0.029,0.0480,36.5025,6.47,4.92,37.1,32.8,0.816,262,214,126,1.09,1.185,0.0431,0.0431,1.033,1033,1033,15,1,115,36.6,113.0,110.2,39.0,40.0,113,39.1,110,40.2,88.3,39.9,36.6,44.6,4.31,4.31,4.97,-3.22,0.032631,1.37984546,0.209646,4.77145333
219.00,2.333,440.953,82.429,94.533,5057.206,755.472,0.9731,76.8,0.015,63.7,0.513,34.1,84.0,110,77.0,5.25,4.10,5.56,537.165,2260.82,12.05,0.029,0.0481,36.5242,6.47,5.42,37.1,32.8,0.815,262,214,87,0.87,0.482,0.0431,0.0431,1.032,1033,1033,15,1,120,32.6,111.6,108.9,39.9,40.9,111,40.2,109,41.2,88.3,39.9,36.6,44.6,4.31,4.31,3.76,-2.32,0.032633,1.38269143,0.209711,4.78112995
220.00,2.333,443.287,82.446,94.436,5054.921,755.123,0.9730,76.8,0.407,63.6,0.512,34.1,106.8,110,76.9,5.24,4.16,5.55,537.203,2680.64,12.05,0.029,0.0481,36.5242,6.47,7.60,37.1,32.8,0.814,259,211,129,1.14,1.212,0.0431,0.0431,1.033,1033,1033,15,1,160,0.3,117.4,114.6,35.3,36.4,115,37.1,112,38.4,88.3,39.9,36.5,44.6,4.31,4.31,4.63,-4.19,0.032634,1.38553420,0.209785,4.79080634
221.00,2.333,445.620,82.465,94.416,5052.634,754.774,0.9730,76.8,0.114,63.5,0.512,34.1,94.8,110,76.9,5.24,4.17,5.54,537.203,2722.56,12.05,0.029,0.0481,36.5242,6.47,6.93,37.1,32.8,0.816,263,214,108,0.99,0.855,0.0431,0.0431,1.034,1034,1034,15,1,152,6.5,117.1,114.4,35.6,36.8,116,36.9,113,38.2,88.2,40.0,36.5,44.6,4.31,4.31,4.42,-3.21,0.032637,1.38837832,0.209837,4.80048578
222.00,2.333,447.953,82.522,94.409,5050.350,754.425,0.9729,76.8,0.058,63.4,0.512,34.1,76.9,110,76.9,5.23,4.10,5.54,537.203,2279.79,12.05,0.029,0.0481,36.5242,6.47,4.59,37.1,32.8,0.814,262,213,74,0.79,0.240,0.0431,0.0431,1.035,1034,1034,15,1,116,36.1,114.4,111.6,37.9,39.0,114,38.0,111,39.2,88.2,40.0,36.5,44.6,4.31,4.31,3.40,-2.29,0.032641,1.39122147,0.209912,4.81016329
223.00,2.333,450.287,82.559,94.394,5048.063,754.076,0.9730,76.9,-0.034,63.3,0.512,34.1,107.7,110,76.9,5.23,4.20,5.54,537.203,2242.90,12.05,0.029,0.0481,36.5242,6.47,4.92,37.1,32.8,0.816,263,214,132,1.13,1.287,0.0431,0.0431,1.036,1033,1033,15,1,115,36.6,112.9,110.2,39.0,40.0,113,39.1,110,40.2,88.2,39.9,36.5,44.6,4.31,4.31,5.05,-3.32,0.032643,1.39406295,0.209973,4.81984041
224.00,2.333,452.620,82.603,94.414,5045.777,753.727,0.9730,76.8,0.150,63.3,0.512,34.1,86.6,110,76.9,5.23,4.10,5.53,537.203,2273.49,12.05,0.029,0.0481,36.5416,6.47,5.57,37.1,32.8,0.815,263,214,93,0.89,0.569,0.0431,0.0431,1.035,1033,1033,15,1,126,27.9,111.6,108.9,39.9,40.9,111,40.2,109,41.2,88.2,39.9,36.5,44.6,4.31,4.31,3.90,-2.44,0.032644,1.39690652,0.210036,4.82951786
225.00,2.333,454.953,82.702,94.453,5043.493,753.379,0.9730,76.8,-0.074,63.3,0.511,34.1,101.5,110,77.0,5.23,4.13,5.53,537.239,2693.33,12.10,0.029,0.0481,36.5416,6.50,7.64,37.1,32.8,0.813,258,210,119,1.08,1.017,0.0431,0.0431,1.036,1033,1033,15,1,160,0.3,117.5,114.8,35.1,36.3,115,37.0,112,38.2,88.2,40.0,36.5,44.6,4.31,4.31,4.24,-3.87,0.032646,1.39974772,0.210115,4.83919223
226.00,2.333,457.287,82.757,94.469,5041.205,753.030,0.9729,76.8,0.047,63.2,0.511,34.1,97.9,110,77.0,5.23,4.18,5.53,537.239,2711.46,12.10,0.029,0.0481,36.5416,6.50,6.84,37.1,32.8,0.816,263,215,114,1.02,0.961,0.0431,0.0431,1.036,1034,1034,15,1,150,8.1,117.0,114.2,35.8,36.9,116,37.0,113,38.2,88.1,40.0,36.5,44.6,4.31,4.31,4.62,-3.35,0.032649,1.40259016,0.210169,4.84886783
227.00,2.333,459.620,82.873,94.488,5038.920,752.681,0.9729,76.8,0.007,63.1,0.511,34.1,79.3,110,77.1,5.23,4.07,5.52,537.239,2269.09,12.10,0.029,0.0481,36.5416,6.50,4.68,37.1,32.8,0.814,263,214,79,0.81,0.320,0.0431,0.0431,1.036,1034,1034,15,1,116,36.2,114.3,111.5,37.9,39.1,114,38.0,111,39.2,88.1,40.0,36.5,44.6,4.32,4.32,3.52,-2.36,0.032653,1.40543292,0.210243,4.85854122
228.00,2.333,461.953,82.933,94.473,5036.634,752.332,0.9730,76.8,-0.034,63.1,0.511,34.1,110.0,110,77.1,5.23,4.17,5.52,537.239,2242.90,12.10,0.029,0.0481,36.5416,6.50,4.92,37.1,32.8,0.815,262,213,136,1.16,1.346,0.0432,0.0432,1.036,1033,1033,15,1,115,36.6,112.9,110.1,39.0,40.1,113,39.2,110,40.3,88.2,39.9,36.4,44.6,4.32,4.32,4.97,-3.29,0.032655,1.40827376,0.210311,4.86821333
229.00,2.333,464.287,82.995,94.484,5034.347,751.983,0.9730,76.8,0.214,63.1,0.511,34.1,89.3,110,77.1,5.23,4.10,5.52,537.239,2288.02,12.10,0.029,0.0481,36.5416,6.50,5.70,37.1,32.8,0.815,263,215,98,0.92,0.663,0.0432,0.0432,1.036,1033,1033,15,1,132,22.6,111.7,109.0,39.8,40.8,111,40.2,108,41.2,88.2,39.9,36.4,44.6,4.32,4.32,4.05,-2.58,0.032656,1.41111717,0.210372,4.87788673
230.00,2.333,466.620,83.121,94.500,5032.063,751.634,0.9729,76.8,-0.073,63.0,0.510,34.1,93.3,110,77.1,5.24,4.10,5.51,537.271,2705.29,12.10,0.029,0.0481,36.5416,6.50,7.67,37.1,32.8,0.813,258,210,104,0.99,0.728,0.0432,0.0432,1.035,1033,1033,15,1,160,0.3,117.6,114.9,35.0,36.2,115,36.9,112,38.1,88.1,40.0,36.4,44.6,4.32,4.32,3.83,-3.51,0.032659,1.41395879,0.210454,4.88755755
231.00,2.333,468.953,83.185,94.502,5029.776,751.285,0.9728,76.8,0.018,63.0,0.510,34.1,101.1,110,77.1,5.24,4.19,5.51,537.271,2699.47,12.10,0.029,0.0481,36.5416,6.50,6.74,37.1,32.8,0.815,264,215,120,1.05,1.067,0.0432,0.0432,1.035,1034,1034,15,1,148,9.8,116.8,114.1,35.9,37.0,115,37.0,113,38.2,88.1,40.0,36.4,44.6,4.32,4.32,4.83,-3.51,0.032661,1.41680087,0.210509,4.89722980
232.00,2.333,471.287,83.249,94.501,5027.491,750.937,0.9728,76.8,-0.035,62.9,0.510,34.1,81.7,110,77.1,5.24,4.05,5.51,537.271,2261.45,12.10,0.029,0.0481,36.5416,6.50,4.75,37.1,32.8,0.814,263,214,84,0.83,0.401,0.0432,0.0432,1.035,1033,1033,15,1,115,36.3,114.2,111.4,38.0,39.1,114,38.1,111,39.3,88.1,40.0,36.4,44.6,4.32,4.32,3.65,-2.43,0.032665,1.41964414,0.210581,4.90690153
233.00,2.333,473.620,83.378,94.479,5025.206,750.588,0.9729,76.8,-0.085,62.8,0.510,34.1,109.3,110,77.2,5.24,4.14,5.51,537.271,2242.89,12.10,0.029,0.0481,36.5416,6.50,4.92,37.1,32.8,0.814,261,213,135,1.15,1.307,0.0432,0.0432,1.035,1033,1033,15,1,115,36.6,112.8,110.1,39.0,40.1,113,39.2,110,40.3,88.1,39.9,36.4,44.6,4.32,4.32,4.77,-3.16,0.032667,1.42248513,0.210655,4.91657208
234.00,2.333,475.953,83.443,94.477,5022.919,750.239,0.9729,76.8,0.198,62.8,0.510,34.1,92.1,110,77.1,5.24,4.11,5.50,537.271,2303.87,12.10,0.029,0.0481,36.5387,6.50,5.83,37.1,32.8,0.815,264,215,103,0.95,0.756,0.0432,0.0432,1.034,1033,1033,15,1,138,17.5,111.8,109.1,39.7,40.7,111,40.2,108,41.2,88.1,39.9,36.4,44.6,4.32,4.32,4.22,-2.74,0.032668,1.42532857,0.210714,4.92624506
235.00,2.333,478.287,83.574,94.478,5020.635,749.890,0.9729,76.8,-0.049,62.8,0.510,34.1,83.3,110,77.2,5.25,4.07,5.50,537.300,2716.48,12.10,0.029,0.0481,36.5387,6.50,7.70,37.1,32.8,0.813,259,211,85,0.87,0.406,0.0432,0.0432,1.033,1033,1033,15,1,160,0.3,117.8,115.0,34.9,36.1,116,36.8,113,38.0,88.1,40.0,36.3,44.6,4.32,4.32,3.53,-3.21,0.032670,1.42817081,0.210795,4.93591616
236.00,2.333,480.620,83.640,94.476,5018.348,749.541,0.9728,76.8,-0.007,62.7,0.510,34.1,104.3,110,77.2,5.25,4.18,5.50,537.300,2686.61,12.10,0.029,0.0481,36.5387,6.50,6.65,37.1,32.8,0.815,264,215,126,1.08,1.172,0.0432,0.0432,1.033,1034,1034,15,1,146,11.6,116.7,113.9,36.0,37.1,115,37.0,112,38.3,88.0,40.0,36.3,44.6,4.33,4.33,5.03,-3.68,0.032673,1.43101253,0.210854,4.94558848
237.00,2.333,482.953,83.705,94.473,5016.062,749.192,0.9728,76.8,-0.019,62.7,0.510,34.1,84.2,110,77.2,5.25,4.05,5.50,537.300,2256.02,12.10,0.029,0.0481,36.5387,6.50,4.80,37.1,32.8,0.814,264,215,89,0.86,0.483,0.0432,0.0432,1.033,1033,1033,15,1,115,36.4,114.1,111.3,38.0,39.2,114,38.1,111,39.3,88.0,40.0,36.3,44.6,4.33,4.33,3.78,-2.51,0.032676,1.43385610,0.210923,4.95526158
238.00,2.333,485.287,83.837,94.452,5013.778,748.844,0.9729,76.8,0.668,62.6,0.509,34.1,106.6,110,77.2,5.25,4.11,5.49,537.300,2242.89,12.10,0.029,0.0481,36.5387,6.50,4.92,37.1,32.8,0.813,261,212,130,1.12,1.199,0.0432,0.0432,1.032,1033,1033,15,1,115,36.6,112.8,110.0,39.1,40.1,113,39.2,110,40.3,88.1,39.9,36.3,44.6,4.33,4.33,4.46,-2.96,0.032679,1.43669731,0.211002,4.96493327
239.00,2.333,487.620,83.903,94.448,5011.491,748.495,0.9729,76.8,0.129,62.6,0.509,34.1,94.9,110,77.2,5.25,4.12,5.49,537.300,2320.67,12.10,0.029,0.0481,36.5339,6.50,5.95,37.1,32.8,0.815,265,216,109,0.98,0.852,0.0432,0.0432,1.032,1033,1033,15,1,144,13.2,111.9,109.3,39.6,40.6,111,40.1,109,41.2,88.1,39.9,36.3,44.6,4.33,4.33,4.41,-2.93,0.032679,1.43954051,0.211058,4.97460773
240.00,2.333,489.953,84.037,94.448,5009.207,748.146,0.9728,76.8,0.060,62.6,0.509,34.1,77.2,110,77.2,5.26,4.05,5.49,537.330,2726.87,12.10,0.029,0.0481,36.5339,6.50,7.72,37.1,32.8,0.814,264,215,76,0.78,0.245,0.0433,0.0433,1.031,1033,1033,15,1,160,0.3,117.9,115.1,34.8,36.0,116,36.7,113,38.0,88.0,39.9,36.3,44.6,4.33,4.33,3.49,-3.10,0.032682,1.44238321,0.211137,4.98428073
241.00,2.333,492.287,84.104,94.447,5006.921,747.797,0.9727,76.8,-0.026,62.5,0.509,34.1,107.6,110,77.2,5.26,4.15,5.48,537.330,2672.91,12.10,0.029,0.0481,36.5339,6.50,6.55,37.1,32.8,0.815,265,216,133,1.12,1.277,0.0433,0.0433,1.031,1034,1034,15,1,143,13.5,116.5,113.8,36.1,37.3,115,37.1,112,38.3,88.0,40.0,36.3,44.6,4.33,4.33,5.14,-3.79,0.032685,1.44522454,0.211202,4.99395427
242.00,2.333,494.620,84.171,94.445,5004.635,747.448,0.9727,76.8,0.091,62.5,0.509,34.1,86.7,110,77.2,5.26,4.05,5.48,537.330,2252.17,12.10,0.029,0.0481,36.5339,6.50,4.83,37.1,32.8,0.814,265,215,94,0.89,0.568,0.0433,0.0433,1.031,1033,1033,15,1,115,36.5,114.0,111.2,38.1,39.2,114,38.2,111,39.3,88.0,40.0,36.3,44.6,4.33,4.33,3.92,-2.60,0.032688,1.44806822,0.211268,5.00362945
243.00,2.333,496.953,84.305,94.428,5002.352,747.100,0.9728,76.8,-0.076,62.4,0.509,34.1,101.3,110,77.2,5.26,4.08,5.48,537.330,2242.89,12.10,0.029,0.0481,36.5339,6.50,4.92,37.1,32.8,0.813,260,211,120,1.07,1.004,0.0433,0.0433,1.030,1033,1033,15,1,115,36.6,112.7,109.9,39.1,40.2,112,39.3,110,40.4,88.0,39.9,36.2,44.6,4.33,4.33,4.09,-2.68,0.032690,1.45090971,0.211349,5.01330294
244.00,2.333,499.287,84.373,94.423,5000.065,746.751,0.9728,76.8,0.071,62.4,0.509,34.1,97.9,110,77.2,5.26,4.13,5.48,537.330,2338.15,12.10,0.029,0.0481,36.5292,6.50,6.06,37.1,32.8,0.815,265,216,115,1.01,0.952,0.0433,0.0433,1.030,1033,1033,15,1,148,9.7,112.1,109.5,39.4,40.4,111,40.1,109,41.1,88.0,39.9,36.2,44.6,4.34,4.34,4.62,-3.15,0.032691,1.45375251,0.211406,5.02297900
245.00,2.333,501.620,84.508,94.422,4997.780,746.402,0.9728,76.8,0.007,62.3,0.508,34.1,79.5,110,77.2,5.27,4.02,5.47,537.361,2736.42,12.10,0.029,0.0481,36.5292,6.50,7.74,37.1,32.8,0.814,264,215,80,0.80,0.319,0.0433,0.0433,1.029,1033,1033,15,1,160,0.3,118.0,115.2,34.8,36.0,116,36.6,113,37.9,88.0,40.0,36.2,44.6,4.34,4.34,3.61,-3.15,0.032693,1.45659560,0.211482,5.03265412
246.00,2.333,503.953,84.575,94.877,4995.495,746.053,0.9727,76.8,-0.037,62.2,0.507,34.1,109.4,110,77.2,5.26,4.13,5.46,537.361,2658.42,12.10,0.029,0.0481,36.5292,6.50,6.45,37.1,32.8,0.815,264,215,136,1.14,1.332,0.0433,0.0433,1.036,1034,1034,15,1,141,15.4,116.3,113.6,36.2,37.4,115,37.1,112,38.4,87.9,40.0,36.2,44.6,4.34,4.34,5.14,-3.80,0.032696,1.45943750,0.211548,5.04232971
247.00,2.333,506.287,84.632,95.323,4993.208,745.704,0.9727,76.8,0.091,61.7,0.504,34.1,86.8,110,78.2,5.22,4.02,5.45,537.361,2249.44,12.10,0.029,0.0481,36.5292,6.50,4.86,37.1,32.8,0.814,265,216,93,0.89,0.573,0.0433,0.0433,1.049,1033,1033,15,1,115,36.5,114.0,111.1,38.1,39.3,114,38.2,111,39.4,87.9,40.0,36.2,44.6,4.34,4.34,3.91,-2.58,0.032699,1.46228441,0.211610,5.05200955
248.00,2.333,508.620,84.681,95.240,4990.924,745.356,0.9728,76.8,0.668,61.3,0.503,34.1,107.2,110,78.4,5.19,4.08,5.44,537.361,2242.89,12.10,0.029,0.0481,36.5292,6.50,4.92,37.1,32.8,0.813,262,213,131,1.13,1.224,0.0433,0.0433,1.053,1033,1033,15,1,115,36.6,112.6,109.8,39.2,40.2,112,39.3,110,40.4,87.9,39.9,36.2,44.6,4.34,4.34,4.52,-2.98,0.032701,1.46513097,0.211684,5.06169164
249.00,2.333,510.953,84.679,95.060,4988.638,745.007,0.9728,76.8,0.164,61.3,0.503,34.1,93.0,110,78.2,5.19,4.07,5.43,537.393,2356.12,12.10,0.029,0.0481,36.5357,6.50,6.16,37.1,32.8,0.815,265,216,105,0.96,0.785,0.0433,0.0433,1.052,1033,1033,15,1,151,7.1,112.3,109.7,39.2,40.2,111,40.1,109,41.1,87.9,39.9,36.2,44.6,4.34,4.34,4.33,-3.05,0.032702,1.46798024,0.211737,5.07138127
250.00,2.333,513.287,84.648,94.714,4986.356,744.658,0.9727,76.8,-0.067,61.2,0.504,34.1,88.9,110,77.9,5.18,4.04,5.42,537.393,2745.10,12.10,0.029,0.0481,36.5357,6.50,7.75,37.1,32.8,0.812,260,211,95,0.94,0.576,0.0433,0.0433,1.050,1033,1033,15,1,160,0.3,118.0,115.3,34.7,35.9,116,36.6,113,37.8,87.9,40.0,36.1,44.6,4.34,4.34,3.71,-3.25,0.032704,1.47082811,0.211814,5.08107402
251.00,2.333,515.620,84.629,94.579,4984.070,744.309,0.9726,76.8,0.021,61.2,0.504,34.1,100.1,110,77.8,5.18,4.13,5.41,537.393,2643.17,12.10,0.029,0.0481,36.5357,6.50,6.34,37.1,32.8,0.815,266,216,119,1.04,1.025,0.0434,0.0434,1.049,1034,1034,15,1,139,17.3,116.1,113.4,36.4,37.5,115,37.2,112,38.4,87.8,40.0,36.1,44.6,4.34,4.34,4.81,-3.44,0.032707,1.47367520,0.211867,5.09077271
252.00,2.333,517.953,84.601,94.393,4981.787,743.960,0.9726,76.8,0.007,61.0,0.504,34.1,79.8,109,77.6,5.16,4.00,5.40,537.393,2247.51,12.10,0.029,0.0481,36.5357,6.50,4.88,37.1,32.8,0.814,265,216,80,0.81,0.326,0.0434,0.0434,1.050,1033,1033,15,1,115,36.6,113.9,111.1,38.2,39.3,114,38.3,111,39.5,87.8,40.0,36.1,44.6,4.34,4.34,3.57,-2.33,0.032710,1.47652235,0.211938,5.10047414
253.00,2.333,520.287,84.595,94.329,4979.502,743.612,0.9727,76.8,-0.037,61.0,0.503,34.1,108.2,109,77.5,5.16,4.11,5.40,537.393,2242.89,12.10,0.029,0.0481,36.5357,6.50,4.92,37.1,32.8,0.814,265,216,134,1.13,1.282,0.0434,0.0434,1.050,1033,1033,15,1,115,36.6,112.5,109.7,39.3,40.3,112,39.4,109,40.5,87.8,39.9,36.1,44.6,4.35,4.35,5.06,-3.29,0.032712,1.47936665,0.212001,5.11017711
254.00,2.333,522.620,84.597,94.295,4977.218,743.263,0.9727,76.8,0.091,60.9,0.503,34.1,85.8,109,77.5,5.15,4.01,5.39,537.424,2374.42,12.10,0.029,0.0481,36.5633,6.50,6.27,37.1,32.8,0.814,266,216,92,0.88,0.530,0.0434,0.0434,1.051,1033,1033,15,1,154,5.1,112.6,109.9,39.0,40.0,111,40.0,109,41.0,87.8,39.9,36.1,44.6,4.35,4.35,3.96,-2.90,0.032713,1.48221258,0.212064,5.11988255
255.00,2.333,524.953,84.623,94.279,4974.935,742.914,0.9725,76.8,0.668,60.8,0.503,34.1,106.3,109,77.5,5.15,4.07,5.39,537.424,2752.88,12.10,0.029,0.0481,36.5633,6.50,7.75,37.1,32.8,0.813,262,213,130,1.12,1.183,0.0434,0.0434,1.052,1033,1033,15,1,160,0.3,118.1,115.3,34.7,35.9,116,36.5,113,37.8,87.7,40.0,36.1,44.6,4.35,4.35,4.69,-4.01,0.032715,1.48505548,0.212139,5.12958609
256.00,2.333,527.287,84.647,94.284,4972.650,742.565,0.9725,76.8,0.164,60.8,0.503,34.1,92.5,109,77.5,5.14,4.05,5.38,537.424,2627.19,12.10,0.029,0.0481,36.5633,6.50,6.24,37.1,32.8,0.815,266,217,105,0.95,0.761,0.0434,0.0434,1.052,1034,1034,15,1,137,19.2,115.9,113.2,36.6,37.7,115,37.3,112,38.5,87.7,40.1,36.1,44.6,4.35,4.35,4.32,-3.06,0.032718,1.48789991,0.212194,5.13929145
257.00,2.333,529.620,84.713,94.305,4970.368,742.217,0.9725,76.8,-0.067,60.7,0.503,34.1,88.6,109,77.6,5.14,4.02,5.38,537.424,2246.15,12.10,0.029,0.0481,36.5633,6.50,4.89,37.1,32.8,0.812,260,212,95,0.93,0.562,0.0434,0.0434,1.053,1033,1033,15,1,115,36.6,113.8,111.0,38.2,39.4,114,38.3,111,39.5,87.7,40.0,36.1,44.6,4.35,4.35,3.62,-2.43,0.032722,1.49074297,0.212274,5.14899382
258.00,2.333,531.953,84.753,94.305,4968.082,741.868,0.9726,76.8,0.021,60.6,0.502,34.1,100.0,109,77.6,5.14,4.11,5.38,537.424,2242.89,12.10,0.029,0.0481,36.5633,6.50,4.92,37.1,32.8,0.815,266,217,119,1.03,1.016,0.0434,0.0434,1.054,1033,1033,15,1,115,36.6,112.3,109.6,39.3,40.4,112,39.5,109,40.6,87.7,40.0,36.1,44.6,4.35,4.35,4.77,-2.98,0.032724,1.49358588,0.212330,5.15869651
259.00,2.333,534.287,84.846,94.333,4965.799,741.519,0.9726,76.7,0.007,60.6,0.502,34.1,79.9,109,77.6,5.14,3.98,5.37,537.447,2392.94,12.10,0.029,0.0481,36.5872,6.50,6.37,37.1,32.8,0.813,266,216,81,0.81,0.327,0.0434,0.0434,1.054,1033,1033,15,1,155,3.7,112.8,110.1,38.8,39.8,111,39.9,109,40.9,87.7,40.0,36.0,44.6,4.35,4.35,3.63,-2.77,0.032726,1.49642969,0.212403,5.16839742
260.00,2.333,536.620,84.898,94.349,4963.514,741.170,0.9724,76.8,-0.037,60.5,0.502,34.1,108.2,109,77.6,5.14,4.09,5.37,537.447,2759.73,12.10,0.029,0.0481,36.5872,6.50,7.75,37.1,32.8,0.814,266,216,134,1.12,1.280,0.0434,0.0434,1.054,1033,1033,15,1,160,0.3,118.1,115.3,34.6,35.9,116,36.5,113,37.8,87.6,40.1,36.0,44.6,4.35,4.35,5.22,-4.34,0.032728,1.49927147,0.212470,5.17809665
261.00,2.333,538.953,84.951,94.360,4961.230,740.822,0.9724,76.7,0.091,60.5,0.502,34.1,86.0,109,77.7,5.14,3.99,5.37,537.447,2610.55,12.10,0.029,0.0481,36.5872,6.50,6.13,37.1,32.8,0.814,266,217,92,0.87,0.534,0.0434,0.0434,1.055,1034,1034,15,1,134,21.0,115.8,113.0,36.7,37.8,115,37.3,112,38.6,87.6,40.1,36.0,44.6,4.35,4.35,3.93,-2.76,0.032731,1.50211565,0.212536,5.18779639
262.00,2.333,541.287,85.064,94.373,4958.947,740.473,0.9724,76.8,0.668,60.4,0.502,34.1,106.3,109,77.7,5.14,4.05,5.37,537.447,2245.19,12.10,0.029,0.0481,36.5872,6.50,4.90,37.1,32.8,0.813,263,214,130,1.11,1.181,0.0435,0.0435,1.055,1033,1033,15,1,115,36.6,113.7,110.9,38.3,39.4,114,38.4,111,39.6,87.6,40.0,36.0,44.6,4.36,4.36,4.57,-3.16,0.032735,1.50495754,0.212614,5.19749336
263.00,2.333,543.620,85.122,94.360,4956.662,740.124,0.9725,76.7,0.164,60.4,0.501,34.1,92.6,109,77.7,5.14,4.03,5.36,537.447,2242.89,12.10,0.029,0.0481,36.5872,6.50,4.92,37.1,32.8,0.814,267,217,105,0.95,0.762,0.0435,0.0435,1.055,1033,1033,15,1,115,36.7,112.2,109.5,39.4,40.5,112,39.6,109,40.7,87.6,40.0,36.0,44.6,4.36,4.36,4.28,-2.64,0.032737,1.50780148,0.212672,5.20719203
264.00,2.333,545.953,85.242,94.367,4954.379,739.775,0.9725,76.7,-0.067,60.3,0.501,34.1,88.6,109,77.7,5.14,4.00,5.36,537.457,2411.59,12.10,0.029,0.0482,36.6049,6.50,6.46,37.1,32.8,0.812,261,212,96,0.93,0.561,0.0435,0.0435,1.054,1033,1033,15,1,157,2.7,113.1,110.4,38.5,39.6,112,39.8,109,40.8,87.6,40.0,36.0,44.6,4.36,4.36,3.67,-2.93,0.032739,1.51064437,0.212754,5.21688821
265.00,2.333,548.287,85.303,94.372,4952.094,739.427,0.9724,76.8,0.021,60.3,0.501,34.1,100.0,109,77.7,5.14,4.09,5.36,537.457,2765.63,12.10,0.029,0.0482,36.6049,6.50,7.75,37.1,32.8,0.814,267,218,119,1.03,1.015,0.0435,0.0435,1.054,1033,1033,15,1,160,0.3,118.1,115.3,34.6,35.9,116,36.5,113,37.8,87.6,40.1,36.0,44.6,4.36,4.36,4.87,-3.93,0.032741,1.51348731,0.212812,5.22658557
266.00,2.333,550.620,85.427,94.371,4949.811,739.078,0.9723,76.7,0.007,60.2,0.501,34.1,80.0,109,77.7,5.15,3.96,5.35,537.457,2593.28,12.10,0.029,0.0482,36.6049,6.50,6.02,37.1,32.8,0.813,267,217,81,0.81,0.329,0.0435,0.0435,1.053,1034,1034,15,1,132,22.7,115.6,112.9,36.8,37.9,115,37.4,112,38.6,87.5,40.1,36.0,44.7,4.36,4.36,3.59,-2.50,0.032745,1.51633130,0.212887,5.23628225
267.00,2.333,552.953,85.490,94.367,4947.527,738.729,0.9723,76.8,-0.037,60.2,0.501,34.1,108.1,109,77.8,5.15,4.07,5.35,537.457,2244.52,12.10,0.029,0.0482,36.6049,6.50,4.90,37.1,32.8,0.814,266,217,134,1.12,1.275,0.0435,0.0435,1.053,1033,1033,15,1,115,36.6,113.6,110.8,38.4,39.5,113,38.5,111,39.6,87.5,40.1,35.9,44.7,4.36,4.36,5.11,-3.48,0.032748,1.51917341,0.212956,5.24597840
268.00,2.333,555.287,85.553,94.344,4945.242,738.381,0.9724,76.7,0.091,60.1,0.501,34.1,86.0,109,77.8,5.15,3.97,5.35,537.457,2242.89,12.10,0.029,0.0482,36.6049,6.50,4.92,37.1,32.8,0.814,267,217,93,0.87,0.533,0.0435,0.0435,1.053,1033,1033,15,1,115,36.7,112.1,109.4,39.4,40.5,112,39.6,109,40.7,87.6,40.0,35.9,44.7,4.36,4.36,3.90,-2.38,0.032751,1.52201798,0.213023,5.25567612
269.00,2.333,557.620,85.680,94.346,4942.960,738.032,0.9724,76.8,0.668,60.1,0.501,34.1,106.2,109,77.8,5.15,4.03,5.35,537.461,2430.30,12.10,0.029,0.0482,36.6163,6.50,6.56,37.1,32.8,0.813,264,214,130,1.11,1.176,0.0435,0.0435,1.052,1033,1033,15,1,157,2.0,113.4,110.7,38.3,39.3,112,39.7,109,40.7,87.6,40.0,35.9,44.7,4.36,4.36,4.61,-3.71,0.032752,1.52486022,0.213102,5.26537203
270.00,2.333,559.953,85.745,94.348,4940.674,737.683,0.9723,76.7,0.192,60.1,0.501,34.1,92.6,109,77.8,5.15,4.01,5.34,537.461,2770.57,12.10,0.029,0.0482,36.6163,6.50,7.73,37.1,32.8,0.814,268,218,105,0.94,0.760,0.0435,0.0435,1.052,1033,1033,15,1,160,0.3,118.1,115.3,34.6,35.8,116,36.5,113,37.8,87.5,40.1,35.9,44.7,4.36,4.36,4.36,-3.50,0.032754,1.52770445,0.213161,5.27507048
271.00,2.333,562.287,85.874,94.344,4938.392,737.334,0.9722,76.7,-0.067,60.0,0.500,34.1,88.6,109,77.8,5.15,3.98,5.34,537.461,2575.43,12.10,0.029,0.0482,36.6163,6.50,5.91,37.1,32.8,0.811,262,212,96,0.92,0.557,0.0435,0.0435,1.052,1034,1034,15,1,130,24.3,115.5,112.7,36.9,38.0,115,37.4,112,38.6,87.5,40.1,35.9,44.7,4.37,4.37,3.64,-2.61,0.032759,1.53054761,0.213244,5.28476716
272.00,2.333,564.620,85.939,94.340,4936.107,736.986,0.9723,76.8,0.033,60.0,0.500,34.1,99.9,109,77.8,5.16,4.07,5.34,537.461,2244.04,12.10,0.029,0.0482,36.6163,6.50,4.91,37.1,32.8,0.814,268,218,119,1.02,1.009,0.0436,0.0436,1.051,1033,1033,15,1,115,36.7,113.5,110.6,38.4,39.6,113,38.5,110,39.7,87.5,40.1,35.9,44.7,4.37,4.37,4.79,-3.14,0.032761,1.53339084,0.213303,5.29446559
273.00,2.333,566.953,86.070,94.315,4933.824,736.637,0.9723,76.7,-0.001,59.9,0.500,34.1,80.0,109,77.8,5.16,3.94,5.34,537.461,2242.89,12.10,0.029,0.0482,36.6163,6.50,4.92,37.1,32.8,0.813,267,217,82,0.80,0.327,0.0436,0.0436,1.050,1033,1033,15,1,115,36.7,112.1,109.3,39.5,40.5,112,39.7,109,40.7,87.5,40.0,35.9,44.7,4.37,4.37,3.56,-2.15,0.032764,1.53623510,0.213378,5.30416374
274.00,2.333,569.287,86.136,94.319,4931.540,736.288,0.9723,76.8,-0.033,59.9,0.500,34.1,108.0,109,77.8,5.16,4.05,5.33,537.479,2449.00,12.10,0.029,0.0482,36.6235,6.50,6.65,37.1,32.8,0.814,267,217,135,1.11,1.269,0.0436,0.0436,1.050,1033,1033,15,1,158,1.5,113.6,110.9,38.0,39.1,112,39.5,109,40.6,87.5,40.0,35.8,44.7,4.37,4.37,5.18,-4.13,0.032765,1.53907741,0.213448,5.31386163
275.00,2.333,571.620,86.203,94.322,4929.257,735.940,0.9722,76.7,0.037,59.9,0.500,34.1,86.0,109,77.8,5.16,3.95,5.33,537.479,2774.55,12.10,0.029,0.0482,36.6235,6.50,7.72,37.1,32.8,0.813,268,218,93,0.87,0.531,0.0436,0.0436,1.050,1033,1033,15,1,160,0.3,118.1,115.3,34.6,35.8,116,36.5,113,37.8,87.5,40.1,35.8,44.7,4.37,4.37,3.97,-3.14,0.032767,1.54192214,0.213515,5.32356130
276.00,2.333,573.953,86.336,94.318,4926.974,735.591,0.9722,76.8,0.668,59.8,0.500,34.1,106.1,109,77.8,5.16,4.01,5.33,537.479,2557.03,12.10,0.029,0.0482,36.6235,6.50,5.80,37.1,32.8,0.812,264,215,130,1.10,1.169,0.0436,0.0436,1.049,1034,1034,15,1,128,25.7,115.3,112.6,37.0,38.1,115,37.4,112,38.7,87.4,40.1,35.8,44.7,4.37,4.37,4.62,-3.38,0.032772,1.54476451,0.213595,5.33325931
277.00,2.333,576.287,86.403,94.314,4924.689,735.242,0.9722,76.7,0.192,59.8,0.500,34.1,92.6,109,77.8,5.17,3.99,5.33,537.479,2243.70,12.10,0.029,0.0482,36.6235,6.50,4.91,37.1,32.8,0.814,268,218,106,0.94,0.756,0.0436,0.0436,1.049,1033,1033,15,1,115,36.7,113.4,110.6,38.5,39.6,113,38.6,110,39.8,87.4,40.1,35.8,44.7,4.37,4.37,4.30,-2.79,0.032774,1.54760892,0.213654,5.34295998
278.00,2.333,578.620,86.537,94.292,4922.408,734.894,0.9723,76.7,-0.067,59.7,0.499,34.1,88.5,109,77.8,5.17,3.96,5.32,537.479,2242.89,12.10,0.029,0.0482,36.6235,6.50,4.92,37.1,32.8,0.811,263,213,96,0.92,0.553,0.0436,0.0436,1.048,1033,1033,15,1,115,36.7,112.0,109.3,39.5,40.6,112,39.7,109,40.8,87.4,40.0,35.8,44.7,4.37,4.37,3.59,-2.24,0.032777,1.55045226,0.213738,5.35265892
279.00,2.333,580.953,86.604,94.293,4920.123,734.545,0.9723,76.8,0.033,59.7,0.499,34.1,99.9,109,77.8,5.17,4.05,5.32,537.507,2467.64,12.10,0.029,0.0482,36.6284,6.50,6.74,37.1,32.8,0.814,269,219,119,1.02,1.006,0.0436,0.0436,1.048,1033,1033,15,1,159,1.1,113.9,111.2,37.8,38.9,112,39.4,109,40.5,87.4,40.0,35.8,44.7,4.37,4.37,4.90,-3.91,0.032778,1.55329563,0.213797,5.36235960
280.00,2.333,583.287,86.739,94.294,4917.840,734.196,0.9722,76.7,-0.001,59.6,0.499,34.1,80.1,109,77.8,5.17,3.92,5.32,537.507,2777.53,12.10,0.029,0.0482,36.6284,6.50,7.69,37.1,32.8,0.813,268,218,82,0.80,0.326,0.0436,0.0436,1.048,1033,1033,15,1,160,0.3,118.0,115.3,34.6,35.8,116,36.5,113,37.8,87.4,40.1,35.8,44.7,4.38,4.38,3.63,-2.81,0.032781,1.55614001,0.213873,5.37206002
281.00,2.333,585.620,86.807,94.291,4915.556,733.847,0.9721,76.8,-0.033,59.6,0.499,34.1,107.9,109,77.8,5.17,4.03,5.31,537.507,2538.15,12.10,0.029,0.0482,36.6284,6.50,5.68,37.1,32.8,0.814,268,218,135,1.11,1.263,0.0437,0.0437,1.047,1034,1034,15,1,127,27.1,115.2,112.4,37.1,38.2,115,37.5,112,38.7,87.3,40.1,35.7,44.7,4.38,4.38,5.16,-3.71,0.032784,1.55898242,0.213943,5.38176019
282.00,2.333,587.953,86.874,94.287,4913.273,733.499,0.9721,76.7,0.037,59.6,0.499,34.1,86.0,109,77.8,5.18,3.93,5.31,537.507,2243.46,12.10,0.029,0.0482,36.6284,6.50,4.91,37.1,32.8,0.813,269,219,93,0.87,0.528,0.0437,0.0437,1.047,1033,1033,15,1,115,36.7,113.3,110.5,38.5,39.7,113,38.7,110,39.8,87.3,40.1,35.7,44.7,4.38,4.38,3.92,-2.52,0.032787,1.56182730,0.214011,5.39146218
283.00,2.333,590.287,87.009,94.268,4910.991,733.150,0.9722,76.8,0.668,59.5,0.499,34.1,106.7,109,77.8,5.18,3.99,5.31,537.507,2242.89,12.10,0.029,0.0482,36.6284,6.50,4.92,37.1,32.8,0.812,265,216,131,1.11,1.185,0.0437,0.0437,1.046,1033,1033,15,1,115,36.7,111.9,109.2,39.6,40.6,112,39.7,109,40.8,87.4,40.0,35.7,44.7,4.38,4.38,4.57,-2.96,0.032790,1.56466989,0.214091,5.40116254
284.00,2.333,592.620,87.077,94.562,4908.706,732.801,0.9722,76.7,0.204,58.9,0.494,34.1,91.0,109,77.8,5.13,3.95,5.30,537.547,2486.16,12.10,0.029,0.0482,36.6322,6.50,6.83,37.1,32.8,0.813,269,219,103,0.92,0.699,0.0437,0.0437,1.059,1033,1033,15,1,159,0.9,114.1,111.4,37.6,38.7,112,39.2,109,40.4,87.4,40.0,35.7,44.7,4.38,4.38,4.31,-3.57,0.032791,1.56751533,0.214150,5.41086600
285.00,2.333,594.953,87.184,94.976,4906.424,732.453,0.9721,76.7,-0.072,58.4,0.491,34.1,102.2,110,78.8,5.09,3.97,5.28,537.547,2779.52,12.10,0.029,0.0482,36.6322,6.50,7.67,37.1,32.8,0.812,264,215,122,1.07,1.023,0.0437,0.0437,1.072,1033,1033,15,1,160,0.3,118.0,115.2,34.6,35.8,116,36.5,113,37.8,87.3,40.1,35.7,44.7,4.38,4.38,4.33,-3.41,0.032794,1.57036105,0.214230,5.42056957
286.00,2.333,597.287,87.215,94.908,4904.139,732.104,0.9720,76.7,0.161,58.3,0.491,34.1,93.6,110,78.8,5.09,3.97,5.28,537.547,2518.82,12.10,0.029,0.0482,36.6322,6.50,5.57,37.1,32.8,0.814,269,219,107,0.95,0.788,0.0437,0.0437,1.073,1034,1034,15,1,125,28.4,115.0,112.2,37.2,38.4,115,37.6,112,38.8,87.3,40.2,35.7,44.7,4.38,4.38,4.38,-3.04,0.032797,1.57320948,0.214285,5.43027862
287.00,2.333,599.620,87.243,94.652,4901.858,731.755,0.9720,76.7,-0.076,58.2,0.491,34.1,94.1,109,78.6,5.08,3.95,5.27,537.547,2243.29,12.10,0.029,0.0482,36.6322,6.50,4.92,37.1,32.8,0.811,264,214,106,0.98,0.736,0.0437,0.0437,1.071,1033,1033,15,1,115,36.7,113.2,110.4,38.6,39.7,113,38.7,110,39.8,87.3,40.1,35.7,44.7,4.38,4.38,3.84,-2.56,0.032801,1.57605743,0.214365,5.43998964
288.00,2.333,601.953,87.248,94.519,4899.574,731.407,0.9721,76.7,0.086,58.2,0.491,34.1,96.0,109,78.4,5.08,3.99,5.26,537.547,2242.89,12.10,0.029,0.0482,36.6322,6.50,4.92,37.1,32.8,0.814,270,219,112,0.98,0.870,0.0437,0.0437,1.070,1033,1033,15,1,115,36.7,111.8,109.0,39.7,40.7,112,39.9,109,40.9,87.3,40.1,35.6,44.7,4.38,4.38,4.53,-2.76,0.032802,1.57890568,0.214420,5.44970629
289.00,2.333,604.287,87.256,94.319,4897.293,731.058,0.9721,76.7,-0.048,58.1,0.491,34.1,84.3,109,78.2,5.07,3.93,5.26,537.596,2504.50,12.10,0.029,0.0482,36.6467,6.50,6.91,37.1,32.8,0.811,264,215,88,0.87,0.417,0.0437,0.0437,1.070,1033,1033,15,1,159,0.7,114.4,111.7,37.4,38.5,112,39.1,110,40.2,87.3,40.1,35.6,44.7,4.39,4.39,3.65,-3.19,0.032804,1.58175317,0.214499,5.45942457
290.00,2.333,606.620,87.263,94.256,4895.009,730.710,0.9720,76.7,0.033,58.1,0.491,34.1,98.8,109,78.2,5.07,4.01,5.25,537.596,2780.46,12.10,0.029,0.0482,36.6467,6.50,7.63,37.1,32.8,0.814,270,220,117,1.01,0.963,0.0438,0.0438,1.069,1033,1033,15,1,160,0.3,117.9,115.1,34.7,35.9,116,36.6,113,37.9,87.2,40.2,35.6,44.7,4.39,4.39,4.80,-3.59,0.032806,1.58459950,0.214556,5.46914636
291.00,2.333,608.953,87.293,94.178,4892.728,730.361,0.9719,76.7,0.048,58.0,0.491,34.1,78.1,109,78.1,5.06,3.91,5.24,537.596,2499.12,12.10,0.029,0.0482,36.6467,6.50,5.46,37.1,32.8,0.812,269,219,78,0.78,0.255,0.0438,0.0438,1.070,1034,1034,15,1,124,29.5,114.9,112.1,37.3,38.5,114,37.6,112,38.9,87.1,40.2,35.6,44.7,4.39,4.39,3.52,-2.41,0.032810,1.58744590,0.214632,5.47886877
292.00,2.333,611.287,87.315,94.157,4890.445,730.012,0.9719,76.8,0.002,57.9,0.491,34.1,101.8,109,78.1,5.06,4.03,5.24,537.596,2243.17,12.10,0.029,0.0482,36.6467,6.50,4.92,37.1,32.8,0.814,270,220,123,1.04,1.063,0.0438,0.0438,1.070,1033,1033,15,1,115,36.7,113.1,110.3,38.7,39.8,113,38.8,110,39.9,87.2,40.1,35.6,44.7,4.39,4.39,4.97,-3.24,0.032813,1.59029052,0.214694,5.48859211
293.00,2.333,613.620,87.377,94.133,4888.164,729.664,0.9720,76.7,-0.001,57.8,0.490,34.1,80.3,109,78.1,5.05,3.89,5.24,537.596,2242.89,12.10,0.029,0.0482,36.6467,6.50,4.92,37.1,32.8,0.812,270,219,83,0.80,0.330,0.0438,0.0438,1.071,1033,1033,15,1,115,36.7,111.7,108.9,39.7,40.8,111,39.9,109,41.0,87.2,40.1,35.6,44.7,4.39,4.39,3.61,-2.16,0.032815,1.59313628,0.214767,5.49831554
294.00,2.333,615.953,87.415,94.138,4885.881,729.314,0.9720,76.8,-0.024,57.8,0.490,34.1,105.0,109,78.1,5.05,4.01,5.23,537.636,2522.64,12.10,0.029,0.0483,36.6733,6.50,6.99,37.1,32.8,0.813,270,220,130,1.07,1.168,0.0438,0.0438,1.071,1033,1033,15,1,159,0.6,114.6,111.9,37.2,38.3,112,38.9,110,40.1,87.1,40.1,35.6,44.7,4.39,4.39,5.24,-4.35,0.032817,1.59597981,0.214834,5.50803792
295.00,2.333,618.287,87.458,94.149,4883.599,728.965,0.9719,76.7,-0.039,57.7,0.490,34.1,82.7,109,78.1,5.05,3.89,5.23,537.636,2780.40,12.10,0.029,0.0483,36.6733,6.50,7.59,37.1,32.8,0.813,270,219,87,0.83,0.410,0.0438,0.0438,1.072,1033,1033,15,1,160,0.3,117.8,115.0,34.8,36.0,116,36.6,113,37.9,87.1,40.2,35.5,44.7,4.39,4.39,3.79,-2.77,0.032820,1.59882520,0.214904,5.51776049
296.00,2.333,620.620,87.555,94.171,4881.317,728.617,0.9718,76.8,-0.029,57.7,0.490,34.1,108.4,109,78.2,5.05,3.99,5.23,537.636,2479.07,12.10,0.029,0.0483,36.6733,6.50,5.35,37.1,32.8,0.813,269,219,136,1.11,1.263,0.0438,0.0438,1.072,1034,1034,15,1,122,30.6,114.7,111.9,37.4,38.6,114,37.7,111,38.9,87.0,40.2,35.5,44.7,4.39,4.39,5.14,-3.67,0.032824,1.60166820,0.214976,5.52748091
297.00,2.333,622.953,87.609,94.179,4879.034,728.268,0.9718,76.7,0.037,57.6,0.490,34.1,85.2,109,78.2,5.05,3.89,5.22,537.636,2243.09,12.10,0.029,0.0483,36.6733,6.50,4.92,37.1,32.8,0.813,270,220,92,0.85,0.492,0.0438,0.0438,1.072,1033,1033,15,1,115,36.7,112.9,110.1,38.7,39.9,113,38.9,110,40.0,87.0,40.2,35.5,44.7,4.39,4.39,3.90,-2.48,0.032827,1.60451354,0.215043,5.53720204
298.00,2.333,625.287,87.722,94.179,4876.753,727.919,0.9719,76.7,-0.057,57.6,0.489,34.1,108.3,109,78.2,5.05,3.97,5.22,537.636,2242.89,12.10,0.029,0.0483,36.6733,6.50,4.92,37.1,32.8,0.812,268,218,135,1.12,1.246,0.0438,0.0438,1.072,1033,1033,15,1,115,36.7,111.6,108.8,39.8,40.8,111,40.0,109,41.0,87.1,40.1,35.5,44.7,4.40,4.40,4.87,-3.11,0.032829,1.60735651,0.215120,5.54692053
299.00,2.333,627.620,87.782,94.192,4874.470,727.571,0.9719,76.7,0.169,57.5,0.489,34.1,87.7,109,78.2,5.05,3.90,5.22,537.700,2540.53,12.10,0.029,0.0483,36.6977,6.50,7.07,37.1,32.8,0.813,271,220,97,0.88,0.579,0.0439,0.0439,1.072,1033,1033,15,1,159,0.5,114.8,112.1,37.0,38.1,113,38.8,110,39.9,87.1,40.1,35.5,44.7,4.40,4.40,4.17,-3.58,0.032831,1.61020181,0.215184,5.55664031
300.00,2.333,629.953,87.905,94.210,4872.188,727.222,0.9717,76.7,0.668,57.5,0.489,34.1,106.0,109,78.3,5.05,3.95,5.22,537.700,2779.32,12.10,0.029,0.0483,36.6977,6.50,7.55,37.1,32.8,0.812,267,217,131,1.10,1.157,0.0439,0.0439,1.072,1033,1033,15,1,160,0.4,117.7,115.0,34.8,36.0,115,36.7,113,38.0,87.0,40.2,35.5,44.7,4.40,4.40,4.71,-3.59,0.032834,1.61304502,0.215264,5.56635745
301.00,2.333,632.287,87.967,94.212,4869.905,726.873,0.9717,76.7,0.204,57.5,0.489,34.1,90.3,109,78.3,5.05,3.91,5.21,537.700,2458.71,12.10,0.029,0.0483,36.6977,6.50,5.24,37.1,32.8,0.813,271,220,102,0.91,0.668,0.0439,0.0439,1.072,1034,1034,15,1,121,31.5,114.6,111.7,37.5,38.7,114,37.8,111,39.0,86.9,40.2,35.5,44.7,4.40,4.40,4.22,-2.89,0.032838,1.61589023,0.215325,5.57607639
302.00,2.333,634.620,88.094,94.208,4867.624,726.525,0.9717,76.7,-0.072,57.4,0.489,34.1,101.3,109,78.3,5.06,3.93,5.21,537.700,2243.03,12.10,0.029,0.0483,36.6977,6.50,4.92,37.1,32.8,0.811,266,216,121,1.05,0.981,0.0439,0.0439,1.071,1033,1033,15,1,115,36.8,112.9,110.1,38.7,39.9,113,38.9,110,40.0,87.0,40.2,35.4,44.7,4.40,4.40,4.25,-2.85,0.032842,1.61873391,0.215409,5.58579298
303.00,2.333,636.953,88.158,94.202,4865.341,726.176,0.9718,76.7,0.161,57.4,0.489,34.1,93.1,109,78.3,5.06,3.93,5.21,537.700,2242.89,12.10,0.029,0.0483,36.6977,6.50,4.92,37.1,32.8,0.813,271,221,107,0.94,0.760,0.0439,0.0439,1.071,1033,1033,15,1,115,36.8,111.4,108.7,39.8,40.9,111,40.1,108,41.1,87.0,40.1,35.4,44.7,4.40,4.40,4.35,-2.62,0.032843,1.62157901,0.215468,5.59551160
304.00,2.333,639.287,88.286,94.194,4863.060,725.828,0.9718,76.7,-0.079,57.3,0.488,34.1,93.6,109,78.3,5.06,3.90,5.21,537.794,2558.11,12.10,0.029,0.0483,36.7064,6.51,7.15,37.1,32.8,0.810,265,215,106,0.97,0.713,0.0439,0.0439,1.071,1033,1033,15,1,159,0.4,115.1,112.3,36.8,37.9,113,38.6,110,39.8,87.0,40.2,35.4,44.7,4.40,4.40,3.97,-3.55,0.032846,1.62442322,0.215553,5.60522830
305.00,2.333,641.620,88.350,94.195,4860.777,725.479,0.9716,76.7,0.114,57.3,0.488,34.1,95.9,109,78.3,5.06,3.94,5.20,537.794,2777.20,12.10,0.029,0.0483,36.7064,6.51,7.50,37.1,32.8,0.813,272,221,112,0.97,0.856,0.0439,0.0439,1.070,1033,1033,15,1,159,0.5,117.6,114.8,34.9,36.1,115,36.8,112,38.0,86.9,40.2,35.4,44.7,4.40,4.40,4.59,-3.35,0.032848,1.62726796,0.215612,5.61494691
306.00,2.333,643.953,88.480,94.191,4858.496,725.131,0.9716,76.7,-0.053,57.2,0.488,34.1,84.2,109,78.3,5.06,3.88,5.20,537.794,2438.12,12.10,0.029,0.0483,36.7064,6.51,5.13,37.1,32.8,0.811,266,216,89,0.86,0.410,0.0439,0.0439,1.070,1034,1034,15,1,120,32.4,114.5,111.6,37.6,38.7,114,37.8,111,39.0,86.9,40.3,35.4,44.7,4.40,4.40,3.57,-2.46,0.032853,1.63011265,0.215695,5.62466420
307.00,2.333,646.287,88.545,94.187,4856.213,724.782,0.9717,76.7,0.042,57.2,0.488,34.1,98.8,109,78.3,5.06,3.96,5.20,537.794,2242.99,12.10,0.029,0.0483,36.7064,6.51,4.92,37.1,32.8,0.813,272,221,118,1.00,0.954,0.0439,0.0439,1.069,1033,1033,15,1,115,36.8,112.7,109.9,38.8,40.0,113,39.0,110,40.1,86.9,40.2,35.4,44.7,4.41,4.41,4.77,-3.06,0.032855,1.63295705,0.215757,5.63438293
308.00,2.333,648.620,88.675,94.169,4853.932,724.433,0.9717,76.7,0.058,57.1,0.488,34.1,78.3,109,78.3,5.07,3.86,5.20,537.794,2242.89,12.10,0.029,0.0483,36.7064,6.51,4.92,37.1,32.8,0.812,271,220,79,0.78,0.258,0.0440,0.0440,1.069,1033,1033,15,1,115,36.8,111.4,108.6,39.9,40.9,111,40.1,108,41.2,86.9,40.2,35.4,44.7,4.41,4.41,3.50,-2.06,0.032858,1.63580232,0.215837,5.64410117
309.00,2.333,650.953,88.741,94.165,4851.649,724.085,0.9717,76.7,0.003,57.1,0.488,34.1,101.8,109,78.3,5.07,3.98,5.19,537.889,2575.35,12.10,0.029,0.0483,36.7191,6.51,7.22,37.1,32.8,0.813,272,221,124,1.03,1.056,0.0440,0.0440,1.069,1033,1033,15,1,159,0.4,115.3,112.5,36.6,37.8,113,38.4,110,39.6,86.9,40.2,35.3,44.8,4.41,4.41,5.12,-4.31,0.032859,1.63864637,0.215902,5.65382000
310.00,2.333,653.287,88.873,94.165,4849.368,723.736,0.9716,76.7,0.001,57.1,0.488,34.1,80.6,109,78.3,5.07,3.85,5.19,537.889,2774.05,12.10,0.029,0.0483,36.7191,6.51,7.44,37.1,32.8,0.812,272,221,84,0.80,0.331,0.0440,0.0440,1.068,1033,1033,15,1,159,0.7,117.5,114.7,35.0,36.2,115,36.8,112,38.1,86.8,40.2,35.3,44.8,4.41,4.41,3.66,-2.64,0.032863,1.64149200,0.215979,5.66353932
311.00,2.333,655.620,88.939,94.162,4847.086,723.388,0.9715,76.7,-0.018,57.0,0.488,34.1,104.9,109,78.3,5.07,3.96,5.19,537.889,2417.34,12.10,0.029,0.0483,36.7191,6.51,5.02,37.1,32.8,0.813,272,221,130,1.06,1.158,0.0440,0.0440,1.068,1034,1034,15,1,119,33.1,114.3,111.5,37.7,38.8,114,37.9,111,39.1,86.8,40.3,35.3,44.8,4.41,4.41,5.17,-3.61,0.032867,1.64433575,0.216048,5.67325841
312.00,2.333,657.953,89.005,94.159,4844.804,723.039,0.9716,76.7,-0.044,57.0,0.487,34.1,82.9,109,78.3,5.07,3.84,5.19,537.889,2242.96,12.10,0.029,0.0483,36.7191,6.51,4.92,37.1,32.8,0.812,272,221,88,0.82,0.408,0.0440,0.0440,1.067,1033,1033,15,1,115,36.8,112.7,109.8,38.9,40.0,112,39.0,110,40.2,86.8,40.2,35.3,44.8,4.41,4.41,3.77,-2.37,0.032870,1.64718170,0.216121,5.68297881
313.00,2.333,660.287,89.137,94.138,4842.523,722.691,0.9716,76.7,-0.035,57.0,0.487,34.1,108.2,108,78.3,5.08,3.94,5.18,537.889,2242.89,12.10,0.029,0.0483,36.7191,6.51,4.92,37.1,32.8,0.812,271,220,136,1.10,1.249,0.0440,0.0440,1.067,1033,1033,15,1,115,36.8,111.3,108.5,39.9,41.0,111,40.1,108,41.2,86.8,40.2,35.3,44.8,4.41,4.41,5.06,-3.19,0.032872,1.65002539,0.216195,5.69269823
314.00,2.333,662.620,89.204,94.139,4840.241,722.342,0.9716,76.7,-0.017,56.9,0.487,34.1,85.3,108,78.3,5.08,3.84,5.18,538.009,2592.22,12.10,0.029,0.0483,36.7382,6.51,7.29,37.1,32.8,0.812,272,221,93,0.85,0.490,0.0440,0.0440,1.066,1033,1033,15,1,159,0.4,115.5,112.7,36.4,37.6,113,38.3,110,39.5,86.8,40.2,35.3,44.8,4.41,4.41,4.04,-3.54,0.032874,1.65287147,0.216264,5.70241956
315.00,2.333,664.953,89.337,94.141,4837.960,721.993,0.9715,76.7,-0.040,56.9,0.487,34.1,108.1,108,78.4,5.08,3.92,5.18,538.009,2769.87,12.10,0.029,0.0483,36.7382,6.51,7.38,37.1,32.8,0.812,270,219,135,1.10,1.232,0.0440,0.0440,1.066,1033,1033,15,1,159,1.0,117.4,114.6,35.1,36.3,115,36.8,112,38.1,86.7,40.3,35.2,44.8,4.41,4.41,5.01,-3.77,0.032877,1.65571519,0.216343,5.71213942
316.00,2.333,667.287,89.404,94.138,4835.678,721.645,0.9714,76.7,0.106,56.8,0.487,34.1,87.8,108,78.4,5.08,3.85,5.18,538.009,2396.40,12.10,0.029,0.0483,36.7382,6.51,4.91,37.1,32.8,0.812,273,222,97,0.87,0.574,0.0441,0.0441,1.065,1034,1034,15,1,118,33.8,114.2,111.3,37.8,38.9,114,37.9,111,39.2,86.7,40.3,35.2,44.8,4.41,4.41,4.07,-2.75,0.032881,1.65856124,0.216408,5.72186162
317.00,2.333,669.620,89.537,94.118,4833.397,721.296,0.9715,76.7,0.668,56.8,0.487,34.1,105.8,108,78.4,5.08,3.90,5.17,538.009,2242.94,12.10,0.029,0.0483,36.7382,6.51,4.92,37.1,32.8,0.811,269,218,131,1.08,1.140,0.0441,0.0441,1.065,1033,1033,15,1,114,36.8,112.6,109.8,38.9,40.0,112,39.1,110,40.2,86.7,40.2,35.2,44.8,4.42,4.42,4.64,-3.10,0.032884,1.66140522,0.216490,5.73158208
318.00,2.333,671.953,89.603,94.116,4831.115,720.948,0.9715,76.7,0.211,56.8,0.487,34.1,90.2,108,78.4,5.09,3.86,5.17,538.009,2242.89,12.10,0.029,0.0483,36.7382,6.51,4.92,37.1,32.8,0.812,273,222,102,0.90,0.656,0.0441,0.0441,1.064,1033,1033,15,1,114,36.8,111.1,108.4,40.0,41.1,111,40.2,108,41.3,86.7,40.2,35.2,44.8,4.42,4.42,4.18,-2.49,0.032886,1.66425133,0.216553,5.74130508
319.00,2.333,674.287,89.726,95.077,4828.834,720.599,0.9715,76.7,0.668,56.2,0.483,34.1,106.9,109,79.4,5.04,3.89,5.15,538.155,2608.66,12.10,0.029,0.0484,36.7462,6.51,7.36,37.1,32.8,0.811,270,219,132,1.10,1.185,0.0441,0.0441,1.086,1033,1033,15,1,159,0.4,115.7,112.9,36.2,37.4,113,38.1,111,39.3,86.7,40.2,35.2,44.8,4.42,4.42,4.84,-4.24,0.032888,1.66709777,0.216630,5.75102799
320.00,2.333,676.620,89.761,95.152,4826.551,720.251,0.9714,76.7,0.172,56.0,0.482,34.1,89.1,109,79.6,5.02,3.84,5.14,538.155,2764.68,12.10,0.029,0.0484,36.7462,6.51,7.32,37.1,32.8,0.812,273,222,99,0.89,0.622,0.0441,0.0441,1.090,1033,1033,15,1,158,1.4,117.2,114.4,35.2,36.4,115,36.9,112,38.2,86.6,40.3,35.2,44.8,4.42,4.42,4.15,-2.99,0.032891,1.66994886,0.216689,5.76075686
321.00,2.333,678.953,89.770,94.879,4824.271,719.902,0.9713,76.7,-0.083,55.8,0.482,34.1,107.7,109,79.5,5.01,3.89,5.13,538.155,2375.36,12.10,0.029,0.0484,36.7462,6.51,4.80,37.1,32.8,0.811,270,219,134,1.11,1.215,0.0441,0.0441,1.090,1034,1034,15,1,118,34.4,114.1,111.2,37.8,39.0,114,38.0,111,39.2,86.6,40.3,35.1,44.8,4.42,4.42,4.90,-3.46,0.032895,1.67279951,0.216764,5.77048904
322.00,2.333,681.287,89.754,94.692,4821.989,719.554,0.9714,76.7,0.106,55.7,0.482,34.1,87.3,109,79.3,5.00,3.83,5.12,538.155,2242.93,12.10,0.029,0.0484,36.7462,6.51,4.92,37.1,32.8,0.812,273,222,96,0.87,0.556,0.0441,0.0441,1.089,1033,1033,15,1,114,36.8,112.4,109.6,39.0,40.2,112,39.2,109,40.3,86.6,40.2,35.1,44.8,4.42,4.42,4.04,-2.54,0.032898,1.67565240,0.216824,5.78022887
323.00,2.333,683.620,89.705,94.355,4819.709,719.205,0.9714,76.7,-0.040,55.6,0.482,34.1,108.0,108,79.0,4.99,3.90,5.11,538.155,2242.89,12.10,0.029,0.0484,36.7462,6.51,4.92,37.1,32.8,0.811,271,220,135,1.11,1.225,0.0441,0.0441,1.088,1033,1033,15,1,114,36.8,111.0,108.3,40.1,41.1,111,40.3,108,41.3,86.6,40.2,35.1,44.8,4.42,4.42,4.93,-3.11,0.032900,1.67850247,0.216897,5.78997196
324.00,2.333,685.953,89.680,94.233,4817.428,718.857,0.9714,76.7,0.048,55.6,0.482,34.1,85.7,108,78.9,4.99,3.82,5.10,538.328,2624.63,12.10,0.029,0.0484,36.7730,6.51,7.42,37.1,32.8,0.812,273,222,93,0.86,0.500,0.0442,0.0442,1.088,1033,1033,15,1,159,0.3,115.8,113.0,36.1,37.3,114,38.0,111,39.2,86.6,40.2,35.1,44.8,4.42,4.42,4.10,-3.59,0.032901,1.68135361,0.216959,5.79972089
325.00,2.333,688.287,89.645,94.075,4815.149,718.508,0.9712,76.7,-0.042,55.5,0.482,34.1,107.9,108,78.7,4.97,3.90,5.10,538.328,2758.44,12.10,0.029,0.0484,36.7730,6.51,7.25,37.1,32.8,0.812,272,220,135,1.10,1.227,0.0442,0.0442,1.088,1033,1033,15,1,157,2.1,117.0,114.2,35.3,36.6,115,37.0,112,38.3,86.5,40.3,35.1,44.8,4.42,4.42,5.16,-3.85,0.032905,1.68420143,0.217031,5.80947081
326.00,2.333,690.620,89.637,94.026,4812.868,718.160,0.9712,76.6,-0.017,55.4,0.482,34.1,84.4,108,78.7,4.97,3.81,5.09,538.328,2354.30,12.10,0.029,0.0484,36.7730,6.51,4.69,37.1,32.8,0.812,274,222,91,0.84,0.453,0.0442,0.0442,1.088,1034,1034,15,1,117,35.0,113.9,111.0,37.9,39.1,114,38.1,111,39.3,86.5,40.3,35.1,44.8,4.43,4.43,3.92,-2.61,0.032909,1.68705049,0.217095,5.81922380
327.00,2.333,692.953,89.642,93.960,4810.588,717.811,0.9712,76.7,-0.035,55.3,0.481,34.1,107.1,108,78.6,4.96,3.91,5.09,538.328,2242.92,12.10,0.029,0.0484,36.7730,6.51,4.92,37.1,32.8,0.812,273,222,134,1.09,1.207,0.0442,0.0442,1.090,1033,1033,15,1,114,36.9,112.3,109.5,39.1,40.2,112,39.2,109,40.4,86.5,40.3,35.1,44.8,4.43,4.43,5.15,-3.39,0.032912,1.68989658,0.217166,5.82897567
328.00,2.333,695.287,89.656,93.956,4808.308,717.463,0.9713,76.6,-0.037,55.3,0.481,34.1,83.2,108,78.6,4.96,3.80,5.08,538.328,2242.89,12.10,0.029,0.0484,36.7730,6.51,4.92,37.1,32.8,0.811,274,222,89,0.83,0.412,0.0442,0.0442,1.090,1033,1033,15,1,114,36.9,110.9,108.1,40.1,41.2,111,40.4,108,41.4,86.5,40.2,35.1,44.8,4.43,4.43,3.82,-2.24,0.032914,1.69274427,0.217233,5.83872847
329.00,2.333,697.620,89.705,93.967,4806.028,717.114,0.9712,76.7,-0.027,55.2,0.481,34.1,105.4,108,78.7,4.95,3.91,5.08,538.501,2640.08,12.10,0.029,0.0484,36.8098,6.51,7.47,37.1,32.8,0.812,274,223,131,1.07,1.162,0.0442,0.0442,1.092,1033,1033,15,1,159,0.3,116.0,113.2,36.0,37.2,114,37.8,111,39.1,86.4,40.3,35.0,44.8,4.43,4.43,5.33,-4.54,0.032916,1.69558939,0.217303,5.84847904
330.00,2.333,699.953,89.777,93.995,4803.748,716.766,0.9711,76.6,-0.032,55.1,0.481,34.1,82.1,108,78.7,4.95,3.79,5.07,538.501,2751.20,12.10,0.029,0.0484,36.8098,6.51,7.18,37.1,32.8,0.811,274,223,87,0.81,0.374,0.0442,0.0442,1.093,1034,1034,15,1,156,2.9,116.8,114.0,35.5,36.7,115,37.1,112,38.3,86.4,40.4,35.0,44.8,4.43,4.43,3.79,-2.70,0.032919,1.69843630,0.217374,5.85822940
331.00,2.333,702.287,89.820,94.008,4801.467,716.417,0.9710,76.7,-0.018,55.1,0.481,34.1,103.9,108,78.7,4.95,3.91,5.07,538.501,2333.24,12.10,0.029,0.0484,36.8098,6.51,4.59,37.1,32.8,0.812,275,223,128,1.05,1.112,0.0442,0.0442,1.093,1034,1034,15,1,116,35.4,113.7,110.9,38.0,39.2,114,38.2,111,39.4,86.3,40.4,35.0,44.8,4.43,4.43,5.18,-3.54,0.032924,1.70128109,0.217443,5.86797745
332.00,2.333,704.620,89.917,94.019,4799.187,716.069,0.9711,76.6,0.001,55.0,0.480,34.1,81.0,108,78.8,4.95,3.79,5.07,538.501,2242.91,12.10,0.029,0.0484,36.8098,6.51,4.92,37.1,32.8,0.811,275,223,85,0.80,0.337,0.0443,0.0443,1.094,1033,1033,15,1,114,36.9,112.2,109.4,39.2,40.3,112,39.3,109,40.5,86.3,40.3,35.0,44.8,4.43,4.43,3.70,-2.29,0.032927,1.70412777,0.217516,5.87772489
333.00,2.333,706.953,89.970,94.028,4796.906,715.720,0.9711,76.7,-0.006,55.0,0.480,34.1,102.3,108,78.8,4.95,3.91,5.07,538.501,2244.34,12.10,0.029,0.0485,36.8367,6.51,5.03,37.1,32.8,0.812,275,223,125,1.03,1.060,0.0443,0.0443,1.094,1033,1033,15,1,114,36.8,110.7,108.0,40.2,41.3,110,40.4,108,41.5,86.4,40.3,35.0,44.8,4.43,4.43,5.03,-3.09,0.032929,1.70697268,0.217585,5.88747050
334.00,2.333,709.287,90.083,94.050,4794.627,715.372,0.9711,76.6,0.053,54.9,0.480,34.1,79.9,108,78.8,4.95,3.79,5.06,538.698,2655.02,12.10,0.029,0.0485,36.8367,6.52,7.53,37.1,32.8,0.811,275,223,83,0.79,0.301,0.0443,0.0443,1.094,1033,1033,15,1,160,0.3,116.1,113.3,35.8,37.0,114,37.7,111,39.0,86.3,40.3,35.0,44.8,4.43,4.43,3.75,-3.31,0.032932,1.70981926,0.217661,5.89721537
335.00,2.333,711.620,90.142,94.058,4792.346,715.023,0.9709,76.7,0.003,54.9,0.480,34.1,100.8,108,78.8,4.95,3.90,5.06,538.698,2742.97,12.10,0.029,0.0485,36.8367,6.52,7.10,37.1,32.8,0.812,275,224,122,1.01,1.009,0.0443,0.0443,1.094,1034,1034,15,1,155,4.0,116.6,113.8,35.6,36.8,115,37.1,112,38.4,86.2,40.4,35.0,44.8,4.44,4.44,5.02,-3.61,0.032935,1.71266438,0.217728,5.90695921
336.00,2.333,713.953,90.263,94.064,4790.066,714.675,0.9709,76.6,0.058,54.9,0.480,34.1,78.9,108,78.9,4.95,3.79,5.06,538.698,2312.20,12.10,0.029,0.0485,36.8367,6.52,4.49,37.1,32.8,0.811,276,223,81,0.78,0.265,0.0443,0.0443,1.093,1034,1034,15,1,116,35.9,113.6,110.8,38.1,39.3,113,38.2,111,39.4,86.2,40.4,34.9,44.8,4.44,4.44,3.59,-2.36,0.032940,1.71551092,0.217806,5.91670234
337.00,2.333,716.287,90.325,94.052,4787.785,714.326,0.9710,76.7,0.023,54.8,0.479,34.1,99.3,108,78.9,4.95,3.89,5.06,538.698,2242.90,12.10,0.029,0.0485,36.8367,6.52,4.92,37.1,32.8,0.812,276,224,120,0.99,0.957,0.0443,0.0443,1.093,1033,1033,15,1,114,36.9,112.0,109.2,39.2,40.4,112,39.4,109,40.5,86.2,40.3,34.9,44.8,4.44,4.44,4.87,-3.07,0.032943,1.71835643,0.217872,5.92644528
338.00,2.333,718.620,90.450,94.055,4785.506,713.978,0.9710,76.6,-0.022,54.8,0.479,34.1,80.7,108,78.9,4.95,3.80,5.05,538.698,2250.80,12.10,0.029,0.0485,36.8611,6.52,5.24,37.1,32.8,0.810,273,221,83,0.80,0.304,0.0443,0.0443,1.093,1033,1033,15,1,115,35.9,110.6,107.9,40.2,41.3,110,40.5,108,41.5,86.3,40.3,34.9,44.8,4.44,4.44,3.55,-2.14,0.032946,1.72120301,0.217953,5.93618744
339.00,2.333,720.953,90.514,94.054,4783.225,713.629,0.9709,76.7,0.042,54.7,0.479,34.1,97.8,108,78.9,4.96,3.87,5.05,538.950,2669.38,12.10,0.029,0.0485,36.8611,6.52,7.57,37.1,32.8,0.812,276,224,117,0.98,0.906,0.0444,0.0444,1.092,1033,1033,15,1,160,0.3,116.2,113.5,35.7,36.9,114,37.6,111,38.9,86.2,40.4,34.9,44.8,4.44,4.44,4.90,-4.15,0.032947,1.72404888,0.218017,5.94593018
340.00,2.333,723.287,90.642,94.055,4780.946,713.281,0.9708,76.6,-0.053,54.7,0.479,34.1,84.6,108,78.9,4.96,3.80,5.05,538.950,2733.74,12.10,0.029,0.0485,36.8611,6.52,7.01,37.1,32.8,0.809,271,220,90,0.85,0.411,0.0444,0.0444,1.092,1034,1034,15,1,153,5.3,116.4,113.6,35.8,37.0,115,37.2,112,38.5,86.2,40.4,34.9,44.8,4.44,4.44,3.67,-2.65,0.032952,1.72689533,0.218100,5.95567197
341.00,2.333,725.620,90.707,94.052,4778.665,712.932,0.9708,76.7,0.074,54.7,0.479,34.1,96.4,108,78.9,4.96,3.85,5.04,538.950,2292.50,12.10,0.029,0.0485,36.8611,6.52,4.49,37.1,32.8,0.812,277,225,114,0.96,0.856,0.0444,0.0444,1.092,1034,1034,15,1,115,36.2,113.5,110.6,38.2,39.4,113,38.3,110,39.5,86.1,40.4,34.9,44.8,4.44,4.44,4.67,-3.13,0.032956,1.72974154,0.218163,5.96541500
342.00,2.333,727.953,90.836,94.033,4776.386,712.584,0.9709,76.6,-0.069,54.6,0.479,34.1,89.2,108,78.9,4.96,3.80,5.04,538.950,2242.90,12.10,0.029,0.0485,36.8611,6.52,4.92,37.1,32.8,0.809,271,219,99,0.91,0.551,0.0444,0.0444,1.091,1033,1033,15,1,114,36.9,112.0,109.2,39.3,40.4,112,39.4,109,40.6,86.2,40.4,34.8,44.8,4.44,4.44,3.76,-2.40,0.032959,1.73258796,0.218246,5.97515692
343.00,2.333,730.287,90.902,94.028,4774.105,712.235,0.9709,76.6,0.114,54.6,0.479,34.1,94.9,108,78.9,4.96,3.83,5.04,538.950,2260.93,12.10,0.029,0.0485,36.8777,6.52,5.42,37.1,32.8,0.811,277,225,112,0.94,0.806,0.0444,0.0444,1.091,1033,1033,15,1,119,32.8,110.5,107.8,40.3,41.3,110,40.5,107,41.6,86.2,40.3,34.8,44.8,4.44,4.44,4.55,-2.78,0.032961,1.73543453,0.218309,5.98490050
344.00,2.333,732.620,91.033,94.026,4771.826,711.887,0.9708,76.6,-0.090,54.5,0.479,34.1,93.7,108,78.9,4.97,3.80,5.04,539.227,2683.13,12.10,0.029,0.0485,36.8777,6.52,7.62,37.1,32.8,0.809,271,219,107,0.95,0.699,0.0444,0.0444,1.090,1033,1033,15,1,160,0.3,116.4,113.6,35.5,36.8,114,37.4,111,38.7,86.1,40.4,34.8,44.8,4.44,4.44,4.08,-3.62,0.032963,1.73828081,0.218393,5.99464277
345.00,2.333,734.953,91.099,94.025,4769.545,711.539,0.9707,76.6,0.176,54.5,0.478,34.1,93.5,108,78.9,4.97,3.82,5.03,539.227,2723.56,12.10,0.029,0.0485,36.8777,6.52,6.93,37.1,32.8,0.811,278,225,109,0.93,0.758,0.0444,0.0444,1.090,1034,1034,15,1,152,6.8,116.2,113.4,35.9,37.1,115,37.2,112,38.5,86.1,40.5,34.8,44.8,4.45,4.45,4.50,-3.20,0.032967,1.74112760,0.218455,6.00438698
346.00,2.333,737.287,91.231,94.018,4767.266,711.190,0.9707,76.6,-0.073,54.5,0.478,34.1,97.7,108,78.9,4.97,3.80,5.03,539.227,2277.99,12.10,0.029,0.0485,36.8777,6.52,4.61,37.1,32.8,0.809,272,220,115,0.99,0.834,0.0445,0.0445,1.089,1034,1034,15,1,115,36.5,113.4,110.5,38.2,39.4,113,38.3,110,39.5,86.0,40.4,34.8,44.9,4.45,4.45,4.18,-2.90,0.032971,1.74397374,0.218539,6.01412976
347.00,2.333,739.620,91.298,94.003,4764.985,710.842,0.9708,76.6,0.204,54.4,0.478,34.1,92.2,108,78.9,4.97,3.80,5.03,539.227,2242.90,12.10,0.029,0.0485,36.8777,6.52,4.92,37.1,32.8,0.811,278,225,106,0.91,0.710,0.0445,0.0445,1.089,1033,1033,15,1,114,36.9,111.8,109.0,39.4,40.5,112,39.5,109,40.7,86.1,40.4,34.7,44.9,4.45,4.45,4.38,-2.72,0.032974,1.74682083,0.218601,6.02387466
348.00,2.333,741.953,91.431,93.998,4762.707,710.493,0.9708,76.6,0.037,54.4,0.478,34.1,100.9,108,78.9,4.97,3.80,5.03,539.227,2273.70,12.10,0.029,0.0485,36.8938,6.52,5.57,37.1,32.8,0.809,273,221,122,1.03,0.949,0.0445,0.0445,1.089,1033,1033,15,1,125,28.1,110.5,107.8,40.2,41.3,110,40.5,107,41.6,86.1,40.4,34.7,44.9,4.45,4.45,4.31,-2.80,0.032976,1.74966690,0.218686,6.03361796
349.00,2.333,744.287,91.498,93.995,4760.425,710.145,0.9707,76.6,0.212,54.3,0.478,34.1,90.9,108,78.9,4.97,3.79,5.02,539.555,2696.21,12.10,0.029,0.0485,36.8938,6.53,7.66,37.1,32.8,0.811,278,226,104,0.90,0.665,0.0445,0.0445,1.088,1033,1033,15,1,160,0.3,116.5,113.7,35.5,36.7,114,37.4,111,38.7,86.0,40.4,34.7,44.9,4.45,4.45,4.43,-3.77,0.032978,1.75251421,0.218749,6.04336348
350.00,2.333,746.620,91.633,93.994,4758.147,709.796,0.9706,76.7,0.668,54.3,0.478,34.1,103.5,108,78.9,4.98,3.81,5.02,539.555,2712.40,12.10,0.029,0.0485,36.8938,6.53,6.84,37.1,32.8,0.809,274,222,127,1.05,1.041,0.0445,0.0445,1.088,1034,1034,15,1,150,8.4,116.0,113.2,36.0,37.2,115,37.3,112,38.6,86.0,40.5,34.7,44.9,4.45,4.45,4.64,-3.43,0.032983,1.75536011,0.218832,6.05310732
351.00,2.333,748.953,91.700,93.992,4755.866,709.448,0.9706,76.6,0.197,54.3,0.478,34.1,89.6,108,78.9,4.98,3.77,5.02,539.555,2267.63,12.10,0.029,0.0485,36.8938,6.53,4.70,37.1,32.8,0.811,279,226,102,0.88,0.620,0.0445,0.0445,1.087,1034,1034,15,1,115,36.6,113.2,110.3,38.3,39.5,113,38.4,110,39.6,85.9,40.5,34.7,44.9,4.45,4.45,4.24,-2.80,0.032986,1.75820763,0.218896,6.06285346
352.00,2.333,751.287,91.834,93.972,4753.588,709.100,0.9707,76.7,0.017,54.2,0.477,34.1,105.3,108,79.0,4.98,3.81,5.02,539.555,2242.90,12.10,0.029,0.0485,36.8938,6.53,4.92,37.1,32.8,0.810,275,223,131,1.07,1.109,0.0445,0.0445,1.087,1033,1033,15,1,114,37.0,111.8,108.9,39.4,40.5,112,39.5,109,40.7,86.0,40.4,34.6,44.9,4.45,4.45,4.73,-3.10,0.032990,1.76105351,0.218978,6.07259788
353.00,2.333,753.620,91.902,93.968,4751.307,708.751,0.9707,76.6,0.116,54.2,0.477,34.1,88.3,108,78.9,4.98,3.76,5.02,539.555,2296.21,12.10,0.029,0.0486,36.9103,6.53,5.77,37.1,32.8,0.811,279,226,99,0.87,0.575,0.0445,0.0445,1.086,1033,1033,15,1,135,20.1,110.6,107.9,40.2,41.2,110,40.6,107,41.6,86.0,40.4,34.6,44.9,4.45,4.45,4.15,-2.62,0.032991,1.76390125,0.219044,6.08234454
354.00,2.333,755.953,92.037,93.968,4749.028,708.403,0.9706,76.7,-0.072,54.2,0.477,34.1,106.6,108,79.0,4.98,3.81,5.01,539.895,2714.31,12.15,0.029,0.0486,36.9103,6.56,7.70,37.1,32.8,0.810,276,224,133,1.08,1.158,0.0446,0.0446,1.086,1033,1033,15,1,160,0.3,116.7,113.9,35.3,36.5,114,37.2,111,38.5,85.9,40.4,34.6,44.9,4.46,4.46,5.06,-4.32,0.032994,1.76674705,0.219125,6.09208951
355.00,2.333,758.287,92.105,93.968,4746.748,708.054,0.9705,76.6,0.059,54.1,0.477,34.1,87.0,108,79.0,4.99,3.74,5.01,539.895,2693.87,12.15,0.029,0.0486,36.9103,6.56,6.69,37.1,32.8,0.810,280,227,97,0.86,0.533,0.0446,0.0446,1.085,1034,1034,15,1,146,11.1,115.7,112.9,36.3,37.5,114,37.3,111,38.7,85.9,40.5,34.6,44.9,4.46,4.46,4.11,-2.89,0.032997,1.76959488,0.219192,6.10183668
356.00,2.333,760.620,92.240,93.962,4744.469,707.706,0.9705,76.7,-0.032,54.1,0.477,34.1,107.3,108,79.0,4.99,3.81,5.01,539.895,2257.52,12.15,0.029,0.0486,36.9103,6.56,4.79,37.1,32.8,0.810,277,225,135,1.08,1.187,0.0446,0.0446,1.085,1033,1033,15,1,114,36.8,113.1,110.2,38.3,39.6,113,38.4,110,39.7,85.8,40.5,34.6,44.9,4.46,4.46,5.06,-3.49,0.033002,1.77244066,0.219272,6.11158226
357.00,2.333,762.953,92.307,93.947,4742.189,707.358,0.9706,76.6,-0.010,54.0,0.477,34.1,85.8,108,79.0,4.99,3.73,5.01,539.895,2242.89,12.15,0.029,0.0486,36.9103,6.56,4.92,37.1,32.8,0.810,280,227,95,0.84,0.490,0.0446,0.0446,1.085,1033,1033,15,1,114,37.0,111.6,108.8,39.5,40.6,111,39.6,109,40.8,85.9,40.4,34.5,44.9,4.46,4.46,4.00,-2.46,0.033004,1.77528864,0.219340,6.12132991
358.00,2.333,765.287,92.442,94.200,4739.910,707.009,0.9706,76.7,-0.033,53.4,0.471,34.1,106.5,108,79.0,4.94,3.82,5.00,539.895,2321.33,12.15,0.029,0.0486,36.9125,6.56,5.95,37.1,32.8,0.811,280,227,134,1.06,1.182,0.0446,0.0446,1.099,1033,1033,15,1,144,13.2,110.8,108.1,39.9,41.0,110,40.5,107,41.6,85.9,40.4,34.5,44.9,4.46,4.46,5.20,-3.50,0.033006,1.77813497,0.219416,6.13107655
359.00,2.333,767.620,92.553,94.615,4737.631,706.661,0.9705,76.6,0.004,52.9,0.468,34.1,82.1,108,79.8,4.90,3.72,4.98,540.282,2730.63,12.15,0.029,0.0486,36.9125,6.56,7.74,37.1,32.8,0.810,280,227,87,0.80,0.366,0.0446,0.0446,1.113,1033,1033,15,1,160,0.3,116.9,114.1,35.1,36.4,115,37.0,112,38.4,85.8,40.4,34.5,44.9,4.46,4.46,3.87,-3.27,0.033008,1.78098508,0.219487,6.14082621
360.00,2.333,769.953,92.590,94.571,4735.350,706.312,0.9704,76.7,0.022,52.8,0.468,34.1,100.2,108,79.9,4.89,3.82,4.98,540.282,2673.34,12.15,0.029,0.0486,36.9125,6.56,6.54,37.1,32.8,0.811,280,227,122,0.99,0.980,0.0447,0.0447,1.114,1034,1034,15,1,143,14.0,115.4,112.6,36.5,37.7,114,37.4,111,38.7,85.7,40.5,34.5,44.9,4.46,4.46,5.01,-3.54,0.033012,1.78383520,0.219554,6.15057836
361.00,2.333,772.287,92.631,94.365,4733.073,705.964,0.9704,76.6,-0.058,52.7,0.468,34.1,85.4,108,79.7,4.89,3.74,4.97,540.282,2251.53,12.15,0.029,0.0486,36.9125,6.56,4.84,37.1,32.8,0.809,275,222,92,0.86,0.430,0.0447,0.0447,1.113,1033,1033,15,1,114,36.9,113.0,110.1,38.4,39.6,113,38.5,110,39.8,85.7,40.5,34.5,44.9,4.46,4.46,3.72,-2.46,0.033016,1.78668703,0.219633,6.16033386
362.00,2.333,774.620,92.642,94.238,4730.792,705.616,0.9705,76.6,0.137,52.7,0.468,34.1,94.1,108,79.6,4.88,3.77,4.96,540.282,2242.89,12.15,0.029,0.0486,36.9125,6.56,4.92,37.1,32.8,0.810,281,227,110,0.93,0.771,0.0447,0.0447,1.112,1033,1033,15,1,114,37.0,111.4,108.6,39.6,40.7,111,39.7,108,40.9,85.7,40.4,34.4,44.9,4.46,4.46,4.56,-2.81,0.033018,1.78953848,0.219694,6.17009397
363.00,2.333,776.953,92.659,94.061,4728.515,705.267,0.9705,76.6,0.037,52.6,0.468,34.1,101.3,107,79.4,4.88,3.77,4.96,540.665,2348.08,12.15,0.029,0.0486,36.9375,6.57,6.12,37.1,32.8,0.809,276,223,123,1.03,0.956,0.0447,0.0447,1.111,1033,1033,15,1,150,8.2,111.1,108.4,39.6,40.7,110,40.5,107,41.6,85.7,40.4,34.4,44.9,4.46,4.46,4.43,-3.15,0.033020,1.79238887,0.219775,6.17985574
364.00,2.333,779.287,92.668,93.997,4726.235,704.919,0.9704,76.6,0.197,52.6,0.468,34.1,88.7,107,79.3,4.87,3.73,4.95,540.665,2745.10,12.15,0.029,0.0486,36.9375,6.57,7.76,37.1,32.8,0.810,281,228,100,0.87,0.583,0.0447,0.0447,1.111,1033,1033,15,1,160,0.3,117.0,114.2,35.1,36.3,115,36.9,112,38.3,85.7,40.5,34.4,44.9,4.47,4.47,4.32,-3.56,0.033022,1.79523972,0.219836,6.18962171
365.00,2.333,781.620,92.696,93.905,4723.958,704.571,0.9702,76.6,-0.032,52.5,0.468,34.1,107.3,107,79.3,4.87,3.79,4.95,540.665,2650.92,12.15,0.028,0.0486,36.9375,6.57,6.38,37.1,32.8,0.810,279,226,135,1.08,1.180,0.0447,0.0447,1.111,1034,1034,15,1,139,17.0,115.2,112.4,36.7,37.9,114,37.5,111,38.8,85.6,40.5,34.4,44.9,4.47,4.47,5.16,-3.76,0.033026,1.79808816,0.219912,6.19938753
366.00,2.333,783.953,92.715,93.875,4721.679,704.222,0.9702,76.6,-0.038,52.5,0.468,34.1,83.7,107,79.2,4.87,3.70,4.94,540.665,2247.97,12.15,0.029,0.0486,36.9375,6.57,4.87,37.1,32.8,0.810,281,228,91,0.82,0.415,0.0447,0.0447,1.111,1033,1033,15,1,114,36.9,112.8,109.9,38.5,39.7,113,38.7,110,39.9,85.6,40.5,34.4,44.9,4.47,4.47,3.93,-2.54,0.033030,1.80093798,0.219980,6.20915577
367.00,2.333,786.287,92.768,93.831,4719.401,703.874,0.9703,76.6,-0.020,52.4,0.468,34.1,102.5,107,79.2,4.86,3.82,4.94,540.665,2242.89,12.15,0.029,0.0486,36.9375,6.57,4.92,37.1,32.8,0.810,282,228,127,1.02,1.048,0.0448,0.0448,1.112,1033,1033,15,1,114,37.0,111.3,108.5,39.7,40.8,111,39.8,108,41.0,85.6,40.4,34.4,44.9,4.47,4.47,5.17,-3.25,0.033032,1.80378542,0.220051,6.21892308
368.00,2.333,788.620,92.838,93.820,4717.123,703.526,0.9703,76.6,0.045,52.3,0.467,34.1,79.2,107,79.2,4.86,3.71,4.93,541.095,2375.82,12.15,0.029,0.0486,36.9575,6.57,6.28,37.1,32.8,0.809,282,228,82,0.77,0.264,0.0448,0.0448,1.112,1033,1033,15,1,154,5.0,111.5,108.7,39.3,40.4,110,40.4,107,41.5,85.6,40.4,34.3,44.9,4.47,4.47,3.71,-2.67,0.033034,1.80663406,0.220127,6.22869056
369.00,2.333,790.953,92.879,93.825,4714.844,703.177,0.9702,76.6,0.067,52.3,0.467,34.1,96.6,107,79.2,4.86,3.78,4.93,541.095,2757.58,12.15,0.029,0.0486,36.9575,6.57,7.78,37.1,32.8,0.810,282,229,115,0.95,0.850,0.0448,0.0448,1.113,1033,1033,15,1,160,0.3,117.0,114.2,35.0,36.3,115,36.9,112,38.2,85.5,40.5,34.3,44.9,4.47,4.47,4.88,-3.92,0.033037,1.80948135,0.220193,6.23845767
370.00,2.333,793.287,92.972,93.837,4712.567,702.829,0.9701,76.6,-0.090,52.2,0.467,34.1,94.0,107,79.3,4.86,3.74,4.93,541.095,2626.74,12.15,0.028,0.0486,36.9575,6.57,6.22,37.1,32.8,0.808,276,223,109,0.95,0.698,0.0448,0.0448,1.113,1034,1034,15,1,135,19.8,114.9,112.1,36.9,38.1,114,37.6,111,38.9,85.5,40.6,34.3,44.9,4.47,4.47,4.09,-2.95,0.033041,1.81232869,0.220276,6.24822294
371.00,2.333,795.620,93.023,93.843,4710.287,702.481,0.9701,76.6,0.204,52.2,0.467,34.1,91.2,107,79.3,4.86,3.73,4.93,541.095,2245.88,12.15,0.029,0.0486,36.9575,6.57,4.89,37.1,32.8,0.810,282,229,105,0.90,0.665,0.0448,0.0448,1.113,1033,1033,15,1,114,37.0,112.6,109.7,38.7,39.8,112,38.8,110,40.0,85.5,40.5,34.3,44.9,4.47,4.47,4.41,-2.85,0.033045,1.81517647,0.220338,6.25798888
372.00,2.333,797.953,93.132,93.845,4708.010,702.132,0.9702,76.6,0.017,52.1,0.467,34.1,105.3,107,79.3,4.86,3.76,4.92,541.095,2242.89,12.15,0.029,0.0486,36.9575,6.57,4.92,37.1,32.8,0.809,279,225,131,1.06,1.099,0.0448,0.0448,1.113,1033,1033,15,1,114,37.0,111.2,108.4,39.7,40.8,111,39.9,108,41.0,85.5,40.5,34.3,44.9,4.47,4.47,4.80,-3.11,0.033048,1.81802311,0.220420,6.26775226
373.00,2.333,800.287,93.190,93.849,4705.730,701.784,0.9702,76.6,0.059,52.1,0.466,34.1,86.2,107,79.3,4.86,3.70,4.92,541.549,2404.14,12.15,0.029,0.0487,36.9842,6.58,6.43,37.1,32.8,0.809,283,229,96,0.84,0.495,0.0448,0.0448,1.113,1033,1033,15,1,156,3.1,111.8,109.1,39.0,40.1,110,40.3,108,41.4,85.5,40.5,34.2,44.9,4.47,4.47,4.16,-3.08,0.033049,1.82087146,0.220487,6.27751670
374.00,2.333,802.620,93.309,93.861,4703.452,701.436,0.9700,76.6,-0.033,52.1,0.466,34.1,105.6,107,79.3,4.86,3.78,4.92,541.549,2767.99,12.15,0.028,0.0487,36.9842,6.58,7.77,37.1,32.8,0.810,283,229,133,1.05,1.143,0.0449,0.0449,1.113,1033,1033,15,1,160,0.3,117.1,114.3,34.9,36.2,115,36.8,112,38.2,85.4,40.6,34.2,45.0,4.48,4.48,5.39,-4.32,0.033052,1.82371789,0.220563,6.28727898
375.00,2.333,804.953,93.432,93.868,4701.174,701.087,0.9700,76.6,0.004,52.0,0.466,34.1,81.6,107,79.4,4.86,3.68,4.92,541.549,2600.93,12.15,0.028,0.0487,36.9842,6.58,6.05,37.1,32.8,0.809,283,229,87,0.79,0.339,0.0449,0.0449,1.113,1034,1034,15,1,132,22.6,114.6,111.8,37.1,38.3,114,37.7,111,39.0,85.4,40.6,34.2,45.0,4.48,4.48,3.82,-2.62,0.033057,1.82656626,0.220638,6.29704189
376.00,2.333,807.287,93.495,93.869,4698.895,700.739,0.9700,76.6,0.022,52.0,0.466,34.1,99.5,107,79.4,4.86,3.79,4.91,541.549,2244.65,12.15,0.028,0.0487,36.9842,6.58,4.90,37.1,32.8,0.810,284,230,121,0.98,0.945,0.0449,0.0449,1.113,1033,1033,15,1,114,37.0,112.5,109.6,38.7,39.9,112,38.8,109,40.1,85.3,40.5,34.2,45.0,4.48,4.48,5.02,-3.27,0.033060,1.82941312,0.220708,6.30680395
377.00,2.333,809.620,93.622,93.852,4696.618,700.391,0.9700,76.6,-0.058,51.9,0.466,34.1,85.0,107,79.4,4.86,3.70,4.91,541.549,2242.89,12.15,0.029,0.0487,36.9842,6.58,4.92,37.1,32.8,0.808,278,224,92,0.85,0.410,0.0449,0.0449,1.112,1033,1033,15,1,114,37.1,111.0,108.2,39.8,40.9,111,40.0,108,41.1,85.4,40.5,34.2,45.0,4.48,4.48,3.72,-2.28,0.033064,1.83226104,0.220791,6.31656548
378.00,2.333,811.953,93.687,93.858,4694.339,700.042,0.9700,76.6,0.137,51.9,0.466,34.1,93.9,107,79.4,4.86,3.73,4.91,542.042,2442.26,12.20,0.029,0.0487,37.0135,6.61,6.63,37.1,32.8,0.810,284,230,110,0.92,0.754,0.0449,0.0449,1.112,1033,1033,15,1,158,1.6,112.4,109.7,38.5,39.7,111,40.0,108,41.1,85.4,40.5,34.2,45.0,4.48,4.48,4.70,-3.59,0.033065,1.83510872,0.220856,6.32632779
379.00,2.333,814.287,93.817,93.864,4692.062,699.694,0.9699,76.6,0.182,51.9,0.466,34.1,101.0,107,79.4,4.87,3.72,4.91,542.042,2778.34,12.20,0.028,0.0487,37.0135,6.61,7.75,37.1,32.8,0.808,279,225,123,1.01,0.939,0.0449,0.0449,1.111,1033,1033,15,1,160,0.3,117.2,114.4,34.9,36.1,115,36.7,112,38.1,85.3,40.6,34.1,45.0,4.48,4.48,4.59,-3.67,0.033068,1.83795597,0.220941,6.33608860
380.00,2.333,816.620,93.882,93.862,4689.783,699.346,0.9698,76.6,0.147,51.9,0.465,34.1,88.7,107,79.4,4.87,3.69,4.91,542.042,2564.29,12.20,0.028,0.0487,37.0135,6.61,5.83,37.1,32.8,0.809,284,230,101,0.87,0.577,0.0450,0.0450,1.111,1034,1034,15,1,128,25.8,114.3,111.5,37.3,38.5,114,37.8,111,39.1,85.2,40.6,34.1,45.0,4.48,4.48,4.27,-2.94,0.033072,1.84080447,0.221006,6.34585127
381.00,2.333,818.953,94.012,93.854,4687.505,698.997,0.9699,76.6,-0.034,51.8,0.465,34.1,107.1,107,79.4,4.87,3.75,4.90,542.042,2243.76,12.20,0.028,0.0487,37.0135,6.61,4.91,37.1,32.8,0.809,282,228,135,1.07,1.167,0.0450,0.0450,1.110,1033,1033,15,1,114,37.1,112.4,109.5,38.8,40.0,112,38.9,109,40.1,85.2,40.6,34.1,45.0,4.48,4.48,5.14,-3.46,0.033076,1.84365141,0.221086,6.35561240
382.00,2.333,821.287,94.077,93.838,4685.227,698.649,0.9699,76.6,-0.045,51.8,0.465,34.1,83.9,107,79.4,4.87,3.66,4.90,542.042,2242.89,12.20,0.029,0.0487,37.0135,6.61,4.92,37.1,32.8,0.809,285,230,91,0.81,0.413,0.0450,0.0450,1.111,1033,1033,15,1,114,37.1,110.9,108.1,39.9,41.0,111,40.1,108,41.3,85.3,40.5,34.1,45.0,4.48,4.48,3.94,-2.36,0.033079,1.84650038,0.221158,6.36537531
383.00,2.333,823.620,94.207,93.831,4682.949,698.301,0.9699,76.6,-0.007,51.7,0.465,34.1,102.4,107,79.4,4.87,3.77,4.90,542.618,2480.32,12.20,0.029,0.0487,37.0154,6.62,6.81,37.1,32.8,0.809,285,231,127,1.01,1.039,0.0450,0.0450,1.110,1033,1033,15,1,159,0.9,113.0,110.3,38.0,39.2,111,39.7,108,40.8,85.2,40.5,34.0,45.0,4.49,4.49,5.33,-4.18,0.033080,1.84934747,0.221232,6.37513735
384.00,2.333,825.953,94.338,93.831,4680.671,697.952,0.9698,76.6,0.038,51.7,0.465,34.1,79.4,107,79.4,4.88,3.67,4.89,542.618,2784.60,12.20,0.028,0.0487,37.0154,6.62,7.70,37.1,32.8,0.808,285,231,83,0.77,0.264,0.0450,0.0450,1.109,1033,1033,15,1,160,0.3,117.2,114.3,34.9,36.2,115,36.8,112,38.1,85.2,40.6,34.0,45.0,4.49,4.49,3.73,-2.79,0.033083,1.85219612,0.221311,6.38490014
385.00,2.333,828.287,94.403,93.828,4678.393,697.604,0.9697,76.6,0.085,51.7,0.465,34.1,96.6,107,79.4,4.88,3.74,4.89,542.618,2525.46,12.20,0.028,0.0487,37.0154,6.62,5.60,37.1,32.8,0.809,285,231,116,0.95,0.843,0.0450,0.0450,1.109,1034,1034,15,1,125,28.5,114.1,111.2,37.5,38.7,114,37.9,111,39.2,85.1,40.6,34.0,45.0,4.49,4.49,4.84,-3.32,0.033087,1.85504373,0.221379,6.39466346
386.00,2.333,830.620,94.534,93.820,4676.116,697.256,0.9698,76.6,-0.090,51.6,0.465,34.1,93.9,107,79.4,4.88,3.69,4.89,542.618,2243.32,12.20,0.028,0.0487,37.0154,6.62,4.92,37.1,32.8,0.807,279,225,109,0.94,0.688,0.0451,0.0451,1.108,1033,1033,15,1,114,37.1,112.2,109.4,38.9,40.1,112,39.0,109,40.2,85.1,40.6,34.0,45.0,4.49,4.49,4.08,-2.70,0.033091,1.85789165,0.221464,6.40442604
387.00,2.333,832.953,94.599,93.809,4673.837,696.908,0.9698,76.6,0.210,51.6,0.464,34.1,91.2,107,79.4,4.88,3.69,4.89,542.618,2242.89,12.20,0.029,0.0487,37.0154,6.62,4.92,37.1,32.8,0.809,286,231,106,0.89,0.659,0.0451,0.0451,1.108,1033,1033,15,1,114,37.1,110.7,107.9,40.0,41.1,110,40.2,108,41.4,85.2,40.5,34.0,45.0,4.49,4.49,4.42,-2.66,0.033093,1.86074013,0.221529,6.41419041
388.00,2.333,835.287,94.730,93.798,4671.560,696.559,0.9698,76.6,-0.006,51.5,0.464,34.1,105.1,107,79.4,4.88,3.72,4.89,543.204,2517.86,12.20,0.029,0.0487,37.0201,6.62,6.99,37.1,32.8,0.808,282,228,131,1.05,1.085,0.0451,0.0451,1.107,1033,1033,15,1,159,0.6,113.6,110.9,37.5,38.7,111,39.3,109,40.5,85.1,40.5,33.9,45.0,4.49,4.49,4.98,-4.14,0.033095,1.86358744,0.221612,6.42395336
389.00,2.333,837.620,94.796,93.798,4669.282,696.211,0.9697,76.6,-0.007,51.5,0.464,34.1,86.2,107,79.4,4.88,3.65,4.88,543.204,2786.65,12.20,0.028,0.0487,37.0201,6.62,7.64,37.1,32.8,0.809,286,231,96,0.84,0.490,0.0451,0.0451,1.107,1033,1033,15,1,160,0.3,117.0,114.2,35.0,36.3,115,36.9,112,38.2,85.1,40.6,33.9,45.0,4.49,4.49,4.15,-2.99,0.033098,1.86643641,0.221681,6.43371839
390.00,2.333,839.953,94.927,93.794,4667.004,695.863,0.9696,76.6,-0.028,51.5,0.464,34.1,105.4,107,79.4,4.89,3.74,4.88,543.204,2484.86,12.20,0.028,0.0487,37.0201,6.62,5.37,37.1,32.8,0.809,286,231,133,1.04,1.129,0.0451,0.0451,1.106,1034,1034,15,1,122,30.8,113.9,111.0,37.7,38.9,114,38.0,111,39.3,85.0,40.6,33.9,45.0,4.49,4.49,5.35,-3.77,0.033102,1.86928346,0.221758,6.44348219
391.00,2.333,842.287,95.059,93.766,4664.727,695.515,0.9697,76.6,0.007,51.4,0.464,34.1,81.6,107,79.4,4.88,3.64,4.88,543.204,2243.10,12.20,0.028,0.0487,37.0201,6.62,4.92,37.1,32.8,0.808,287,232,87,0.79,0.333,0.0451,0.0451,1.106,1033,1033,15,1,114,37.1,112.0,109.2,39.0,40.2,112,39.1,109,40.3,85.0,40.6,33.9,45.0,4.49,4.49,3.83,-2.40,0.033105,1.87213247,0.221834,6.45324739
392.00,2.333,844.620,95.125,93.769,4662.449,695.166,0.9697,76.6,0.027,51.4,0.464,34.1,99.4,107,79.4,4.89,3.74,4.88,543.204,2242.89,12.20,0.029,0.0487,37.0201,6.62,4.92,37.1,32.8,0.809,287,232,121,0.97,0.934,0.0451,0.0451,1.105,1033,1033,15,1,114,37.1,110.6,107.8,40.1,41.2,110,40.3,107,41.5,85.1,40.5,33.9,45.0,4.50,4.50,5.03,-3.05,0.033107,1.87497986,0.221906,6.46301231
393.00,2.333,846.953,95.257,93.770,4660.172,694.818,0.9697,76.6,-0.059,51.4,0.464,34.1,85.6,107,79.4,4.89,3.66,4.87,543.793,2554.54,12.20,0.029,0.0487,37.0386,6.63,7.15,37.1,32.8,0.807,281,226,93,0.85,0.420,0.0452,0.0452,1.105,1033,1033,15,1,159,0.5,114.2,111.4,37.1,38.3,112,38.9,109,40.2,85.0,40.5,33.8,45.0,4.50,4.50,3.90,-3.38,0.033109,1.87782827,0.221989,6.47277720
394.00,2.333,849.287,95.323,94.243,4657.893,694.470,0.9696,76.6,0.198,51.3,0.463,34.1,92.8,107,79.5,4.89,3.67,4.86,543.793,2784.43,12.20,0.028,0.0487,37.0386,6.63,7.54,37.1,32.8,0.809,287,232,109,0.90,0.710,0.0452,0.0452,1.111,1033,1033,15,1,159,0.4,116.9,114.0,35.1,36.4,115,37.0,112,38.3,85.0,40.6,33.8,45.0,4.50,4.50,4.55,-3.27,0.033112,1.88067758,0.222052,6.48254402
395.00,2.333,851.620,95.416,94.849,4655.616,694.122,0.9695,76.6,-0.050,50.6,0.459,34.1,107.2,108,80.7,4.83,3.70,4.84,543.793,2442.91,12.20,0.028,0.0487,37.0386,6.63,5.14,37.1,32.8,0.808,284,229,135,1.07,1.166,0.0452,0.0452,1.134,1034,1034,15,1,119,32.6,113.6,110.8,37.8,39.1,113,38.1,110,39.4,84.9,40.6,33.8,45.0,4.50,4.50,5.14,-3.63,0.033116,1.88352931,0.222130,6.49231275
396.00,2.333,853.953,95.431,94.599,4653.338,693.773,0.9695,76.5,-0.032,50.4,0.458,34.1,83.8,108,80.6,4.81,3.62,4.83,543.793,2242.99,12.20,0.028,0.0487,37.0386,6.63,4.92,37.1,32.8,0.808,287,232,91,0.81,0.409,0.0452,0.0452,1.135,1033,1033,15,1,114,37.1,111.9,109.0,39.1,40.3,112,39.3,109,40.5,84.9,40.6,33.8,45.0,4.50,4.50,3.96,-2.48,0.033119,1.88638507,0.222196,6.50208793
397.00,2.333,856.287,95.418,94.427,4651.061,693.425,0.9696,76.6,0.027,50.4,0.458,34.1,99.1,107,80.5,4.80,3.72,4.83,543.793,2242.89,12.20,0.029,0.0487,37.0386,6.63,4.92,37.1,32.8,0.809,287,232,120,0.97,0.923,0.0452,0.0452,1.133,1033,1033,15,1,114,37.1,110.4,107.6,40.2,41.4,110,40.5,107,41.6,84.9,40.5,33.8,45.0,4.50,4.50,5.01,-3.02,0.033121,1.88924002,0.222263,6.51186807
398.00,2.333,858.620,95.370,94.114,4648.785,693.077,0.9695,76.6,-0.090,50.3,0.459,34.1,94.4,107,80.2,4.79,3.66,4.81,544.442,2589.91,12.20,0.028,0.0488,37.0639,6.64,7.30,37.1,32.8,0.807,280,226,110,0.95,0.702,0.0453,0.0453,1.132,1033,1033,15,1,159,0.4,114.6,111.8,36.7,37.9,112,38.6,109,39.8,84.9,40.6,33.7,45.0,4.50,4.50,4.29,-3.73,0.033123,1.89209510,0.222341,6.52165315
399.00,2.333,860.953,95.344,93.987,4646.507,692.729,0.9694,76.5,0.199,50.2,0.459,34.1,89.2,107,80.0,4.79,3.65,4.81,544.442,2777.85,12.20,0.028,0.0488,37.0639,6.64,7.43,37.1,32.8,0.808,287,232,101,0.87,0.586,0.0453,0.0453,1.132,1033,1033,15,1,159,0.9,116.6,113.8,35.3,36.6,114,37.1,111,38.4,84.8,40.7,33.7,45.0,4.50,4.50,4.39,-3.13,0.033126,1.89494952,0.222401,6.53144397
400.00,2.333,863.287,95.300,93.796,4644.232,692.380,0.9693,76.6,-0.033,50.1,0.459,34.1,106.1,107,79.8,4.78,3.71,4.80,544.442,2400.08,12.20,0.028,0.0488,37.0639,6.64,4.91,37.1,32.8,0.808,286,231,134,1.05,1.134,0.0453,0.0453,1.132,1034,1034,15,1,117,34.1,113.4,110.5,38.0,39.3,113,38.2,110,39.5,84.8,40.7,33.7,45.0,4.50,4.50,5.35,-3.73,0.033130,1.89780138,0.222475,6.54123656
401.00,2.333,865.620,95.277,93.667,4641.956,692.032,0.9694,76.5,0.057,50.0,0.458,34.1,80.8,106,79.7,4.77,3.63,4.79,544.442,2242.94,12.20,0.028,0.0488,37.0639,6.64,4.92,37.1,32.8,0.808,288,232,85,0.78,0.301,0.0453,0.0453,1.133,1033,1033,15,1,114,37.2,111.7,108.8,39.2,40.4,112,39.4,109,40.6,84.8,40.6,33.7,45.1,4.50,4.50,3.83,-2.37,0.033133,1.90065377,0.222546,6.55103212
402.00,2.333,867.953,95.275,93.635,4639.679,691.684,0.9694,76.6,0.085,50.0,0.458,34.1,95.6,106,79.7,4.76,3.69,4.79,544.442,2242.89,12.20,0.028,0.0488,37.0639,6.64,4.92,37.1,32.8,0.809,288,233,114,0.93,0.798,0.0453,0.0453,1.133,1033,1033,15,1,114,37.2,110.2,107.4,40.4,41.5,110,40.6,107,41.7,84.8,40.6,33.7,45.1,4.51,4.51,4.81,-2.86,0.033135,1.90350398,0.222612,6.56082817
403.00,2.333,870.287,95.293,93.610,4637.404,691.336,0.9693,76.6,0.182,49.9,0.458,34.1,100.8,106,79.7,4.76,3.67,4.78,545.102,2631.62,12.24,0.028,0.0488,37.0995,6.67,7.46,37.1,32.8,0.807,283,228,123,1.01,0.919,0.0453,0.0453,1.134,1033,1033,15,1,159,0.3,115.2,112.4,36.3,37.5,113,38.2,110,39.5,84.7,40.6,33.7,45.1,4.51,4.51,4.73,-4.10,0.033137,1.90635342,0.222692,6.57062288
404.00,2.333,872.620,95.313,93.608,4635.127,690.988,0.9692,76.5,0.062,49.9,0.458,34.1,86.6,106,79.7,4.75,3.62,4.78,545.102,2763.43,12.24,0.028,0.0488,37.0995,6.67,7.26,37.1,32.8,0.808,288,233,97,0.84,0.493,0.0453,0.0453,1.135,1033,1033,15,1,157,2.3,116.3,113.5,35.6,36.8,114,37.2,111,38.5,84.6,40.7,33.7,45.1,4.51,4.51,4.23,-3.00,0.033140,1.90920337,0.222756,6.58041825
405.00,2.333,874.953,95.369,93.616,4632.851,690.639,0.9692,76.6,-0.018,49.8,0.458,34.1,102.8,106,79.7,4.75,3.71,4.78,545.102,2346.17,12.24,0.028,0.0488,37.0995,6.67,4.64,37.1,32.8,0.808,289,233,128,1.01,1.038,0.0454,0.0454,1.136,1034,1034,15,1,116,35.5,113.1,110.2,38.2,39.4,113,38.3,110,39.6,84.6,40.7,33.6,45.1,4.51,4.51,5.37,-3.65,0.033145,1.91205140,0.222829,6.59021102
406.00,2.333,877.287,95.447,93.620,4630.575,690.291,0.9692,76.5,-0.036,49.7,0.457,34.1,81.6,106,79.8,4.75,3.63,4.77,545.102,2242.91,12.24,0.028,0.0488,37.0995,6.67,4.92,37.1,32.8,0.807,285,230,86,0.79,0.304,0.0454,0.0454,1.137,1033,1033,15,1,114,37.2,111.5,108.6,39.4,40.6,111,39.5,108,40.7,84.6,40.7,33.6,45.1,4.51,4.51,3.77,-2.34,0.033148,1.91490066,0.222907,6.60000281
407.00,2.333,879.620,95.492,93.630,4628.298,689.943,0.9693,76.5,0.161,49.7,0.457,34.1,92.9,106,79.8,4.75,3.66,4.77,545.102,2247.11,12.24,0.028,0.0488,37.1155,6.67,5.15,37.1,32.8,0.808,289,234,109,0.90,0.707,0.0454,0.0454,1.137,1033,1033,15,1,114,36.8,110.0,107.2,40.5,41.6,110,40.7,107,41.8,84.6,40.6,33.6,45.1,4.51,4.51,4.61,-2.78,0.033150,1.91774916,0.222973,6.60979341
408.00,2.333,881.953,95.593,93.657,4626.022,689.595,0.9691,76.6,-0.006,49.7,0.457,34.1,104.8,106,79.8,4.75,3.67,4.77,545.813,2669.99,12.24,0.028,0.0488,37.1155,6.68,7.60,37.1,32.8,0.807,285,230,131,1.04,1.064,0.0454,0.0454,1.138,1033,1033,15,1,160,0.3,115.7,112.9,35.9,37.1,113,37.8,110,39.1,84.6,40.7,33.6,45.1,4.51,4.51,5.13,-4.38,0.033153,1.92059703,0.223055,6.61958117
409.00,2.333,884.287,95.647,93.669,4623.745,689.247,0.9690,76.5,-0.039,49.6,0.457,34.1,84.3,106,79.8,4.75,3.60,4.77,545.813,2742.41,12.24,0.028,0.0488,37.1155,6.68,7.06,37.1,32.8,0.808,289,234,93,0.81,0.416,0.0454,0.0454,1.138,1034,1034,15,1,154,5.1,115.9,113.1,35.9,37.2,114,37.3,111,38.7,84.5,40.7,33.6,45.1,4.51,4.51,4.08,-2.87,0.033156,1.92344638,0.223124,6.62936915
410.00,2.333,886.620,95.763,93.685,4621.469,688.898,0.9690,76.6,0.009,49.6,0.457,34.1,99.9,106,79.9,4.75,3.70,4.76,545.813,2293.73,12.24,0.028,0.0488,37.1155,6.68,4.48,37.1,32.8,0.808,290,234,123,0.97,0.941,0.0455,0.0455,1.138,1034,1034,15,1,114,36.5,112.9,110.0,38.4,39.6,113,38.5,110,39.7,84.5,40.7,33.5,45.1,4.51,4.51,5.18,-3.48,0.033161,1.92629420,0.223198,6.63915506
411.00,2.333,888.953,95.885,93.685,4619.194,688.550,0.9691,76.5,-0.084,49.5,0.456,34.1,89.8,106,79.9,4.75,3.63,4.76,545.813,2242.90,12.24,0.028,0.0488,37.1155,6.68,4.92,37.1,32.8,0.806,283,228,101,0.89,0.542,0.0455,0.0455,1.138,1033,1033,15,1,114,37.2,111.3,108.5,39.5,40.7,111,39.6,108,40.8,84.5,40.7,33.5,45.1,4.51,4.51,3.99,-2.54,0.033164,1.92914308,0.223281,6.64893993
412.00,2.333,891.287,95.947,93.686,4616.916,688.202,0.9691,76.5,0.210,49.5,0.456,34.1,90.4,106,79.9,4.75,3.62,4.76,545.813,2274.28,12.24,0.028,0.0489,37.1287,6.68,5.58,37.1,32.8,0.808,290,234,104,0.87,0.620,0.0455,0.0455,1.137,1033,1033,15,1,125,28.1,109.9,107.1,40.5,41.6,110,40.8,107,41.9,84.5,40.6,33.5,45.1,4.52,4.52,4.45,-2.73,0.033166,1.93199212,0.223347,6.65872505
413.00,2.333,893.620,96.075,93.694,4614.641,687.854,0.9690,76.6,-0.034,49.5,0.456,34.1,106.4,106,79.9,4.75,3.67,4.76,546.572,2704.32,12.24,0.028,0.0489,37.1287,6.69,7.70,37.1,32.8,0.807,287,232,135,1.05,1.128,0.0455,0.0455,1.137,1033,1033,15,1,160,0.3,116.1,113.3,35.5,36.8,114,37.4,111,38.8,84.4,40.7,33.5,45.1,4.52,4.52,5.41,-4.55,0.033168,1.93484011,0.223428,6.66850825
414.00,2.333,895.953,96.205,93.697,4612.364,687.506,0.9689,76.5,0.007,49.4,0.456,34.1,82.1,106,79.9,4.75,3.58,4.75,546.572,2715.02,12.24,0.028,0.0489,37.1287,6.69,6.83,37.1,32.8,0.807,290,234,88,0.79,0.340,0.0455,0.0455,1.137,1034,1034,15,1,149,9.1,115.5,112.6,36.2,37.5,114,37.4,111,38.8,84.4,40.7,33.5,45.1,4.52,4.52,3.94,-2.75,0.033172,1.93768982,0.223502,6.67829244
415.00,2.333,898.287,96.270,93.696,4610.087,687.158,0.9689,76.6,0.054,49.4,0.456,34.1,97.1,106,79.9,4.76,3.67,4.75,546.572,2264.22,12.24,0.028,0.0489,37.1287,6.69,4.73,37.1,32.8,0.808,291,235,117,0.94,0.843,0.0455,0.0455,1.136,1034,1034,15,1,114,36.9,112.6,109.7,38.5,39.7,113,38.6,110,39.9,84.4,40.7,33.4,45.1,4.52,4.52,4.97,-3.28,0.033176,1.94053822,0.223574,6.68807606
416.00,2.333,900.620,96.401,93.683,4607.813,686.810,0.9690,76.5,-0.076,49.3,0.456,34.1,97.7,106,79.9,4.76,3.63,4.75,546.572,2242.90,12.24,0.028,0.0489,37.1287,6.69,4.92,37.1,32.8,0.806,284,229,117,0.97,0.806,0.0456,0.0456,1.136,1033,1033,15,1,113,37.2,111.2,108.3,39.6,40.8,111,39.8,108,41.0,84.4,40.7,33.4,45.1,4.52,4.52,4.39,-2.84,0.033179,1.94338706,0.223658,6.69785883
417.00,2.333,902.953,96.467,93.678,4605.535,686.461,0.9690,76.5,0.147,49.3,0.455,34.1,87.9,106,79.9,4.76,3.59,4.75,546.572,2322.82,12.24,0.028,0.0489,37.1384,6.69,5.97,37.1,32.8,0.807,291,235,100,0.85,0.534,0.0456,0.0456,1.136,1033,1033,15,1,144,12.9,110.3,107.5,40.1,41.2,110,40.7,107,41.9,84.4,40.6,33.4,45.1,4.52,4.52,4.32,-2.81,0.033181,1.94623672,0.223725,6.70764310
418.00,2.333,905.287,96.600,93.675,4603.260,686.113,0.9689,76.6,-0.028,49.3,0.455,34.1,104.3,106,79.9,4.76,3.67,4.75,547.365,2739.08,12.30,0.028,0.0489,37.1384,6.73,7.78,37.1,32.8,0.808,291,235,131,1.02,1.078,0.0456,0.0456,1.135,1033,1033,15,1,160,0.3,116.5,113.7,35.2,36.5,114,37.1,111,38.5,84.3,40.7,33.4,45.1,4.52,4.52,5.54,-4.54,0.033183,1.94908492,0.223804,6.71742614
419.00,2.333,907.620,96.733,93.670,4600.984,685.765,0.9688,76.5,0.038,49.2,0.455,34.1,80.0,106,79.9,4.76,3.58,4.74,547.365,2674.28,12.30,0.028,0.0489,37.1384,6.73,6.52,37.1,32.7,0.807,291,235,84,0.76,0.267,0.0456,0.0456,1.134,1034,1034,15,1,141,14.9,115.0,112.2,36.6,37.9,114,37.5,111,38.9,84.3,40.8,33.4,45.1,4.52,4.52,3.82,-2.65,0.033187,1.95193468,0.223882,6.72721020
420.00,2.333,909.953,96.799,93.667,4598.707,685.417,0.9688,76.5,0.160,49.2,0.455,34.1,94.3,106,80.0,4.76,3.63,4.74,547.365,2250.32,12.30,0.028,0.0489,37.1384,6.73,4.85,37.1,32.7,0.808,292,236,112,0.91,0.748,0.0456,0.0456,1.134,1033,1033,15,1,114,37.1,112.4,109.5,38.6,39.9,112,38.7,109,40.0,84.3,40.7,33.3,45.1,4.52,4.52,4.76,-3.11,0.033190,1.95478352,0.223952,6.73699460
421.00,2.333,912.287,96.932,93.652,4596.432,685.069,0.9689,76.5,0.668,49.2,0.455,34.1,103.0,106,80.0,4.76,3.63,4.74,547.365,2242.89,12.30,0.028,0.0489,37.1384,6.73,4.92,37.1,32.7,0.806,287,231,128,1.02,0.991,0.0457,0.0457,1.134,1033,1033,15,1,113,37.2,111.0,108.1,39.7,40.9,111,39.9,108,41.1,84.3,40.7,33.3,45.1,4.53,4.53,4.80,-3.12,0.033193,1.95763215,0.224036,6.74677803
422.00,2.333,914.620,96.999,93.645,4594.156,684.721,0.9689,76.5,-0.035,49.1,0.455,34.1,85.5,106,80.0,4.77,3.57,4.74,548.184,2378.31,12.30,0.028,0.0489,37.1326,6.74,6.31,37.1,32.7,0.807,292,236,95,0.82,0.451,0.0457,0.0457,1.133,1033,1033,15,1,154,4.9,111.1,108.3,39.4,40.6,110,40.5,107,41.7,84.3,40.6,33.3,45.1,4.53,4.53,4.21,-2.98,0.033195,1.96048210,0.224106,6.75656331
423.00,2.333,916.953,97.132,93.641,4591.880,684.373,0.9688,76.6,0.003,49.1,0.455,34.1,101.3,106,80.0,4.77,3.67,4.73,548.184,2765.99,12.30,0.028,0.0489,37.1326,6.74,7.82,37.1,32.7,0.807,292,236,126,0.98,0.979,0.0457,0.0457,1.133,1033,1033,15,1,160,0.3,116.8,114.0,35.0,36.3,114,36.9,111,38.3,84.3,40.7,33.3,45.1,4.53,4.53,5.41,-4.30,0.033197,1.96333038,0.224182,6.76634770
424.00,2.333,919.287,97.267,93.636,4589.605,684.024,0.9687,76.5,-0.060,49.1,0.454,34.1,85.3,106,80.0,4.77,3.58,4.73,548.184,2625.92,12.30,0.028,0.0489,37.1326,6.74,6.20,37.1,32.7,0.806,286,230,93,0.83,0.401,0.0457,0.0457,1.132,1034,1034,15,1,134,20.7,114.6,111.7,37.0,38.2,114,37.6,111,39.0,84.2,40.8,33.3,45.1,4.53,4.53,3.91,-2.75,0.033201,1.96617980,0.224264,6.77613254
425.00,2.333,921.620,97.334,93.633,4587.328,683.676,0.9687,76.5,0.203,49.0,0.454,34.1,91.7,106,80.0,4.77,3.60,4.73,548.184,2245.47,12.30,0.028,0.0489,37.1326,6.74,4.90,37.1,32.7,0.807,293,236,107,0.88,0.656,0.0457,0.0457,1.132,1033,1033,15,1,114,37.2,112.2,109.3,38.7,40.0,112,38.9,109,40.1,84.2,40.7,33.2,45.1,4.53,4.53,4.58,-2.96,0.033204,1.96902894,0.224332,6.78591831
426.00,2.333,923.953,97.468,93.615,4585.053,683.328,0.9688,76.6,-0.030,49.0,0.454,34.1,105.7,106,80.0,4.77,3.63,4.73,548.184,2242.89,12.30,0.028,0.0489,37.1326,6.74,4.92,37.1,32.7,0.806,289,233,133,1.04,1.091,0.0457,0.0457,1.131,1033,1033,15,1,113,37.2,110.8,107.9,39.9,41.0,111,40.0,108,41.2,84.2,40.6,33.2,45.1,4.53,4.53,5.14,-3.31,0.033206,1.97187725,0.224415,6.79570292
427.00,2.333,926.287,97.602,93.610,4582.777,682.980,0.9688,76.5,-0.032,48.9,0.454,34.1,83.3,106,80.0,4.78,3.54,4.72,549.001,2436.23,12.30,0.028,0.0489,37.1331,6.75,6.61,37.1,32.7,0.806,293,236,91,0.79,0.372,0.0458,0.0458,1.131,1033,1033,15,1,158,1.8,112.0,109.2,38.7,39.9,110,40.1,107,41.3,84.2,40.6,33.2,45.1,4.53,4.53,4.11,-3.15,0.033208,1.97472718,0.224488,6.80548920
428.00,2.333,928.620,97.669,93.610,4580.501,682.632,0.9687,76.6,0.041,48.9,0.454,34.1,98.4,106,80.0,4.78,3.64,4.72,549.001,2784.18,12.30,0.028,0.0489,37.1331,6.75,7.79,37.1,32.7,0.807,293,237,120,0.95,0.880,0.0458,0.0458,1.130,1033,1033,15,1,160,0.3,116.9,114.1,34.9,36.2,115,36.8,112,38.2,84.2,40.7,33.2,45.2,4.53,4.53,5.18,-3.98,0.033210,1.97757551,0.224561,6.81527498
429.00,2.333,930.953,97.804,93.606,4578.226,682.284,0.9686,76.5,-0.090,48.9,0.454,34.1,93.9,106,80.0,4.78,3.59,4.72,549.001,2571.12,12.30,0.028,0.0489,37.1331,6.75,5.85,37.1,32.7,0.805,286,230,110,0.92,0.668,0.0458,0.0458,1.130,1034,1034,15,1,128,25.8,114.2,111.3,37.3,38.5,114,37.8,111,39.1,84.1,40.8,33.2,45.2,4.53,4.53,4.27,-3.04,0.033214,1.98042444,0.224646,6.82506049
430.00,2.333,933.287,97.871,93.603,4575.950,681.936,0.9687,76.5,0.152,48.9,0.454,34.1,89.1,106,80.0,4.78,3.57,4.72,549.001,2243.78,12.30,0.028,0.0489,37.1331,6.75,4.91,37.1,32.7,0.807,294,237,102,0.85,0.568,0.0458,0.0458,1.129,1033,1033,15,1,113,37.2,112.1,109.2,38.9,40.1,112,39.0,109,40.3,84.1,40.7,33.1,45.2,4.53,4.53,4.42,-2.82,0.033217,1.98327381,0.224714,6.83484744
431.00,2.333,935.620,98.005,93.581,4573.675,681.588,0.9687,76.5,-0.033,48.8,0.454,34.1,105.7,106,80.0,4.78,3.63,4.72,549.001,2242.89,12.30,0.028,0.0489,37.1331,6.75,4.92,37.1,32.7,0.807,292,236,134,1.03,1.104,0.0458,0.0458,1.129,1033,1033,15,1,113,37.2,110.6,107.7,40.0,41.2,110,40.2,107,41.4,84.1,40.6,33.1,45.2,4.54,4.54,5.35,-3.41,0.033219,1.98612189,0.224794,6.84463317
432.00,2.333,937.953,98.139,93.581,4571.399,681.240,0.9687,76.5,0.069,48.8,0.453,34.1,81.1,106,80.0,4.79,3.54,4.71,549.805,2503.76,12.35,0.028,0.0489,37.1374,6.79,6.94,37.1,32.7,0.806,294,237,87,0.77,0.298,0.0459,0.0459,1.128,1033,1033,15,1,159,0.7,113.2,110.4,37.8,39.0,111,39.5,108,40.7,84.1,40.6,33.1,45.2,4.54,4.54,4.00,-3.27,0.033220,1.98897162,0.224872,6.85442018
433.00,2.333,940.287,98.206,93.582,4569.123,680.892,0.9686,76.5,0.117,48.7,0.453,34.1,95.6,106,80.0,4.79,3.61,4.71,549.805,2793.37,12.35,0.028,0.0489,37.1374,6.79,7.70,37.1,32.7,0.807,294,237,115,0.92,0.784,0.0459,0.0459,1.128,1033,1033,15,1,160,0.3,116.9,114.1,34.9,36.3,115,36.8,112,38.2,84.1,40.7,33.1,45.2,4.54,4.54,4.94,-3.61,0.033222,1.99182008,0.224943,6.86420722
434.00,2.333,942.620,98.340,93.578,4566.849,680.544,0.9685,76.5,0.253,48.7,0.453,34.1,100.5,106,80.0,4.79,3.59,4.71,549.805,2500.97,12.35,0.028,0.0489,37.1374,6.79,5.44,37.1,32.7,0.805,288,232,123,0.99,0.896,0.0459,0.0459,1.127,1034,1034,15,1,122,30.3,113.8,110.9,37.6,38.9,113,37.9,110,39.3,84.0,40.8,33.1,45.2,4.54,4.54,4.72,-3.36,0.033226,1.99466855,0.225029,6.87399344
435.00,2.333,944.953,98.406,93.574,4564.573,680.195,0.9686,76.5,-0.006,48.7,0.453,34.1,86.3,106,80.0,4.79,3.53,4.71,549.805,2243.15,12.35,0.028,0.0489,37.1374,6.79,4.92,37.1,32.7,0.806,295,238,97,0.82,0.471,0.0459,0.0459,1.127,1033,1033,15,1,113,37.2,111.9,109.0,39.0,40.3,112,39.1,109,40.4,84.0,40.7,33.0,45.2,4.54,4.54,4.23,-2.68,0.033229,1.99751822,0.225098,6.88378148
436.00,2.333,947.287,98.534,94.203,4562.297,679.847,0.9686,76.5,0.021,47.8,0.446,34.1,99.6,107,80.7,4.71,3.62,4.69,549.805,2242.89,12.35,0.028,0.0489,37.1374,6.79,4.92,37.1,32.7,0.807,295,238,122,0.96,0.920,0.0459,0.0459,1.155,1033,1033,15,1,113,37.2,110.3,107.5,40.2,41.3,110,40.4,107,41.5,84.1,40.6,33.0,45.2,4.54,4.54,5.17,-3.14,0.033231,2.00036821,0.225171,6.89357010
437.00,2.333,949.620,98.619,94.261,4560.022,679.499,0.9686,76.5,-0.075,47.6,0.445,34.1,98.6,107,81.0,4.69,3.57,4.68,550.600,2568.98,12.35,0.028,0.0489,37.1276,6.80,7.23,37.1,32.7,0.805,288,232,119,0.97,0.830,0.0459,0.0459,1.160,1033,1033,15,1,159,0.4,114.2,111.4,37.0,38.2,112,38.8,109,40.1,84.0,40.7,33.0,45.2,4.54,4.54,4.64,-3.97,0.033232,2.00322090,0.225252,6.90336125
438.00,2.333,951.953,98.644,94.177,4557.746,679.151,0.9685,76.5,-0.006,47.5,0.445,34.1,86.4,107,80.9,4.69,3.53,4.68,550.600,2789.23,12.35,0.028,0.0489,37.1276,6.80,7.54,37.1,32.7,0.806,295,238,97,0.82,0.473,0.0460,0.0460,1.160,1033,1033,15,1,159,0.5,116.7,113.9,35.1,36.4,114,37.0,111,38.4,84.0,40.7,33.0,45.2,4.54,4.54,4.27,-3.05,0.033234,2.00607541,0.225318,6.91315730
439.00,2.333,954.287,98.669,93.964,4555.471,678.803,0.9684,76.5,0.021,47.4,0.445,34.1,99.1,106,80.7,4.68,3.62,4.67,550.600,2426.37,12.35,0.028,0.0489,37.1276,6.80,5.03,37.1,32.7,0.807,295,238,121,0.96,0.900,0.0460,0.0460,1.159,1034,1034,15,1,118,33.5,113.4,110.5,37.9,39.2,113,38.1,110,39.4,83.9,40.7,33.0,45.2,4.54,4.54,5.22,-3.54,0.033238,2.00892882,0.225389,6.92295644
440.00,2.333,956.620,98.678,93.749,4553.198,678.455,0.9685,76.5,-0.075,47.3,0.444,34.1,98.1,106,80.5,4.67,3.57,4.66,550.600,2242.97,12.35,0.028,0.0489,37.1276,6.80,4.92,37.1,32.7,0.805,288,232,118,0.97,0.808,0.0460,0.0460,1.158,1033,1033,15,1,113,37.2,111.7,108.8,39.2,40.4,111,39.3,109,40.6,83.9,40.7,32.9,45.2,4.55,4.55,4.52,-2.99,0.033241,2.01178225,0.225470,6.93275880
441.00,2.333,958.953,98.682,93.678,4550.922,678.107,0.9685,76.5,-0.006,47.3,0.445,34.1,86.0,106,80.4,4.67,3.52,4.66,550.600,2242.89,12.35,0.028,0.0489,37.1276,6.80,4.92,37.1,32.7,0.806,295,238,96,0.82,0.456,0.0460,0.0460,1.157,1033,1033,15,1,113,37.2,110.1,107.3,40.3,41.5,110,40.5,107,41.7,83.9,40.6,32.9,45.2,4.55,4.55,4.23,-2.50,0.033242,2.01463550,0.225536,6.94256508
442.00,2.333,961.287,98.696,93.573,4548.648,677.759,0.9684,76.5,0.021,47.3,0.444,34.1,98.8,106,80.3,4.67,3.61,4.65,551.434,2629.63,12.35,0.028,0.0489,37.1393,6.81,7.47,37.1,32.7,0.806,296,238,121,0.95,0.885,0.0460,0.0460,1.157,1033,1033,15,1,159,0.3,115.0,112.2,36.3,37.6,113,38.2,110,39.5,83.9,40.7,32.9,45.2,4.55,4.55,5.35,-4.40,0.033243,2.01748662,0.225608,6.95237242
443.00,2.333,963.620,98.724,93.508,4546.375,677.411,0.9683,76.5,-0.075,47.2,0.444,34.1,97.9,106,80.3,4.66,3.56,4.65,551.434,2771.46,12.35,0.028,0.0489,37.1393,6.81,7.30,37.1,32.7,0.805,289,232,118,0.96,0.798,0.0461,0.0461,1.158,1033,1033,15,1,157,2.1,116.3,113.5,35.5,36.8,114,37.1,111,38.5,83.8,40.8,32.9,45.2,4.55,4.55,4.61,-3.41,0.033246,2.02033748,0.225689,6.96218047
444.00,2.333,965.953,98.744,93.485,4544.100,677.063,0.9683,76.5,-0.006,47.2,0.444,34.1,85.8,106,80.3,4.66,3.51,4.64,551.434,2349.95,12.35,0.028,0.0489,37.1393,6.81,4.64,37.1,32.7,0.806,296,238,96,0.82,0.450,0.0461,0.0461,1.158,1034,1034,15,1,116,35.5,113.1,110.2,38.2,39.4,113,38.3,110,39.6,83.8,40.8,32.9,45.2,4.55,4.55,4.27,-2.82,0.033249,2.02318836,0.225756,6.97199004
445.00,2.333,968.287,98.796,93.439,4541.825,676.715,0.9684,76.5,0.021,47.1,0.444,34.1,98.7,106,80.3,4.65,3.60,4.64,551.434,2242.91,12.35,0.028,0.0489,37.1393,6.81,4.92,37.1,32.7,0.806,296,239,121,0.95,0.879,0.0461,0.0461,1.159,1033,1033,15,1,113,37.2,111.4,108.5,39.4,40.6,111,39.5,108,40.8,83.8,40.7,32.9,45.2,4.55,4.55,5.21,-3.29,0.033252,2.02603752,0.225829,6.98179857
446.00,2.333,970.620,98.864,93.435,4539.552,676.367,0.9684,76.5,-0.075,47.1,0.444,34.1,97.8,106,80.3,4.65,3.55,4.64,551.434,2255.91,12.35,0.028,0.0489,37.1513,6.81,5.35,37.1,32.7,0.805,289,233,118,0.96,0.793,0.0461,0.0461,1.159,1033,1033,15,1,116,34.7,109.9,107.1,40.4,41.6,110,40.7,107,41.8,83.8,40.6,32.8,45.2,4.55,4.55,4.49,-2.88,0.033254,2.02888684,0.225911,6.99160614
447.00,2.333,972.953,98.904,93.436,4537.277,676.019,0.9683,76.5,-0.006,47.0,0.444,34.1,85.9,106,80.3,4.65,3.51,4.63,552.209,2690.68,12.40,0.028,0.0489,37.1513,6.85,7.68,37.1,32.7,0.806,297,239,96,0.82,0.449,0.0461,0.0461,1.160,1033,1033,15,1,160,0.3,115.9,113.0,35.6,37.0,114,37.6,111,38.9,83.8,40.7,32.8,45.2,4.55,4.55,4.37,-3.68,0.033255,2.03173653,0.225979,7.00141399
448.00,2.333,975.287,98.994,93.447,4535.002,675.671,0.9682,76.5,0.021,47.0,0.443,34.1,98.7,106,80.3,4.65,3.60,4.63,552.209,2734.96,12.40,0.028,0.0489,37.1513,6.85,6.97,37.1,32.7,0.806,297,239,121,0.95,0.878,0.0462,0.0462,1.160,1034,1034,15,1,151,7.0,115.7,112.8,36.0,37.3,114,37.3,111,38.7,83.7,40.8,32.8,45.2,4.55,4.55,5.26,-3.73,0.033258,2.03458477,0.226053,7.01122006
449.00,2.333,977.620,99.095,93.455,4532.729,675.323,0.9682,76.5,-0.075,46.9,0.443,34.1,97.8,106,80.3,4.65,3.55,4.63,552.209,2275.02,12.40,0.028,0.0489,37.1513,6.85,4.63,37.1,32.7,0.804,290,233,118,0.96,0.792,0.0462,0.0462,1.160,1034,1034,15,1,114,36.8,112.8,109.9,38.3,39.6,113,38.4,110,39.8,83.7,40.7,32.8,45.2,4.55,4.55,4.58,-3.17,0.033262,2.03743346,0.226137,7.02102480
450.00,2.333,979.953,99.148,93.446,4530.454,674.975,0.9682,76.5,-0.006,46.9,0.443,34.1,85.9,106,80.3,4.65,3.50,4.63,552.209,2242.90,12.40,0.028,0.0489,37.1513,6.85,4.92,37.1,32.7,0.805,297,239,96,0.81,0.449,0.0462,0.0462,1.161,1033,1033,15,1,113,37.2,111.1,108.3,39.5,40.8,111,39.7,108,40.9,83.7,40.7,32.8,45.2,4.56,4.56,4.26,-2.62,0.033265,2.04028280,0.226206,7.03082978
451.00,2.333,982.287,99.261,93.456,4528.180,674.627,0.9683,76.5,0.021,46.9,0.443,34.1,98.7,106,80.3,4.65,3.59,4.62,552.209,2315.07,12.40,0.028,0.0489,37.1473,6.85,5.93,37.1,32.7,0.806,297,240,121,0.94,0.877,0.0462,0.0462,1.160,1033,1033,15,1,141,14.8,110.2,107.4,40.2,41.3,109,40.7,107,41.9,83.7,40.7,32.7,45.2,4.56,4.56,5.23,-3.37,0.033266,2.04313089,0.226281,7.04063308
452.00,2.333,984.620,99.379,93.466,4525.907,674.279,0.9682,76.5,-0.075,46.8,0.443,34.1,97.8,106,80.3,4.65,3.54,4.62,553.005,2740.25,12.40,0.028,0.0489,37.1473,6.86,7.81,37.1,32.7,0.804,290,233,118,0.95,0.791,0.0462,0.0462,1.160,1033,1033,15,1,160,0.3,116.5,113.7,35.2,36.5,114,37.0,111,38.5,83.7,40.7,32.7,45.2,4.56,4.56,4.69,-3.96,0.033268,2.04597949,0.226366,7.05043532
453.00,2.333,986.953,99.440,93.470,4523.632,673.931,0.9681,76.5,-0.006,46.8,0.443,34.1,85.9,106,80.4,4.65,3.49,4.62,553.005,2682.54,12.40,0.028,0.0489,37.1473,6.86,6.56,37.1,32.7,0.805,298,240,97,0.81,0.449,0.0463,0.0463,1.160,1034,1034,15,1,142,14.5,115.0,112.2,36.5,37.8,114,37.5,111,38.8,83.6,40.8,32.7,45.2,4.56,4.56,4.29,-2.99,0.033271,2.04882873,0.226435,7.06023815
454.00,2.333,989.287,99.564,93.472,4521.357,673.583,0.9681,76.5,0.021,46.7,0.442,34.1,98.7,106,80.4,4.65,3.58,4.62,553.005,2250.84,12.40,0.028,0.0489,37.1473,6.86,4.85,37.1,32.7,0.806,298,240,121,0.94,0.876,0.0463,0.0463,1.159,1033,1033,15,1,114,37.1,112.5,109.5,38.6,39.8,112,38.7,109,40.0,83.6,40.7,32.7,45.3,4.56,4.56,5.24,-3.45,0.033275,2.05167680,0.226512,7.07003974
455.00,2.333,991.620,99.689,93.461,4519.084,673.235,0.9682,76.5,-0.075,46.7,0.442,34.1,97.8,106,80.4,4.66,3.53,4.61,553.005,2242.89,12.40,0.028,0.0489,37.1473,6.86,4.92,37.1,32.7,0.804,291,234,118,0.95,0.788,0.0463,0.0463,1.159,1033,1033,15,1,113,37.2,110.9,108.1,39.7,40.9,111,39.9,108,41.1,83.6,40.7,32.7,45.3,4.56,4.56,4.54,-2.93,0.033277,2.05452548,0.226596,7.07984071
456.00,2.333,993.953,99.753,93.460,4516.809,672.887,0.9682,76.5,-0.006,46.7,0.442,34.1,85.9,106,80.4,4.66,3.48,4.61,553.810,2389.84,12.40,0.028,0.0489,37.1443,6.87,6.38,37.1,32.7,0.805,298,240,97,0.81,0.448,0.0463,0.0463,1.159,1033,1033,15,1,155,4.0,111.2,108.5,39.3,40.5,110,40.4,107,41.6,83.6,40.7,32.6,45.3,4.56,4.56,4.33,-3.11,0.033278,2.05737484,0.226666,7.08964264
457.00,2.333,996.287,99.881,93.460,4514.535,672.539,0.9681,76.5,0.021,46.6,0.442,34.1,98.7,106,80.4,4.66,3.57,4.61,553.810,2775.82,12.40,0.028,0.0489,37.1443,6.87,7.85,37.1,32.7,0.806,298,240,121,0.94,0.874,0.0463,0.0463,1.158,1033,1033,15,1,160,0.3,116.9,114.0,34.9,36.2,115,36.8,112,38.2,83.6,40.7,32.6,45.3,4.56,4.56,5.33,-4.19,0.033280,2.06022294,0.226743,7.09944365
458.00,2.333,998.620,100.010,93.458,4512.262,672.191,0.9680,76.5,0.024,46.6,0.442,34.1,97.7,106,80.4,4.66,3.52,4.61,553.810,2616.35,12.40,0.028,0.0489,37.1443,6.87,6.12,37.1,32.7,0.804,291,234,118,0.95,0.786,0.0464,0.0464,1.158,1034,1034,15,1,132,22.2,114.5,111.6,37.0,38.3,114,37.6,111,39.0,83.5,40.8,32.6,45.3,4.56,4.56,4.63,-3.33,0.033284,2.06307156,0.226828,7.10924435
459.00,2.333,1000.953,100.074,93.455,4509.987,671.843,0.9680,76.5,-0.037,46.6,0.442,34.1,85.9,106,80.4,4.66,3.48,4.60,553.810,2244.84,12.40,0.028,0.0489,37.1443,6.87,4.90,37.1,32.7,0.805,299,241,97,0.81,0.447,0.0464,0.0464,1.158,1033,1033,15,1,113,37.2,112.2,109.3,38.7,40.0,112,38.8,109,40.1,83.5,40.7,32.6,45.3,4.56,4.56,4.28,-2.74,0.033287,2.06592089,0.226898,7.11904628
460.00,2.333,1003.287,100.203,93.440,4507.713,671.495,0.9681,76.5,0.033,46.5,0.441,34.1,98.6,106,80.4,4.66,3.56,4.60,553.810,2242.89,12.40,0.028,0.0489,37.1443,6.87,4.92,37.1,32.7,0.805,299,241,121,0.94,0.871,0.0464,0.0464,1.157,1033,1033,15,1,113,37.2,110.7,107.8,39.9,41.1,110,40.1,108,41.3,83.5,40.7,32.6,45.3,4.57,4.57,5.23,-3.22,0.033288,2.06876903,0.226975,7.12884751
461.00,2.333,1005.620,100.332,93.431,4505.440,671.147,0.9681,76.5,0.024,46.5,0.441,34.1,97.7,106,80.4,4.66,3.51,4.60,554.618,2468.22,12.40,0.028,0.0489,37.1418,6.88,6.78,37.1,32.7,0.804,292,235,118,0.95,0.783,0.0464,0.0464,1.157,1032,1032,15,1,158,1.1,112.6,109.8,38.2,39.4,111,39.8,108,41.0,83.5,40.7,32.5,45.3,4.57,4.57,4.65,-3.75,0.033290,2.07161770,0.227060,7.13864855
462.00,2.333,1007.953,100.397,93.431,4503.166,670.799,0.9680,76.5,-0.037,46.5,0.441,34.1,85.9,106,80.4,4.67,3.47,4.60,554.618,2795.38,12.40,0.028,0.0489,37.1418,6.88,7.79,37.1,32.7,0.805,299,241,97,0.81,0.445,0.0464,0.0464,1.156,1033,1033,15,1,160,0.3,117.0,114.1,34.8,36.2,115,36.7,112,38.1,83.5,40.7,32.5,45.3,4.57,4.57,4.34,-3.25,0.033292,2.07446697,0.227130,7.14845092
463.00,2.333,1010.287,100.527,93.426,4500.892,670.451,0.9679,76.5,0.033,46.4,0.441,34.1,98.6,106,80.4,4.67,3.56,4.60,554.618,2539.28,12.40,0.028,0.0489,37.1418,6.88,5.65,37.1,32.7,0.805,300,241,121,0.94,0.869,0.0465,0.0465,1.156,1034,1034,15,1,125,28.4,113.9,111.1,37.4,38.7,113,37.8,110,39.2,83.4,40.8,32.5,45.3,4.57,4.57,5.28,-3.64,0.033295,2.07731496,0.227207,7.15825266
464.00,2.333,1012.620,100.657,93.418,4498.619,670.103,0.9679,76.5,0.024,46.4,0.441,34.1,97.7,106,80.4,4.67,3.51,4.59,554.618,2243.37,12.40,0.028,0.0489,37.1418,6.88,4.92,37.1,32.7,0.803,292,235,118,0.95,0.780,0.0465,0.0465,1.155,1033,1033,15,1,113,37.2,112.0,109.1,38.9,40.2,112,39.0,109,40.3,83.4,40.7,32.5,45.3,4.57,4.57,4.59,-3.07,0.033299,2.08016354,0.227292,7.16805429
465.00,2.333,1014.953,100.721,93.408,4496.345,669.755,0.9680,76.5,-0.037,46.4,0.441,34.1,85.9,106,80.4,4.67,3.46,4.59,554.618,2242.89,12.40,0.028,0.0489,37.1418,6.88,4.92,37.1,32.7,0.805,300,241,97,0.81,0.444,0.0465,0.0465,1.155,1033,1033,15,1,113,37.2,110.4,107.6,40.1,41.3,110,40.3,107,41.5,83.5,40.7,32.5,45.3,4.57,4.57,4.28,-2.56,0.033300,2.08301280,0.227363,7.17785728
466.00,2.333,1017.287,100.851,93.397,4494.071,669.407,0.9680,76.5,0.033,46.3,0.441,34.1,98.6,106,80.4,4.67,3.55,4.59,555.427,2554.54,12.45,0.028,0.0489,37.1407,6.91,7.17,37.1,32.7,0.805,300,242,121,0.94,0.866,0.0465,0.0465,1.154,1033,1033,15,1,159,0.5,113.9,111.1,37.1,38.4,112,39.0,109,40.3,83.4,40.7,32.4,45.3,4.57,4.57,5.40,-4.34,0.033301,2.08586079,0.227440,7.18765963
467.00,2.333,1019.620,100.981,93.395,4491.798,669.059,0.9679,76.5,0.024,46.3,0.441,34.1,97.6,105,80.4,4.68,3.50,4.59,555.427,2796.46,12.45,0.028,0.0489,37.1407,6.91,7.61,37.1,32.7,0.803,293,235,118,0.95,0.778,0.0465,0.0465,1.154,1033,1033,15,1,159,0.4,116.9,114.0,35.0,36.3,115,36.8,112,38.2,83.4,40.8,32.4,45.3,4.57,4.57,4.67,-3.49,0.033304,2.08870926,0.227525,7.19746185
468.00,2.333,1021.953,101.046,93.392,4489.524,668.711,0.9678,76.4,-0.037,46.3,0.440,34.1,85.9,105,80.4,4.68,3.45,4.58,555.427,2443.99,12.45,0.028,0.0489,37.1407,6.91,5.11,37.1,32.7,0.804,301,242,97,0.81,0.442,0.0466,0.0466,1.153,1034,1034,15,1,119,33.0,113.5,110.6,37.8,39.1,113,38.0,110,39.4,83.3,40.8,32.4,45.3,4.57,4.57,4.32,-2.90,0.033307,2.09155834,0.227596,7.20726542
469.00,2.333,1024.287,101.175,93.385,4487.250,668.364,0.9679,76.5,0.033,46.2,0.440,34.1,98.5,105,80.4,4.68,3.54,4.58,555.427,2242.99,12.45,0.028,0.0489,37.1407,6.91,4.92,37.1,32.7,0.805,301,242,121,0.93,0.864,0.0466,0.0466,1.153,1033,1033,15,1,113,37.2,111.7,108.8,39.1,40.4,112,39.3,109,40.5,83.4,40.7,32.4,45.3,4.58,4.58,5.27,-3.37,0.033310,2.09440623,0.227673,7.21706837
470.00,2.333,1026.620,101.304,93.368,4484.978,668.016,0.9679,76.5,0.024,46.2,0.440,34.1,97.6,105,80.4,4.68,3.49,4.58,555.427,2242.89,12.45,0.028,0.0489,37.1407,6.91,4.92,37.1,32.7,0.803,293,236,118,0.94,0.775,0.0466,0.0466,1.152,1033,1033,15,1,113,37.2,110.2,107.4,40.2,41.4,110,40.5,107,41.7,83.4,40.6,32.4,45.3,4.58,4.58,4.55,-2.87,0.033312,2.09725468,0.227758,7.22687119
471.00,2.333,1028.953,101.369,93.364,4482.704,667.668,0.9679,76.4,-0.037,46.2,0.440,34.1,85.9,105,80.4,4.68,3.45,4.58,556.237,2634.15,12.45,0.028,0.0489,37.1259,6.92,7.50,37.1,32.7,0.804,301,242,97,0.81,0.441,0.0466,0.0466,1.152,1033,1033,15,1,159,0.3,115.1,112.3,36.2,37.5,113,38.1,110,39.5,83.4,40.7,32.3,45.3,4.58,4.58,4.43,-3.73,0.033313,2.10010373,0.227829,7.23667532
472.00,2.333,1031.287,101.498,93.363,4480.430,667.320,0.9678,76.5,0.033,46.1,0.440,34.1,98.5,105,80.4,4.68,3.53,4.58,556.237,2774.85,12.45,0.028,0.0489,37.1259,6.92,7.31,37.1,32.7,0.805,301,243,121,0.93,0.861,0.0466,0.0466,1.152,1033,1033,15,1,157,2.2,116.3,113.5,35.4,36.7,114,37.0,111,38.5,83.3,40.8,32.3,45.3,4.58,4.58,5.32,-3.81,0.033315,2.10295146,0.227906,7.24647881
473.00,2.333,1033.620,101.628,93.356,4478.158,666.972,0.9677,76.5,0.024,46.1,0.440,34.1,97.5,105,80.4,4.68,3.48,4.57,556.237,2344.82,12.45,0.028,0.0489,37.1259,6.92,4.61,37.1,32.7,0.803,294,236,118,0.94,0.772,0.0467,0.0467,1.151,1034,1034,15,1,115,35.6,113.2,110.2,38.1,39.4,113,38.2,110,39.5,83.3,40.7,32.3,45.3,4.58,4.58,4.65,-3.23,0.033319,2.10579971,0.227992,7.25628216
474.00,2.333,1035.953,101.692,93.352,4475.884,666.624,0.9678,76.4,-0.037,46.1,0.440,34.1,85.9,105,80.4,4.69,3.44,4.57,556.237,2242.91,12.45,0.028,0.0489,37.1259,6.92,4.92,37.1,32.7,0.804,302,243,97,0.81,0.439,0.0467,0.0467,1.151,1033,1033,15,1,113,37.2,111.4,108.5,39.3,40.6,111,39.5,108,40.7,83.3,40.7,32.3,45.3,4.58,4.58,4.31,-2.68,0.033321,2.10864866,0.228063,7.26608686
475.00,2.333,1038.287,101.821,93.729,4473.610,666.276,0.9679,76.5,0.062,45.9,0.438,34.1,97.3,106,80.4,4.67,3.51,4.56,556.237,2261.76,12.45,0.028,0.0488,37.1169,6.92,5.44,37.1,32.7,0.805,302,243,119,0.92,0.820,0.0467,0.0467,1.160,1033,1033,15,1,119,32.8,109.9,107.1,40.4,41.6,110,40.7,107,41.8,83.3,40.6,32.3,45.3,4.58,4.58,5.12,-3.15,0.033322,2.11149727,0.228138,7.27589156
476.00,2.333,1040.620,101.920,94.318,4471.337,665.928,0.9678,76.5,-0.062,45.2,0.433,34.1,105.2,106,81.6,4.61,3.50,4.54,557.030,2702.56,12.45,0.028,0.0488,37.1169,6.93,7.73,37.1,32.7,0.804,297,239,133,1.01,1.050,0.0467,0.0467,1.183,1033,1033,15,1,160,0.3,116.1,113.2,35.5,36.8,114,37.4,111,38.8,83.2,40.7,32.2,45.3,4.58,4.58,5.41,-4.55,0.033324,2.11434895,0.228218,7.28569845
477.00,2.333,1042.953,101.958,94.171,4469.064,665.580,0.9677,76.4,0.007,45.1,0.433,34.1,81.5,106,81.6,4.59,3.44,4.53,557.030,2731.19,12.45,0.028,0.0488,37.1169,6.93,6.92,37.1,32.7,0.804,302,243,88,0.76,0.294,0.0468,0.0468,1.185,1034,1034,15,1,150,8.2,115.6,112.8,36.0,37.3,114,37.2,111,38.6,83.2,40.7,32.2,45.3,4.58,4.58,4.02,-2.82,0.033326,2.11720403,0.228290,7.29551062
478.00,2.333,1045.287,101.958,94.035,4466.790,665.232,0.9676,76.4,0.202,45.0,0.433,34.1,90.4,106,81.5,4.59,3.45,4.53,557.030,2267.66,12.45,0.028,0.0488,37.1169,6.93,4.70,37.1,32.7,0.804,302,243,105,0.85,0.589,0.0468,0.0468,1.184,1034,1034,15,1,114,36.9,112.7,109.8,38.4,39.7,113,38.4,110,39.8,83.2,40.7,32.2,45.3,4.58,4.58,4.64,-3.06,0.033329,2.12005938,0.228357,7.30532769
479.00,2.333,1047.620,101.936,93.751,4464.518,664.885,0.9677,76.5,-0.004,44.9,0.433,34.1,100.8,105,81.2,4.58,3.53,4.52,557.030,2242.90,12.45,0.028,0.0488,37.1169,6.93,4.92,37.1,32.7,0.804,302,243,125,0.96,0.932,0.0468,0.0468,1.183,1033,1033,15,1,113,37.2,111.1,108.2,39.5,40.8,111,39.7,108,41.0,83.2,40.7,32.2,45.3,4.59,4.59,5.46,-3.45,0.033331,2.12291384,0.228431,7.31514889
480.00,2.333,1049.953,101.905,93.533,4462.246,664.537,0.9677,76.5,0.024,44.9,0.433,34.1,98.0,105,81.0,4.57,3.47,4.51,557.803,2343.30,12.50,0.028,0.0489,37.1340,6.97,6.12,37.1,32.7,0.803,295,237,118,0.95,0.785,0.0468,0.0468,1.182,1033,1033,15,1,149,9.1,110.6,107.8,39.8,41.0,110,40.6,107,41.7,83.2,40.6,32.2,45.4,4.59,4.59,4.67,-3.27,0.033332,2.12576785,0.228511,7.32497409
481.00,2.333,1052.287,101.882,93.384,4459.974,664.189,0.9676,76.4,-0.032,44.8,0.433,34.1,84.1,105,80.8,4.56,3.42,4.50,557.803,2760.41,12.50,0.028,0.0489,37.1340,6.97,7.86,37.1,32.7,0.804,303,243,93,0.79,0.373,0.0468,0.0468,1.182,1033,1033,15,1,160,0.3,116.8,113.9,35.0,36.3,114,36.8,111,38.3,83.1,40.7,32.2,45.4,4.59,4.59,4.31,-3.49,0.033333,2.12862110,0.228578,7.33480300
482.00,2.333,1054.620,101.876,93.328,4457.701,663.841,0.9675,76.4,0.144,44.8,0.433,34.1,93.6,105,80.8,4.56,3.47,4.50,557.803,2659.38,12.50,0.028,0.0489,37.1340,6.97,6.39,37.1,32.7,0.804,303,243,112,0.88,0.691,0.0469,0.0469,1.183,1034,1034,15,1,138,17.9,114.8,112.0,36.7,38.0,114,37.5,111,38.9,83.0,40.8,32.1,45.4,4.59,4.59,4.95,-3.45,0.033336,2.13147224,0.228649,7.34463319
483.00,2.333,1056.953,101.879,93.250,4455.430,663.493,0.9675,76.5,-0.036,44.7,0.433,34.1,104.7,105,80.7,4.55,3.50,4.50,557.803,2247.21,12.50,0.028,0.0489,37.1340,6.97,4.88,37.1,32.7,0.804,301,242,133,1.00,1.036,0.0469,0.0469,1.183,1033,1033,15,1,113,37.1,112.4,109.5,38.6,39.9,112,38.7,109,40.0,83.0,40.7,32.1,45.4,4.59,4.59,5.54,-3.76,0.033340,2.13432217,0.228727,7.35446332
484.00,2.333,1059.287,101.903,93.190,4453.158,663.145,0.9676,76.4,-0.067,44.6,0.432,34.1,86.0,105,80.7,4.55,3.44,4.49,557.803,2242.89,12.50,0.028,0.0489,37.1340,6.97,4.92,37.1,32.7,0.803,295,237,96,0.82,0.395,0.0469,0.0469,1.184,1033,1033,15,1,113,37.2,110.8,108.0,39.7,41.0,111,39.9,108,41.2,83.0,40.7,32.1,45.4,4.59,4.59,4.09,-2.54,0.033342,2.13717223,0.228804,7.36429394
485.00,2.333,1061.620,101.924,93.186,4450.886,662.797,0.9676,76.4,0.073,44.6,0.432,34.1,87.4,105,80.7,4.54,3.43,4.49,558.598,2440.80,12.50,0.028,0.0489,37.1370,6.98,6.65,37.1,32.7,0.804,303,244,100,0.82,0.480,0.0469,0.0469,1.185,1032,1032,15,1,158,1.7,112.1,109.3,38.6,39.8,110,40.0,107,41.2,83.0,40.6,32.1,45.4,4.59,4.59,4.57,-3.45,0.033342,2.14002144,0.228873,7.37412404
486.00,2.333,1063.953,101.980,93.186,4448.613,662.450,0.9674,76.5,0.033,44.5,0.432,34.1,97.5,105,80.7,4.54,3.50,4.48,558.598,2794.66,12.50,0.028,0.0489,37.1370,6.98,7.84,37.1,32.7,0.804,303,244,119,0.92,0.818,0.0469,0.0469,1.186,1033,1033,15,1,160,0.3,117.1,114.2,34.8,36.1,115,36.6,112,38.1,83.0,40.7,32.1,45.4,4.59,4.59,5.35,-4.08,0.033344,2.14286941,0.228948,7.38395235
487.00,2.333,1066.287,102.055,93.194,4446.342,662.102,0.9674,76.5,0.017,44.5,0.432,34.1,102.5,105,80.7,4.54,3.47,4.48,558.598,2567.76,12.50,0.028,0.0489,37.1370,6.98,5.81,37.1,32.7,0.803,298,239,128,0.98,0.940,0.0470,0.0470,1.186,1034,1034,15,1,127,26.7,114.2,111.3,37.2,38.5,114,37.7,111,39.1,82.9,40.8,32.1,45.4,4.59,4.59,5.18,-3.71,0.033348,2.14571730,0.229030,7.39377881
488.00,2.333,1068.620,102.144,93.194,4444.070,661.754,0.9674,76.4,0.064,44.4,0.431,34.1,81.8,105,80.7,4.54,3.41,4.48,558.598,2243.64,12.50,0.028,0.0489,37.1370,6.98,4.91,37.1,32.7,0.803,304,244,89,0.76,0.295,0.0470,0.0470,1.187,1033,1033,15,1,113,37.2,112.1,109.1,38.8,40.1,112,38.9,109,40.2,82.9,40.7,32.0,45.4,4.60,4.60,4.08,-2.58,0.033351,2.14856593,0.229104,7.40360482
489.00,2.333,1070.953,102.194,93.198,4441.797,661.406,0.9675,76.4,0.206,44.4,0.431,34.1,91.0,105,80.7,4.54,3.44,4.48,558.598,2242.89,12.50,0.028,0.0489,37.1370,6.98,4.92,37.1,32.7,0.804,304,244,107,0.85,0.601,0.0470,0.0470,1.187,1033,1033,15,1,113,37.2,110.5,107.6,40.0,41.2,110,40.2,107,41.4,82.9,40.6,32.0,45.4,4.60,4.60,4.73,-2.87,0.033353,2.15141371,0.229177,7.41342916
490.00,2.333,1073.287,102.300,93.212,4439.526,661.058,0.9674,76.5,-0.018,44.3,0.431,34.1,101.7,105,80.8,4.54,3.50,4.47,559.358,2538.67,12.50,0.028,0.0489,37.1357,6.99,7.11,37.1,32.7,0.804,304,244,128,0.96,0.953,0.0470,0.0470,1.187,1033,1033,15,1,159,0.5,113.7,110.9,37.3,38.6,111,39.1,109,40.4,82.9,40.7,32.0,45.4,4.60,4.60,5.71,-4.55,0.033354,2.15426096,0.229257,7.42325147
491.00,2.333,1075.620,102.416,93.229,4437.254,660.710,0.9673,76.4,-0.090,44.3,0.431,34.1,94.2,105,80.8,4.54,3.44,4.47,559.358,2802.08,12.50,0.028,0.0489,37.1357,6.99,7.67,37.1,32.7,0.802,296,237,111,0.91,0.651,0.0471,0.0471,1.187,1033,1033,15,1,160,0.3,117.0,114.1,34.9,36.2,115,36.7,112,38.2,82.9,40.7,32.0,45.4,4.60,4.60,4.57,-3.39,0.033357,2.15710890,0.229340,7.43307289
492.00,2.333,1077.953,102.475,93.234,4434.982,660.363,0.9673,76.4,-0.037,44.3,0.431,34.1,85.2,105,80.8,4.54,3.40,4.47,559.358,2462.77,12.50,0.028,0.0489,37.1357,6.99,5.21,37.1,32.7,0.803,305,245,96,0.79,0.405,0.0471,0.0471,1.187,1034,1034,15,1,120,32.4,113.6,110.7,37.7,39.0,113,37.9,110,39.3,82.8,40.8,32.0,45.4,4.60,4.60,4.34,-2.91,0.033361,2.15995714,0.229412,7.44289406
493.00,2.333,1080.287,102.599,93.240,4432.709,660.015,0.9673,76.4,0.098,44.2,0.431,34.1,94.9,105,80.8,4.54,3.46,4.47,559.358,2243.02,12.50,0.028,0.0489,37.1357,6.99,4.92,37.1,32.7,0.804,305,245,115,0.89,0.728,0.0471,0.0471,1.187,1033,1033,15,1,113,37.2,111.7,108.8,39.1,40.3,112,39.2,109,40.5,82.8,40.7,31.9,45.4,4.60,4.60,5.06,-3.22,0.033363,2.16280460,0.229488,7.45271399
494.00,2.333,1082.620,102.725,93.233,4430.438,659.667,0.9674,76.5,-0.032,44.2,0.430,34.1,104.7,105,80.8,4.54,3.46,4.46,559.358,2242.89,12.50,0.028,0.0489,37.1357,6.99,4.92,37.1,32.7,0.803,301,242,133,1.00,1.024,0.0471,0.0471,1.186,1033,1033,15,1,113,37.2,110.2,107.4,40.2,41.4,110,40.4,107,41.6,82.9,40.6,31.9,45.4,4.60,4.60,5.39,-3.42,0.033365,2.16565204,0.229572,7.46253263
495.00,2.333,1084.953,102.854,93.237,4428.166,659.319,0.9674,76.4,-0.048,44.2,0.430,34.1,82.5,105,80.8,4.54,3.41,4.46,560.136,2629.40,12.50,0.028,0.0489,37.1347,7.00,7.49,37.1,32.7,0.802,300,241,90,0.77,0.297,0.0472,0.0472,1.186,1033,1033,15,1,159,0.3,115.1,112.2,36.2,37.6,113,38.1,110,39.5,82.8,40.7,31.9,45.4,4.60,4.60,4.15,-3.54,0.033367,2.16850049,0.229651,7.47235173
496.00,2.333,1087.287,102.919,93.239,4425.894,658.971,0.9672,76.4,0.157,44.2,0.430,34.1,88.7,105,80.9,4.54,3.40,4.46,560.136,2781.25,12.50,0.028,0.0489,37.1347,7.00,7.36,37.1,32.7,0.803,305,245,103,0.83,0.519,0.0472,0.0472,1.186,1033,1033,15,1,158,2.0,116.4,113.5,35.3,36.7,114,37.0,111,38.4,82.8,40.8,31.9,45.4,4.60,4.60,4.61,-3.27,0.033369,2.17134848,0.229724,7.48217066
497.00,2.333,1089.620,103.050,93.237,4423.622,658.624,0.9672,76.5,0.014,44.1,0.430,34.1,98.9,105,80.9,4.55,3.48,4.46,560.136,2351.78,12.50,0.028,0.0489,37.1347,7.00,4.63,37.1,32.7,0.803,306,245,122,0.93,0.859,0.0472,0.0472,1.185,1034,1034,15,1,116,35.5,113.2,110.2,38.0,39.4,113,38.2,110,39.5,82.7,40.7,31.9,45.4,4.61,4.61,5.43,-3.65,0.033373,2.17419583,0.229803,7.49198883
498.00,2.333,1091.953,103.182,93.217,4421.351,658.276,0.9673,76.4,0.668,44.0,0.430,34.1,100.4,105,80.9,4.54,3.43,4.46,560.136,2242.91,12.50,0.028,0.0489,37.1347,7.00,4.92,37.1,32.7,0.802,299,240,124,0.96,0.858,0.0472,0.0472,1.185,1033,1033,15,1,113,37.2,111.5,108.6,39.3,40.5,111,39.4,108,40.7,82.8,40.7,31.8,45.4,4.61,4.61,4.93,-3.25,0.033375,2.17704368,0.229889,7.50180676
499.00,2.333,1094.287,103.314,93.215,4419.079,657.928,0.9673,76.4,-0.003,44.0,0.430,34.1,83.0,105,80.9,4.55,3.38,4.45,560.136,2268.37,12.50,0.028,0.0489,37.1384,7.00,5.53,37.1,32.7,0.802,306,246,92,0.77,0.330,0.0472,0.0472,1.184,1033,1033,15,1,122,30.3,109.9,107.1,40.4,41.5,110,40.6,107,41.8,82.8,40.6,31.8,45.4,4.61,4.61,4.16,-2.54,0.033377,2.17989226,0.229963,7.51162564
500.00,2.333,1096.620,103.380,93.217,4416.807,657.580,0.9672,76.4,0.177,44.0,0.430,34.1,92.3,105,80.9,4.55,3.42,4.45,560.936,2713.39,12.55,0.028,0.0489,37.1384,7.04,7.77,37.1,32.7,0.803,306,246,110,0.86,0.639,0.0473,0.0473,1.184,1033,1033,15,1,160,0.3,116.2,113.3,35.4,36.7,114,37.3,111,38.7,82.7,40.7,31.8,45.4,4.61,4.61,4.98,-4.09,0.033378,2.18273995,0.230039,7.52144422
501.00,2.333,1098.953,103.512,93.214,4414.535,657.233,0.9671,76.4,-0.021,44.0,0.430,34.1,103.1,105,80.9,4.55,3.46,4.45,560.936,2726.49,12.55,0.028,0.0489,37.1384,7.04,6.86,37.1,32.7,0.803,306,246,131,0.97,0.988,0.0473,0.0473,1.183,1034,1034,15,1,148,9.4,115.6,112.7,36.0,37.4,114,37.2,111,38.6,82.7,40.8,31.8,45.4,4.61,4.61,5.70,-4.12,0.033381,2.18558727,0.230121,7.53126223
502.00,2.333,1101.287,103.644,93.207,4412.264,656.885,0.9671,76.4,-0.079,43.9,0.429,34.1,90.1,105,80.9,4.55,3.40,4.45,560.936,2262.35,12.55,0.028,0.0489,37.1384,7.04,4.74,37.1,32.7,0.801,298,239,104,0.86,0.514,0.0473,0.0473,1.183,1034,1034,15,1,114,36.9,112.8,109.8,38.3,39.6,113,38.4,110,39.7,82.7,40.7,31.8,45.4,4.61,4.61,4.32,-2.93,0.033385,2.18843549,0.230204,7.54108090
503.00,2.333,1103.620,103.710,93.178,4409.992,656.537,0.9672,76.4,-0.030,43.9,0.429,34.1,86.3,105,80.9,4.55,3.37,4.45,560.936,2242.89,12.55,0.028,0.0489,37.1384,7.04,4.92,37.1,32.7,0.802,307,246,98,0.80,0.438,0.0473,0.0473,1.184,1033,1033,15,1,113,37.2,111.1,108.2,39.5,40.8,111,39.7,108,41.0,82.7,40.7,31.7,45.4,4.61,4.61,4.41,-2.71,0.033387,2.19128372,0.230277,7.55090023
504.00,2.333,1105.953,103.842,93.184,4407.720,656.189,0.9672,76.4,0.084,43.9,0.429,34.1,96.1,105,80.9,4.56,3.44,4.44,561.755,2363.35,12.55,0.028,0.0488,37.1215,7.05,6.24,37.1,32.7,0.803,307,246,117,0.90,0.764,0.0474,0.0474,1.182,1033,1033,15,1,152,6.4,110.9,108.1,39.5,40.7,110,40.5,107,41.7,82.7,40.6,31.7,45.4,4.61,4.61,5.24,-3.58,0.033387,2.19413111,0.230355,7.56071918
505.00,2.333,1108.287,103.974,93.184,4405.449,655.841,0.9671,76.4,-0.044,43.9,0.429,34.1,103.8,105,80.9,4.56,3.43,4.44,561.755,2773.47,12.55,0.028,0.0488,37.1215,7.05,7.89,37.1,32.7,0.802,302,242,131,0.98,0.980,0.0474,0.0474,1.181,1033,1033,15,1,160,0.3,117.0,114.1,34.8,36.2,115,36.7,112,38.1,82.6,40.7,31.7,45.4,4.61,4.61,5.48,-4.45,0.033389,2.19697850,0.230439,7.57053769
506.00,2.333,1110.620,104.106,93.180,4403.178,655.494,0.9670,76.4,-0.000,43.8,0.429,34.1,80.9,105,80.9,4.56,3.37,4.44,561.755,2642.31,12.55,0.028,0.0488,37.1215,7.05,6.26,37.1,32.7,0.802,307,246,88,0.74,0.258,0.0474,0.0474,1.181,1034,1034,15,1,135,20.3,114.7,111.9,36.7,38.1,114,37.4,111,38.8,82.6,40.8,31.7,45.4,4.61,4.61,4.07,-2.80,0.033393,2.19982683,0.230517,7.58035737
507.00,2.333,1112.953,104.172,93.175,4400.906,655.146,0.9670,76.4,0.168,43.8,0.429,34.1,89.8,105,80.9,4.56,3.38,4.44,561.755,2245.73,12.55,0.028,0.0488,37.1215,7.05,4.89,37.1,32.7,0.802,308,247,105,0.83,0.552,0.0474,0.0474,1.181,1033,1033,15,1,113,37.1,112.3,109.4,38.6,39.9,112,38.7,109,40.0,82.6,40.7,31.7,45.5,4.62,4.62,4.69,-3.03,0.033395,2.20267451,0.230591,7.59017716
508.00,2.333,1115.287,104.303,93.156,4398.635,654.798,0.9671,76.4,0.005,43.7,0.429,34.1,100.2,105,80.9,4.56,3.46,4.43,561.755,2242.89,12.55,0.028,0.0488,37.1215,7.05,4.92,37.1,32.7,0.803,308,247,125,0.94,0.894,0.0474,0.0474,1.180,1033,1033,15,1,113,37.2,110.8,107.9,39.8,41.0,111,40.0,108,41.2,82.6,40.6,31.6,45.5,4.62,4.62,5.53,-3.45,0.033397,2.20552164,0.230672,7.59999646
509.00,2.333,1117.620,104.433,93.148,4396.364,654.451,0.9671,76.4,0.089,43.7,0.428,34.1,97.5,105,80.9,4.57,3.40,4.43,562.510,2472.50,12.55,0.028,0.0488,37.1036,7.06,6.81,37.1,32.7,0.801,300,240,118,0.93,0.752,0.0475,0.0475,1.180,1032,1032,15,1,159,1.1,112.7,109.9,38.1,39.3,111,39.7,108,40.9,82.6,40.6,31.6,45.5,4.62,4.62,4.83,-3.86,0.033398,2.20836932,0.230757,7.60981597
510.00,2.333,1119.953,104.563,93.146,4394.092,654.103,0.9670,76.4,-0.032,43.7,0.428,34.1,84.1,105,80.9,4.57,3.35,4.43,562.510,2803.66,12.55,0.028,0.0488,37.1036,7.06,7.82,37.1,32.7,0.802,308,247,94,0.78,0.360,0.0475,0.0475,1.179,1033,1033,15,1,160,0.3,117.2,114.3,34.7,36.1,115,36.5,112,38.0,82.6,40.7,31.6,45.5,4.62,4.62,4.32,-3.22,0.033400,2.21121741,0.230831,7.61963648
511.00,2.333,1122.287,104.628,93.142,4391.821,653.755,0.9669,76.4,0.172,43.7,0.428,34.1,93.5,105,80.9,4.57,3.40,4.43,562.510,2535.65,12.55,0.028,0.0488,37.1036,7.06,5.61,37.1,32.7,0.802,308,247,112,0.87,0.673,0.0475,0.0475,1.179,1034,1034,15,1,124,28.9,114.0,111.1,37.3,38.7,114,37.7,111,39.1,82.5,40.7,31.6,45.5,4.62,4.62,5.01,-3.43,0.033403,2.21406456,0.230908,7.62945672
512.00,2.333,1124.620,104.758,93.134,4389.550,653.407,0.9670,76.4,-0.035,43.6,0.428,34.1,104.4,104,80.9,4.57,3.43,4.43,562.510,2243.30,12.55,0.028,0.0488,37.1036,7.06,4.92,37.1,32.7,0.802,306,245,133,0.98,1.011,0.0475,0.0475,1.178,1033,1033,15,1,113,37.1,112.0,109.1,38.8,40.1,112,38.9,109,40.3,82.5,40.7,31.6,45.5,4.62,4.62,5.61,-3.75,0.033406,2.21691149,0.230992,7.63927643
513.00,2.333,1126.953,104.887,93.116,4387.279,653.060,0.9671,76.4,-0.067,43.6,0.428,34.1,86.0,104,80.9,4.57,3.37,4.42,562.510,2242.89,12.55,0.028,0.0488,37.1036,7.06,4.92,37.1,32.7,0.801,301,241,96,0.81,0.381,0.0476,0.0476,1.178,1033,1033,15,1,113,37.1,110.5,107.6,40.0,41.2,110,40.2,107,41.4,82.5,40.6,31.5,45.5,4.62,4.62,4.14,-2.54,0.033408,2.21975938,0.231074,7.64909700
514.00,2.333,1129.287,104.951,93.111,4385.007,652.712,0.9670,76.4,0.011,43.6,0.428,34.1,87.5,104,80.9,4.57,3.35,4.42,563.249,2588.13,12.61,0.028,0.0488,37.0925,7.10,7.33,37.1,32.7,0.802,309,248,101,0.81,0.470,0.0476,0.0476,1.177,1033,1033,15,1,159,0.4,114.5,111.7,36.6,38.0,112,38.5,109,39.9,82.5,40.6,31.5,45.5,4.62,4.62,4.66,-3.84,0.033408,2.22260698,0.231147,7.65891801
515.00,2.333,1131.620,105.080,93.110,4382.736,652.364,0.9669,76.4,0.049,43.5,0.428,34.1,97.4,104,80.9,4.57,3.42,4.42,563.249,2798.12,12.61,0.028,0.0488,37.0925,7.10,7.54,37.1,32.7,0.802,309,248,120,0.90,0.799,0.0476,0.0476,1.177,1033,1033,15,1,159,0.7,116.8,113.9,35.0,36.4,115,36.8,112,38.2,82.5,40.7,31.5,45.5,4.62,4.62,5.38,-3.86,0.033411,2.22545373,0.231227,7.66873858
516.00,2.333,1133.953,105.209,93.103,4380.466,652.017,0.9669,76.4,-0.035,43.5,0.427,34.1,102.2,104,80.9,4.58,3.40,4.42,563.249,2404.53,12.61,0.028,0.0488,37.0925,7.10,4.89,37.1,32.7,0.801,303,243,128,0.97,0.914,0.0476,0.0476,1.176,1034,1034,15,1,117,34.3,113.5,110.6,37.8,39.1,113,37.9,110,39.3,82.4,40.7,31.5,45.5,4.63,4.63,5.24,-3.68,0.033414,2.22830067,0.231312,7.67855889
517.00,2.333,1136.287,105.337,93.387,4378.195,651.669,0.9669,76.4,-0.000,43.1,0.424,34.1,81.7,105,80.9,4.54,3.35,4.41,563.249,2242.94,12.61,0.028,0.0488,37.0925,7.10,4.92,37.1,32.7,0.801,309,248,89,0.75,0.279,0.0477,0.0477,1.190,1033,1033,15,1,113,37.1,111.7,108.8,39.1,40.4,112,39.2,109,40.5,82.4,40.7,31.5,45.5,4.63,4.63,4.11,-2.56,0.033417,2.23114862,0.231389,7.68838041
518.00,2.333,1138.620,105.396,93.794,4375.923,651.321,0.9670,76.4,0.077,42.7,0.421,34.1,88.6,105,81.7,4.50,3.34,4.40,563.249,2247.30,12.61,0.028,0.0488,37.0739,7.10,5.16,37.1,32.7,0.802,309,248,103,0.82,0.509,0.0477,0.0477,1.206,1033,1033,15,1,114,36.8,110.0,107.2,40.3,41.5,110,40.5,107,41.7,82.5,40.6,31.4,45.5,4.63,4.63,4.57,-2.77,0.033417,2.23399816,0.231461,7.69820359
519.00,2.333,1140.953,105.478,93.883,4373.652,650.973,0.9669,76.4,0.084,42.4,0.419,34.1,95.9,105,81.9,4.48,3.39,4.39,563.979,2688.52,12.61,0.028,0.0488,37.0739,7.11,7.71,37.1,32.7,0.802,310,248,117,0.89,0.752,0.0477,0.0477,1.213,1033,1033,15,1,160,0.3,115.9,113.1,35.5,36.9,114,37.4,111,38.9,82.4,40.6,31.4,45.5,4.63,4.63,5.31,-4.34,0.033418,2.23684975,0.231536,7.70802978
520.00,2.333,1143.287,105.517,93.706,4371.381,650.626,0.9668,76.4,-0.035,42.4,0.419,34.1,104.0,105,81.8,4.47,3.41,4.38,563.979,2751.71,12.61,0.028,0.0488,37.0739,7.11,7.06,37.1,32.7,0.802,308,247,132,0.97,1.003,0.0477,0.0477,1.213,1034,1034,15,1,152,6.2,116.0,113.1,35.7,37.0,114,37.0,111,38.5,82.3,40.7,31.4,45.5,4.63,4.63,5.74,-4.19,0.033421,2.23970248,0.231615,7.71785949
521.00,2.333,1145.620,105.528,93.501,4369.111,650.278,0.9668,76.4,-0.090,42.3,0.419,34.1,94.8,105,81.6,4.46,3.36,4.37,563.979,2279.54,12.61,0.028,0.0488,37.0739,7.11,4.59,37.1,32.7,0.801,301,241,113,0.90,0.657,0.0478,0.0478,1.212,1034,1034,15,1,114,36.7,113.0,110.0,38.1,39.5,113,38.2,110,39.6,82.3,40.7,31.4,45.5,4.63,4.63,4.65,-3.21,0.033424,2.24255584,0.231694,7.72769374
522.00,2.333,1147.953,105.528,93.315,4366.841,649.930,0.9668,76.4,-0.003,42.2,0.419,34.1,83.5,105,81.4,4.46,3.32,4.37,563.979,2242.90,12.61,0.028,0.0488,37.0739,7.11,4.92,37.1,32.7,0.801,310,248,93,0.77,0.335,0.0478,0.0478,1.211,1033,1033,15,1,113,37.1,111.3,108.4,39.4,40.7,111,39.5,108,40.8,82.3,40.6,31.4,45.5,4.63,4.63,4.26,-2.62,0.033425,2.24540873,0.231765,7.73753202
523.00,2.333,1150.287,105.527,93.247,4364.570,649.583,0.9669,76.4,0.208,42.2,0.419,34.1,90.3,104,81.4,4.45,3.35,4.36,563.979,2335.47,12.61,0.029,0.0488,37.0777,7.11,6.08,37.1,32.7,0.802,310,249,106,0.84,0.558,0.0478,0.0478,1.211,1033,1033,15,1,147,10.4,110.5,107.7,39.8,41.0,110,40.5,107,41.7,82.3,40.6,31.4,45.5,4.63,4.63,4.80,-3.17,0.033426,2.24826007,0.231837,7.74737278
524.00,2.333,1152.620,105.532,93.141,4362.300,649.235,0.9667,76.4,0.022,42.2,0.419,34.1,97.8,104,81.3,4.45,3.40,4.36,564.691,2763.22,12.61,0.028,0.0488,37.0777,7.12,7.89,37.1,32.7,0.802,310,249,121,0.91,0.808,0.0478,0.0478,1.211,1033,1033,15,1,160,0.3,116.9,114.0,34.9,36.2,115,36.7,111,38.2,82.3,40.7,31.3,45.5,4.63,4.63,5.54,-4.40,0.033427,2.25111006,0.231913,7.75721501
525.00,2.333,1154.953,105.549,93.068,4360.031,648.887,0.9666,76.4,-0.044,42.1,0.419,34.1,103.6,104,81.2,4.44,3.38,4.35,564.691,2668.06,12.61,0.028,0.0488,37.0777,7.12,6.43,37.1,32.7,0.801,305,245,131,0.98,0.963,0.0479,0.0479,1.211,1034,1034,15,1,138,17.6,115.0,112.1,36.5,37.8,114,37.3,111,38.7,82.2,40.7,31.3,45.5,4.63,4.63,5.52,-4.00,0.033430,2.25395928,0.231993,7.76705798
526.00,2.333,1157.287,105.580,93.018,4357.762,648.540,0.9667,76.4,-0.067,42.0,0.419,34.1,86.4,104,81.2,4.44,3.34,4.35,564.691,2247.45,12.61,0.028,0.0488,37.0777,7.12,4.88,37.1,32.7,0.800,302,242,97,0.81,0.388,0.0479,0.0479,1.212,1033,1033,15,1,114,37.1,112.5,109.6,38.4,39.8,112,38.5,109,39.9,82.2,40.7,31.3,45.5,4.64,4.64,4.26,-2.81,0.033433,2.25680840,0.232071,7.77690184
527.00,2.333,1159.620,105.601,92.988,4355.491,648.192,0.9667,76.4,-0.030,42.0,0.418,34.1,85.5,104,81.2,4.43,3.31,4.35,564.691,2242.89,12.61,0.028,0.0488,37.0777,7.12,4.92,37.1,32.7,0.801,311,249,97,0.79,0.396,0.0479,0.0479,1.213,1033,1033,15,1,113,37.1,110.9,108.0,39.7,40.9,111,39.9,108,41.1,82.2,40.6,31.3,45.5,4.64,4.64,4.43,-2.69,0.033435,2.25965679,0.232142,7.78674555
528.00,2.333,1161.953,105.655,92.968,4353.221,647.844,0.9667,76.4,0.172,42.0,0.418,34.1,92.6,104,81.2,4.43,3.35,4.34,565.351,2453.99,12.61,0.029,0.0488,37.0843,7.13,6.73,37.1,32.7,0.801,311,249,111,0.86,0.629,0.0479,0.0479,1.213,1032,1032,15,1,158,1.4,112.4,109.6,38.3,39.6,110,39.8,108,41.1,82.2,40.6,31.3,45.5,4.64,4.64,5.09,-3.83,0.033436,2.26250418,0.232217,7.79658825
529.00,2.333,1164.287,105.723,92.966,4350.952,647.497,0.9666,76.4,-0.021,41.9,0.418,34.1,100.4,104,81.2,4.43,3.40,4.34,565.351,2803.74,12.61,0.028,0.0488,37.0843,7.13,7.86,37.1,32.7,0.801,311,249,126,0.93,0.887,0.0480,0.0480,1.213,1033,1033,15,1,160,0.3,117.2,114.3,34.6,36.0,115,36.5,112,38.0,82.1,40.7,31.3,45.5,4.64,4.64,5.75,-4.35,0.033438,2.26535100,0.232297,7.80642952
530.00,2.333,1166.620,105.804,92.965,4348.683,647.149,0.9665,76.4,0.668,41.9,0.418,34.1,100.2,104,81.2,4.43,3.36,4.34,565.351,2555.19,12.61,0.028,0.0488,37.0843,7.13,5.71,37.1,32.7,0.800,304,244,124,0.95,0.837,0.0480,0.0480,1.214,1034,1034,15,1,125,27.9,114.2,111.3,37.2,38.5,114,37.6,111,39.0,82.1,40.7,31.2,45.5,4.64,4.64,5.15,-3.68,0.033442,2.26819794,0.232380,7.81626981
531.00,2.333,1168.953,105.896,92.953,4346.413,646.802,0.9665,76.4,-0.000,41.8,0.418,34.1,81.2,104,81.2,4.43,3.32,4.34,565.351,2243.45,12.61,0.028,0.0488,37.0843,7.13,4.91,37.1,32.7,0.800,312,249,88,0.74,0.254,0.0480,0.0480,1.214,1033,1033,15,1,113,37.1,112.1,109.2,38.7,40.1,112,38.9,109,40.2,82.1,40.7,31.2,45.5,4.64,4.64,4.14,-2.62,0.033445,2.27104527,0.232456,7.82610961
532.00,2.333,1171.287,105.945,92.956,4344.142,646.454,0.9666,76.4,0.077,41.8,0.418,34.1,87.8,104,81.2,4.43,3.31,4.33,565.351,2242.89,12.61,0.029,0.0488,37.0843,7.13,4.92,37.1,32.7,0.801,312,250,101,0.81,0.469,0.0480,0.0480,1.214,1033,1033,15,1,113,37.1,110.5,107.6,40.0,41.2,110,40.2,107,41.4,82.1,40.6,31.2,45.5,4.64,4.64,4.60,-2.77,0.033446,2.27389208,0.232530,7.83594821
533.00,2.333,1173.620,106.050,92.964,4341.873,646.106,0.9666,76.4,0.084,41.8,0.417,34.1,95.1,104,81.2,4.43,3.36,4.33,566.042,2581.13,12.66,0.028,0.0488,37.0908,7.17,7.31,37.1,32.7,0.801,312,250,116,0.88,0.711,0.0480,0.0480,1.214,1033,1033,15,1,159,0.4,114.4,111.6,36.7,38.0,112,38.6,109,39.9,82.1,40.6,31.2,45.5,4.64,4.64,5.35,-4.30,0.033448,2.27673843,0.232609,7.84578553
534.00,2.333,1175.953,106.162,92.975,4339.603,645.759,0.9664,76.4,-0.035,41.7,0.417,34.1,103.2,104,81.2,4.43,3.37,4.33,566.042,2802.58,12.66,0.028,0.0488,37.0908,7.17,7.58,37.1,32.7,0.801,311,249,131,0.96,0.965,0.0481,0.0481,1.214,1033,1033,15,1,159,0.6,116.9,114.0,34.9,36.3,115,36.7,112,38.2,82.0,40.7,31.2,45.5,4.64,4.64,5.79,-4.27,0.033451,2.27958467,0.232692,7.85562148
535.00,2.333,1178.287,106.278,92.978,4337.334,645.411,0.9664,76.4,-0.090,41.7,0.417,34.1,94.3,104,81.2,4.43,3.33,4.33,566.042,2413.39,12.66,0.028,0.0488,37.0908,7.17,4.93,37.1,32.7,0.800,303,242,112,0.89,0.631,0.0481,0.0481,1.214,1034,1034,15,1,117,34.1,113.5,110.6,37.7,39.1,113,37.9,110,39.3,82.0,40.7,31.1,45.6,4.65,4.65,4.70,-3.27,0.033454,2.28243150,0.232775,7.86545715
536.00,2.333,1180.620,106.398,92.967,4335.064,645.064,0.9665,76.3,-0.003,41.6,0.417,34.1,83.3,104,81.2,4.43,3.29,4.32,566.042,2242.95,12.66,0.028,0.0488,37.0908,7.17,4.92,37.1,32.7,0.800,312,250,93,0.76,0.322,0.0481,0.0481,1.214,1033,1033,15,1,113,37.1,111.7,108.8,39.1,40.4,112,39.2,109,40.5,82.0,40.7,31.1,45.6,4.65,4.65,4.29,-2.67,0.033457,2.28527861,0.232850,7.87529271
537.00,2.333,1182.953,106.459,92.966,4332.794,644.716,0.9665,76.3,0.208,41.6,0.417,34.1,90.1,104,81.2,4.43,3.31,4.32,566.042,2247.33,12.66,0.029,0.0488,37.0759,7.17,5.16,37.1,32.7,0.801,313,250,106,0.83,0.545,0.0481,0.0481,1.213,1033,1033,15,1,114,36.7,110.0,107.2,40.3,41.5,110,40.5,107,41.7,82.0,40.6,31.1,45.6,4.65,4.65,4.78,-2.91,0.033458,2.28812520,0.232927,7.88512752
538.00,2.333,1185.287,106.582,92.969,4330.525,644.368,0.9664,76.4,0.022,41.6,0.417,34.1,97.7,104,81.3,4.43,3.37,4.32,566.717,2691.28,12.66,0.028,0.0488,37.0759,7.17,7.72,37.1,32.7,0.801,313,251,121,0.90,0.795,0.0482,0.0482,1.213,1033,1033,15,1,160,0.3,116.0,113.1,35.5,36.9,114,37.4,111,38.8,82.0,40.6,31.1,45.6,4.65,4.65,5.59,-4.53,0.033460,2.29097146,0.233008,7.89496162
539.00,2.333,1187.620,106.708,92.970,4328.256,644.021,0.9663,76.4,-0.044,41.6,0.417,34.1,103.4,104,81.3,4.44,3.35,4.32,566.717,2753.09,12.66,0.028,0.0488,37.0759,7.17,7.06,37.1,32.7,0.800,308,246,131,0.97,0.949,0.0482,0.0482,1.213,1034,1034,15,1,152,6.3,116.0,113.1,35.7,37.0,114,37.0,111,38.4,81.9,40.7,31.1,45.6,4.65,4.65,5.57,-4.08,0.033463,2.29381786,0.233092,7.90479524
540.00,2.333,1189.953,106.835,92.966,4325.986,643.673,0.9663,76.3,-0.067,41.5,0.416,34.1,86.4,104,81.3,4.44,3.31,4.32,566.717,2277.98,12.66,0.028,0.0488,37.0759,7.17,4.61,37.1,32.7,0.799,305,244,97,0.80,0.381,0.0482,0.0482,1.212,1034,1034,15,1,114,36.7,113.0,110.0,38.1,39.5,113,38.2,110,39.6,81.9,40.7,31.0,45.6,4.65,4.65,4.29,-2.89,0.033466,2.29666491,0.233174,7.91462934
541.00,2.333,1192.287,106.898,92.944,4323.716,643.326,0.9664,76.3,-0.030,41.5,0.416,34.1,85.5,104,81.3,4.43,3.28,4.32,566.717,2242.90,12.66,0.028,0.0488,37.0759,7.17,4.92,37.1,32.7,0.800,313,251,97,0.78,0.392,0.0482,0.0482,1.213,1033,1033,15,1,113,37.1,111.3,108.4,39.4,40.7,111,39.5,108,40.8,81.9,40.6,31.0,45.6,4.65,4.65,4.45,-2.74,0.033468,2.29951182,0.233249,7.92446354
542.00,2.333,1194.620,107.026,92.946,4321.447,642.978,0.9664,76.3,0.172,41.5,0.416,34.1,92.6,104,81.3,4.44,3.32,4.31,567.413,2345.56,12.66,0.029,0.0488,37.0671,7.18,6.15,37.1,32.7,0.801,314,251,111,0.85,0.623,0.0483,0.0483,1.211,1033,1033,15,1,149,8.7,110.7,107.9,39.7,40.9,110,40.4,107,41.7,82.0,40.6,31.0,45.6,4.65,4.65,5.04,-3.36,0.033469,2.30235819,0.233328,7.93429740
543.00,2.333,1196.953,107.154,92.947,4319.178,642.631,0.9663,76.4,0.002,41.5,0.416,34.1,100.3,104,81.3,4.44,3.36,4.31,567.413,2770.96,12.66,0.028,0.0488,37.0671,7.18,7.91,37.1,32.7,0.801,314,251,126,0.92,0.877,0.0483,0.0483,1.211,1033,1033,15,1,160,0.3,117.0,114.1,34.7,36.1,115,36.6,112,38.1,81.9,40.7,31.0,45.6,4.65,4.65,5.81,-4.60,0.033471,2.30520433,0.233410,7.94413082
544.00,2.333,1199.287,107.282,92.943,4316.909,642.283,0.9662,76.4,0.668,41.4,0.416,34.1,100.1,104,81.3,4.44,3.32,4.31,567.413,2659.73,12.66,0.028,0.0488,37.0671,7.18,6.36,37.1,32.7,0.799,307,245,124,0.94,0.825,0.0483,0.0483,1.210,1034,1034,15,1,136,18.9,115.0,112.1,36.5,37.9,114,37.3,111,38.7,81.9,40.7,31.0,45.6,4.66,4.66,5.20,-3.76,0.033474,2.30805083,0.233495,7.95396442
545.00,2.333,1201.620,107.410,92.934,4314.639,641.935,0.9663,76.3,-0.007,41.4,0.416,34.1,81.3,104,81.3,4.44,3.28,4.31,567.413,2246.56,12.66,0.028,0.0488,37.0671,7.18,4.89,37.1,32.7,0.800,314,251,89,0.74,0.251,0.0484,0.0484,1.210,1033,1033,15,1,114,37.1,112.5,109.5,38.4,39.8,112,38.5,109,39.9,81.9,40.7,30.9,45.6,4.66,4.66,4.17,-2.67,0.033477,2.31089783,0.233573,7.96379875
546.00,2.333,1203.953,107.474,92.921,4312.370,641.599,0.9663,76.3,0.017,41.3,0.416,34.1,87.8,104,81.3,4.44,3.28,4.30,567.413,2242.89,12.66,0.029,0.0488,37.0671,7.18,4.92,37.1,32.7,0.800,314,251,102,0.80,0.463,0.0484,0.0484,1.210,1033,1033,15,1,113,37.1,110.8,108.0,39.7,40.9,111,39.9,108,41.1,81.9,40.6,30.9,45.6,4.66,4.66,4.63,-2.82,0.033479,2.31374441,0.233649,7.97363308
547.00,2.333,1206.287,107.601,92.911,4310.100,641.252,0.9663,76.3,0.116,41.3,0.415,34.1,95.0,104,81.3,4.45,3.32,4.30,568.063,2475.48,12.66,0.029,0.0488,37.0538,7.19,6.84,37.1,32.7,0.800,314,252,116,0.87,0.701,0.0484,0.0484,1.209,1032,1032,15,1,159,1.0,112.7,109.9,38.0,39.3,111,39.6,108,40.9,81.9,40.6,30.9,45.6,4.66,4.66,5.36,-4.06,0.033480,2.31659053,0.233729,7.98346724
548.00,2.333,1208.620,107.729,92.908,4307.832,640.904,0.9662,76.4,-0.035,41.3,0.415,34.1,103.0,104,81.3,4.45,3.34,4.30,568.063,2809.42,12.66,0.028,0.0488,37.0538,7.19,7.85,37.1,32.7,0.800,313,251,131,0.95,0.952,0.0484,0.0484,1.209,1033,1033,15,1,160,0.3,117.3,114.4,34.5,36.0,115,36.4,112,37.9,81.8,40.7,30.9,45.6,4.66,4.66,5.85,-4.44,0.033482,2.31943651,0.233813,7.99330104
549.00,2.333,1210.953,107.856,92.901,4305.563,640.556,0.9662,76.3,-0.076,41.3,0.415,34.1,94.2,104,81.3,4.45,3.30,4.30,568.063,2533.13,12.66,0.028,0.0488,37.0538,7.19,5.58,37.1,32.7,0.799,306,244,112,0.88,0.619,0.0485,0.0485,1.208,1034,1034,15,1,123,29.3,114.1,111.2,37.2,38.6,114,37.6,111,39.0,81.8,40.7,30.9,45.6,4.66,4.66,4.74,-3.35,0.033486,2.32228301,0.233897,8.00313540
550.00,2.333,1213.287,107.983,92.869,4303.294,640.209,0.9662,76.3,0.005,41.2,0.415,34.1,83.4,104,81.3,4.45,3.26,4.30,568.063,2243.27,12.66,0.028,0.0488,37.0538,7.19,4.92,37.1,32.7,0.799,315,252,93,0.76,0.315,0.0485,0.0485,1.209,1033,1033,15,1,113,37.1,112.1,109.1,38.7,40.1,112,38.9,109,40.2,81.8,40.6,30.8,45.6,4.66,4.66,4.32,-2.72,0.033488,2.32512971,0.233974,8.01297034
551.00,2.333,1215.620,108.047,92.870,4301.024,639.861,0.9663,76.3,0.188,41.2,0.415,34.1,90.1,104,81.3,4.45,3.28,4.29,568.063,2242.89,12.66,0.029,0.0488,37.0538,7.19,4.92,37.1,32.7,0.800,315,252,106,0.82,0.536,0.0485,0.0485,1.207,1033,1033,15,1,113,37.1,110.4,107.6,40.0,41.2,110,40.2,107,41.4,81.8,40.6,30.8,45.6,4.66,4.66,4.82,-2.90,0.033490,2.32797580,0.234052,8.02280508
552.00,2.333,1217.953,108.174,92.872,4298.755,639.514,0.9662,76.4,0.039,41.2,0.415,34.1,97.6,104,81.3,4.45,3.33,4.29,568.721,2601.63,12.66,0.029,0.0488,37.0512,7.20,7.40,37.1,32.7,0.800,315,252,121,0.89,0.782,0.0485,0.0485,1.207,1033,1033,15,1,159,0.4,114.7,111.9,36.4,37.8,112,38.3,109,39.7,81.8,40.6,30.8,45.6,4.66,4.66,5.64,-4.51,0.033491,2.33082154,0.234133,8.03263955
553.00,2.333,1220.287,108.302,92.872,4296.487,639.166,0.9661,76.4,-0.028,41.1,0.415,34.1,103.2,104,81.3,4.46,3.31,4.29,568.721,2800.14,12.66,0.028,0.0488,37.0512,7.20,7.52,37.1,32.7,0.799,310,248,131,0.96,0.934,0.0486,0.0486,1.206,1033,1033,15,1,159,1.0,116.8,114.0,34.9,36.3,115,36.7,112,38.1,81.7,40.7,30.8,45.6,4.66,4.66,5.61,-4.14,0.033493,2.33366738,0.234218,8.04247386
554.00,2.333,1222.620,108.429,92.864,4294.218,638.819,0.9661,76.3,-0.084,41.1,0.414,34.1,86.3,104,81.3,4.46,3.27,4.29,568.721,2388.54,12.66,0.028,0.0488,37.0512,7.20,4.80,37.1,32.7,0.799,307,245,97,0.80,0.371,0.0486,0.0486,1.206,1034,1034,15,1,117,34.7,113.5,110.5,37.7,39.1,113,37.9,110,39.3,81.7,40.7,30.8,45.6,4.67,4.67,4.33,-2.94,0.033497,2.33651384,0.234300,8.05230891
555.00,2.333,1224.953,108.492,92.860,4291.949,638.471,0.9661,76.3,-0.045,41.1,0.414,34.1,85.5,104,81.3,4.46,3.24,4.29,568.721,2242.93,12.66,0.028,0.0488,37.0512,7.20,4.92,37.1,32.7,0.799,316,253,97,0.77,0.384,0.0486,0.0486,1.206,1033,1033,15,1,113,37.1,111.6,108.7,39.1,40.4,111,39.2,109,40.5,81.7,40.6,30.7,45.6,4.67,4.67,4.49,-2.79,0.033499,2.33936018,0.234376,8.06214425
556.00,2.333,1227.287,108.617,92.841,4289.680,638.124,0.9662,76.3,0.198,41.1,0.414,34.1,92.5,104,81.3,4.46,3.28,4.28,568.721,2262.30,12.66,0.029,0.0487,37.0390,7.20,5.46,37.1,32.7,0.800,316,253,111,0.84,0.612,0.0486,0.0486,1.205,1033,1033,15,1,119,32.5,110.0,107.2,40.2,41.4,110,40.5,107,41.7,81.7,40.6,30.7,45.6,4.67,4.67,5.03,-3.09,0.033500,2.34220598,0.234455,8.07197939
557.00,2.333,1229.620,108.736,92.822,4287.412,637.776,0.9661,76.4,0.002,41.0,0.414,34.1,100.1,104,81.3,4.46,3.33,4.28,569.337,2715.34,12.71,0.028,0.0487,37.0390,7.24,7.80,37.1,32.7,0.800,316,253,126,0.92,0.862,0.0487,0.0487,1.204,1033,1033,15,1,160,0.3,116.3,113.4,35.2,36.6,114,37.1,111,38.5,81.7,40.6,30.7,45.6,4.67,4.67,5.87,-4.73,0.033502,2.34505158,0.234538,8.08181425
558.00,2.333,1231.953,108.847,92.778,4285.144,637.429,0.9660,76.3,0.668,41.0,0.414,34.1,99.8,104,81.2,4.46,3.29,4.28,569.337,2736.11,12.71,0.028,0.0487,37.0390,7.24,6.91,37.1,32.7,0.799,309,247,124,0.93,0.808,0.0487,0.0487,1.203,1034,1034,15,1,149,9.1,115.8,112.9,35.8,37.2,114,37.0,111,38.4,81.6,40.7,30.7,45.6,4.67,4.67,5.24,-3.82,0.033505,2.34789758,0.234624,8.09164951
559.00,2.333,1234.287,108.950,92.724,4282.876,637.081,0.9660,76.3,-0.007,41.0,0.414,34.1,81.2,104,81.2,4.46,3.25,4.28,569.337,2263.00,12.71,0.028,0.0487,37.0390,7.24,4.74,37.1,32.7,0.799,317,253,89,0.73,0.240,0.0487,0.0487,1.202,1034,1034,15,1,114,36.9,112.9,109.9,38.1,39.5,113,38.2,110,39.6,81.6,40.7,30.7,45.6,4.67,4.67,4.20,-2.73,0.033508,2.35074412,0.234702,8.10148577
560.00,2.333,1236.620,108.999,92.674,4280.608,636.734,0.9661,76.3,0.017,40.9,0.414,34.1,87.6,104,81.2,4.46,3.24,4.28,569.337,2242.89,12.71,0.029,0.0487,37.0390,7.24,4.92,37.1,32.7,0.799,317,253,101,0.79,0.447,0.0487,0.0487,1.202,1033,1033,15,1,113,37.1,111.2,108.3,39.4,40.7,111,39.6,108,40.9,81.6,40.6,30.6,45.6,4.67,4.67,4.67,-2.87,0.033510,2.35359023,0.234779,8.11132232
561.00,2.333,1238.953,109.092,92.622,4278.340,636.386,0.9661,76.3,0.116,40.9,0.414,34.1,94.3,104,81.1,4.47,3.28,4.27,569.965,2385.48,12.71,0.029,0.0487,37.0226,7.25,6.38,37.1,32.7,0.799,317,253,115,0.86,0.669,0.0488,0.0488,1.201,1032,1032,15,1,154,4.3,111.3,108.5,39.1,40.3,110,40.2,107,41.5,81.6,40.5,30.6,45.6,4.67,4.67,5.31,-3.70,0.033511,2.35643597,0.234858,8.12115907
562.00,2.333,1241.287,109.181,93.289,4276.072,636.039,0.9660,76.4,0.002,40.2,0.408,34.1,99.9,104,81.8,4.39,3.32,4.25,569.965,2790.13,12.71,0.028,0.0487,37.0226,7.25,7.93,37.1,32.7,0.799,317,253,125,0.91,0.856,0.0488,0.0488,1.231,1033,1033,15,1,160,0.3,117.2,114.3,34.6,36.0,115,36.4,112,37.9,81.6,40.6,30.6,45.7,4.67,4.67,5.81,-4.51,0.033513,2.35928330,0.234937,8.13099719
563.00,2.333,1243.620,109.251,93.410,4273.805,635.692,0.9659,76.3,-0.028,39.9,0.406,34.1,103.8,104,82.1,4.36,3.29,4.24,569.965,2623.41,12.71,0.028,0.0487,37.0226,7.25,6.12,37.1,32.7,0.799,312,249,132,0.96,0.951,0.0488,0.0488,1.240,1034,1034,15,1,131,22.8,114.7,111.8,36.7,38.1,114,37.3,111,38.7,81.5,40.7,30.6,45.7,4.68,4.68,5.66,-4.05,0.033516,2.36213340,0.235017,8.14083830
564.00,2.333,1245.953,109.294,93.276,4271.537,635.344,0.9659,76.3,-0.076,39.8,0.405,34.1,94.9,104,82.0,4.35,3.26,4.24,569.965,2244.64,12.71,0.029,0.0487,37.0226,7.25,4.90,37.1,32.7,0.798,308,246,114,0.88,0.638,0.0489,0.0489,1.241,1033,1033,15,1,113,37.1,112.4,109.4,38.5,39.8,112,38.6,109,39.9,81.5,40.6,30.6,45.7,4.68,4.68,4.79,-3.20,0.033519,2.36498529,0.235096,8.15068310
565.00,2.333,1248.287,109.320,93.092,4269.270,634.997,0.9660,76.3,-0.007,39.7,0.405,34.1,81.8,104,81.9,4.35,3.24,4.23,569.965,2242.89,12.71,0.029,0.0487,37.0226,7.25,4.92,37.1,32.7,0.798,317,253,90,0.74,0.258,0.0489,0.0489,1.240,1033,1033,15,1,113,37.1,110.7,107.9,39.7,41.0,110,39.9,108,41.2,81.5,40.5,30.6,45.7,4.68,4.68,4.24,-2.54,0.033520,2.36783745,0.235170,8.16053139
566.00,2.333,1250.620,109.331,93.012,4267.002,634.649,0.9660,76.3,-0.028,39.7,0.405,34.1,86.0,104,81.8,4.34,3.22,4.23,570.542,2526.81,12.71,0.029,0.0487,37.0140,7.25,7.08,37.1,32.7,0.799,317,254,98,0.78,0.392,0.0489,0.0489,1.240,1032,1032,15,1,159,0.6,113.6,110.8,37.3,38.6,111,39.0,108,40.4,81.5,40.5,30.5,45.7,4.68,4.68,4.68,-3.71,0.033520,2.37068863,0.235244,8.17038230
567.00,2.333,1252.953,109.354,92.883,4264.735,634.302,0.9658,76.3,0.212,39.7,0.405,34.1,90.5,103,81.7,4.34,3.25,4.22,570.542,2813.80,12.71,0.028,0.0487,37.0140,7.25,7.76,37.1,32.7,0.799,318,254,107,0.82,0.539,0.0489,0.0489,1.240,1033,1033,15,1,160,0.3,117.2,114.3,34.6,36.0,115,36.4,112,37.9,81.4,40.6,30.5,45.7,4.68,4.68,4.96,-3.55,0.033522,2.37353843,0.235320,8.18023497
568.00,2.333,1255.287,109.382,92.781,4262.468,633.954,0.9657,76.3,0.072,39.6,0.405,34.1,95.3,103,81.6,4.33,3.28,4.21,570.542,2477.33,12.71,0.028,0.0487,37.0140,7.25,5.26,37.1,32.7,0.799,318,254,116,0.87,0.696,0.0490,0.0490,1.240,1034,1034,15,1,120,32.0,113.8,110.9,37.4,38.8,114,37.7,110,39.1,81.4,40.6,30.5,45.7,4.68,4.68,5.39,-3.64,0.033525,2.37638699,0.235398,8.19008858
569.00,2.333,1257.620,109.410,92.669,4260.201,633.607,0.9658,76.3,-0.018,39.5,0.405,34.1,100.4,103,81.5,4.32,3.30,4.21,570.542,2243.04,12.71,0.029,0.0487,37.0140,7.25,4.92,37.1,32.7,0.799,318,254,126,0.92,0.860,0.0490,0.0490,1.241,1033,1033,15,1,113,37.1,111.9,109.0,38.8,40.2,112,39.0,109,40.3,81.4,40.6,30.5,45.7,4.68,4.68,5.80,-3.77,0.033528,2.37923462,0.235478,8.19994235
570.00,2.333,1259.953,109.436,92.565,4257.935,633.259,0.9658,76.3,-0.088,39.5,0.405,34.1,101.7,103,81.4,4.32,3.27,4.20,570.542,2242.89,12.71,0.029,0.0487,37.0140,7.25,4.92,37.1,32.7,0.798,312,249,128,0.94,0.865,0.0490,0.0490,1.240,1033,1033,15,1,113,37.1,110.3,107.4,40.0,41.3,110,40.3,107,41.5,81.4,40.5,30.5,45.7,4.68,4.68,5.39,-3.41,0.033529,2.38208175,0.235560,8.20979627
571.00,2.333,1262.287,109.463,92.471,4255.669,632.912,0.9658,76.3,-0.090,39.4,0.405,34.1,90.4,103,81.3,4.32,3.25,4.20,571.124,2656.10,12.71,0.029,0.0487,37.0148,7.26,7.62,37.1,32.7,0.798,308,246,105,0.84,0.484,0.0490,0.0490,1.240,1033,1033,15,1,159,0.3,115.5,112.7,35.8,37.1,113,37.6,110,39.1,81.4,40.6,30.5,45.7,4.68,4.68,4.70,-3.96,0.033531,2.38492857,0.235640,8.21965029
572.00,2.333,1264.620,109.490,92.381,4253.403,632.564,0.9657,76.3,0.062,39.4,0.405,34.1,82.2,103,81.2,4.31,3.22,4.19,571.124,2780.70,12.71,0.028,0.0487,37.0148,7.26,7.29,37.1,32.7,0.798,318,254,91,0.74,0.265,0.0491,0.0491,1.239,1034,1034,15,1,156,3.2,116.4,113.5,35.2,36.6,115,36.7,111,38.2,81.3,40.6,30.4,45.7,4.68,4.68,4.35,-3.04,0.033533,2.38777492,0.235716,8.22950417
573.00,2.333,1266.953,109.504,92.336,4251.137,632.217,0.9656,76.3,0.017,39.4,0.405,34.1,86.5,103,81.2,4.31,3.22,4.19,571.124,2318.30,12.71,0.028,0.0487,37.0148,7.26,4.45,37.1,32.7,0.799,319,254,99,0.78,0.402,0.0491,0.0491,1.239,1034,1034,15,1,115,36.1,113.2,110.2,37.9,39.3,113,38.0,110,39.4,81.3,40.6,30.4,45.7,4.69,4.69,4.68,-3.06,0.033537,2.39062064,0.235792,8.23935761
574.00,2.333,1269.287,109.533,92.223,4248.871,631.870,0.9657,76.3,0.198,39.3,0.404,34.1,91.0,103,81.1,4.31,3.24,4.19,571.124,2242.90,12.71,0.029,0.0487,37.0148,7.26,4.92,37.1,32.7,0.799,319,255,108,0.83,0.550,0.0491,0.0491,1.240,1033,1033,15,1,113,37.1,111.4,108.5,39.2,40.5,111,39.3,108,40.7,81.3,40.6,30.4,45.7,4.69,4.69,5.04,-3.13,0.033539,2.39346588,0.235871,8.24921061
575.00,2.333,1271.620,109.562,92.149,4246.606,631.522,0.9657,76.3,0.039,39.3,0.404,34.1,95.9,103,81.0,4.31,3.28,4.19,571.124,2309.24,12.71,0.029,0.0487,37.0175,7.26,5.91,37.1,32.7,0.799,319,255,118,0.87,0.709,0.0491,0.0491,1.238,1033,1033,15,1,139,16.3,110.2,107.4,39.9,41.2,110,40.5,107,41.7,81.3,40.5,30.4,45.7,4.69,4.69,5.50,-3.50,0.033541,2.39631079,0.235951,8.25906317
576.00,2.333,1273.953,109.592,92.071,4244.341,631.175,0.9656,76.3,-0.035,39.3,0.404,34.1,101.1,103,81.0,4.31,3.28,4.18,571.689,2755.23,12.71,0.029,0.0487,37.0175,7.27,7.91,37.1,32.7,0.799,319,255,128,0.93,0.871,0.0492,0.0492,1.238,1033,1033,15,1,160,0.3,116.8,113.9,34.8,36.2,114,36.7,111,38.2,81.2,40.6,30.4,45.7,4.69,4.69,5.97,-4.79,0.033543,2.39915550,0.236033,8.26891536
577.00,2.333,1276.287,109.624,91.991,4242.077,630.828,0.9655,76.3,0.668,39.2,0.404,34.1,99.3,102,80.9,4.30,3.25,4.18,571.689,2693.41,12.71,0.028,0.0487,37.0175,7.27,6.58,37.1,32.7,0.798,312,249,123,0.92,0.772,0.0492,0.0492,1.238,1034,1034,15,1,141,15.2,115.2,112.4,36.2,37.6,114,37.1,111,38.5,81.2,40.7,30.4,45.7,4.69,4.69,5.33,-3.85,0.033546,2.40200030,0.236115,8.27876770
578.00,2.333,1278.620,109.658,91.908,4239.812,630.480,0.9655,76.3,-0.084,39.2,0.404,34.1,85.9,102,80.8,4.30,3.23,4.18,571.689,2249.73,12.71,0.028,0.0487,37.0175,7.27,4.86,37.1,32.7,0.797,310,248,97,0.79,0.340,0.0492,0.0492,1.237,1033,1033,15,1,114,37.0,112.6,109.7,38.2,39.6,112,38.3,110,39.7,81.2,40.6,30.3,45.7,4.69,4.69,4.41,-2.91,0.033550,2.40484528,0.236195,8.28862041
579.00,2.333,1280.953,109.693,91.811,4237.548,630.133,0.9656,76.3,0.005,39.2,0.404,34.1,82.8,102,80.7,4.30,3.20,4.17,571.689,2242.89,12.71,0.029,0.0487,37.0175,7.27,4.92,37.2,32.7,0.798,320,255,92,0.75,0.276,0.0493,0.0493,1.236,1033,1033,15,1,113,37.1,110.9,108.0,39.5,40.8,111,39.7,108,41.0,81.2,40.6,30.3,45.7,4.69,4.69,4.41,-2.66,0.033552,2.40769009,0.236271,8.29847329
580.00,2.333,1283.287,109.711,91.772,4235.284,629.785,0.9656,76.3,0.098,39.2,0.404,34.1,87.1,102,80.7,4.30,3.21,4.17,572.247,2457.38,12.77,0.029,0.0487,37.0130,7.31,6.76,37.2,32.7,0.798,320,255,100,0.79,0.415,0.0493,0.0493,1.236,1032,1032,15,1,158,1.3,112.4,109.6,38.1,39.4,111,39.6,108,41.0,81.2,40.5,30.3,45.7,4.69,4.69,4.86,-3.64,0.033553,2.41053452,0.236348,8.30832619
581.00,2.333,1285.620,109.748,91.696,4233.020,629.438,0.9654,76.3,0.161,39.1,0.404,34.1,91.7,102,80.6,4.30,3.24,4.17,572.247,2811.05,12.77,0.029,0.0487,37.0130,7.31,7.89,37.2,32.7,0.798,320,256,109,0.83,0.565,0.0493,0.0493,1.236,1033,1033,15,1,160,0.3,117.3,114.4,34.4,35.9,115,36.3,112,37.8,81.1,40.6,30.3,45.7,4.69,4.69,5.22,-3.89,0.033555,2.41337864,0.236427,8.31817923
582.00,2.333,1287.953,109.787,91.615,4230.757,629.091,0.9654,76.3,0.021,39.1,0.404,34.1,96.6,102,80.6,4.29,3.28,4.17,572.247,2552.56,12.77,0.028,0.0487,37.0130,7.31,5.68,37.2,32.7,0.798,320,256,119,0.88,0.725,0.0493,0.0493,1.235,1034,1034,15,1,125,28.3,114.2,111.3,37.1,38.4,114,37.4,111,38.9,81.1,40.6,30.3,45.7,4.70,4.70,5.67,-3.88,0.033559,2.41622259,0.236507,8.32803237
583.00,2.333,1290.287,109.829,91.532,4228.494,628.743,0.9654,76.3,-0.029,39.1,0.404,34.1,101.9,102,80.5,4.29,3.26,4.16,572.247,2243.39,12.77,0.029,0.0487,37.0130,7.31,4.91,37.2,32.7,0.798,317,253,129,0.94,0.873,0.0493,0.0493,1.235,1033,1033,15,1,113,37.0,112.1,109.2,38.6,40.0,112,38.7,109,40.1,81.1,40.6,30.2,45.7,4.70,4.70,5.78,-3.84,0.033562,2.41906658,0.236589,8.33788578
584.00,2.333,1292.620,109.872,91.439,4226.231,628.396,0.9655,76.3,0.214,39.0,0.404,34.1,96.2,102,80.4,4.29,3.23,4.16,572.247,2242.89,12.77,0.029,0.0487,37.0130,7.31,4.92,37.2,32.7,0.797,312,249,117,0.89,0.660,0.0494,0.0494,1.234,1033,1033,15,1,113,37.0,110.5,107.6,39.8,41.1,110,40.0,107,41.3,81.1,40.5,30.2,45.7,4.70,4.70,5.01,-3.17,0.033563,2.42191083,0.236671,8.34773981
585.00,2.333,1294.953,109.916,91.358,4223.969,628.049,0.9655,76.3,-0.048,39.0,0.404,34.1,82.0,102,80.3,4.29,3.21,4.16,572.844,2605.02,12.77,0.029,0.0487,36.9883,7.31,7.42,37.2,32.7,0.797,315,251,90,0.75,0.226,0.0494,0.0494,1.233,1033,1033,15,1,159,0.4,114.8,111.9,36.3,37.6,112,38.1,109,39.6,81.1,40.5,30.2,45.7,4.70,4.70,4.41,-3.65,0.033565,2.42475515,0.236749,8.35759452
586.00,2.333,1297.287,109.963,91.277,4221.706,627.701,0.9653,76.3,-0.032,39.0,0.404,34.1,83.4,102,80.3,4.29,3.18,4.16,572.844,2803.48,12.77,0.029,0.0487,36.9883,7.31,7.53,37.2,32.7,0.798,321,256,93,0.75,0.287,0.0494,0.0494,1.232,1033,1033,15,1,159,1.0,116.8,113.9,34.8,36.2,115,36.6,112,38.1,81.0,40.6,30.2,45.7,4.70,4.70,4.54,-3.19,0.033567,2.42759917,0.236825,8.36744965
587.00,2.333,1299.620,109.988,91.234,4219.444,627.354,0.9653,76.3,0.188,39.0,0.403,34.1,87.7,102,80.2,4.29,3.20,4.15,572.844,2384.89,12.77,0.029,0.0487,36.9883,7.31,4.77,37.2,32.7,0.798,321,256,102,0.80,0.428,0.0494,0.0494,1.232,1034,1034,15,1,116,34.8,113.4,110.5,37.7,39.1,113,37.8,110,39.2,81.0,40.6,30.2,45.7,4.70,4.70,4.89,-3.24,0.033570,2.43044281,0.236902,8.37730509
588.00,2.333,1301.953,110.038,91.134,4217.182,627.007,0.9654,76.3,0.116,38.9,0.403,34.1,92.4,102,80.2,4.28,3.23,4.15,572.844,2242.93,12.77,0.029,0.0487,36.9883,7.31,4.92,37.2,32.7,0.798,321,256,111,0.84,0.579,0.0495,0.0495,1.232,1033,1033,15,1,113,37.0,111.6,108.7,39.0,40.3,111,39.1,108,40.5,81.0,40.5,30.2,45.7,4.70,4.70,5.29,-3.31,0.033573,2.43328626,0.236980,8.38716087
589.00,2.333,1304.287,110.090,91.053,4214.921,626.659,0.9654,76.3,0.002,38.9,0.403,34.1,97.4,101,80.1,4.28,3.27,4.15,572.844,2269.10,12.77,0.029,0.0487,36.9754,7.31,5.55,37.2,32.7,0.798,321,256,121,0.89,0.740,0.0495,0.0495,1.230,1033,1033,15,1,122,29.9,110.0,107.2,40.1,41.4,110,40.4,107,41.6,81.0,40.5,30.1,45.7,4.70,4.70,5.74,-3.57,0.033574,2.43612954,0.237061,8.39701680
590.00,2.333,1306.620,110.144,90.972,4212.660,626.312,0.9653,76.3,-0.028,38.9,0.403,34.1,101.1,101,80.0,4.28,3.24,4.15,573.408,2726.32,12.77,0.029,0.0487,36.9754,7.32,7.85,37.2,32.7,0.797,317,252,127,0.94,0.829,0.0495,0.0495,1.229,1033,1033,15,1,160,0.3,116.4,113.6,35.0,36.4,114,36.9,111,38.4,80.9,40.6,30.1,45.7,4.70,4.70,5.81,-4.74,0.033575,2.43897285,0.237142,8.40687319
591.00,2.333,1308.953,110.200,90.888,4210.399,625.965,0.9652,76.3,-0.076,38.8,0.403,34.1,92.5,101,79.9,4.28,3.22,4.14,573.408,2730.97,12.77,0.029,0.0487,36.9754,7.32,6.86,37.2,32.7,0.797,312,249,109,0.86,0.530,0.0495,0.0495,1.229,1034,1034,15,1,147,10.3,115.7,112.8,35.8,37.2,114,36.9,111,38.4,80.9,40.6,30.1,45.7,4.71,4.71,4.91,-3.53,0.033579,2.44181635,0.237223,8.41673033
592.00,2.333,1311.287,110.258,90.801,4208.139,625.617,0.9652,76.3,-0.007,38.8,0.403,34.1,79.8,101,79.8,4.28,3.19,4.14,573.408,2258.71,12.77,0.029,0.0487,36.9754,7.32,4.77,37.2,32.7,0.797,322,257,86,0.72,0.169,0.0496,0.0496,1.228,1033,1033,15,1,114,36.8,112.8,109.8,38.1,39.5,113,38.1,110,39.6,80.9,40.6,30.1,45.7,4.71,4.71,4.30,-2.77,0.033582,2.44465988,0.237299,8.42658817
593.00,2.333,1313.620,110.288,90.739,4205.878,625.270,0.9653,76.3,-0.028,38.8,0.403,34.1,83.9,101,79.8,4.28,3.17,4.14,573.408,2242.89,12.77,0.029,0.0487,36.9754,7.32,4.92,37.2,32.7,0.797,322,257,94,0.76,0.299,0.0496,0.0496,1.228,1033,1033,15,1,113,37.0,111.1,108.2,39.3,40.7,111,39.5,108,40.8,80.9,40.5,30.1,45.8,4.71,4.71,4.61,-2.81,0.033584,2.44750309,0.237374,8.43644637
594.00,2.333,1315.953,110.349,90.657,4203.618,624.923,0.9653,76.3,0.212,38.8,0.403,34.1,88.3,101,79.7,4.28,3.20,4.14,573.934,2407.04,12.77,0.029,0.0486,36.9637,7.33,6.50,37.2,32.7,0.797,323,257,103,0.80,0.441,0.0496,0.0496,1.226,1032,1032,15,1,156,3.0,111.6,108.8,38.7,40.0,110,40.0,107,41.3,80.9,40.5,30.0,45.8,4.71,4.71,5.06,-3.59,0.033585,2.45034595,0.237451,8.44630483
595.00,2.333,1318.287,110.411,90.574,4201.358,624.575,0.9652,76.3,0.072,38.7,0.403,34.1,93.0,101,79.6,4.28,3.23,4.14,573.934,2801.07,12.77,0.029,0.0486,36.9637,7.33,7.95,37.2,32.7,0.798,323,257,112,0.85,0.593,0.0496,0.0496,1.225,1033,1033,15,1,160,0.3,117.2,114.3,34.4,35.8,115,36.3,112,37.8,80.8,40.6,30.0,45.8,4.71,4.71,5.50,-4.19,0.033586,2.45318855,0.237530,8.45616362
596.00,2.333,1320.620,110.476,90.488,4199.099,624.228,0.9651,76.3,-0.018,38.7,0.403,34.1,98.1,101,79.6,4.28,3.25,4.13,573.934,2603.40,12.77,0.029,0.0486,36.9637,7.33,5.98,37.2,32.7,0.797,323,257,122,0.90,0.753,0.0497,0.0497,1.224,1034,1034,15,1,129,24.8,114.5,111.6,36.8,38.1,114,37.2,111,38.7,80.8,40.6,30.0,45.8,4.71,4.71,5.92,-4.12,0.033590,2.45603101,0.237610,8.46602257
597.00,2.333,1322.953,110.543,90.398,4196.840,623.881,0.9652,76.3,-0.088,38.7,0.402,34.1,99.3,101,79.5,4.28,3.22,4.13,573.934,2244.05,12.77,0.029,0.0486,36.9637,7.33,4.91,37.2,32.7,0.797,317,252,123,0.92,0.757,0.0497,0.0497,1.223,1033,1033,15,1,113,37.0,112.3,109.3,38.4,39.8,112,38.5,109,39.9,80.8,40.5,30.0,45.8,4.71,4.71,5.52,-3.69,0.033593,2.45887363,0.237691,8.47588210
598.00,2.333,1325.287,110.612,90.297,4194.581,623.533,0.9652,76.3,-0.090,38.6,0.402,34.1,88.3,101,79.4,4.27,3.20,4.13,573.934,2242.89,12.77,0.029,0.0486,36.9637,7.33,4.92,37.2,32.7,0.796,313,249,101,0.82,0.387,0.0497,0.0497,1.222,1033,1033,15,1,113,37.0,110.6,107.7,39.7,41.0,110,39.9,107,41.2,80.8,40.5,30.0,45.8,4.71,4.71,4.60,-2.87,0.033595,2.46171648,0.237770,8.48574234
599.00,2.333,1327.620,110.682,90.209,4192.323,623.186,0.9652,76.3,0.062,38.6,0.402,34.1,80.3,101,79.3,4.27,3.17,4.13,574.426,2558.87,12.77,0.029,0.0486,36.9485,7.33,7.23,37.2,32.7,0.796,323,258,87,0.72,0.177,0.0497,0.0497,1.221,1032,1032,15,1,159,0.4,114.0,111.2,36.8,38.1,112,38.6,109,40.0,80.8,40.5,29.9,45.8,4.71,4.71,4.49,-3.59,0.033596,2.46455923,0.237845,8.49560313
600.00,2.333,1329.953,110.718,90.165,4190.064,622.839,0.9651,76.3,0.017,38.6,0.402,34.1,84.4,100,79.3,4.27,3.17,4.13,574.426,2814.96,12.77,0.029,0.0486,36.9485,7.33,7.69,37.2,32.7,0.797,324,258,95,0.76,0.310,0.0497,0.0497,1.221,1033,1033,15,1,159,0.4,117.1,114.2,34.6,36.0,115,36.4,112,37.9,80.7,40.6,29.9,45.8,4.72,4.72,4.75,-3.35,0.033598,2.46740155,0.237920,8.50546421
601.00,2.333,1332.287,110.791,90.074,4187.806,622.492,0.9650,76.3,0.198,38.6,0.402,34.1,88.9,100,79.2,4.27,3.20,4.12,574.426,2440.87,12.77,0.029,0.0486,36.9485,7.33,5.06,37.2,32.7,0.797,324,258,104,0.81,0.453,0.0498,0.0498,1.220,1034,1034,15,1,118,33.3,113.6,110.7,37.4,38.8,113,37.6,110,39.1,80.7,40.6,29.9,45.8,4.72,4.72,5.12,-3.41,0.033601,2.47024355,0.237997,8.51532558
602.00,2.333,1334.620,110.866,89.973,4185.549,622.144,0.9651,76.3,0.039,38.5,0.402,34.1,93.7,100,79.1,4.27,3.23,4.12,574.426,2242.98,12.77,0.029,0.0486,36.9485,7.33,4.92,37.2,32.7,0.797,324,258,113,0.85,0.607,0.0498,0.0498,1.219,1033,1033,15,1,113,37.0,111.7,108.8,38.8,40.2,112,39.0,109,40.3,80.7,40.5,29.9,45.8,4.72,4.72,5.57,-3.51,0.033604,2.47308539,0.238075,8.52518718
603.00,2.333,1336.953,110.943,89.879,4183.292,621.797,0.9651,76.3,-0.035,38.5,0.402,34.1,98.8,100,79.0,4.27,3.23,4.12,574.426,2247.41,12.77,0.029,0.0486,36.9393,7.33,5.16,37.2,32.7,0.797,324,258,123,0.91,0.763,0.0498,0.0498,1.217,1033,1033,15,1,114,36.6,110.1,107.2,40.0,41.3,110,40.2,107,41.5,80.7,40.5,29.9,45.8,4.72,4.72,5.85,-3.69,0.033605,2.47592717,0.238155,8.53504893
604.00,2.333,1339.287,111.021,89.788,4181.035,621.450,0.9650,76.3,0.668,38.5,0.402,34.1,96.9,100,78.9,4.27,3.21,4.12,574.932,2699.41,12.82,0.029,0.0486,36.9393,7.37,7.77,37.2,32.7,0.796,317,252,118,0.90,0.666,0.0498,0.0498,1.216,1033,1033,15,1,160,0.3,116.1,113.2,35.2,36.6,114,37.1,111,38.6,80.7,40.5,29.8,45.8,4.72,4.72,5.48,-4.51,0.033607,2.47876910,0.238236,8.54491125
605.00,2.333,1341.620,111.101,89.697,4178.778,621.103,0.9649,76.3,-0.084,38.5,0.401,34.1,83.8,100,78.9,4.27,3.18,4.11,574.932,2757.11,12.82,0.029,0.0486,36.9393,7.37,7.06,37.2,32.7,0.796,315,251,93,0.77,0.247,0.0499,0.0499,1.215,1034,1034,15,1,151,6.8,116.0,113.1,35.5,36.8,114,36.7,111,38.2,80.6,40.6,29.8,45.8,4.72,4.72,4.50,-3.20,0.033610,2.48161116,0.238313,8.55477425
606.00,2.333,1343.953,111.182,89.602,4176.522,620.755,0.9649,76.2,0.002,38.4,0.401,34.1,80.8,100,78.8,4.27,3.16,4.11,574.932,2273.68,12.82,0.029,0.0486,36.9393,7.37,4.64,37.2,32.7,0.796,325,259,88,0.73,0.186,0.0499,0.0499,1.214,1034,1034,15,1,114,36.6,112.9,110.0,37.9,39.3,113,38.0,110,39.4,80.6,40.6,29.8,45.8,4.72,4.72,4.48,-2.90,0.033613,2.48445305,0.238387,8.56463772
607.00,2.333,1346.287,111.224,89.533,4174.265,620.408,0.9650,76.2,0.027,38.4,0.401,34.1,84.9,100,78.7,4.27,3.16,4.11,574.932,2242.90,12.82,0.029,0.0486,36.9393,7.37,4.92,37.2,32.7,0.796,325,259,96,0.77,0.320,0.0499,0.0499,1.214,1033,1033,15,1,113,37.0,111.2,108.3,39.2,40.5,111,39.3,108,40.7,80.6,40.5,29.8,45.8,4.72,4.72,4.82,-2.95,0.033615,2.48729456,0.238462,8.57450137
608.00,2.333,1348.620,111.307,89.447,4172.010,620.061,0.9650,76.2,0.184,38.4,0.401,34.1,89.5,100,78.6,4.27,3.19,4.11,575.408,2377.15,12.82,0.029,0.0486,36.9159,7.38,6.34,37.2,32.7,0.797,325,259,105,0.81,0.465,0.0499,0.0499,1.212,1032,1032,15,1,154,5.0,111.1,108.3,39.0,40.3,110,40.1,107,41.4,80.6,40.5,29.8,45.8,4.72,4.72,5.28,-3.60,0.033616,2.49013578,0.238539,8.58436523
609.00,2.333,1350.953,111.392,89.356,4169.754,619.714,0.9649,76.3,0.030,38.3,0.401,34.1,94.3,100,78.5,4.27,3.23,4.11,575.408,2792.34,12.82,0.029,0.0486,36.9159,7.38,7.96,37.2,32.7,0.797,325,259,115,0.86,0.620,0.0499,0.0499,1.210,1033,1033,15,1,160,0.3,117.2,114.3,34.4,35.8,115,36.2,112,37.8,80.6,40.5,29.7,45.8,4.73,4.73,5.81,-4.45,0.033618,2.49297679,0.238617,8.59422921
610.00,2.333,1353.287,111.478,89.263,4167.499,619.366,0.9648,76.3,-0.037,38.3,0.401,34.1,99.5,100,78.5,4.27,3.22,4.11,575.408,2632.35,12.82,0.029,0.0486,36.9159,7.38,6.16,37.2,32.7,0.796,322,256,124,0.92,0.763,0.0500,0.0500,1.209,1034,1034,15,1,132,22.3,114.7,111.8,36.5,37.9,114,37.1,111,38.6,80.5,40.6,29.7,45.8,4.73,4.73,5.91,-4.18,0.033622,2.49581777,0.238697,8.60409345
611.00,2.333,1355.620,111.566,89.165,4165.245,619.019,0.9649,76.3,0.425,38.3,0.401,34.1,93.8,99,78.4,4.27,3.19,4.11,575.408,2244.80,12.82,0.029,0.0486,36.9159,7.38,4.90,37.2,32.7,0.795,317,252,112,0.87,0.553,0.0500,0.0500,1.208,1033,1033,15,1,113,36.9,112.4,109.4,38.3,39.7,112,38.4,109,39.8,80.5,40.5,29.7,45.8,4.73,4.73,5.14,-3.42,0.033625,2.49865898,0.238777,8.61395830
612.00,2.333,1357.953,111.655,89.056,4162.991,618.672,0.9649,76.2,-0.050,38.2,0.400,34.1,79.9,99,78.3,4.27,3.17,4.10,575.408,2242.89,12.82,0.029,0.0486,36.9159,7.38,4.92,37.2,32.7,0.795,320,254,86,0.73,0.134,0.0500,0.0500,1.206,1033,1033,15,1,113,36.9,110.7,107.8,39.5,40.8,110,39.7,108,41.0,80.5,40.4,29.7,45.8,4.73,4.73,4.34,-2.62,0.033627,2.50150031,0.238852,8.62382374
613.00,2.333,1360.287,111.744,88.961,4160.736,618.325,0.9649,76.2,-0.032,38.2,0.400,34.1,81.2,99,78.2,4.27,3.14,4.10,575.845,2540.18,12.82,0.029,0.0485,36.8886,7.38,7.15,37.2,32.7,0.796,326,260,89,0.73,0.194,0.0500,0.0500,1.205,1032,1032,15,1,159,0.5,113.8,110.9,36.9,38.3,112,38.7,109,40.1,80.5,40.4,29.7,45.8,4.73,4.73,4.69,-3.68,0.033627,2.50434133,0.238926,8.63368948
614.00,2.333,1362.620,111.790,88.914,4158.482,617.978,0.9648,76.2,0.102,38.2,0.400,34.1,85.5,99,78.1,4.27,3.16,4.10,575.845,2818.29,12.82,0.029,0.0485,36.8886,7.38,7.75,37.2,32.7,0.796,327,260,97,0.78,0.330,0.0500,0.0500,1.204,1033,1033,15,1,160,0.3,117.2,114.3,34.4,35.9,115,36.3,112,37.8,80.5,40.5,29.6,45.8,4.73,4.73,4.97,-3.51,0.033629,2.50718191,0.239001,8.64355538
615.00,2.333,1364.953,111.882,88.815,4156.228,617.630,0.9647,76.2,0.145,38.2,0.400,34.1,90.0,99,78.1,4.27,3.19,4.10,575.845,2462.69,12.82,0.029,0.0485,36.8886,7.38,5.17,37.2,32.7,0.796,327,260,106,0.82,0.476,0.0501,0.0501,1.203,1034,1034,15,1,119,32.5,113.7,110.8,37.3,38.7,113,37.5,110,39.0,80.4,40.5,29.6,45.8,4.73,4.73,5.38,-3.59,0.033633,2.51002220,0.239077,8.65342149
616.00,2.333,1367.287,111.975,88.706,4153.975,617.283,0.9648,76.3,0.003,38.1,0.400,34.1,94.9,99,78.0,4.27,3.23,4.10,575.845,2243.01,12.82,0.029,0.0485,36.8886,7.38,4.92,37.2,32.7,0.796,327,260,116,0.87,0.631,0.0501,0.0501,1.202,1033,1033,15,1,113,36.9,111.8,108.9,38.7,40.0,112,38.8,109,40.2,80.4,40.5,29.6,45.8,4.73,4.73,5.85,-3.71,0.033635,2.51286235,0.239155,8.66328764
617.00,2.333,1369.620,112.068,88.605,4151.723,616.936,0.9648,76.3,-0.033,38.1,0.399,34.1,98.5,99,77.9,4.27,3.20,4.09,575.845,2242.89,12.82,0.029,0.0485,36.8886,7.38,4.92,37.2,32.7,0.796,322,256,122,0.91,0.716,0.0501,0.0501,1.200,1033,1033,15,1,113,36.9,110.1,107.3,39.9,41.2,110,40.1,107,41.4,80.4,40.4,29.6,45.8,4.73,4.73,5.68,-3.55,0.033637,2.51570255,0.239235,8.67315407
618.00,2.333,1371.953,112.163,88.508,4149.471,616.589,0.9648,76.2,-0.043,38.1,0.399,34.1,90.0,99,77.8,4.27,3.18,4.09,576.279,2685.26,12.82,0.029,0.0485,36.8693,7.39,7.73,37.2,32.7,0.795,317,252,105,0.84,0.423,0.0501,0.0501,1.199,1033,1033,15,1,160,0.3,115.9,113.0,35.3,36.7,114,37.1,111,38.6,80.4,40.4,29.6,45.8,4.74,4.74,5.04,-4.16,0.033638,2.51854292,0.239314,8.68302106
619.00,2.333,1374.287,112.259,88.409,4147.218,616.242,0.9647,76.2,-0.010,38.0,0.399,34.1,77.7,99,77.7,4.27,3.15,4.09,576.279,2769.05,12.82,0.029,0.0485,36.8693,7.39,7.16,37.2,32.7,0.795,328,260,82,0.70,0.077,0.0501,0.0501,1.197,1034,1034,15,1,153,5.3,116.1,113.3,35.3,36.7,114,36.6,111,38.1,80.3,40.5,29.5,45.8,4.74,4.74,4.37,-3.02,0.033641,2.52138323,0.239388,8.69288854
620.00,2.333,1376.620,112.307,88.358,4144.966,615.895,0.9646,76.2,-0.043,38.0,0.399,34.1,81.7,99,77.7,4.27,3.14,4.09,576.279,2285.34,12.82,0.029,0.0485,36.8693,7.39,4.55,37.2,32.7,0.795,328,261,90,0.74,0.203,0.0501,0.0501,1.197,1034,1034,15,1,114,36.4,113.0,110.0,37.8,39.2,113,37.9,110,39.3,80.3,40.5,29.5,45.8,4.74,4.74,4.69,-3.04,0.033644,2.52422319,0.239461,8.70275622
621.00,0,1376.620,112.402,88.236,4145.048,615.895,0.9647,76.2,0.203,38.0,0.399,34.1,86.0,98,77.6,4.27,3.16,4.09,576.279,2242.90,12.82,0.029,0.0485,36.8693,7.39,4.92,37.2,32.7,0.796,328,261,99,0.78,0.340,0.0502,0.0502,1.196,1033,1033,15,1,113,36.9,111.2,108.3,39.1,40.4,111,39.2,108,40.6,80.3,40.4,29.5,45.8,4.74,4.74,5.05,-3.09,0.033646,2.52706279,0.239538,8.71262403
622.00,0,1376.620,112.489,88.191,4145.130,615.895,0.9647,76.2,0.098,38.0,0.399,34.1,90.6,98,77.5,4.27,3.20,4.09,576.672,2357.53,12.82,0.029,0.0485,36.8551,7.39,6.23,37.2,32.7,0.796,328,261,108,0.83,0.490,0.0502,0.0502,1.194,1032,1032,15,1,151,7.0,110.8,108.0,39.2,40.5,110,40.1,107,41.4,80.3,40.4,29.5,45.8,4.74,4.74,5.55,-3.67,0.033646,2.52990217,0.239616,8.72249222
623.00,0,1376.620,112.569,88.167,4145.212,615.895,0.9646,76.3,-0.013,38.0,0.399,34.1,95.7,98,77.5,4.28,3.22,4.09,576.672,2785.46,12.82,0.029,0.0485,36.8551,7.39,7.97,37.2,32.7,0.796,328,261,118,0.88,0.648,0.0502,0.0502,1.193,1033,1033,15,1,160,0.3,117.1,114.2,34.4,35.8,115,36.2,112,37.8,80.3,40.5,29.5,45.8,4.74,4.74,6.10,-4.70,0.033648,2.53274157,0.239695,8.73236101
624.00,0,1376.620,112.642,88.152,4145.295,615.895,0.9645,76.2,-0.055,38.0,0.399,34.1,96.9,98,77.4,4.28,3.20,4.08,576.672,2650.96,12.82,0.029,0.0485,36.8551,7.39,6.28,37.2,32.7,0.795,322,256,119,0.90,0.654,0.0502,0.0502,1.192,1034,1034,15,1,134,20.6,114.8,111.9,36.3,37.7,114,37.0,111,38.5,80.2,40.5,29.4,45.8,4.74,4.74,5.67,-4.02,0.033650,2.53558137,0.239775,8.74223115
625.00,0,1376.620,112.709,88.143,4145.378,615.895,0.9645,76.2,-0.090,38.0,0.399,34.1,86.1,98,77.4,4.28,3.18,4.09,576.672,2245.55,12.82,0.029,0.0485,36.8551,7.39,4.89,37.2,32.7,0.795,318,252,97,0.80,0.296,0.0502,0.0502,1.191,1033,1033,15,1,113,36.9,112.4,109.4,38.2,39.6,112,38.3,109,39.7,80.2,40.5,29.4,45.8,4.74,4.74,4.72,-3.10,0.033653,2.53842183,0.239853,8.75210315
626.00,0,1376.620,112.770,88.132,4145.461,615.894,0.9646,76.2,0.067,38.0,0.399,34.1,78.4,98,77.4,4.28,3.15,4.08,576.672,2242.89,12.82,0.029,0.0485,36.8551,7.39,4.92,37.2,32.7,0.795,329,261,84,0.71,0.098,0.0503,0.0503,1.190,1033,1033,15,1,113,36.9,110.7,107.8,39.4,40.8,110,39.6,108,41.0,80.2,40.4,29.4,45.8,4.74,4.74,4.45,-2.64,0.033654,2.54126272,0.239925,8.76197712
627.00,0,1376.620,112.799,88.134,4145.543,615.894,0.9646,76.2,-0.027,38.0,0.399,34.1,82.6,98,77.4,4.28,3.15,4.08,577.030,2520.90,12.82,0.029,0.0485,36.8422,7.40,7.07,37.2,32.7,0.795,329,262,92,0.75,0.230,0.0503,0.0503,1.190,1032,1032,15,1,159,0.6,113.4,110.5,37.1,38.5,111,38.9,108,40.3,80.2,40.4,29.4,45.8,4.75,4.75,4.93,-3.79,0.033654,2.54410372,0.239997,8.77185302
628.00,0,1376.620,112.852,88.148,4145.626,615.894,0.9644,76.2,0.207,38.0,0.399,34.1,87.1,98,77.4,4.29,3.18,4.08,577.030,2820.27,12.82,0.029,0.0485,36.8422,7.40,7.81,37.2,32.7,0.795,329,262,101,0.79,0.373,0.0503,0.0503,1.189,1033,1033,15,1,160,0.3,117.1,114.2,34.3,35.8,115,36.2,112,37.7,80.1,40.5,29.4,45.8,4.75,4.75,5.24,-3.69,0.033656,2.54694491,0.240070,8.78173112
629.00,0,1376.620,112.902,88.161,4145.710,615.894,0.9644,76.2,0.057,38.0,0.399,34.1,91.9,98,77.4,4.29,3.22,4.08,577.030,2484.63,12.82,0.029,0.0485,36.8422,7.40,5.29,37.2,32.7,0.795,329,262,110,0.84,0.527,0.0503,0.0503,1.189,1034,1034,15,1,120,31.7,113.7,110.8,37.2,38.6,113,37.4,110,38.9,80.1,40.5,29.4,45.8,4.75,4.75,5.71,-3.81,0.033659,2.54978646,0.240144,8.79161158
630.00,0,1376.620,112.947,88.165,4145.793,615.894,0.9644,76.2,-0.023,38.0,0.399,34.1,97.0,98,77.5,4.29,3.22,4.09,577.030,2243.05,12.82,0.029,0.0485,36.8422,7.40,4.92,37.2,32.7,0.795,329,262,120,0.89,0.684,0.0503,0.0503,1.189,1033,1033,15,1,113,36.9,111.7,108.8,38.6,40.0,112,38.7,109,40.1,80.1,40.4,29.3,45.8,4.75,4.75,6.04,-3.91,0.033661,2.55262852,0.240219,8.80149449
631.00,0,1376.620,112.988,88.181,4145.877,615.894,0.9644,76.2,0.668,38.0,0.399,34.1,95.2,98,77.5,4.29,3.20,4.09,577.030,2242.89,12.82,0.029,0.0485,36.8422,7.40,4.92,37.2,32.7,0.795,321,255,115,0.88,0.591,0.0504,0.0504,1.188,1033,1033,15,1,113,36.9,110.0,107.2,39.8,41.1,110,40.1,107,41.4,80.1,40.4,29.3,45.8,4.75,4.75,5.39,-3.36,0.033662,2.55547132,0.240294,8.81138033
632.00,0,1376.620,113.025,88.202,4145.961,615.894,0.9644,76.2,-0.076,38.0,0.399,34.1,82.4,98,77.5,4.30,3.17,4.09,577.396,2670.13,12.82,0.029,0.0485,36.8534,7.40,7.68,37.2,32.7,0.794,320,254,90,0.76,0.186,0.0504,0.0504,1.188,1033,1033,15,1,160,0.3,115.5,112.7,35.4,36.8,113,37.3,110,38.8,80.0,40.4,29.3,45.8,4.75,4.75,4.68,-3.84,0.033663,2.55831480,0.240365,8.82126931
633.00,0,1376.620,113.059,88.222,4146.045,615.894,0.9642,76.2,0.002,38.0,0.399,34.1,79.5,98,77.5,4.30,3.15,4.09,577.396,2779.94,12.82,0.029,0.0485,36.8534,7.40,7.25,37.2,32.7,0.795,330,262,86,0.72,0.131,0.0504,0.0504,1.187,1034,1034,15,1,155,4.0,116.1,113.3,35.1,36.5,114,36.6,111,38.1,80.0,40.5,29.3,45.9,4.75,4.75,4.60,-3.16,0.033665,2.56115858,0.240432,8.83116127
634.00,0,1376.620,113.075,88.231,4146.128,615.894,0.9642,76.2,0.027,38.0,0.399,34.1,83.8,98,77.5,4.30,3.16,4.09,577.396,2301.39,12.82,0.029,0.0485,36.8534,7.40,4.42,37.2,32.7,0.795,330,262,94,0.76,0.266,0.0504,0.0504,1.187,1034,1034,15,1,114,36.2,112.9,109.9,37.8,39.2,113,37.8,110,39.3,79.9,40.5,29.3,45.9,4.75,4.75,4.95,-3.20,0.033668,2.56400248,0.240499,8.84105601
635.00,0,1376.620,113.105,88.227,4146.213,615.894,0.9642,76.2,0.184,38.0,0.399,34.1,88.3,98,77.5,4.30,3.19,4.09,577.396,2242.90,12.82,0.029,0.0485,36.8534,7.40,4.92,37.2,32.7,0.795,330,262,103,0.80,0.412,0.0504,0.0504,1.188,1033,1033,15,1,113,36.9,111.1,108.2,39.0,40.4,111,39.2,108,40.6,79.9,40.4,29.3,45.9,4.75,4.75,5.35,-3.27,0.033670,2.56684661,0.240567,8.85095357
636.00,0,1376.620,113.132,88.254,4146.297,615.894,0.9643,76.2,0.030,38.0,0.399,34.1,93.2,98,77.5,4.30,3.23,4.09,577.396,2338.22,12.82,0.029,0.0485,36.8750,7.40,6.11,37.2,32.7,0.795,330,262,113,0.85,0.569,0.0504,0.0504,1.186,1033,1033,15,1,147,9.9,110.3,107.5,39.5,40.8,109,40.2,107,41.5,79.9,40.4,29.3,45.9,4.75,4.75,5.87,-3.79,0.033670,2.56969101,0.240636,8.86085379
637.00,0,1376.620,113.156,88.277,4146.382,615.894,0.9641,76.2,-0.037,38.0,0.399,34.1,98.5,98,77.5,4.30,3.22,4.09,577.744,2777.39,12.82,0.029,0.0485,36.8750,7.41,7.97,37.2,32.7,0.795,326,259,122,0.91,0.714,0.0505,0.0505,1.186,1033,1033,15,1,160,0.3,116.8,113.9,34.5,35.9,114,36.3,111,37.8,79.9,40.5,29.3,45.9,4.76,4.76,6.13,-4.80,0.033672,2.57253583,0.240707,8.87075682
638.00,0,1376.620,113.179,88.296,4146.466,615.894,0.9640,76.2,0.425,38.0,0.399,34.1,92.9,98,77.6,4.31,3.19,4.09,577.744,2668.98,12.82,0.029,0.0485,36.8750,7.41,6.40,37.2,32.7,0.794,320,254,110,0.86,0.511,0.0505,0.0505,1.186,1034,1034,15,1,136,18.8,114.7,111.8,36.2,37.6,114,36.9,111,38.5,79.8,40.5,29.3,45.9,4.76,4.76,5.31,-3.74,0.033675,2.57538126,0.240776,8.88066301
639.00,0,1376.620,113.199,88.312,4146.551,615.894,0.9640,76.2,-0.050,38.0,0.399,34.1,79.2,99,77.6,4.31,3.17,4.09,577.744,2246.59,12.82,0.029,0.0485,36.8750,7.41,4.89,37.2,32.7,0.794,324,257,84,0.72,0.102,0.0505,0.0505,1.186,1033,1033,15,1,113,36.9,112.2,109.2,38.2,39.6,112,38.3,109,39.7,79.8,40.5,29.2,45.9,4.76,4.76,4.47,-2.84,0.033678,2.57822724,0.240841,8.89057234
640.00,0,1376.620,113.217,88.651,4146.635,615.894,0.9641,76.2,0.002,37.8,0.397,34.1,80.4,99,77.6,4.28,3.15,4.08,577.744,2242.89,12.82,0.029,0.0485,36.8750,7.41,4.92,37.2,32.7,0.794,330,262,87,0.73,0.160,0.0505,0.0505,1.197,1033,1033,15,1,113,37.0,110.4,107.6,39.5,40.8,110,39.6,107,41.0,79.8,40.4,29.2,45.9,4.76,4.76,4.63,-2.74,0.033680,2.58107352,0.240904,8.90048454
641.00,0,1376.620,113.226,89.110,4146.719,615.894,0.9641,76.2,-0.027,37.4,0.394,34.1,83.0,99,78.4,4.24,3.15,4.07,578.096,2511.47,12.88,0.029,0.0485,36.8897,7.44,7.03,37.2,32.7,0.795,330,262,92,0.75,0.242,0.0505,0.0505,1.217,1032,1032,15,1,159,0.7,113.0,110.1,37.3,38.7,111,39.0,108,40.4,79.8,40.4,29.2,45.9,4.76,4.76,4.95,-3.76,0.033680,2.58392243,0.240963,8.91040122
642.00,0,1376.620,113.241,89.296,4146.803,615.894,0.9639,76.2,0.102,37.2,0.392,34.1,85.2,99,78.8,4.21,3.16,4.06,578.096,2821.39,12.88,0.029,0.0485,36.8897,7.44,7.83,37.2,32.6,0.795,330,262,96,0.77,0.313,0.0506,0.0506,1.228,1033,1033,15,1,160,0.3,116.9,114.0,34.3,35.8,115,36.2,112,37.7,79.7,40.5,29.2,45.9,4.76,4.76,5.06,-3.55,0.033682,2.58677448,0.241023,8.92032346
643.00,0,1376.620,113.256,89.259,4146.887,615.894,0.9638,76.2,0.207,37.1,0.392,34.1,87.4,99,78.8,4.20,3.17,4.06,578.096,2495.26,12.88,0.029,0.0485,36.8897,7.44,5.34,37.2,32.6,0.795,330,262,101,0.79,0.384,0.0506,0.0506,1.229,1034,1034,15,1,120,31.4,113.5,110.6,37.2,38.6,113,37.4,110,38.9,79.7,40.5,29.2,45.9,4.76,4.76,5.25,-3.46,0.033685,2.58962799,0.241083,8.93025096
644.00,0,1376.620,113.269,89.199,4146.971,615.894,0.9639,76.2,0.145,37.1,0.391,34.1,89.7,99,78.7,4.20,3.19,4.06,578.096,2243.08,12.88,0.029,0.0485,36.8897,7.44,4.92,37.2,32.6,0.795,330,262,105,0.82,0.457,0.0506,0.0506,1.230,1033,1033,15,1,113,37.0,111.5,108.5,38.7,40.0,111,38.8,108,40.2,79.7,40.5,29.2,45.9,4.76,4.76,5.45,-3.38,0.033687,2.59248157,0.241143,8.94018315
645.00,0,1376.620,113.280,89.137,4147.055,615.894,0.9639,76.2,0.057,37.0,0.391,34.1,92.1,99,78.7,4.19,3.21,4.05,578.096,2242.89,12.88,0.029,0.0485,36.8897,7.44,4.92,37.2,32.6,0.795,330,262,110,0.84,0.533,0.0506,0.0506,1.230,1033,1033,15,1,113,37.0,109.7,106.9,39.9,41.2,109,40.1,107,41.4,79.7,40.4,29.2,45.9,4.76,4.76,5.68,-3.35,0.033688,2.59533448,0.241204,8.95011931
646.00,0,1376.620,113.290,89.097,4147.139,615.894,0.9638,76.2,0.003,37.0,0.391,34.1,94.6,99,78.6,4.19,3.23,4.05,578.495,2671.24,12.88,0.029,0.0486,36.9073,7.45,7.69,37.2,32.6,0.795,330,262,115,0.86,0.612,0.0507,0.0507,1.230,1033,1033,15,1,160,0.3,115.3,112.4,35.5,36.9,113,37.4,110,38.9,79.6,40.5,29.2,45.9,4.76,4.76,6.09,-4.74,0.033689,2.59818648,0.241265,8.96005877
647.00,0,1376.620,113.300,89.065,4147.224,615.894,0.9636,76.2,-0.023,37.0,0.391,34.1,97.1,99,78.6,4.19,3.22,4.05,578.495,2780.66,12.88,0.029,0.0486,36.9073,7.45,7.25,37.2,32.6,0.795,329,262,120,0.89,0.689,0.0507,0.0507,1.230,1034,1034,15,1,155,4.1,115.9,113.0,35.2,36.6,114,36.6,111,38.1,79.5,40.5,29.2,45.9,4.77,4.77,6.20,-4.36,0.033692,2.60103770,0.241326,8.97000111
648.00,0,1376.620,113.309,89.037,4147.308,615.894,0.9636,76.2,-0.033,37.0,0.391,34.1,98.9,99,78.6,4.19,3.21,4.05,578.495,2300.36,12.88,0.029,0.0486,36.9073,7.45,4.43,37.2,32.6,0.795,325,258,123,0.91,0.722,0.0507,0.0507,1.230,1034,1034,15,1,114,36.3,112.7,109.7,37.8,39.2,113,37.9,110,39.3,79.5,40.5,29.2,45.9,4.77,4.77,5.98,-4.04,0.033695,2.60388834,0.241388,8.97994592
649.00,0,1376.620,113.316,89.007,4147.392,615.894,0.9637,76.2,0.668,36.9,0.391,34.1,96.3,99,78.6,4.19,3.20,4.05,578.495,2242.90,12.88,0.029,0.0486,36.9073,7.45,4.92,37.2,32.6,0.794,322,256,117,0.89,0.624,0.0507,0.0507,1.230,1033,1033,15,1,113,37.0,110.8,107.9,39.1,40.4,111,39.2,108,40.6,79.5,40.5,29.2,45.9,4.77,4.77,5.55,-3.56,0.033697,2.60673863,0.241450,8.98989293
650.00,0,1376.620,113.323,88.987,4147.477,615.894,0.9637,76.2,-0.043,36.9,0.391,34.1,91.0,99,78.5,4.18,3.18,4.05,578.912,2348.24,12.88,0.029,0.0486,36.9291,7.45,6.18,37.2,32.6,0.794,319,254,106,0.84,0.447,0.0507,0.0507,1.230,1032,1032,15,1,149,8.3,110.2,107.4,39.4,40.7,109,40.2,106,41.5,79.5,40.4,29.2,45.9,4.77,4.77,5.09,-3.45,0.033698,2.60958866,0.241511,8.99984191
651.00,0,1376.620,113.328,88.978,4147.561,615.894,0.9636,76.2,-0.076,36.9,0.391,34.1,83.6,99,78.5,4.18,3.17,4.04,578.912,2783.53,12.88,0.029,0.0486,36.9291,7.45,7.98,37.2,32.6,0.794,320,254,92,0.77,0.223,0.0508,0.0508,1.230,1033,1033,15,1,160,0.3,116.6,113.7,34.4,35.9,114,36.3,111,37.8,79.5,40.5,29.2,45.9,4.77,4.77,4.77,-3.75,0.033700,2.61243847,0.241570,9.00979275
652.00,0,1376.620,113.334,88.969,4147.645,615.894,0.9635,76.2,-0.010,36.9,0.391,34.1,78.5,99,78.5,4.18,3.16,4.04,578.912,2660.11,12.88,0.029,0.0486,36.9291,7.45,6.33,37.2,32.6,0.794,330,262,83,0.71,0.098,0.0508,0.0508,1.230,1034,1034,15,1,135,19.9,114.4,111.5,36.4,37.8,114,37.0,110,38.5,79.4,40.6,29.2,45.9,4.77,4.77,4.53,-3.04,0.033703,2.61528810,0.241629,9.01974541
653.00,0,1376.620,113.338,88.960,4147.730,615.894,0.9635,76.2,0.002,36.9,0.391,34.1,80.6,99,78.5,4.18,3.15,4.04,578.912,2245.94,12.88,0.029,0.0486,36.9291,7.45,4.89,37.2,32.6,0.794,330,262,87,0.73,0.161,0.0508,0.0508,1.230,1033,1033,15,1,113,37.0,111.9,108.9,38.3,39.7,112,38.4,109,39.8,79.4,40.5,29.2,45.9,4.77,4.77,4.68,-2.91,0.033707,2.61813763,0.241686,9.02969986
654.00,0,1376.620,113.340,88.951,4147.814,615.894,0.9636,76.2,-0.027,36.9,0.391,34.1,82.7,99,78.5,4.18,3.15,4.04,578.912,2242.89,12.88,0.029,0.0486,36.9291,7.45,4.92,37.2,32.6,0.795,330,262,92,0.75,0.228,0.0508,0.0508,1.231,1033,1033,15,1,113,37.0,110.1,107.2,39.6,40.9,110,39.7,107,41.1,79.4,40.5,29.2,45.9,4.77,4.77,4.84,-2.86,0.033709,2.62098709,0.241745,9.03965611
655.00,0,1376.620,113.343,88.944,4147.898,615.894,0.9636,76.2,0.102,36.9,0.391,34.1,84.8,99,78.5,4.18,3.16,4.04,579.359,2522.44,12.88,0.029,0.0486,36.9436,7.46,7.08,37.2,32.6,0.795,330,262,96,0.77,0.297,0.0508,0.0508,1.230,1032,1032,15,1,159,0.6,112.9,110.0,37.2,38.6,111,39.0,108,40.3,79.4,40.5,29.2,45.9,4.77,4.77,5.16,-3.91,0.033710,2.62383650,0.241803,9.04961421
656.00,0,1376.620,113.345,88.946,4147.983,615.894,0.9634,76.2,0.207,36.9,0.391,34.1,87.1,99,78.5,4.18,3.17,4.04,579.359,2822.68,12.88,0.029,0.0486,36.9436,7.46,7.81,37.2,32.6,0.795,330,262,100,0.79,0.369,0.0509,0.0509,1.230,1033,1033,15,1,160,0.3,116.7,113.8,34.4,35.8,114,36.2,111,37.8,79.4,40.6,29.2,45.9,4.77,4.77,5.28,-3.68,0.033712,2.62668588,0.241861,9.05957427
657.00,0,1376.620,113.347,88.946,4148.067,615.894,0.9633,76.2,0.145,36.9,0.391,34.1,89.5,99,78.5,4.18,3.19,4.04,579.359,2483.18,12.88,0.029,0.0486,36.9436,7.46,5.27,37.2,32.6,0.795,330,262,105,0.81,0.444,0.0509,0.0509,1.231,1034,1034,15,1,119,32.0,113.2,110.3,37.3,38.7,113,37.5,110,39.0,79.3,40.6,29.2,45.9,4.77,4.77,5.48,-3.61,0.033716,2.62953529,0.241919,9.06953636
658.00,0,1376.620,113.349,88.942,4148.152,615.894,0.9634,76.2,0.057,36.9,0.391,34.1,91.9,99,78.5,4.18,3.21,4.04,579.359,2243.05,12.88,0.029,0.0486,36.9436,7.46,4.92,37.2,32.6,0.795,330,262,109,0.84,0.522,0.0509,0.0509,1.231,1033,1033,15,1,113,37.0,111.2,108.2,38.7,40.1,111,38.9,108,40.2,79.3,40.5,29.1,45.9,4.78,4.78,5.71,-3.54,0.033718,2.63238481,0.241977,9.07950052
659.00,0,1376.620,113.350,88.937,4148.236,615.894,0.9635,76.2,0.003,36.9,0.391,34.1,94.4,99,78.5,4.18,3.23,4.04,579.359,2242.89,12.88,0.029,0.0486,36.9436,7.46,4.92,37.2,32.6,0.795,330,262,114,0.86,0.601,0.0509,0.0509,1.231,1033,1033,15,1,113,37.0,109.5,106.6,40.0,41.3,109,40.2,106,41.5,79.3,40.5,29.1,45.9,4.78,4.78,5.94,-3.53,0.033719,2.63523442,0.242036,9.08946672
660.00,0,1376.620,113.350,88.942,4148.321,615.894,0.9634,76.2,-0.023,36.9,0.391,34.1,97.0,99,78.5,4.18,3.22,4.04,579.837,2680.80,12.88,0.029,0.0486,36.9537,7.47,7.73,37.2,32.6,0.795,330,262,119,0.89,0.679,0.0509,0.0509,1.231,1033,1033,15,1,160,0.3,115.2,112.3,35.4,36.8,113,37.3,110,38.8,79.3,40.5,29.1,45.9,4.78,4.78,6.29,-4.95,0.033721,2.63808414,0.242094,9.09943513
661.00,0,1376.620,113.350,88.948,4148.406,615.894,0.9632,76.2,-0.033,36.9,0.391,34.1,98.8,99,78.5,4.18,3.21,4.04,579.837,2776.46,12.88,0.029,0.0486,36.9537,7.47,7.21,37.2,32.6,0.794,325,258,122,0.91,0.713,0.0510,0.0510,1.231,1034,1034,15,1,154,4.8,115.6,112.7,35.3,36.7,114,36.6,111,38.2,79.3,40.6,29.1,45.9,4.78,4.78,6.05,-4.31,0.033724,2.64093399,0.242153,9.10940584
662.00,0,1376.620,113.350,88.951,4148.491,615.894,0.9633,76.2,0.668,36.9,0.391,34.1,96.2,99,78.5,4.18,3.20,4.04,579.837,2290.40,12.88,0.029,0.0486,36.9537,7.47,4.50,37.2,32.6,0.794,322,256,117,0.89,0.617,0.0510,0.0510,1.231,1034,1034,15,1,113,36.5,112.4,109.4,37.8,39.3,112,37.9,109,39.4,79.2,40.6,29.1,45.9,4.78,4.78,5.62,-3.80,0.033727,2.64378405,0.242210,9.11937890
663.00,0,1376.620,113.349,88.945,4148.576,615.894,0.9633,76.2,-0.043,36.9,0.391,34.1,91.0,99,78.5,4.18,3.18,4.04,579.837,2242.90,12.88,0.029,0.0486,36.9537,7.47,4.92,37.2,32.6,0.794,319,254,106,0.84,0.441,0.0510,0.0510,1.231,1033,1033,15,1,113,37.0,110.6,107.7,39.1,40.5,110,39.3,107,40.7,79.3,40.5,29.1,45.9,4.78,4.78,5.09,-3.23,0.033729,2.64663431,0.242267,9.12935434
664.00,0,1376.620,113.347,88.949,4148.660,615.894,0.9634,76.2,-0.076,36.9,0.391,34.1,83.6,99,78.5,4.18,3.17,4.04,580.337,2358.51,12.88,0.029,0.0486,36.9615,7.47,6.24,37.2,32.6,0.794,320,254,92,0.77,0.218,0.0510,0.0510,1.231,1032,1032,15,1,151,6.9,110.1,107.3,39.3,40.6,109,40.2,106,41.5,79.3,40.5,29.1,45.9,4.78,4.78,4.69,-3.17,0.033730,2.64948472,0.242322,9.13933213
665.00,0,1376.620,113.345,88.960,4148.745,615.894,0.9633,76.2,-0.010,36.9,0.391,34.1,78.5,99,78.5,4.18,3.16,4.04,580.337,2789.67,12.88,0.029,0.0486,36.9615,7.47,7.99,37.2,32.6,0.794,330,262,83,0.71,0.094,0.0511,0.0511,1.231,1033,1033,15,1,160,0.3,116.5,113.6,34.4,35.9,114,36.3,111,37.8,79.2,40.5,29.1,45.9,4.78,4.78,4.60,-3.54,0.033731,2.65233518,0.242375,9.14931225
666.00,0,1376.620,113.343,88.965,4148.830,615.894,0.9631,76.2,0.002,36.9,0.391,34.1,80.6,99,78.5,4.18,3.15,4.04,580.337,2650.94,12.88,0.029,0.0486,36.9615,7.47,6.27,37.2,32.6,0.794,330,262,87,0.73,0.158,0.0511,0.0511,1.231,1034,1034,15,1,133,21.0,114.1,111.2,36.4,37.8,113,37.1,110,38.6,79.2,40.6,29.1,45.9,4.78,4.78,4.71,-3.14,0.033734,2.65518565,0.242428,9.15929467
667.00,0,1376.620,113.343,88.968,4148.914,615.894,0.9632,76.2,-0.027,36.9,0.391,34.1,82.7,99,78.5,4.18,3.15,4.04,580.337,2245.39,12.88,0.029,0.0486,36.9615,7.47,4.90,37.2,32.6,0.794,330,262,91,0.75,0.224,0.0511,0.0511,1.231,1033,1033,15,1,113,37.0,111.6,108.7,38.3,39.7,112,38.4,109,39.8,79.2,40.6,29.1,45.9,4.78,4.78,4.87,-3.04,0.033737,2.65803617,0.242481,9.16927935
668.00,0,1376.620,113.340,88.963,4148.999,615.894,0.9633,76.2,0.102,36.9,0.391,34.1,84.9,99,78.5,4.18,3.16,4.04,580.337,2242.89,12.88,0.029,0.0486,36.9615,7.47,4.92,37.2,32.6,0.795,330,262,96,0.77,0.294,0.0511,0.0511,1.232,1033,1033,15,1,113,37.0,109.9,107.0,39.6,40.9,110,39.8,107,41.1,79.2,40.5,29.1,45.9,4.78,4.78,5.05,-2.99,0.033738,2.66088674,0.242534,9.17926629
669.00,0,1376.620,113.337,88.970,4149.084,615.894,0.9633,76.2,0.207,36.9,0.391,34.1,87.1,99,78.5,4.18,3.17,4.04,580.853,2533.55,12.88,0.029,0.0486,36.9685,7.48,7.13,37.2,32.6,0.795,330,262,100,0.79,0.366,0.0511,0.0511,1.232,1032,1032,15,1,159,0.5,112.9,110.0,37.1,38.5,111,38.9,108,40.3,79.2,40.5,29.1,45.9,4.79,4.79,5.39,-4.09,0.033738,2.66373735,0.242587,9.18925546
670.00,0,1376.620,113.334,88.981,4149.168,615.894,0.9631,76.2,0.145,36.9,0.391,34.1,89.5,99,78.5,4.18,3.19,4.04,580.853,2823.82,12.88,0.029,0.0486,36.9685,7.48,7.80,37.2,32.6,0.795,330,262,105,0.81,0.441,0.0512,0.0512,1.232,1033,1033,15,1,160,0.3,116.5,113.6,34.4,35.9,114,36.3,111,37.8,79.1,40.6,29.1,45.9,4.79,4.79,5.52,-3.85,0.033740,2.66658800,0.242640,9.19924688
671.00,0,1376.620,113.331,88.988,4149.253,615.894,0.9631,76.2,0.057,36.9,0.391,34.1,91.9,99,78.6,4.18,3.21,4.04,580.853,2470.81,12.88,0.029,0.0486,36.9685,7.48,5.20,37.2,32.6,0.795,330,262,109,0.83,0.519,0.0512,0.0512,1.232,1034,1034,15,1,119,32.5,113.0,110.1,37.3,38.7,113,37.5,110,39.0,79.1,40.6,29.1,45.9,4.79,4.79,5.76,-3.80,0.033743,2.66943871,0.242693,9.20924051
672.00,0,1376.620,113.328,88.984,4149.338,615.894,0.9631,76.2,0.003,36.9,0.391,34.1,94.4,99,78.6,4.18,3.22,4.04,580.853,2243.02,12.88,0.029,0.0486,36.9685,7.48,4.92,37.2,32.6,0.795,330,262,114,0.86,0.598,0.0512,0.0512,1.232,1033,1033,15,1,113,37.0,111.0,108.1,38.8,40.1,111,38.9,108,40.3,79.1,40.5,29.1,45.9,4.79,4.79,5.99,-3.74,0.033746,2.67228952,0.242746,9.21923627
673.00,0,1376.620,113.324,88.990,4149.423,615.894,0.9632,76.2,-0.023,36.9,0.391,34.1,97.1,99,78.6,4.18,3.22,4.04,580.853,2244.49,12.88,0.029,0.0487,36.9753,7.48,5.05,37.2,32.6,0.795,330,262,119,0.89,0.676,0.0512,0.0512,1.232,1033,1033,15,1,113,37.0,109.3,106.4,40.0,41.3,109,40.2,106,41.5,79.2,40.5,29.1,45.9,4.79,4.79,6.10,-3.77,0.033746,2.67514045,0.242799,9.22923425
674.00,0,1376.620,113.320,89.001,4149.508,615.894,0.9631,76.2,-0.033,36.9,0.391,34.1,98.9,99,78.6,4.18,3.21,4.04,581.380,2698.26,12.93,0.029,0.0487,36.9753,7.52,7.79,37.2,32.6,0.794,325,258,122,0.91,0.710,0.0512,0.0512,1.232,1033,1033,15,1,160,0.3,115.3,112.4,35.2,36.7,113,37.1,110,38.6,79.1,40.6,29.1,45.9,4.79,4.79,6.14,-4.91,0.033747,2.67799150,0.242853,9.23923444
675.00,0,1376.620,113.316,89.010,4149.593,615.894,0.9630,76.2,0.668,36.9,0.391,34.1,96.3,99,78.6,4.18,3.20,4.04,581.380,2766.29,12.93,0.029,0.0487,36.9753,7.52,7.11,37.2,32.6,0.794,322,256,117,0.89,0.615,0.0513,0.0513,1.232,1034,1034,15,1,152,6.4,115.3,112.4,35.4,36.8,114,36.7,111,38.2,79.1,40.6,29.1,45.9,4.79,4.79,5.69,-4.06,0.033750,2.68084270,0.242905,9.24923691
676.00,0,1376.620,113.312,89.017,4149.678,615.894,0.9630,76.2,-0.043,36.9,0.391,34.1,91.0,99,78.6,4.18,3.18,4.04,581.380,2275.87,12.93,0.029,0.0487,36.9753,7.52,4.62,37.2,32.6,0.794,319,254,106,0.84,0.438,0.0513,0.0513,1.232,1034,1034,15,1,113,36.7,112.2,109.2,37.9,39.3,112,38.0,109,39.4,79.1,40.6,29.1,45.9,4.79,4.79,5.16,-3.46,0.033752,2.68369405,0.242957,9.25924163
677.00,0,1376.620,113.308,89.010,4149.763,615.894,0.9631,76.2,-0.076,36.9,0.391,34.1,83.7,99,78.6,4.18,3.17,4.04,581.380,2242.90,12.93,0.029,0.0487,36.9753,7.52,4.92,37.2,32.6,0.794,320,254,92,0.77,0.216,0.0513,0.0513,1.232,1033,1033,15,1,113,37.0,110.4,107.5,39.2,40.5,110,39.3,107,40.7,79.1,40.5,29.1,45.9,4.79,4.79,4.68,-2.90,0.033754,2.68654552,0.243007,9.26924856
678.00,0,1376.620,113.303,89.021,4149.848,615.894,0.9631,76.2,-0.010,36.9,0.391,34.1,78.6,99,78.6,4.18,3.16,4.04,581.915,2389.38,12.93,0.029,0.0486,36.9652,7.52,6.42,37.2,32.6,0.794,330,262,83,0.70,0.093,0.0513,0.0513,1.233,1032,1032,15,1,155,4.0,110.5,107.7,38.9,40.2,109,40.0,106,41.3,79.1,40.5,29.0,45.9,4.79,4.79,4.60,-3.15,0.033754,2.68939702,0.243056,9.27925762
679.00,0,1376.620,113.298,89.034,4149.932,615.894,0.9630,76.2,0.002,36.9,0.391,34.1,80.6,99,78.6,4.18,3.15,4.04,581.915,2803.31,12.93,0.029,0.0486,36.9652,7.52,8.00,37.2,32.6,0.794,330,262,87,0.72,0.156,0.0514,0.0514,1.233,1033,1033,15,1,160,0.3,116.5,113.6,34.3,35.8,114,36.2,111,37.7,79.1,40.6,29.0,45.9,4.79,4.79,4.78,-3.60,0.033755,2.69224850,0.243104,9.28926876
680.00,0,1376.620,113.296,89.038,4150.017,615.894,0.9629,76.2,-0.027,36.9,0.391,34.1,82.8,99,78.6,4.18,3.14,4.04,581.915,2621.98,12.93,0.029,0.0486,36.9652,7.52,6.08,37.2,32.6,0.794,330,262,91,0.75,0.223,0.0514,0.0514,1.233,1034,1034,15,1,130,23.8,113.8,110.9,36.6,38.0,113,37.1,110,38.6,79.0,40.6,29.0,45.9,4.80,4.80,4.91,-3.27,0.033757,2.69509995,0.243152,9.29928197
681.00,0,1376.620,113.292,89.045,4150.102,615.894,0.9630,76.2,0.102,36.9,0.391,34.1,84.9,99,78.6,4.18,3.16,4.04,581.915,2244.33,12.93,0.029,0.0486,36.9652,7.52,4.91,37.2,32.6,0.794,330,262,96,0.77,0.292,0.0514,0.0514,1.233,1033,1033,15,1,113,37.0,111.5,108.5,38.4,39.8,111,38.5,108,39.9,79.0,40.6,29.0,45.9,4.80,4.80,5.08,-3.17,0.033759,2.69795143,0.243201,9.30929724
682.00,0,1376.620,113.287,89.035,4150.187,615.894,0.9631,76.2,0.207,36.9,0.391,34.1,87.2,99,78.6,4.18,3.17,4.04,581.915,2242.89,12.93,0.029,0.0486,36.9652,7.52,4.92,37.2,32.6,0.795,330,262,100,0.79,0.364,0.0514,0.0514,1.233,1033,1033,15,1,113,37.0,109.7,106.8,39.7,41.0,109,39.9,107,41.2,79.1,40.5,29.0,45.9,4.80,4.80,5.27,-3.13,0.033760,2.70080289,0.243249,9.31931452
683.00,0,1376.620,113.281,89.049,4150.272,615.894,0.9631,76.2,0.145,36.9,0.391,34.1,89.6,99,78.6,4.18,3.19,4.04,582.439,2574.50,12.93,0.029,0.0486,36.9600,7.53,7.32,37.2,32.6,0.795,330,262,105,0.81,0.439,0.0514,0.0514,1.233,1032,1032,15,1,159,0.4,113.5,110.6,36.6,38.0,111,38.4,108,39.9,79.0,40.5,29.0,45.9,4.80,4.80,5.64,-4.34,0.033760,2.70365437,0.243298,9.32933381
684.00,0,1376.620,113.276,89.063,4150.357,615.894,0.9629,76.2,0.057,36.9,0.391,34.1,92.0,99,78.6,4.18,3.21,4.04,582.439,2820.70,12.93,0.029,0.0486,36.9600,7.53,7.69,37.2,32.6,0.795,330,262,109,0.83,0.517,0.0515,0.0515,1.233,1033,1033,15,1,159,0.5,116.3,113.4,34.5,36.0,114,36.3,111,37.9,79.0,40.6,29.0,45.9,4.80,4.80,5.79,-4.04,0.033762,2.70650587,0.243347,9.33935509
685.00,0,1376.620,113.271,89.070,4150.442,615.894,0.9629,76.2,0.003,36.9,0.391,34.1,94.5,99,78.6,4.18,3.22,4.04,582.439,2423.34,12.93,0.029,0.0486,36.9600,7.53,4.95,37.2,32.6,0.795,330,262,114,0.86,0.597,0.0515,0.0515,1.233,1034,1034,15,1,117,34.0,112.8,109.8,37.4,38.9,113,37.6,110,39.1,79.0,40.6,29.0,45.9,4.80,4.80,6.04,-3.99,0.033764,2.70935740,0.243396,9.34937830
686.00,0,1376.620,113.266,89.052,4150.527,615.894,0.9630,76.2,-0.023,36.8,0.391,34.1,97.1,99,78.6,4.17,3.22,4.04,582.439,2242.95,12.93,0.029,0.0486,36.9600,7.53,4.92,37.2,32.6,0.795,329,262,119,0.88,0.674,0.0515,0.0515,1.235,1033,1033,15,1,113,37.0,110.8,107.9,38.8,40.2,111,39.0,108,40.4,79.0,40.5,29.0,45.9,4.80,4.80,6.18,-3.94,0.033765,2.71220903,0.243445,9.35940353
687.00,0,1376.620,113.260,89.072,4150.612,615.894,0.9630,76.2,-0.033,36.9,0.391,34.1,99.0,99,78.6,4.18,3.21,4.04,582.439,2262.90,12.93,0.029,0.0486,36.9582,7.53,5.47,37.2,32.6,0.794,325,258,122,0.91,0.708,0.0515,0.0515,1.233,1033,1033,15,1,119,32.2,109.1,106.3,40.0,41.3,109,40.3,106,41.6,79.0,40.5,29.0,45.9,4.80,4.80,5.94,-3.76,0.033766,2.71506072,0.243494,9.36943074
688.00,0,1376.620,113.254,89.086,4150.697,615.894,0.9630,76.2,0.668,36.9,0.391,34.1,96.4,99,78.6,4.18,3.19,4.04,582.946,2729.43,12.93,0.029,0.0486,36.9582,7.54,7.89,37.2,32.6,0.794,322,255,117,0.89,0.613,0.0516,0.0516,1.234,1033,1033,15,1,160,0.3,115.7,112.8,34.9,36.4,113,36.8,110,38.3,79.0,40.5,29.0,45.9,4.80,4.80,5.78,-4.66,0.033766,2.71791254,0.243543,9.37946000
689.00,0,1376.620,113.248,89.096,4150.782,615.894,0.9628,76.2,-0.043,36.9,0.391,34.1,91.1,99,78.7,4.18,3.18,4.04,582.946,2741.45,12.93,0.029,0.0486,36.9582,7.54,6.90,37.2,32.6,0.794,319,253,106,0.84,0.437,0.0516,0.0516,1.234,1034,1034,15,1,147,10.1,115.0,112.1,35.7,37.1,114,36.7,111,38.3,79.0,40.6,29.0,45.9,4.80,4.80,5.22,-3.70,0.033768,2.72076446,0.243590,9.38949132
690.00,0,1376.620,113.243,89.103,4150.867,615.894,0.9629,76.2,-0.076,36.9,0.391,34.1,83.8,99,78.7,4.18,3.17,4.04,582.946,2259.10,12.93,0.029,0.0486,36.9582,7.54,4.77,37.2,32.6,0.794,320,254,92,0.77,0.215,0.0516,0.0516,1.234,1033,1033,15,1,113,36.8,112.0,109.0,38.0,39.4,112,38.1,109,39.5,78.9,40.6,29.0,45.9,4.80,4.80,4.73,-3.09,0.033770,2.72361650,0.243636,9.39952469
691.00,0,1376.620,113.237,89.091,4150.952,615.894,0.9630,76.2,-0.010,36.9,0.391,34.1,78.7,99,78.6,4.18,3.16,4.04,582.946,2242.89,12.93,0.029,0.0486,36.9582,7.54,4.92,37.2,32.6,0.794,330,262,83,0.70,0.091,0.0516,0.0516,1.234,1033,1033,15,1,113,37.0,110.2,107.3,39.3,40.6,110,39.5,107,40.8,79.0,40.5,29.0,45.9,4.81,4.81,4.55,-2.71,0.033771,2.72646855,0.243681,9.40956000
692.00,0,1376.620,113.231,89.107,4151.036,615.894,0.9630,76.2,0.002,36.9,0.391,34.1,80.7,99,78.7,4.18,3.15,4.04,583.438,2431.45,12.93,0.029,0.0486,36.9584,7.54,6.65,37.2,32.6,0.794,330,262,87,0.72,0.155,0.0516,0.0516,1.234,1032,1032,15,1,157,2.0,111.1,108.3,38.4,39.7,109,39.7,106,41.1,79.0,40.5,29.0,45.9,4.81,4.81,4.81,-3.44,0.033771,2.72932055,0.243726,9.41959717
693.00,0,1376.620,113.228,89.114,4151.121,615.894,0.9629,76.2,-0.027,36.9,0.391,34.1,82.8,99,78.7,4.18,3.14,4.04,583.438,2816.90,12.93,0.029,0.0486,36.9584,7.54,7.98,37.2,32.6,0.794,330,262,91,0.74,0.222,0.0517,0.0517,1.234,1033,1033,15,1,160,0.3,116.6,113.7,34.3,35.7,114,36.1,111,37.7,78.9,40.5,29.0,45.9,4.81,4.81,4.97,-3.66,0.033772,2.73217250,0.243770,9.42963622
694.00,0,1376.620,113.222,89.125,4151.206,615.894,0.9628,76.2,0.102,36.9,0.391,34.1,85.0,99,78.7,4.18,3.16,4.04,583.438,2580.65,12.93,0.029,0.0486,36.9584,7.54,5.82,37.2,32.6,0.794,330,262,96,0.77,0.291,0.0517,0.0517,1.234,1034,1034,15,1,125,27.1,113.5,110.6,36.8,38.2,113,37.2,110,38.7,78.9,40.6,29.0,45.9,4.81,4.81,5.12,-3.41,0.033774,2.73502444,0.243815,9.43967715
695.00,0,1376.620,113.216,89.131,4151.291,615.894,0.9629,76.2,0.207,36.9,0.391,34.1,87.3,99,78.7,4.18,3.17,4.04,583.438,2243.59,12.93,0.029,0.0486,36.9584,7.54,4.91,37.2,32.6,0.794,330,262,100,0.79,0.362,0.0517,0.0517,1.235,1033,1033,15,1,113,37.0,111.3,108.3,38.5,39.9,111,38.6,108,40.0,78.9,40.5,29.0,45.9,4.81,4.81,5.30,-3.31,0.033776,2.73787642,0.243860,9.44971997
696.00,0,1376.620,113.210,89.122,4151.375,615.894,0.9629,76.2,0.145,36.9,0.391,34.1,89.6,99,78.7,4.18,3.19,4.04,583.438,2242.89,12.93,0.029,0.0486,36.9584,7.54,4.92,37.2,32.6,0.795,330,262,105,0.81,0.437,0.0517,0.0517,1.234,1033,1033,15,1,113,37.0,109.5,106.6,39.8,41.1,109,40.0,106,41.3,79.0,40.5,29.0,45.9,4.81,4.81,5.51,-3.27,0.033776,2.74072841,0.243905,9.45976461
697.00,0,1376.620,113.203,88.795,4151.461,615.895,0.9629,76.2,0.030,37.1,0.394,34.1,93.2,99,78.7,4.20,3.23,4.04,583.920,2614.09,12.93,0.029,0.0486,36.9599,7.55,7.49,37.2,32.6,0.795,330,262,112,0.84,0.550,0.0517,0.0517,1.223,1033,1033,15,1,159,0.4,114.0,111.1,36.1,37.5,112,38.0,109,39.5,78.9,40.5,29.0,45.9,4.81,4.81,6.11,-4.72,0.033776,2.74357965,0.243953,9.46981048
698.00,0,1376.620,113.197,88.226,4151.547,615.895,0.9628,76.2,-0.037,37.7,0.398,34.1,98.3,98,77.6,4.27,3.22,4.06,583.920,2812.38,12.93,0.029,0.0486,36.9599,7.55,7.55,37.2,32.6,0.794,326,259,121,0.90,0.686,0.0518,0.0518,1.196,1033,1033,15,1,159,1.2,116.1,113.2,34.7,36.2,114,36.4,111,37.9,78.9,40.6,29.0,45.9,4.81,4.81,6.18,-4.44,0.033778,2.74642792,0.244004,9.47985575
699.00,0,1376.620,113.191,88.232,4151.633,615.895,0.9628,76.2,0.425,37.8,0.399,34.1,92.9,98,77.5,4.28,3.19,4.07,583.920,2375.21,12.93,0.029,0.0486,36.9599,7.55,4.70,37.2,32.6,0.794,320,254,110,0.86,0.487,0.0518,0.0518,1.192,1034,1034,15,1,115,35.1,112.6,109.6,37.5,39.0,112,37.7,109,39.1,78.9,40.6,29.0,45.9,4.81,4.81,5.37,-3.66,0.033781,2.74927407,0.244055,9.48990035
700.00,0,1376.620,113.184,88.300,4151.718,615.895,0.9628,76.2,-0.050,37.9,0.399,34.1,79.2,98,77.6,4.29,3.17,4.07,583.920,2242.92,12.93,0.029,0.0486,36.9599,7.55,4.92,37.2,32.6,0.793,324,257,84,0.72,0.085,0.0518,0.0518,1.191,1033,1033,15,1,113,37.0,110.7,107.7,38.9,40.3,111,39.0,108,40.4,78.9,40.5,29.0,45.9,4.81,4.81,4.53,-2.79,0.033783,2.75211969,0.244101,9.49994467
701.00,0,1376.620,113.177,88.375,4151.803,615.895,0.9629,76.2,-0.032,37.9,0.399,34.1,80.7,99,77.7,4.29,3.14,4.07,583.920,2302.12,12.93,0.029,0.0486,36.9454,7.55,5.87,37.2,32.6,0.794,330,262,87,0.72,0.149,0.0518,0.0518,1.191,1033,1033,15,1,136,18.3,109.3,106.5,39.8,41.1,109,40.3,106,41.6,78.9,40.5,29.0,45.9,4.81,4.81,4.77,-2.94,0.033783,2.75496550,0.244145,9.50998893
702.00,0,1376.620,113.173,88.413,4151.889,615.895,0.9629,76.2,0.102,37.9,0.399,34.1,85.1,99,77.7,4.29,3.17,4.08,584.397,2763.28,12.99,0.029,0.0486,36.9454,7.59,7.97,37.2,32.6,0.794,330,262,96,0.77,0.288,0.0518,0.0518,1.191,1033,1033,15,1,160,0.3,116.1,113.2,34.6,36.0,114,36.4,111,38.0,78.9,40.5,28.9,45.9,4.82,4.82,5.26,-4.10,0.033783,2.75781190,0.244189,9.52003358
703.00,0,1376.620,113.166,88.478,4151.975,615.895,0.9628,76.2,0.145,38.0,0.400,34.1,89.8,99,77.8,4.30,3.20,4.08,584.397,2704.02,12.99,0.029,0.0486,36.9454,7.59,6.62,37.2,32.6,0.794,330,262,105,0.81,0.436,0.0519,0.0519,1.191,1034,1034,15,1,140,15.3,114.5,111.6,36.0,37.4,113,36.8,110,38.4,78.9,40.6,28.9,45.9,4.82,4.82,5.62,-3.83,0.033786,2.76065915,0.244234,9.53007922
704.00,0,1376.620,113.159,88.531,4152.060,615.895,0.9629,76.2,0.003,38.0,0.400,34.1,94.8,99,77.8,4.30,3.24,4.08,584.397,2249.56,12.99,0.029,0.0486,36.9454,7.59,4.86,37.2,32.6,0.794,330,262,115,0.86,0.594,0.0519,0.0519,1.191,1033,1033,15,1,113,36.9,111.8,108.8,38.1,39.5,112,38.2,109,39.6,78.9,40.5,28.9,45.9,4.82,4.82,6.11,-3.94,0.033788,2.76350731,0.244280,9.54012616
705.00,0,1376.620,113.151,88.562,4152.147,615.895,0.9630,76.2,-0.033,38.0,0.400,34.1,98.5,99,77.8,4.30,3.21,4.08,584.397,2242.89,12.99,0.029,0.0486,36.9454,7.59,4.92,37.2,32.6,0.794,325,258,121,0.90,0.683,0.0519,0.0519,1.191,1033,1033,15,1,113,37.0,110.1,107.1,39.4,40.7,110,39.5,107,40.9,79.0,40.5,28.9,45.9,4.82,4.82,5.93,-3.78,0.033788,2.76635645,0.244328,9.55017501
706.00,0,1376.620,113.143,88.609,4152.233,615.895,0.9630,76.2,-0.043,38.0,0.400,34.1,90.2,99,77.9,4.30,3.19,4.08,584.901,2494.89,12.99,0.029,0.0486,36.9149,7.60,6.96,37.2,32.6,0.793,320,254,104,0.83,0.400,0.0519,0.0519,1.191,1032,1032,15,1,159,0.8,112.3,109.4,37.5,38.8,110,39.1,107,40.5,79.0,40.5,28.9,45.9,4.82,4.82,5.19,-4.05,0.033788,2.76920657,0.244373,9.56022630
707.00,0,1376.620,113.135,88.650,4152.318,615.895,0.9629,76.2,-0.010,38.1,0.400,34.1,77.9,99,77.9,4.31,3.16,4.09,584.901,2827.59,12.99,0.029,0.0486,36.9149,7.60,7.90,37.2,32.6,0.793,330,262,82,0.70,0.062,0.0519,0.0519,1.191,1033,1033,15,1,160,0.3,116.7,113.8,34.2,35.7,114,36.0,111,37.6,78.9,40.5,28.9,45.9,4.82,4.82,4.58,-3.27,0.033789,2.77205731,0.244414,9.57028014
708.00,0,1376.620,113.131,88.667,4152.404,615.895,0.9628,76.2,-0.043,38.1,0.400,34.1,82.0,99,77.9,4.31,3.15,4.09,584.901,2514.23,12.99,0.029,0.0486,36.9149,7.60,5.43,37.2,32.6,0.794,330,262,90,0.74,0.191,0.0520,0.0520,1.191,1034,1034,15,1,121,30.8,113.3,110.3,37.0,38.5,113,37.3,110,38.8,78.9,40.6,28.9,45.9,4.82,4.82,4.90,-3.24,0.033790,2.77490822,0.244453,9.58033629
709.00,0,1376.620,113.124,88.697,4152.489,615.895,0.9629,76.2,0.203,38.1,0.400,34.1,86.5,99,77.9,4.31,3.18,4.09,584.901,2243.13,12.99,0.029,0.0486,36.9149,7.60,4.92,37.2,32.6,0.794,330,262,98,0.78,0.330,0.0520,0.0520,1.191,1033,1033,15,1,113,37.0,111.1,108.2,38.6,40.0,111,38.7,108,40.1,78.9,40.5,28.9,46.0,4.82,4.82,5.27,-3.28,0.033791,2.77775926,0.244494,9.59039472
710.00,0,1376.620,113.116,88.711,4152.575,615.895,0.9630,76.2,0.098,38.1,0.400,34.1,91.2,99,78.0,4.31,3.21,4.09,584.901,2242.89,12.99,0.029,0.0486,36.9149,7.60,4.92,37.2,32.6,0.794,330,262,108,0.82,0.481,0.0520,0.0520,1.191,1033,1033,15,1,113,37.0,109.4,106.5,39.8,41.2,109,40.1,106,41.4,79.0,40.4,28.9,46.0,4.82,4.82,5.72,-3.40,0.033791,2.78061046,0.244536,9.60045534
711.00,0,1376.620,113.107,88.740,4152.661,615.895,0.9629,76.2,-0.013,38.1,0.400,34.1,96.3,99,78.0,4.31,3.23,4.09,585.345,2677.73,12.99,0.029,0.0485,36.8939,7.60,7.73,37.2,32.6,0.794,330,262,118,0.87,0.639,0.0520,0.0520,1.191,1033,1033,15,1,160,0.3,115.1,112.1,35.4,36.8,113,37.2,110,38.7,79.0,40.5,28.9,46.0,4.82,4.82,6.36,-5.01,0.033790,2.78346180,0.244579,9.61051796
712.00,0,1376.620,113.099,88.764,4152.747,615.895,0.9628,76.2,-0.055,38.1,0.400,34.1,97.6,99,78.0,4.31,3.21,4.09,585.345,2784.89,12.99,0.029,0.0485,36.8939,7.60,7.26,37.2,32.6,0.794,323,257,119,0.90,0.646,0.0520,0.0520,1.191,1034,1034,15,1,154,4.4,115.7,112.7,35.1,36.5,114,36.5,111,38.0,78.9,40.5,28.9,46.0,4.83,4.83,5.90,-4.24,0.033791,2.78631349,0.244623,9.62058289
713.00,0,1376.620,113.091,88.784,4152.833,615.895,0.9629,76.2,-0.090,38.1,0.400,34.1,86.8,99,78.0,4.31,3.18,4.09,585.345,2294.81,12.99,0.029,0.0485,36.8939,7.60,4.47,37.2,32.6,0.793,319,253,97,0.80,0.292,0.0521,0.0521,1.192,1034,1034,15,1,113,36.4,112.4,109.4,37.7,39.1,112,37.8,109,39.3,78.9,40.5,28.9,46.0,4.83,4.83,4.90,-3.30,0.033793,2.78916561,0.244665,9.63065026
714.00,0,1376.620,113.083,88.790,4152.919,615.895,0.9629,76.2,0.067,38.1,0.400,34.1,79.0,99,78.0,4.31,3.16,4.09,585.345,2242.90,12.99,0.029,0.0485,36.8939,7.60,4.92,37.2,32.6,0.794,330,262,84,0.71,0.095,0.0521,0.0521,1.192,1033,1033,15,1,113,36.9,110.5,107.6,39.0,40.4,110,39.2,107,40.6,78.9,40.4,28.9,46.0,4.83,4.83,4.62,-2.78,0.033793,2.79201785,0.244702,9.64071982
715.00,0,1376.620,113.079,88.801,4153.004,615.895,0.9630,76.2,-0.027,38.1,0.400,34.1,83.2,99,78.0,4.31,3.16,4.09,585.771,2370.02,12.99,0.029,0.0485,36.8853,7.61,6.32,37.2,32.6,0.794,330,262,92,0.75,0.227,0.0521,0.0521,1.192,1032,1032,15,1,153,5.7,110.2,107.4,39.1,40.4,109,40.0,106,41.4,79.0,40.4,28.9,46.0,4.83,4.83,5.04,-3.38,0.033792,2.79486988,0.244740,9.65079116
716.00,0,1376.620,113.071,88.821,4153.090,615.895,0.9629,76.2,0.207,38.1,0.400,34.1,87.7,99,78.1,4.31,3.18,4.09,585.771,2799.74,12.99,0.029,0.0485,36.8853,7.61,8.02,37.2,32.6,0.794,330,262,101,0.79,0.369,0.0521,0.0521,1.192,1033,1033,15,1,160,0.3,116.6,113.6,34.3,35.7,114,36.1,111,37.7,78.9,40.5,28.9,46.0,4.83,4.83,5.48,-4.18,0.033792,2.79772173,0.244779,9.66086425
717.00,0,1376.620,113.063,88.838,4153.175,615.895,0.9628,76.2,0.057,38.1,0.400,34.1,92.6,99,78.1,4.31,3.22,4.09,585.771,2641.29,12.99,0.029,0.0485,36.8853,7.61,6.19,37.2,32.6,0.794,330,262,110,0.84,0.522,0.0521,0.0521,1.192,1034,1034,15,1,131,22.3,114.1,111.1,36.4,37.8,113,37.0,110,38.5,78.9,40.5,28.9,46.0,4.83,4.83,5.91,-4.01,0.033794,2.80057352,0.244819,9.67093900
718.00,0,1376.620,113.055,88.852,4153.261,615.895,0.9629,76.2,-0.023,38.1,0.400,34.1,97.7,99,78.1,4.31,3.23,4.09,585.771,2244.83,12.99,0.029,0.0485,36.8853,7.61,4.90,37.2,32.6,0.794,330,262,120,0.89,0.677,0.0522,0.0522,1.192,1033,1033,15,1,113,36.9,111.6,108.6,38.2,39.6,112,38.3,108,39.8,78.9,40.5,28.9,46.0,4.83,4.83,6.24,-4.10,0.033795,2.80342541,0.244861,9.68101529
719.00,0,1376.620,113.047,88.851,4153.348,615.895,0.9630,76.2,0.668,38.1,0.400,34.1,95.9,99,78.1,4.31,3.20,4.09,585.771,2242.89,12.99,0.029,0.0485,36.8853,7.61,4.92,37.2,32.6,0.794,322,256,115,0.88,0.585,0.0522,0.0522,1.192,1033,1033,15,1,113,36.9,109.9,107.0,39.5,40.8,110,39.7,107,41.1,78.9,40.4,28.9,46.0,4.83,4.83,5.56,-3.53,0.033795,2.80627760,0.244904,9.69109345
720.00,0,1376.620,113.038,88.871,4153.433,615.895,0.9630,76.2,-0.076,38.1,0.400,34.1,83.0,99,78.1,4.31,3.18,4.09,586.146,2567.22,12.99,0.029,0.0485,36.8852,7.61,7.29,37.2,32.6,0.793,320,254,90,0.76,0.183,0.0522,0.0522,1.192,1032,1032,15,1,159,0.4,113.5,110.6,36.6,38.0,111,38.4,108,39.8,78.9,40.4,28.9,46.0,4.83,4.83,4.81,-3.88,0.033795,2.80913007,0.244944,9.70117354
721.00,0,1376.620,113.030,88.886,4153.519,615.895,0.9629,76.2,0.002,38.1,0.400,34.1,80.1,99,78.1,4.31,3.15,4.09,586.146,2825.59,12.99,0.029,0.0485,36.8852,7.61,7.73,37.2,32.6,0.794,330,262,86,0.72,0.128,0.0522,0.0522,1.193,1033,1033,15,1,159,0.4,116.5,113.6,34.4,35.9,114,36.2,111,37.7,78.9,40.5,28.9,46.0,4.83,4.83,4.75,-3.30,0.033796,2.81198247,0.244980,9.71125533
722.00,0,1376.620,113.027,88.892,4153.604,615.895,0.9628,76.2,0.027,38.1,0.400,34.1,84.4,99,78.1,4.31,3.16,4.09,586.146,2432.41,12.99,0.029,0.0485,36.8852,7.61,4.99,37.2,32.6,0.794,330,262,94,0.76,0.262,0.0522,0.0522,1.193,1034,1034,15,1,117,33.7,112.9,109.9,37.3,38.8,113,37.5,110,39.0,78.9,40.5,28.9,46.0,4.83,4.83,5.11,-3.35,0.033797,2.81483461,0.245016,9.72133857
723.00,0,1376.620,113.019,88.898,4153.690,615.895,0.9629,76.2,0.184,38.1,0.400,34.1,89.0,99,78.1,4.31,3.19,4.09,586.146,2242.96,12.99,0.029,0.0485,36.8852,7.61,4.92,37.2,32.6,0.794,330,262,103,0.80,0.407,0.0523,0.0523,1.193,1033,1033,15,1,113,36.9,110.9,108.0,38.7,40.1,111,38.9,108,40.3,78.9,40.4,28.9,46.0,4.84,4.84,5.51,-3.42,0.033798,2.81768666,0.245055,9.73142328
724.00,0,1376.620,113.011,88.904,4153.776,615.895,0.9630,76.2,0.030,38.1,0.400,34.1,93.9,99,78.1,4.31,3.23,4.09,586.146,2263.05,12.99,0.029,0.0485,36.8828,7.61,5.48,37.2,32.6,0.794,330,262,113,0.85,0.562,0.0523,0.0523,1.193,1033,1033,15,1,119,32.1,109.2,106.3,39.9,41.2,109,40.2,106,41.5,78.9,40.4,28.9,46.0,4.84,4.84,6.00,-3.66,0.033798,2.82053866,0.245095,9.74150930
725.00,0,1376.620,113.002,88.917,4153.862,615.895,0.9629,76.2,-0.037,38.2,0.400,34.1,99.1,99,78.1,4.31,3.22,4.09,586.529,2733.01,12.99,0.029,0.0485,36.8828,7.62,7.91,37.2,32.6,0.794,326,259,122,0.91,0.706,0.0523,0.0523,1.193,1033,1033,15,1,160,0.3,115.8,112.9,34.8,36.3,113,36.7,110,38.2,78.9,40.5,28.8,46.0,4.84,4.84,6.31,-5.05,0.033798,2.82339078,0.245136,9.75159674
726.00,0,1376.620,112.994,88.930,4153.948,615.895,0.9628,76.2,0.425,38.2,0.400,34.1,93.6,99,78.2,4.31,3.19,4.09,586.529,2742.80,12.99,0.029,0.0485,36.8828,7.62,6.90,37.2,32.6,0.793,321,254,111,0.86,0.504,0.0523,0.0523,1.193,1034,1034,15,1,147,10.4,115.1,112.1,35.6,37.0,114,36.6,111,38.2,78.9,40.5,28.8,46.0,4.84,4.84,5.46,-3.90,0.033800,2.82624321,0.245178,9.76168596
727.00,0,1376.620,112.987,88.939,4154.033,615.895,0.9628,76.2,-0.050,38.2,0.400,34.1,79.8,99,78.2,4.31,3.17,4.10,586.529,2258.32,12.99,0.029,0.0485,36.8828,7.62,4.78,37.2,32.6,0.793,324,257,84,0.72,0.097,0.0524,0.0524,1.193,1033,1033,15,1,113,36.8,112.1,109.1,37.9,39.3,112,38.0,109,39.4,78.9,40.5,28.8,46.0,4.84,4.84,4.59,-2.97,0.033802,2.82909590,0.245215,9.77177700
728.00,0,1376.620,112.979,88.932,4154.119,615.895,0.9629,76.2,-0.032,38.2,0.400,34.1,81.2,99,78.2,4.31,3.15,4.09,586.529,2242.89,12.99,0.029,0.0485,36.8828,7.62,4.92,37.2,32.6,0.794,330,262,88,0.73,0.160,0.0524,0.0524,1.193,1033,1033,15,1,113,37.0,110.3,107.3,39.2,40.6,110,39.4,107,40.8,78.9,40.4,28.8,46.0,4.84,4.84,4.81,-2.89,0.033802,2.83194845,0.245250,9.78186951
729.00,0,1376.620,112.975,88.942,4154.204,615.895,0.9629,76.2,0.102,38.2,0.400,34.1,85.6,99,78.2,4.31,3.17,4.09,586.885,2443.39,12.99,0.029,0.0485,36.8914,7.62,6.71,37.2,32.6,0.794,330,262,96,0.77,0.297,0.0524,0.0524,1.193,1032,1032,15,1,158,1.6,111.4,108.6,38.1,39.5,110,39.6,107,40.9,78.9,40.4,28.8,46.0,4.84,4.84,5.30,-3.83,0.033802,2.83480077,0.245287,9.79196333
730.00,0,1376.620,112.966,88.956,4154.290,615.895,0.9628,76.2,0.145,38.2,0.400,34.1,90.2,99,78.2,4.31,3.20,4.09,586.885,2822.78,12.99,0.029,0.0485,36.8914,7.62,7.99,37.2,32.6,0.794,330,262,105,0.81,0.445,0.0524,0.0524,1.193,1033,1033,15,1,160,0.3,116.7,113.8,34.2,35.6,114,36.0,111,37.6,78.9,40.5,28.8,46.0,4.84,4.84,5.71,-4.20,0.033803,2.83765297,0.245324,9.80205855
731.00,0,1376.620,112.959,88.968,4154.375,615.895,0.9627,76.2,0.003,38.2,0.400,34.1,95.2,99,78.2,4.31,3.24,4.09,586.885,2568.97,12.99,0.029,0.0485,36.8914,7.62,5.74,37.2,32.6,0.794,330,262,115,0.86,0.602,0.0524,0.0524,1.194,1034,1034,15,1,124,28.0,113.6,110.6,36.8,38.2,113,37.2,110,38.7,78.8,40.5,28.8,46.0,4.84,4.84,6.19,-4.19,0.033805,2.84050517,0.245364,9.81215500
732.00,0,1376.620,112.951,88.977,4154.461,615.895,0.9628,76.2,-0.033,38.2,0.400,34.1,99.0,99,78.2,4.31,3.21,4.10,586.885,2243.45,12.99,0.029,0.0485,36.8914,7.62,4.91,37.2,32.6,0.794,324,258,122,0.91,0.689,0.0525,0.0525,1.194,1033,1033,15,1,113,36.9,111.4,108.4,38.4,39.8,111,38.5,108,39.9,78.9,40.4,28.8,46.0,4.84,4.84,6.02,-3.98,0.033806,2.84335763,0.245405,9.82225299
733.00,0,1376.620,112.943,88.976,4154.547,615.895,0.9629,76.2,-0.043,38.2,0.400,34.1,90.6,99,78.2,4.31,3.19,4.09,586.885,2242.89,12.99,0.029,0.0485,36.8914,7.62,4.92,37.2,32.6,0.793,319,253,104,0.83,0.404,0.0525,0.0525,1.194,1033,1033,15,1,113,37.0,109.6,106.7,39.7,41.0,109,39.9,106,41.2,78.9,40.4,28.8,46.0,4.84,4.84,5.09,-3.18,0.033807,2.84621048,0.245444,9.83235274
734.00,0,1376.620,112.935,88.987,4154.633,615.895,0.9629,76.2,-0.010,38.2,0.400,34.1,78.2,99,78.2,4.31,3.16,4.09,587.264,2635.40,12.99,0.029,0.0485,36.8897,7.63,7.58,37.2,32.6,0.793,330,262,82,0.70,0.065,0.0525,0.0525,1.194,1033,1033,15,1,159,0.3,114.5,111.6,35.8,37.2,112,37.7,109,39.2,78.9,40.4,28.8,46.0,4.84,4.84,4.70,-3.79,0.033806,2.84906348,0.245480,9.84245420
735.00,0,1376.620,112.931,88.993,4154.718,615.895,0.9628,76.2,-0.043,38.2,0.400,34.1,82.3,99,78.2,4.31,3.15,4.09,587.264,2808.20,12.99,0.029,0.0485,36.8897,7.63,7.48,37.2,32.6,0.794,330,262,90,0.74,0.193,0.0525,0.0525,1.194,1033,1033,15,1,158,1.8,116.1,113.1,34.8,36.2,114,36.4,111,37.9,78.8,40.5,28.8,46.0,4.85,4.85,4.94,-3.42,0.033808,2.85191625,0.245514,9.85255707
736.00,0,1376.620,112.923,89.001,4154.803,615.895,0.9627,76.2,0.203,38.2,0.400,34.1,86.8,99,78.2,4.31,3.18,4.09,587.264,2348.74,12.99,0.029,0.0485,36.8897,7.63,4.56,37.2,32.6,0.794,330,262,99,0.78,0.333,0.0525,0.0525,1.194,1034,1034,15,1,115,35.6,112.6,109.6,37.6,39.0,112,37.7,109,39.2,78.8,40.5,28.8,46.0,4.85,4.85,5.32,-3.47,0.033810,2.85476883,0.245550,9.86266129
737.00,0,1376.620,112.915,88.985,4154.889,615.895,0.9628,76.2,0.098,38.1,0.400,34.1,91.5,99,78.2,4.31,3.21,4.10,587.264,2242.91,12.99,0.029,0.0485,36.8897,7.63,4.92,37.2,32.6,0.794,330,262,108,0.82,0.482,0.0526,0.0526,1.196,1033,1033,15,1,113,37.0,110.7,107.7,38.9,40.3,111,39.1,108,40.5,78.9,40.4,28.8,46.0,4.85,4.85,5.77,-3.57,0.033811,2.85762135,0.245587,9.87276685
738.00,0,1376.620,112.907,89.005,4154.974,615.895,0.9629,76.2,-0.013,38.2,0.400,34.1,96.6,99,78.2,4.31,3.23,4.10,587.264,2330.55,12.99,0.029,0.0486,36.9004,7.63,6.08,37.2,32.6,0.794,330,262,118,0.87,0.639,0.0526,0.0526,1.195,1033,1033,15,1,145,11.3,109.7,106.9,39.5,40.8,109,40.2,106,41.5,78.9,40.4,28.8,46.0,4.85,4.85,6.23,-4.08,0.033811,2.86047386,0.245626,9.88287356
739.00,0,1376.620,112.899,89.020,4155.060,615.895,0.9628,76.2,-0.055,38.2,0.400,34.1,97.9,99,78.2,4.31,3.21,4.09,587.625,2783.22,13.04,0.029,0.0486,36.9004,7.66,8.02,37.2,32.6,0.794,323,256,119,0.90,0.646,0.0526,0.0526,1.195,1033,1033,15,1,160,0.3,116.5,113.5,34.4,35.8,114,36.2,111,37.8,78.8,40.5,28.8,46.0,4.85,4.85,6.00,-4.77,0.033811,2.86332665,0.245666,9.89298185
740.00,0,1376.620,112.891,89.031,4155.146,615.895,0.9627,76.2,-0.090,38.2,0.400,34.1,87.0,99,78.3,4.31,3.18,4.09,587.625,2678.73,13.04,0.029,0.0486,36.9004,7.66,6.43,37.2,32.6,0.793,319,253,97,0.80,0.293,0.0526,0.0526,1.195,1034,1034,15,1,136,18.7,114.4,111.5,36.1,37.5,114,36.8,110,38.4,78.8,40.5,28.8,46.0,4.85,4.85,4.96,-3.49,0.033813,2.86617981,0.245704,9.90309191
741.00,0,1376.620,112.883,89.038,4156.898,615.895,0.9627,76.2,0.067,38.2,0.400,34.1,79.3,99,78.3,4.31,3.16,4.10,587.625,2246.68,13.04,0.029,0.0486,36.9004,7.66,4.88,37.2,32.6,0.794,330,262,84,0.71,0.096,0.0527,0.0527,1.195,1033,1033,15,1,113,36.9,111.8,108.8,38.1,39.5,112,38.2,109,39.6,78.8,40.5,28.8,46.0,4.85,4.85,4.66,-2.93,0.033802,2.86902934,0.245642,9.91319021
742.00,0,1376.620,112.879,89.034,4158.650,615.895,0.9629,76.2,-0.027,38.2,0.400,34.1,83.4,99,78.3,4.31,3.17,4.10,587.625,2242.89,13.04,0.029,0.0486,36.9004,7.66,4.92,37.2,32.6,0.794,330,262,92,0.75,0.227,0.0527,0.0527,1.195,1033,1033,15,1,113,36.9,110.0,107.1,39.4,40.8,110,39.6,107,41.0,78.9,40.4,28.8,45.9,4.85,4.85,5.00,-2.99,0.033791,2.87187252,0.245587,9.92326705
743.00,0,1376.620,112.871,89.046,4160.402,615.895,0.9629,76.2,0.207,38.2,0.400,34.1,88.0,99,78.3,4.31,3.20,4.10,587.973,2538.08,13.04,0.029,0.0485,36.8815,7.67,7.17,37.2,32.6,0.794,330,262,101,0.79,0.370,0.0527,0.0527,1.195,1032,1032,15,1,159,0.5,113.0,110.2,36.9,38.3,111,38.7,108,40.1,78.9,40.4,28.8,45.9,4.85,4.85,5.56,-4.25,0.033781,2.87471084,0.245539,9.93332697
744.00,0,1376.620,112.862,89.078,4162.154,615.895,0.9627,76.2,0.057,38.2,0.400,34.1,92.8,99,78.3,4.31,3.25,4.10,587.973,2830.56,13.04,0.029,0.0485,36.8815,7.67,7.82,37.2,32.6,0.794,330,262,110,0.84,0.524,0.0527,0.0527,1.195,1033,1033,15,1,160,0.3,116.7,113.7,34.3,35.7,114,36.1,111,37.7,78.8,40.5,28.8,45.9,4.85,4.85,5.95,-4.18,0.033774,2.87754554,0.245496,9.94337364
745.00,0,1376.620,112.855,89.121,4163.906,615.895,0.9627,76.2,-0.023,38.2,0.400,34.1,98.0,99,78.3,4.32,3.25,4.10,587.973,2466.44,13.04,0.029,0.0485,36.8815,7.67,5.16,37.2,32.6,0.794,329,262,120,0.89,0.682,0.0527,0.0527,1.194,1034,1034,15,1,118,32.7,113.2,110.2,37.1,38.6,113,37.4,110,38.9,78.8,40.5,28.8,45.9,4.85,4.85,6.30,-4.28,0.033768,2.88037769,0.245458,9.95340997
746.00,0,1376.620,112.847,89.152,4165.658,615.895,0.9628,76.2,0.668,38.2,0.400,34.1,96.3,99,78.4,4.31,3.23,4.10,587.973,2243.01,13.04,0.029,0.0485,36.8815,7.67,4.92,37.2,32.6,0.794,322,255,116,0.88,0.591,0.0528,0.0528,1.195,1033,1033,15,1,113,36.9,111.1,108.2,38.6,40.0,111,38.7,108,40.1,78.9,40.4,28.8,45.9,4.86,4.86,5.62,-3.65,0.033762,2.88320831,0.245424,9.96343883
747.00,0,1376.620,112.838,89.231,4167.410,615.895,0.9629,76.2,-0.076,38.3,0.401,34.1,83.4,99,78.4,4.32,3.21,4.11,587.973,2251.77,13.04,0.029,0.0485,36.8647,7.67,5.28,37.2,32.6,0.793,320,254,90,0.76,0.190,0.0528,0.0528,1.194,1033,1033,15,1,114,35.6,109.4,106.5,39.8,41.2,109,40.1,106,41.4,78.9,40.4,28.8,45.9,4.86,4.86,4.67,-2.85,0.033755,2.88603792,0.245387,9.97346223
748.00,0,1376.620,112.830,89.312,4169.161,615.895,0.9629,76.2,0.002,38.4,0.401,34.1,80.5,100,78.5,4.33,3.19,4.11,588.332,2720.30,13.04,0.029,0.0485,36.8647,7.67,7.88,37.2,32.6,0.794,330,262,86,0.72,0.137,0.0528,0.0528,1.194,1033,1033,15,1,160,0.3,115.7,112.8,34.9,36.3,113,36.7,110,38.3,78.9,40.4,28.8,45.9,4.86,4.86,4.84,-3.85,0.033748,2.88886664,0.245350,9.98348161
749.00,0,1376.620,112.825,89.354,4170.913,615.895,0.9628,76.2,0.027,38.4,0.401,34.1,84.9,100,78.5,4.33,3.20,4.11,588.332,2757.19,13.04,0.029,0.0485,36.8647,7.67,7.01,37.2,32.6,0.794,330,262,95,0.76,0.274,0.0528,0.0528,1.194,1034,1034,15,1,149,8.6,115.3,112.4,35.4,36.8,114,36.5,111,38.1,78.8,40.5,28.9,45.9,4.86,4.86,5.12,-3.48,0.033744,2.89169459,0.245315,9.99349805
750.00,0,1376.620,112.817,89.435,4172.664,615.895,0.9628,76.2,0.184,38.4,0.401,34.1,89.6,100,78.6,4.33,3.24,4.12,588.332,2264.12,13.04,0.029,0.0485,36.8647,7.67,4.73,37.2,32.6,0.794,329,262,104,0.80,0.422,0.0528,0.0528,1.194,1034,1034,15,1,113,36.6,112.3,109.2,37.7,39.2,112,37.8,109,39.3,78.8,40.4,28.9,45.8,4.86,4.86,5.52,-3.52,0.033739,2.89452212,0.245282,10.00351265
751.00,0,1376.620,112.809,89.508,4174.416,615.895,0.9629,76.2,0.030,38.4,0.401,34.1,94.6,100,78.6,4.34,3.28,4.12,588.332,2242.90,13.04,0.029,0.0485,36.8647,7.67,4.92,37.2,32.6,0.795,329,262,113,0.85,0.581,0.0529,0.0529,1.194,1033,1033,15,1,113,36.9,110.5,107.5,39.0,40.4,110,39.2,107,40.6,78.9,40.3,28.9,45.8,4.86,4.86,6.00,-3.64,0.033734,2.89734948,0.245251,10.01352608
752.00,0,1376.620,112.800,89.589,4176.167,615.895,0.9630,76.2,-0.037,38.5,0.401,34.1,99.9,100,78.7,4.34,3.27,4.12,588.649,2433.55,13.04,0.029,0.0484,36.7886,7.68,6.67,37.2,32.6,0.794,325,258,123,0.91,0.729,0.0529,0.0529,1.193,1032,1032,15,1,157,1.9,111.5,108.6,38.1,39.4,110,39.5,107,40.8,78.9,40.3,28.9,45.8,4.86,4.86,6.19,-4.49,0.033727,2.90017687,0.245222,10.02353906
753.00,0,1376.620,112.791,89.677,4177.919,615.895,0.9629,76.2,0.425,38.5,0.401,34.1,94.4,100,78.8,4.35,3.24,4.13,588.649,2822.33,13.04,0.029,0.0484,36.7886,7.68,8.01,37.2,32.6,0.794,320,254,111,0.87,0.529,0.0529,0.0529,1.193,1033,1033,15,1,160,0.3,116.9,114.0,34.0,35.4,115,35.8,111,37.3,78.9,40.4,28.9,45.8,4.86,4.86,5.50,-4.18,0.033721,2.90300453,0.245192,10.03355242
754.00,0,1376.620,112.783,89.759,4179.670,615.895,0.9629,76.2,-0.050,38.6,0.401,34.1,80.5,100,78.9,4.35,3.22,4.13,588.649,2579.29,13.04,0.029,0.0484,36.7886,7.68,5.80,37.2,32.6,0.794,323,256,85,0.72,0.121,0.0529,0.0529,1.193,1034,1034,15,1,125,27.3,113.9,110.9,36.5,37.9,113,36.9,110,38.4,78.9,40.4,28.9,45.8,4.86,4.86,4.60,-3.07,0.033716,2.90583238,0.245159,10.04356653
755.00,0,1376.620,112.774,89.817,4181.420,615.895,0.9629,76.2,-0.032,38.6,0.401,34.1,82.0,100,78.9,4.35,3.20,4.14,588.649,2243.54,13.04,0.029,0.0484,36.7886,7.68,4.91,37.2,32.6,0.794,329,261,89,0.73,0.185,0.0530,0.0530,1.194,1033,1033,15,1,113,36.8,111.6,108.6,38.2,39.6,111,38.3,108,39.7,78.9,40.3,28.9,45.8,4.86,4.86,4.81,-2.95,0.033711,2.90866006,0.245125,10.05358133
756.00,0,1376.620,112.770,89.860,4183.171,615.895,0.9631,76.2,0.102,38.6,0.401,34.1,86.5,100,78.9,4.36,3.23,4.14,588.649,2242.89,13.04,0.029,0.0484,36.7886,7.68,4.92,37.2,32.6,0.794,329,261,97,0.77,0.326,0.0530,0.0530,1.193,1033,1033,15,1,113,36.8,109.8,106.9,39.5,40.8,110,39.7,107,41.0,78.9,40.2,28.9,45.8,4.86,4.86,5.17,-3.02,0.033704,2.91148742,0.245093,10.06359675
757.00,0,1376.620,112.761,89.946,4184.921,615.895,0.9631,76.2,0.145,38.7,0.402,34.1,91.3,100,79.0,4.36,3.26,4.14,588.926,2636.66,13.04,0.029,0.0483,36.6997,7.68,7.59,37.2,32.6,0.795,328,261,107,0.82,0.478,0.0530,0.0530,1.193,1033,1033,15,1,159,0.3,114.7,111.8,35.5,37.0,112,37.4,109,38.9,78.9,40.2,28.9,45.8,4.86,4.86,5.76,-4.50,0.033696,2.91431457,0.245063,10.07361296
758.00,0,1376.620,112.752,90.028,4186.672,615.895,0.9630,76.2,0.003,38.7,0.402,34.1,96.4,100,79.1,4.36,3.30,4.14,588.926,2809.30,13.04,0.029,0.0483,36.6997,7.68,7.48,37.2,32.6,0.795,328,261,117,0.87,0.640,0.0530,0.0530,1.193,1033,1033,15,1,158,1.9,116.3,113.4,34.5,35.9,114,36.1,111,37.6,78.9,40.3,28.9,45.8,4.86,4.86,6.18,-4.28,0.033690,2.91714156,0.245035,10.08362983
759.00,0,1376.620,112.743,90.102,4188.422,615.895,0.9630,76.2,-0.033,38.7,0.402,34.1,100.3,100,79.2,4.37,3.28,4.15,588.926,2347.39,13.04,0.029,0.0483,36.6997,7.68,4.55,37.2,32.6,0.794,323,256,123,0.91,0.732,0.0531,0.0531,1.193,1034,1034,15,1,115,35.3,112.9,109.9,37.2,38.7,113,37.4,110,38.8,78.9,40.3,28.9,45.8,4.86,4.86,6.04,-4.06,0.033685,2.91996861,0.245008,10.09364767
760.00,0,1376.620,112.734,90.163,4190.173,615.895,0.9631,76.2,-0.043,38.7,0.402,34.1,91.8,101,79.2,4.37,3.25,4.15,588.926,2242.91,13.04,0.029,0.0483,36.6997,7.68,4.92,37.2,32.6,0.794,318,252,106,0.84,0.446,0.0531,0.0531,1.194,1033,1033,15,1,113,36.7,111.0,108.0,38.6,39.9,111,38.7,108,40.1,79.0,40.2,28.9,45.8,4.86,4.86,5.11,-3.24,0.033678,2.92279583,0.244981,10.10366676
761.00,0,1376.620,112.725,90.232,4191.922,615.895,0.9632,76.2,-0.010,38.8,0.402,34.1,79.3,101,79.3,4.37,3.23,4.15,588.926,2330.79,13.04,0.029,0.0482,36.6062,7.68,6.08,37.2,32.6,0.794,328,260,83,0.70,0.102,0.0531,0.0531,1.194,1033,1033,15,1,146,11.2,110.0,107.1,39.1,40.4,109,39.8,106,41.1,79.0,40.1,28.9,45.8,4.86,4.86,4.57,-2.90,0.033671,2.92562297,0.244950,10.11368695
762.00,0,1376.620,112.720,90.270,4193.672,615.895,0.9632,76.2,-0.043,38.8,0.402,34.1,83.5,101,79.3,4.37,3.22,4.15,589.091,2784.55,13.04,0.029,0.0482,36.6062,7.68,8.03,37.2,32.6,0.794,328,260,92,0.74,0.234,0.0531,0.0531,1.194,1033,1033,15,1,160,0.3,116.7,113.7,34.0,35.5,114,35.9,111,37.4,79.0,40.2,28.9,45.8,4.86,4.86,4.98,-3.86,0.033663,2.92844961,0.244920,10.12370794
763.00,0,1376.620,112.711,90.341,4195.421,615.895,0.9631,76.2,0.203,38.8,0.402,34.1,88.1,101,79.4,4.38,3.25,4.16,589.091,2678.86,13.04,0.029,0.0482,36.6062,7.68,6.43,37.2,32.6,0.795,328,260,100,0.79,0.378,0.0531,0.0531,1.194,1034,1034,15,1,136,18.6,114.6,111.7,35.8,37.2,114,36.5,111,38.0,78.9,40.2,28.9,45.8,4.86,4.86,5.31,-3.57,0.033657,2.93127575,0.244891,10.13372966
764.00,0,1376.620,112.703,90.406,4197.171,615.895,0.9632,76.2,0.098,38.9,0.402,34.1,92.9,101,79.4,4.38,3.28,4.16,589.091,2246.61,13.04,0.029,0.0482,36.6062,7.68,4.88,37.2,32.6,0.795,327,260,110,0.83,0.532,0.0532,0.0532,1.194,1033,1033,15,1,113,36.6,112.1,109.1,37.7,39.2,112,37.8,109,39.3,79.0,40.1,28.9,45.8,4.86,4.86,5.75,-3.63,0.033651,2.93410152,0.244864,10.14375211
765.00,0,1376.620,112.694,90.455,4198.920,615.895,0.9633,76.2,-0.013,38.9,0.402,34.1,98.2,101,79.5,4.38,3.31,4.16,589.091,2242.89,13.04,0.029,0.0482,36.6062,7.68,4.92,37.2,32.6,0.795,327,260,120,0.88,0.695,0.0532,0.0532,1.194,1033,1033,15,1,113,36.6,110.3,107.4,39.0,40.4,110,39.2,107,40.6,79.0,40.0,28.9,45.8,4.87,4.87,6.18,-3.79,0.033644,2.93692697,0.244840,10.15377507
766.00,0,1376.620,112.685,90.525,4200.670,615.895,0.9633,76.2,-0.055,38.9,0.402,34.1,99.6,101,79.5,4.38,3.28,4.17,589.187,2538.66,13.04,0.029,0.0481,36.5357,7.69,7.17,37.2,32.6,0.794,320,254,121,0.91,0.705,0.0532,0.0532,1.194,1032,1032,15,1,159,0.5,113.4,110.5,36.5,37.9,111,38.3,108,39.7,79.0,40.0,28.9,45.8,4.87,4.87,5.93,-4.65,0.033636,2.93975233,0.244817,10.16379893
767.00,0,1376.620,112.676,90.593,4202.419,615.895,0.9633,76.2,-0.090,38.9,0.402,34.1,88.6,101,79.6,4.39,3.26,4.17,589.187,2831.41,13.04,0.029,0.0481,36.5357,7.69,7.82,37.2,32.6,0.794,316,251,99,0.81,0.346,0.0532,0.0532,1.194,1033,1033,15,1,160,0.3,117.0,114.0,33.9,35.3,115,35.7,112,37.2,79.0,40.1,28.9,45.8,4.87,4.87,4.96,-3.56,0.033630,2.94257769,0.244793,10.17382392
768.00,0,1376.620,112.667,90.655,4204.167,615.895,0.9632,76.2,0.067,39.0,0.402,34.1,80.7,101,79.6,4.39,3.24,4.17,589.187,2465.89,13.04,0.029,0.0481,36.5357,7.69,5.16,37.2,32.6,0.794,327,259,86,0.72,0.146,0.0533,0.0533,1.194,1034,1034,15,1,118,32.4,113.5,110.4,36.8,38.2,113,37.0,110,38.4,79.0,40.1,28.9,45.8,4.87,4.87,4.64,-3.02,0.033624,2.94540279,0.244765,10.18384991
769.00,0,1376.620,112.663,90.684,4205.916,615.895,0.9634,76.2,-0.027,39.0,0.402,34.1,85.0,101,79.7,4.39,3.24,4.17,589.187,2243.01,13.04,0.029,0.0481,36.5357,7.69,4.92,37.2,32.6,0.795,327,259,94,0.76,0.281,0.0533,0.0533,1.194,1033,1033,15,1,113,36.5,111.4,108.4,38.2,39.6,111,38.3,108,39.7,79.0,40.0,28.9,45.8,4.87,4.87,4.98,-3.05,0.033618,2.94822735,0.244738,10.19387664
770.00,0,1376.620,112.654,90.732,4207.664,615.895,0.9635,76.2,0.207,39.0,0.402,34.1,89.6,101,79.7,4.39,3.27,4.18,589.187,2251.78,13.04,0.029,0.0480,36.4756,7.69,5.28,37.2,32.6,0.795,326,259,103,0.80,0.428,0.0533,0.0533,1.194,1033,1033,15,1,115,35.3,109.6,106.7,39.5,40.7,109,39.7,106,41.0,79.0,39.9,28.9,45.8,4.87,4.87,5.37,-3.20,0.033611,2.95105141,0.244713,10.20390408
771.00,0,1376.620,112.645,90.795,4209.412,615.895,0.9634,76.2,0.057,39.0,0.402,34.1,94.6,101,79.8,4.40,3.31,4.18,589.207,2720.87,13.04,0.029,0.0480,36.4756,7.69,7.88,37.2,32.6,0.795,326,259,113,0.85,0.586,0.0533,0.0533,1.194,1033,1033,15,1,160,0.3,116.0,113.1,34.5,35.9,114,36.4,111,37.9,79.0,40.0,28.9,45.8,4.87,4.87,6.01,-4.71,0.033603,2.95387506,0.244691,10.21393223
772.00,0,1376.620,112.637,90.856,4211.161,615.895,0.9633,76.3,-0.023,39.1,0.402,34.1,100.0,101,79.8,4.40,3.31,4.18,589.207,2757.45,13.04,0.029,0.0480,36.4756,7.69,7.01,37.2,32.6,0.795,326,259,123,0.90,0.747,0.0534,0.0534,1.195,1034,1034,15,1,149,8.5,115.6,112.7,35.0,36.4,114,36.1,111,37.7,79.0,40.0,28.9,45.8,4.87,4.87,6.29,-4.43,0.033598,2.95669843,0.244670,10.22396106
773.00,0,1376.620,112.629,90.913,4212.909,615.895,0.9634,76.2,0.668,39.1,0.402,34.1,98.2,101,79.9,4.40,3.29,4.18,589.207,2263.94,13.04,0.029,0.0480,36.4756,7.69,4.73,37.2,32.6,0.794,318,252,118,0.90,0.655,0.0534,0.0534,1.195,1034,1034,15,1,113,36.3,112.6,109.6,37.4,38.8,112,37.4,109,38.9,79.0,40.0,28.9,45.8,4.87,4.87,5.63,-3.78,0.033593,2.95952180,0.244650,10.23399104
774.00,0,1376.620,112.621,90.955,4214.657,615.895,0.9635,76.2,-0.076,39.1,0.402,34.1,85.0,101,79.9,4.40,3.26,4.19,589.207,2242.90,13.04,0.029,0.0480,36.4756,7.69,4.92,37.2,32.6,0.794,316,251,92,0.77,0.244,0.0534,0.0534,1.195,1033,1033,15,1,113,36.5,110.8,107.8,38.7,40.0,111,38.8,108,40.2,79.1,39.9,28.9,45.8,4.87,4.87,4.67,-2.88,0.033587,2.96234516,0.244627,10.24402226
775.00,0,1376.620,112.612,91.016,4216.404,615.895,0.9636,76.2,0.002,39.1,0.402,34.1,82.1,101,80.0,4.41,3.24,4.19,589.214,2433.68,13.04,0.029,0.0479,36.4362,7.69,6.67,37.2,32.6,0.794,326,259,88,0.73,0.188,0.0534,0.0534,1.195,1032,1032,15,1,157,1.9,111.7,108.9,37.7,39.1,110,39.1,107,40.4,79.1,39.9,28.9,45.8,4.87,4.87,4.79,-3.47,0.033579,2.96516817,0.244603,10.25405454
776.00,0,1376.620,112.608,91.048,4218.151,615.895,0.9635,76.2,0.027,39.1,0.402,34.1,86.5,102,80.0,4.41,3.25,4.19,589.214,2822.67,13.04,0.029,0.0479,36.4362,7.69,8.01,37.2,32.6,0.795,325,259,97,0.77,0.328,0.0535,0.0535,1.195,1033,1033,15,1,160,0.3,117.1,114.2,33.7,35.1,115,35.5,112,37.0,79.1,39.9,28.9,45.8,4.87,4.87,5.14,-3.81,0.033573,2.96799065,0.244579,10.26408768
777.00,0,1376.620,112.600,91.106,4219.899,615.895,0.9634,76.2,0.184,39.2,0.402,34.1,91.2,102,80.0,4.41,3.29,4.19,589.214,2579.21,13.04,0.029,0.0479,36.4362,7.69,5.80,37.2,32.6,0.795,325,259,106,0.82,0.478,0.0535,0.0535,1.195,1034,1034,15,1,125,27.1,114.1,111.1,36.3,37.7,114,36.6,110,38.1,79.0,40.0,28.9,45.8,4.87,4.87,5.52,-3.69,0.033568,2.97081272,0.244557,10.27412178
778.00,0,1376.620,112.592,91.160,4221.646,615.895,0.9635,76.3,0.030,39.2,0.403,34.1,96.3,102,80.1,4.41,3.33,4.20,589.214,2243.54,13.04,0.029,0.0479,36.4362,7.69,4.91,37.2,32.6,0.795,325,258,116,0.86,0.639,0.0535,0.0535,1.195,1033,1033,15,1,113,36.5,111.8,108.8,37.9,39.3,112,38.0,109,39.4,79.1,39.9,28.9,45.8,4.87,4.87,6.01,-3.79,0.033563,2.97363453,0.244537,10.28415676
779.00,0,1376.620,112.584,91.201,4223.393,615.895,0.9636,76.3,-0.037,39.2,0.403,34.1,101.7,102,80.1,4.41,3.32,4.20,589.214,2242.89,13.04,0.029,0.0479,36.4362,7.69,4.92,37.2,32.6,0.795,321,255,125,0.92,0.788,0.0535,0.0535,1.195,1033,1033,15,1,113,36.5,110.1,107.2,39.2,40.5,110,39.4,107,40.7,79.1,39.8,28.9,45.8,4.87,4.87,6.08,-3.79,0.033557,2.97645621,0.244519,10.29419271
780.00,0,1376.620,112.576,91.260,4225.140,615.895,0.9636,76.2,0.425,39.2,0.403,34.1,96.1,102,80.2,4.42,3.29,4.20,589.243,2636.82,13.04,0.029,0.0479,36.4042,7.69,7.59,37.2,32.6,0.794,316,251,114,0.88,0.584,0.0536,0.0536,1.195,1033,1033,15,1,159,0.3,115.0,112.0,35.3,36.7,113,37.1,110,38.6,79.1,39.9,28.9,45.8,4.87,4.87,5.50,-4.52,0.033551,2.97927795,0.244501,10.30423002
781.00,0,1376.620,112.568,91.317,4226.887,615.895,0.9635,76.2,-0.050,39.2,0.403,34.1,81.9,102,80.2,4.42,3.27,4.20,589.243,2809.44,13.04,0.029,0.0479,36.4042,7.69,7.48,37.2,32.6,0.794,318,253,87,0.73,0.166,0.0536,0.0536,1.196,1033,1033,15,1,158,1.8,116.5,113.6,34.3,35.7,115,35.8,111,37.4,79.1,39.9,28.9,45.8,4.87,4.87,4.60,-3.22,0.033546,2.98209968,0.244480,10.31426878
782.00,0,1376.620,112.561,91.370,4228.633,615.895,0.9635,76.2,-0.032,39.3,0.403,34.1,83.4,102,80.3,4.42,3.24,4.20,589.243,2347.22,13.04,0.029,0.0479,36.4042,7.69,4.55,37.2,32.6,0.795,324,258,91,0.74,0.232,0.0536,0.0536,1.196,1034,1034,15,1,115,35.1,113.1,110.1,37.0,38.5,113,37.1,110,38.6,79.1,39.9,28.9,45.8,4.87,4.87,4.81,-3.10,0.033542,2.98492106,0.244457,10.32430873
783.00,0,1376.620,112.557,91.381,4230.379,615.895,0.9636,76.2,0.102,39.2,0.403,34.1,87.9,102,80.3,4.42,3.27,4.20,589.243,2242.91,13.04,0.029,0.0479,36.4042,7.69,4.92,37.2,32.6,0.795,324,258,99,0.78,0.374,0.0536,0.0536,1.197,1033,1033,15,1,113,36.4,111.2,108.2,38.4,39.7,111,38.5,108,39.9,79.1,39.8,28.9,45.8,4.87,4.87,5.17,-3.16,0.033537,2.98774202,0.244436,10.33434973
784.00,0,1376.620,112.549,91.439,4232.125,615.895,0.9637,76.2,0.145,39.3,0.403,34.1,92.8,102,80.3,4.42,3.31,4.21,589.243,2330.81,13.04,0.029,0.0479,36.3841,7.69,6.08,37.2,32.6,0.795,324,258,109,0.83,0.527,0.0537,0.0537,1.196,1033,1033,15,1,146,11.1,110.2,107.3,39.0,40.2,109,39.6,106,40.9,79.1,39.8,28.9,45.8,4.87,4.87,5.63,-3.60,0.033530,2.99056266,0.244417,10.34439182
785.00,0,1376.620,112.542,91.496,4233.871,615.895,0.9636,76.3,0.003,39.3,0.403,34.1,98.0,102,80.4,4.42,3.34,4.21,589.276,2784.69,13.04,0.029,0.0479,36.3841,7.69,8.03,37.2,32.6,0.795,324,257,118,0.88,0.691,0.0537,0.0537,1.196,1033,1033,15,1,160,0.3,116.9,113.9,33.9,35.3,115,35.7,111,37.2,79.1,39.9,28.9,45.8,4.87,4.87,6.24,-4.82,0.033525,2.99338308,0.244399,10.35443486
786.00,0,1376.620,112.535,91.551,4235.617,615.895,0.9636,76.3,-0.033,39.3,0.403,34.1,101.9,102,80.4,4.43,3.32,4.21,589.276,2678.87,13.04,0.029,0.0479,36.3841,7.69,6.43,37.2,32.6,0.795,318,253,125,0.93,0.784,0.0537,0.0537,1.196,1034,1034,15,1,136,18.5,114.9,111.9,35.6,37.0,114,36.3,111,37.8,79.1,39.9,28.9,45.8,4.87,4.87,6.06,-4.28,0.033521,2.99620350,0.244383,10.36447919
787.00,0,1376.620,112.528,91.602,4237.363,615.895,0.9636,76.3,-0.043,39.4,0.403,34.1,93.3,102,80.5,4.43,3.30,4.21,589.276,2246.60,13.04,0.029,0.0479,36.3841,7.69,4.89,37.2,32.6,0.794,313,249,108,0.85,0.492,0.0537,0.0537,1.196,1033,1033,15,1,113,36.4,112.3,109.3,37.6,38.9,112,37.6,109,39.1,79.1,39.8,28.9,45.8,4.87,4.87,5.13,-3.39,0.033518,2.99902411,0.244366,10.37452510
788.00,0,1376.620,112.521,91.641,4239.108,615.895,0.9637,76.2,-0.010,39.4,0.403,34.1,80.5,102,80.5,4.43,3.27,4.21,589.276,2242.89,13.04,0.029,0.0479,36.3841,7.69,4.92,37.2,32.6,0.795,323,257,85,0.71,0.142,0.0538,0.0538,1.196,1033,1033,15,1,113,36.4,110.5,107.6,38.9,40.2,110,39.0,107,40.4,79.2,39.8,29.0,45.8,4.87,4.87,4.53,-2.69,0.033513,3.00184472,0.244345,10.38457251
789.00,0,1376.620,112.517,91.668,4240.853,615.895,0.9638,76.2,-0.043,39.4,0.403,34.1,84.8,102,80.5,4.43,3.26,4.21,589.311,2538.75,13.04,0.029,0.0479,36.3688,7.69,7.17,37.2,32.6,0.795,323,257,93,0.75,0.276,0.0538,0.0538,1.197,1032,1032,15,1,159,0.5,113.5,110.6,36.4,37.7,111,38.1,108,39.5,79.2,39.8,29.0,45.8,4.87,4.87,5.00,-3.92,0.033507,3.00466495,0.244325,10.39462113
790.00,0,1376.620,112.510,91.726,4242.597,615.895,0.9636,76.2,0.203,39.4,0.403,34.1,89.4,102,80.6,4.43,3.29,4.22,589.311,2831.54,13.04,0.029,0.0479,36.3688,7.69,7.83,37.2,32.6,0.795,323,257,102,0.80,0.421,0.0538,0.0538,1.197,1033,1033,15,1,160,0.3,117.1,114.2,33.8,35.2,115,35.6,112,37.1,79.1,39.8,29.0,45.8,4.87,4.87,5.30,-3.73,0.033502,3.00748481,0.244305,10.40467094
791.00,0,1376.620,112.503,91.779,4244.342,615.895,0.9636,76.3,0.098,39.4,0.403,34.1,94.4,102,80.6,4.44,3.33,4.22,589.311,2465.81,13.04,0.029,0.0479,36.3688,7.69,5.16,37.2,32.6,0.795,323,257,111,0.84,0.578,0.0538,0.0538,1.197,1034,1034,15,1,119,32.3,113.6,110.6,36.7,38.1,113,36.9,110,38.3,79.1,39.9,29.0,45.8,4.87,4.87,5.75,-3.82,0.033499,3.01030445,0.244288,10.41472197
792.00,0,1376.620,112.497,91.817,4246.087,615.895,0.9637,76.3,-0.013,39.4,0.403,34.1,99.6,102,80.7,4.44,3.35,4.22,589.311,2243.00,13.04,0.029,0.0479,36.3688,7.69,4.92,37.2,32.6,0.795,322,256,121,0.89,0.742,0.0539,0.0539,1.197,1033,1033,15,1,113,36.4,111.6,108.6,38.1,39.5,111,38.2,108,39.6,79.2,39.8,29.0,45.8,4.87,4.87,6.19,-3.95,0.033496,3.01312397,0.244271,10.42477406
793.00,0,1376.620,112.490,91.870,4247.832,615.895,0.9638,76.3,-0.055,39.5,0.403,34.1,101.0,102,80.7,4.44,3.32,4.22,589.311,2251.78,13.04,0.029,0.0478,36.3584,7.69,5.28,37.2,32.6,0.795,316,251,123,0.92,0.751,0.0539,0.0539,1.197,1033,1033,15,1,115,35.1,109.8,107.0,39.3,40.6,110,39.5,107,40.8,79.2,39.7,29.0,45.8,4.87,4.87,5.73,-3.64,0.033491,3.01594361,0.244257,10.43482758
794.00,0,1376.620,112.483,91.925,4249.577,615.895,0.9638,76.3,-0.090,39.5,0.403,34.1,89.9,102,80.8,4.44,3.30,4.23,589.345,2721.03,13.04,0.029,0.0478,36.3584,7.69,7.88,37.2,32.6,0.794,312,248,101,0.82,0.387,0.0539,0.0539,1.197,1033,1033,15,1,160,0.3,116.2,113.3,34.4,35.8,114,36.2,111,37.7,79.2,39.8,29.0,45.8,4.87,4.87,5.01,-4.15,0.033486,3.01876343,0.244240,10.44488275
795.00,0,1376.620,112.477,91.979,4251.320,615.895,0.9637,76.2,0.067,39.5,0.403,34.1,81.9,103,80.8,4.44,3.28,4.23,589.345,2757.52,13.04,0.029,0.0478,36.3584,7.69,7.01,37.2,32.6,0.795,322,256,87,0.72,0.183,0.0540,0.0540,1.197,1034,1034,15,1,149,8.5,115.8,112.8,34.9,36.3,114,36.1,111,37.6,79.2,39.8,29.0,45.8,4.87,4.87,4.63,-3.17,0.033482,3.02158318,0.244220,10.45493947
796.00,0,1376.620,112.474,92.004,4253.064,615.895,0.9637,76.2,-0.027,39.5,0.403,34.1,86.2,103,80.8,4.44,3.28,4.23,589.345,2263.89,13.04,0.029,0.0478,36.3584,7.69,4.73,37.2,32.6,0.795,322,256,96,0.77,0.320,0.0540,0.0540,1.197,1034,1034,15,1,113,36.2,112.7,109.7,37.3,38.7,113,37.4,110,38.8,79.2,39.8,29.0,45.8,4.88,4.88,4.97,-3.20,0.033480,3.02440260,0.244201,10.46499748
797.00,0,1376.620,112.468,92.040,4254.808,615.895,0.9638,76.2,0.207,39.5,0.403,34.1,90.9,103,80.9,4.44,3.31,4.23,589.345,2242.90,13.04,0.029,0.0478,36.3584,7.69,4.92,37.2,32.6,0.795,322,256,105,0.81,0.469,0.0540,0.0540,1.198,1033,1033,15,1,113,36.4,110.9,108.0,38.6,39.9,111,38.8,108,40.1,79.2,39.8,29.0,45.8,4.88,4.88,5.36,-3.27,0.033476,3.02722176,0.244183,10.47505672
798.00,0,1376.620,112.461,92.093,4256.551,615.895,0.9639,76.3,0.057,39.6,0.403,34.1,96.0,103,80.9,4.45,3.35,4.23,589.374,2433.75,13.04,0.029,0.0478,36.3525,7.69,6.67,37.2,32.6,0.796,322,256,114,0.86,0.629,0.0540,0.0540,1.198,1032,1032,15,1,157,1.9,111.9,109.0,37.7,39.0,110,39.1,107,40.4,79.3,39.7,29.0,45.8,4.88,4.88,5.95,-4.26,0.033471,3.03004073,0.244167,10.48511717
799.00,0,1376.620,112.455,92.150,4258.295,615.895,0.9638,76.3,-0.023,39.6,0.403,34.1,101.4,103,81.0,4.45,3.35,4.23,589.374,2822.84,13.04,0.029,0.0478,36.3525,7.69,8.01,37.2,32.6,0.796,321,255,124,0.91,0.792,0.0541,0.0541,1.198,1033,1033,15,1,160,0.3,117.3,114.4,33.6,35.1,115,35.4,112,37.0,79.2,39.8,29.0,45.8,4.88,4.88,6.32,-4.79,0.033467,3.03285964,0.244152,10.49517878
800.00,0,1376.620,112.450,92.201,4260.039,615.895,0.9637,76.3,0.668,39.6,0.403,34.1,99.6,103,81.0,4.45,3.33,4.24,589.374,2579.16,13.04,0.029,0.0478,36.3525,7.69,5.80,37.2,32.6,0.795,314,249,120,0.91,0.698,0.0541,0.0541,1.198,1034,1034,15,1,125,27.0,114.3,111.3,36.2,37.6,114,36.6,111,38.0,79.2,39.8,29.0,45.8,4.88,4.88,5.65,-3.97,0.033465,3.03567874,0.244138,10.50524199
801.00,0,1376.620,112.444,92.240,4261.782,615.895,0.9638,76.3,-0.076,39.6,0.403,34.1,86.2,103,81.0,4.45,3.30,4.24,589.374,2243.54,13.04,0.029,0.0478,36.3525,7.69,4.91,37.2,32.6,0.795,312,248,94,0.78,0.281,0.0541,0.0541,1.198,1033,1033,15,1,113,36.4,112.0,109.0,37.8,39.2,112,37.9,109,39.3,79.2,39.8,29.0,45.8,4.88,4.88,4.67,-3.01,0.033462,3.03849807,0.244121,10.51530693
802.00,0,1376.620,112.438,92.290,4263.525,615.895,0.9639,76.2,0.002,39.6,0.403,34.1,83.2,103,81.1,4.46,3.28,4.24,589.374,2242.89,13.04,0.029,0.0478,36.3525,7.69,4.92,37.2,32.6,0.795,321,255,90,0.74,0.225,0.0541,0.0541,1.198,1033,1033,15,1,113,36.4,110.3,107.3,39.1,40.4,110,39.3,107,40.6,79.3,39.7,29.0,45.8,4.88,4.88,4.67,-2.76,0.033458,3.04131726,0.244102,10.52537334
803.00,0,1376.620,112.435,92.316,4265.267,615.895,0.9639,76.3,0.027,39.6,0.403,34.1,87.7,103,81.1,4.46,3.29,4.24,589.404,2636.95,13.04,0.029,0.0478,36.3463,7.69,7.59,37.2,32.6,0.795,321,255,98,0.78,0.365,0.0542,0.0542,1.198,1033,1033,15,1,159,0.3,115.1,112.2,35.3,36.6,113,37.1,110,38.5,79.3,39.7,29.0,45.8,4.88,4.88,5.19,-4.19,0.033453,3.04413611,0.244084,10.53544101
804.00,0,1376.620,112.430,92.371,4267.010,615.895,0.9638,76.3,0.184,39.7,0.403,34.1,92.5,103,81.2,4.46,3.33,4.24,589.404,2809.56,13.04,0.029,0.0478,36.3463,7.69,7.48,37.2,32.6,0.796,321,255,107,0.82,0.518,0.0542,0.0542,1.198,1033,1033,15,1,158,1.8,116.6,113.7,34.3,35.7,115,35.8,112,37.3,79.3,39.8,29.0,45.8,4.88,4.88,5.50,-3.85,0.033451,3.04695473,0.244067,10.54551001
805.00,0,1376.620,112.425,92.421,4268.752,615.895,0.9638,76.3,0.030,39.7,0.403,34.1,97.6,103,81.2,4.46,3.37,4.25,589.404,2347.08,13.04,0.029,0.0478,36.3463,7.69,4.55,37.2,32.6,0.796,320,255,117,0.87,0.681,0.0542,0.0542,1.198,1034,1034,15,1,115,35.1,113.2,110.2,37.0,38.4,113,37.1,110,38.6,79.3,39.8,29.0,45.8,4.88,4.88,5.99,-3.96,0.033449,3.04977324,0.244051,10.55558020
806.00,0,1376.620,112.420,92.455,4270.495,615.895,0.9639,76.3,-0.037,39.7,0.403,34.1,103.1,103,81.2,4.46,3.36,4.25,589.404,2242.91,13.04,0.029,0.0478,36.3463,7.69,4.92,37.2,32.6,0.795,317,252,127,0.93,0.831,0.0542,0.0542,1.199,1033,1033,15,1,113,36.4,111.3,108.4,38.3,39.7,111,38.5,108,39.8,79.3,39.7,29.0,45.8,4.88,4.88,6.08,-3.94,0.033446,3.05259181,0.244037,10.56565172
807.00,0,1376.620,112.415,92.508,4272.237,615.895,0.9640,76.3,0.425,39.7,0.403,34.1,97.4,103,81.3,4.47,3.33,4.25,589.404,2330.84,13.04,0.029,0.0478,36.3454,7.69,6.08,37.2,32.6,0.795,311,247,115,0.89,0.624,0.0543,0.0543,1.198,1033,1033,15,1,146,11.1,110.4,107.5,38.9,40.2,110,39.6,107,40.8,79.4,39.7,29.0,45.8,4.88,4.88,5.31,-3.60,0.033442,3.05541060,0.244024,10.57572487
808.00,0,1376.620,112.409,92.565,4273.979,615.895,0.9639,76.3,-0.050,39.7,0.403,34.1,83.1,103,81.3,4.47,3.31,4.25,589.427,2784.85,13.04,0.029,0.0478,36.3454,7.69,8.03,37.2,32.6,0.795,314,250,88,0.74,0.201,0.0543,0.0543,1.198,1033,1033,15,1,160,0.3,117.0,114.1,33.8,35.3,115,35.7,112,37.2,79.3,39.8,29.1,45.8,4.88,4.88,4.63,-3.73,0.033438,3.05822954,0.244007,10.58579972
809.00,0,1376.620,112.405,92.615,4275.720,615.895,0.9639,76.3,-0.032,39.8,0.403,34.1,84.6,103,81.4,4.47,3.28,4.25,589.427,2678.89,13.04,0.029,0.0478,36.3454,7.69,6.43,37.2,32.6,0.795,320,254,92,0.75,0.267,0.0543,0.0543,1.199,1034,1034,15,1,136,18.5,115.0,112.1,35.6,37.0,114,36.3,111,37.8,79.3,39.8,29.1,45.8,4.88,4.88,4.79,-3.26,0.033436,3.06104828,0.243988,10.59587603
810.00,0,1376.620,112.403,92.640,4277.462,615.895,0.9639,76.3,0.102,39.8,0.403,34.1,89.1,103,81.4,4.47,3.31,4.26,589.427,2246.59,13.04,0.029,0.0478,36.3454,7.69,4.89,37.2,32.6,0.796,320,254,101,0.79,0.411,0.0544,0.0544,1.199,1033,1033,15,1,113,36.4,112.4,109.4,37.6,38.9,112,37.7,109,39.1,79.3,39.8,29.1,45.8,4.88,4.88,5.15,-3.29,0.033434,3.06386675,0.243970,10.60595363
811.00,0,1376.620,112.398,92.678,4279.203,615.895,0.9640,76.3,0.145,39.8,0.403,34.1,94.0,103,81.4,4.47,3.35,4.26,589.427,2242.89,13.04,0.029,0.0478,36.3454,7.69,4.92,37.2,32.6,0.796,319,254,110,0.84,0.567,0.0544,0.0544,1.199,1033,1033,15,1,113,36.4,110.7,107.7,38.9,40.2,110,39.1,107,40.4,79.4,39.7,29.1,45.8,4.88,4.88,5.57,-3.38,0.033431,3.06668506,0.243954,10.61603256
812.00,0,1376.620,112.394,92.728,4280.944,615.895,0.9640,76.3,0.003,39.8,0.404,34.1,99.3,103,81.5,4.47,3.38,4.26,589.452,2538.83,13.04,0.029,0.0478,36.3404,7.69,7.17,37.2,32.6,0.796,319,254,120,0.89,0.732,0.0544,0.0544,1.199,1032,1032,15,1,159,0.5,113.7,110.8,36.4,37.7,111,38.1,108,39.5,79.4,39.7,29.1,45.8,4.88,4.88,6.21,-4.79,0.033427,3.06950327,0.243940,10.62611263
813.00,0,1376.620,112.389,92.783,4282.686,615.895,0.9639,76.3,-0.033,39.8,0.404,34.1,103.2,103,81.5,4.48,3.36,4.26,589.452,2831.66,13.04,0.029,0.0478,36.3404,7.69,7.83,37.2,32.6,0.795,314,250,127,0.94,0.825,0.0544,0.0544,1.199,1033,1033,15,1,160,0.3,117.3,114.3,33.8,35.2,115,35.6,112,37.1,79.4,39.8,29.1,45.8,4.88,4.88,6.05,-4.44,0.033424,3.07232159,0.243927,10.63619414
814.00,0,1376.620,112.385,92.832,4284.427,615.895,0.9639,76.3,-0.043,39.9,0.404,34.1,94.5,103,81.6,4.48,3.34,4.26,589.452,2465.73,13.04,0.029,0.0478,36.3404,7.69,5.15,37.2,32.6,0.795,309,246,109,0.86,0.531,0.0545,0.0545,1.199,1034,1034,15,1,119,32.3,113.8,110.8,36.6,38.0,114,36.8,110,38.3,79.4,39.8,29.1,45.8,4.88,4.88,5.13,-3.55,0.033423,3.07514018,0.243913,10.64627739
815.00,0,1376.620,112.382,92.867,4286.167,615.895,0.9640,76.3,-0.010,39.8,0.403,34.1,81.6,104,81.6,4.48,3.31,4.27,589.452,2243.00,13.04,0.029,0.0478,36.3404,7.69,4.92,37.2,32.6,0.795,319,254,86,0.72,0.176,0.0545,0.0545,1.200,1033,1033,15,1,113,36.4,111.8,108.8,38.1,39.4,112,38.2,109,39.6,79.4,39.8,29.1,45.8,4.88,4.88,4.51,-2.80,0.033421,3.07795889,0.243895,10.65636231
816.00,0,1376.620,112.380,92.913,4287.907,615.895,0.9641,76.3,-0.043,39.9,0.404,34.1,86.0,104,81.6,4.48,3.30,4.27,589.452,2251.79,13.04,0.029,0.0478,36.3422,7.69,5.28,37.2,32.6,0.796,319,254,95,0.76,0.313,0.0545,0.0545,1.199,1033,1033,15,1,115,35.1,110.0,107.1,39.3,40.6,110,39.6,107,40.8,79.5,39.7,29.1,45.8,4.88,4.88,4.83,-2.91,0.033417,3.08077726,0.243877,10.66644836
817.00,0,1376.620,112.373,93.034,4289.647,615.895,0.9641,76.3,0.203,39.9,0.404,34.1,90.7,104,81.7,4.49,3.33,4.27,589.471,2721.15,13.04,0.029,0.0478,36.3422,7.69,7.88,37.2,32.6,0.796,318,254,104,0.81,0.463,0.0545,0.0545,1.200,1033,1033,15,1,160,0.3,116.3,113.4,34.4,35.8,114,36.3,111,37.7,79.5,39.7,29.1,45.8,4.88,4.88,5.36,-4.33,0.033414,3.08359537,0.243861,10.67653534
818.00,0,1376.620,112.358,93.146,4291.387,615.895,0.9640,76.3,0.098,39.9,0.404,34.1,95.8,104,81.8,4.49,3.37,4.27,589.471,2757.57,13.04,0.029,0.0478,36.3422,7.69,7.01,37.2,32.6,0.796,318,253,113,0.85,0.624,0.0546,0.0546,1.201,1034,1034,15,1,149,8.5,115.9,113.0,34.9,36.3,114,36.1,111,37.6,79.4,39.8,29.1,45.8,4.88,4.88,5.73,-3.99,0.033412,3.08641346,0.243846,10.68662334
819.00,0,1376.620,112.329,93.239,4293.127,615.895,0.9640,76.3,-0.013,40.0,0.404,34.1,101.2,104,81.9,4.49,3.39,4.27,589.471,2263.85,13.04,0.029,0.0478,36.3422,7.69,4.73,37.2,32.6,0.796,318,253,123,0.90,0.791,0.0546,0.0546,1.201,1034,1034,15,1,114,36.2,112.9,109.9,37.3,38.7,113,37.4,110,38.8,79.4,39.8,29.1,45.8,4.88,4.88,6.18,-4.12,0.033411,3.08923171,0.243832,10.69671238
820.00,0,1376.620,112.283,93.303,4294.866,615.895,0.9641,76.3,-0.055,40.0,0.404,34.1,102.6,104,82.0,4.49,3.36,4.27,589.471,2242.90,13.04,0.029,0.0478,36.3422,7.69,4.92,37.2,32.6,0.795,312,248,125,0.93,0.801,0.0546,0.0546,1.202,1033,1033,15,1,113,36.4,111.1,108.2,38.6,39.9,111,38.8,108,40.1,79.5,39.7,29.1,45.8,4.88,4.88,5.74,-3.71,0.033408,3.09205040,0.243820,10.70680316
821.00,0,1376.620,112.218,93.361,4296.606,615.895,0.9642,76.3,-0.090,40.0,0.404,34.1,91.3,104,82.0,4.49,3.34,4.28,589.492,2433.79,13.04,0.029,0.0478,36.3382,7.69,6.67,37.2,32.6,0.795,308,245,103,0.83,0.432,0.0547,0.0547,1.203,1032,1032,15,1,157,1.9,112.1,109.2,37.7,38.9,110,39.0,107,40.3,79.5,39.7,29.1,45.8,4.88,4.88,4.90,-3.73,0.033405,3.09486958,0.243805,10.71689618
822.00,0,1376.620,112.134,93.411,4298.344,615.895,0.9641,76.3,0.067,40.1,0.405,34.1,83.1,104,82.1,4.49,3.31,4.28,589.492,2822.95,13.04,0.029,0.0478,36.3382,7.69,8.01,37.2,32.6,0.796,318,253,89,0.73,0.224,0.0547,0.0547,1.203,1033,1033,15,1,160,0.3,117.5,114.5,33.6,35.1,115,35.4,112,37.0,79.5,39.8,29.1,45.8,4.88,4.88,4.64,-3.50,0.033402,3.09768893,0.243787,10.72699163
823.00,0,1376.620,112.085,93.429,4300.083,615.895,0.9640,76.3,-0.027,40.1,0.405,34.1,87.6,104,82.1,4.49,3.31,4.28,589.492,2579.13,13.04,0.029,0.0478,36.3382,7.69,5.80,37.2,32.6,0.796,318,253,97,0.78,0.362,0.0547,0.0547,1.203,1034,1034,15,1,125,27.0,114.4,111.4,36.2,37.6,114,36.6,111,38.0,79.5,39.8,29.2,45.8,4.88,4.88,4.96,-3.36,0.033400,3.10050815,0.243769,10.73708950
824.00,0,1376.620,111.972,93.455,4301.821,615.895,0.9641,76.3,0.207,40.1,0.405,34.1,92.3,104,82.1,4.49,3.34,4.28,589.492,2243.54,13.04,0.029,0.0478,36.3382,7.69,4.91,37.2,32.6,0.796,317,253,106,0.82,0.511,0.0547,0.0547,1.204,1033,1033,15,1,113,36.4,112.2,109.2,37.8,39.2,112,37.9,109,39.3,79.5,39.8,29.2,45.8,4.88,4.88,5.34,-3.39,0.033399,3.10332729,0.243752,10.74719005
825.00,0,1376.620,111.841,93.457,4303.560,615.895,0.9642,76.3,0.057,40.1,0.405,34.1,97.4,104,82.1,4.49,3.39,4.28,589.492,2242.89,13.04,0.029,0.0478,36.3382,7.69,4.92,37.2,32.6,0.796,317,253,116,0.87,0.672,0.0548,0.0548,1.205,1033,1033,15,1,113,36.4,110.4,107.5,39.1,40.4,110,39.3,107,40.6,79.6,39.7,29.2,45.8,4.89,4.89,5.80,-3.51,0.033396,3.10614635,0.243736,10.75729332
826.00,0,1376.620,111.695,93.479,4305.299,615.895,0.9642,76.3,-0.023,40.2,0.405,34.1,102.8,104,82.1,4.49,3.39,4.28,589.506,2637.03,13.04,0.029,0.0478,36.3445,7.69,7.59,37.2,32.6,0.796,317,252,126,0.92,0.836,0.0548,0.0548,1.205,1033,1033,15,1,159,0.3,115.3,112.3,35.3,36.6,113,37.1,110,38.5,79.6,39.7,29.2,45.8,4.89,4.89,6.31,-5.11,0.033393,3.10896543,0.243720,10.76739937
827.00,0,1376.620,111.535,93.493,4307.037,615.895,0.9641,76.3,0.668,40.2,0.405,34.1,101.0,104,82.1,4.48,3.37,4.28,589.506,2809.63,13.04,0.029,0.0478,36.3445,7.69,7.48,37.2,32.6,0.796,310,246,121,0.92,0.741,0.0548,0.0548,1.206,1033,1033,15,1,158,1.8,116.8,113.9,34.2,35.6,115,35.8,112,37.3,79.5,39.8,29.2,45.8,4.89,4.89,5.64,-4.13,0.033391,3.11178474,0.243706,10.77750871
828.00,0,1376.620,111.362,93.499,4308.776,615.895,0.9641,76.3,-0.076,40.2,0.406,34.1,87.4,104,82.1,4.48,3.34,4.29,589.506,2346.99,13.04,0.029,0.0478,36.3445,7.69,4.55,37.2,32.6,0.795,308,245,95,0.79,0.317,0.0549,0.0549,1.208,1034,1034,15,1,115,35.1,113.4,110.4,37.0,38.4,113,37.1,110,38.5,79.5,39.8,29.2,45.8,4.89,4.89,4.67,-3.14,0.033390,3.11460429,0.243688,10.78762150
829.00,0,1376.620,111.179,93.495,4310.514,615.895,0.9642,76.3,0.002,40.2,0.406,34.1,84.2,104,82.1,4.47,3.32,4.29,589.506,2242.91,13.04,0.029,0.0478,36.3445,7.69,4.92,37.2,32.6,0.796,317,252,90,0.75,0.255,0.0549,0.0549,1.209,1033,1033,15,1,113,36.4,111.5,108.6,38.4,39.7,111,38.5,108,39.8,79.6,39.7,29.2,45.8,4.89,4.89,4.66,-2.87,0.033388,3.11742374,0.243667,10.79773751
830.00,0,1376.620,111.085,93.496,4312.252,615.895,0.9643,76.3,0.098,40.3,0.406,34.1,88.7,104,82.1,4.47,3.33,4.29,589.506,2330.85,13.04,0.029,0.0478,36.3428,7.69,6.08,37.2,32.6,0.796,316,252,99,0.79,0.396,0.0549,0.0549,1.209,1033,1033,15,1,146,11.1,110.5,107.7,38.9,40.2,110,39.6,107,40.8,79.6,39.7,29.2,45.8,4.89,4.89,5.05,-3.29,0.033385,3.12024286,0.243647,10.80785644
831.00,0,1376.620,110.889,93.503,4313.990,615.895,0.9642,76.3,0.161,40.3,0.406,34.1,93.6,104,82.1,4.47,3.37,4.29,589.524,2784.94,13.04,0.029,0.0478,36.3428,7.69,8.03,37.2,32.6,0.797,316,252,108,0.83,0.549,0.0549,0.0549,1.210,1033,1033,15,1,160,0.3,117.2,114.2,33.9,35.3,115,35.7,112,37.2,79.6,39.8,29.2,45.8,4.89,4.89,5.54,-4.38,0.033382,3.12306172,0.243627,10.81797828
832.00,0,1376.620,110.689,93.511,4315.728,615.895,0.9642,76.3,0.021,40.3,0.406,34.1,98.7,104,82.1,4.46,3.41,4.29,589.524,2678.90,13.04,0.029,0.0478,36.3428,7.69,6.43,37.2,32.6,0.797,316,252,118,0.88,0.713,0.0550,0.0550,1.212,1034,1034,15,1,136,18.5,115.2,112.2,35.6,37.0,114,36.3,111,37.8,79.6,39.8,29.2,45.8,4.89,4.89,5.98,-4.15,0.033381,3.12588041,0.243609,10.82810283
833.00,0,1376.620,110.483,93.516,4317.466,615.895,0.9642,76.3,-0.029,40.3,0.406,34.1,104.3,104,82.1,4.46,3.40,4.29,589.524,2246.59,13.04,0.029,0.0478,36.3428,7.69,4.89,37.2,32.6,0.796,313,249,128,0.94,0.864,0.0550,0.0550,1.213,1033,1033,15,1,113,36.4,112.6,109.6,37.6,38.9,113,37.7,109,39.0,79.6,39.8,29.2,45.8,4.89,4.89,6.09,-4.09,0.033380,3.12869915,0.243591,10.83823015
834.00,0,1376.620,110.274,93.504,4319.204,615.895,0.9643,76.3,0.214,40.4,0.407,34.1,98.5,104,82.1,4.45,3.38,4.29,589.524,2242.89,13.04,0.029,0.0478,36.3428,7.69,4.92,37.2,32.6,0.796,307,245,116,0.90,0.655,0.0550,0.0550,1.215,1033,1033,15,1,113,36.4,110.9,108.0,38.9,40.1,111,39.0,108,40.3,79.7,39.7,29.2,45.8,4.89,4.89,5.28,-3.38,0.033378,3.13151811,0.243574,10.84836048
835.00,0,1376.620,110.062,93.521,4320.942,615.895,0.9644,76.3,-0.048,40.4,0.407,34.1,83.9,104,82.1,4.45,3.35,4.29,589.535,2538.88,13.04,0.029,0.0478,36.3538,7.69,7.17,37.2,32.6,0.796,310,247,89,0.75,0.223,0.0551,0.0551,1.216,1032,1032,15,1,159,0.5,113.9,111.0,36.4,37.7,112,38.1,109,39.5,79.7,39.7,29.2,45.8,4.89,4.89,4.63,-3.78,0.033375,3.13433719,0.243553,10.85849379
836.00,0,1376.620,109.849,93.534,4322.679,615.895,0.9643,76.3,-0.032,40.4,0.407,34.1,85.3,104,82.1,4.44,3.33,4.29,589.535,2831.74,13.04,0.029,0.0478,36.3538,7.69,7.83,37.2,32.6,0.796,316,251,92,0.76,0.287,0.0551,0.0551,1.218,1033,1033,15,1,160,0.3,117.4,114.5,33.8,35.2,115,35.6,112,37.1,79.7,39.8,29.3,45.8,4.89,4.89,4.78,-3.39,0.033373,3.13715607,0.243530,10.86862975
837.00,0,1376.620,109.743,93.538,4324.417,615.895,0.9642,76.3,0.188,40.4,0.407,34.1,89.9,104,82.1,4.44,3.35,4.30,589.535,2465.68,13.04,0.029,0.0478,36.3538,7.69,5.15,37.2,32.6,0.797,315,251,101,0.80,0.432,0.0551,0.0551,1.219,1034,1034,15,1,119,32.3,113.9,110.9,36.7,38.1,114,36.9,111,38.3,79.6,39.8,29.3,45.8,4.89,4.89,5.14,-3.45,0.033372,3.13997467,0.243508,10.87876816
838.00,0,1376.620,109.528,93.543,4326.154,615.895,0.9643,76.3,0.116,40.5,0.407,34.1,94.8,104,82.1,4.43,3.39,4.30,589.535,2243.00,13.04,0.029,0.0478,36.3538,7.69,4.92,37.2,32.6,0.797,315,251,110,0.85,0.587,0.0551,0.0551,1.220,1033,1033,15,1,113,36.4,111.9,109.0,38.1,39.4,112,38.2,109,39.6,79.7,39.7,29.3,45.8,4.89,4.89,5.55,-3.51,0.033371,3.14279316,0.243487,10.88890904
839.00,0,1376.620,109.313,93.542,4327.892,615.895,0.9644,76.3,0.002,40.5,0.407,34.1,100.1,104,82.1,4.43,3.43,4.30,589.535,2251.79,13.04,0.029,0.0478,36.3549,7.69,5.28,37.2,32.6,0.797,315,251,120,0.90,0.753,0.0552,0.0552,1.222,1033,1033,15,1,115,35.1,110.2,107.3,39.4,40.6,110,39.6,107,40.8,79.7,39.7,29.3,45.8,4.89,4.89,6.01,-3.73,0.033368,3.14561157,0.243467,10.89905212
840.00,0,1376.620,109.098,93.553,4329.630,615.895,0.9644,76.3,-0.028,40.5,0.408,34.1,104.2,104,82.1,4.42,3.41,4.30,589.550,2721.22,13.04,0.029,0.0478,36.3549,7.69,7.88,37.2,32.6,0.796,310,247,127,0.95,0.848,0.0552,0.0552,1.223,1033,1033,15,1,160,0.3,116.5,113.6,34.4,35.8,114,36.3,111,37.7,79.7,39.8,29.3,45.8,4.89,4.89,6.08,-5.02,0.033365,3.14843008,0.243449,10.90919765
841.00,0,1376.620,108.884,93.254,4331.368,615.895,0.9643,76.3,-0.090,40.9,0.411,34.1,90.3,104,82.1,4.46,3.38,4.31,589.550,2757.61,13.04,0.029,0.0478,36.3549,7.69,7.01,37.2,32.6,0.796,305,243,100,0.82,0.392,0.0552,0.0552,1.210,1034,1034,15,1,149,8.5,116.1,113.2,34.9,36.3,115,36.1,112,37.5,79.7,39.8,29.3,45.8,4.89,4.89,4.82,-3.47,0.033364,3.15124870,0.243430,10.91934577
842.00,0,1376.620,108.692,92.727,4333.105,615.895,0.9643,76.3,-0.032,41.5,0.415,34.1,84.2,104,81.1,4.51,3.34,4.33,589.550,2263.83,13.04,0.029,0.0478,36.3549,7.69,4.73,37.2,32.6,0.796,315,251,90,0.75,0.246,0.0553,0.0553,1.189,1034,1034,15,1,114,36.2,113.1,110.1,37.3,38.7,113,37.4,110,38.8,79.7,39.8,29.3,45.8,4.89,4.89,4.69,-3.05,0.033364,3.15406511,0.243407,10.92949492
843.00,0,1376.620,108.604,92.719,4334.842,615.895,0.9644,76.3,0.212,41.5,0.416,34.1,91.2,104,81.0,4.51,3.38,4.33,589.550,2242.90,13.04,0.029,0.0478,36.3549,7.69,4.92,37.2,32.6,0.797,315,251,103,0.81,0.465,0.0553,0.0553,1.188,1033,1033,15,1,113,36.4,111.3,108.3,38.6,39.9,111,38.8,108,40.1,79.8,39.7,29.3,45.8,4.89,4.89,5.25,-3.24,0.033362,3.15687853,0.243387,10.93964318
844.00,0,1376.620,108.439,92.832,4336.580,615.895,0.9645,76.3,0.021,41.7,0.416,34.1,99.0,104,81.1,4.52,3.44,4.34,589.561,2433.82,13.04,0.029,0.0478,36.3581,7.69,6.67,37.2,32.6,0.797,315,251,118,0.89,0.712,0.0553,0.0553,1.188,1032,1032,15,1,157,1.9,112.2,109.4,37.7,39.0,111,39.1,108,40.4,79.8,39.7,29.3,45.8,4.89,4.89,6.07,-4.42,0.033360,3.15969066,0.243369,10.94979029
845.00,0,1376.620,108.292,92.976,4338.318,615.895,0.9644,76.3,-0.088,41.7,0.416,34.1,102.2,104,81.2,4.52,3.41,4.34,589.561,2823.03,13.04,0.029,0.0478,36.3581,7.69,8.01,37.2,32.6,0.796,309,246,123,0.93,0.775,0.0553,0.0553,1.189,1033,1033,15,1,160,0.3,117.6,114.7,33.6,35.0,115,35.4,112,36.9,79.8,39.8,29.3,45.8,4.89,4.89,5.84,-4.56,0.033358,3.16250317,0.243354,10.95993686
846.00,0,1376.620,108.175,93.153,4340.055,615.895,0.9644,76.3,-0.048,41.8,0.417,34.1,83.1,104,81.4,4.52,3.37,4.35,589.561,2579.12,13.04,0.029,0.0478,36.3581,7.69,5.80,37.2,32.6,0.796,309,246,87,0.74,0.195,0.0554,0.0554,1.191,1034,1034,15,1,126,27.0,114.6,111.6,36.2,37.6,114,36.6,111,38.0,79.8,39.8,29.3,45.8,4.89,4.89,4.48,-3.09,0.033358,3.16531694,0.243334,10.97008371
847.00,0,1376.620,108.123,93.241,4341.792,615.895,0.9645,76.3,-0.028,41.8,0.417,34.1,87.0,104,81.4,4.52,3.36,4.35,589.561,2243.54,13.04,0.029,0.0478,36.3581,7.69,4.91,37.2,32.6,0.797,315,251,95,0.77,0.335,0.0554,0.0554,1.192,1033,1033,15,1,114,36.4,112.4,109.4,37.8,39.2,112,37.9,109,39.3,79.8,39.8,29.3,45.8,4.89,4.89,4.87,-3.09,0.033357,3.16813133,0.243311,10.98023050
848.00,0,1376.620,108.025,93.374,4343.528,615.895,0.9646,76.3,0.161,41.9,0.417,34.1,94.3,105,81.6,4.53,3.41,4.36,589.561,2242.89,13.04,0.029,0.0478,36.3581,7.69,4.92,37.2,32.6,0.797,315,251,109,0.84,0.568,0.0554,0.0554,1.193,1033,1033,15,1,114,36.4,110.6,107.7,39.1,40.4,110,39.3,107,40.6,79.9,39.7,29.3,45.8,4.89,4.89,5.46,-3.31,0.033355,3.17094621,0.243290,10.99037733
849.00,0,1376.620,107.928,93.504,4345.265,615.895,0.9646,76.3,-0.018,41.9,0.417,34.1,102.4,105,81.7,4.53,3.44,4.36,589.575,2637.09,13.04,0.029,0.0478,36.3484,7.69,7.59,37.2,32.6,0.797,314,250,124,0.92,0.819,0.0554,0.0554,1.194,1033,1033,15,1,159,0.3,115.4,112.5,35.3,36.6,113,37.1,110,38.5,79.9,39.7,29.3,45.8,4.89,4.89,6.31,-5.13,0.033352,3.17376188,0.243272,11.00052461
850.00,0,1376.620,107.824,93.596,4347.002,615.895,0.9645,76.3,0.214,42.0,0.417,34.1,98.3,105,81.8,4.53,3.40,4.37,589.575,2809.68,13.04,0.029,0.0478,36.3484,7.69,7.48,37.2,32.6,0.796,306,243,115,0.90,0.642,0.0555,0.0555,1.195,1033,1033,15,1,158,1.9,117.0,114.1,34.2,35.6,115,35.8,112,37.3,79.9,39.8,29.3,45.8,4.89,4.89,5.33,-3.92,0.033351,3.17657884,0.243255,11.01067375
851.00,0,1376.620,107.709,93.651,4348.738,615.895,0.9645,76.3,0.062,42.0,0.417,34.1,82.9,105,81.8,4.53,3.37,4.37,589.575,2346.93,13.04,0.029,0.0478,36.3484,7.69,4.55,37.2,32.6,0.796,314,250,87,0.73,0.208,0.0555,0.0555,1.196,1034,1034,15,1,115,35.1,113.6,110.6,37.0,38.4,114,37.1,110,38.5,79.9,39.8,29.4,45.8,4.89,4.89,4.53,-2.97,0.033350,3.17939685,0.243232,11.02082566
852.00,0,1376.620,107.646,93.658,4350.474,615.895,0.9646,76.3,0.098,42.0,0.417,34.1,89.6,105,81.8,4.53,3.38,4.37,589.575,2242.91,13.04,0.029,0.0478,36.3484,7.69,4.92,37.2,32.5,0.797,314,250,100,0.80,0.419,0.0555,0.0555,1.196,1033,1033,15,1,114,36.4,111.7,108.8,38.4,39.7,112,38.5,109,39.8,79.9,39.7,29.4,45.8,4.89,4.89,5.04,-3.15,0.033349,3.18221488,0.243208,11.03098004
853.00,0,1376.620,107.511,93.680,4352.211,615.895,0.9647,76.3,0.072,42.1,0.417,34.1,97.1,105,81.8,4.53,3.44,4.38,589.575,2330.86,13.04,0.029,0.0478,36.3373,7.69,6.08,37.2,32.5,0.797,314,250,114,0.87,0.656,0.0555,0.0555,1.196,1033,1033,15,1,146,11.1,110.8,107.9,38.9,40.2,110,39.6,107,40.8,80.0,39.7,29.4,45.8,4.90,4.90,5.74,-3.76,0.033346,3.18503293,0.243187,11.04113708
854.00,0,1376.620,107.364,93.694,4353.948,615.895,0.9646,76.3,-0.029,42.2,0.418,34.1,104.9,105,81.8,4.53,3.44,4.38,589.587,2784.99,13.04,0.029,0.0478,36.3373,7.69,8.03,37.2,32.5,0.797,310,247,128,0.95,0.874,0.0556,0.0556,1.197,1033,1033,15,1,160,0.3,117.4,114.5,33.8,35.3,115,35.7,112,37.2,80.0,39.7,29.4,45.8,4.90,4.90,6.18,-5.00,0.033343,3.18785123,0.243168,11.05129684
855.00,0,1376.620,107.208,93.697,4355.684,615.895,0.9646,76.3,-0.090,42.2,0.418,34.1,91.1,105,81.8,4.52,3.40,4.38,589.587,2678.90,13.04,0.029,0.0478,36.3373,7.69,6.43,37.2,32.5,0.796,304,242,101,0.83,0.416,0.0556,0.0556,1.197,1034,1034,15,1,136,18.5,115.4,112.5,35.6,37.0,115,36.3,111,37.8,80.0,39.8,29.4,45.7,4.90,4.90,4.82,-3.44,0.033343,3.19067028,0.243147,11.06146044
856.00,0,1376.620,107.042,93.692,4357.420,615.895,0.9646,76.3,-0.032,42.2,0.418,34.1,85.0,105,81.8,4.52,3.36,4.38,589.587,2246.59,13.04,0.029,0.0478,36.3373,7.69,4.89,37.2,32.5,0.797,314,250,91,0.76,0.273,0.0556,0.0556,1.198,1033,1033,15,1,114,36.4,112.8,109.8,37.6,38.9,113,37.6,110,39.0,80.0,39.8,29.4,45.7,4.90,4.90,4.69,-3.01,0.033342,3.19348944,0.243121,11.07162767
857.00,0,1376.620,106.957,93.681,4359.156,615.895,0.9648,76.3,0.203,42.2,0.418,34.1,92.0,105,81.8,4.52,3.41,4.38,589.587,2242.89,13.04,0.029,0.0478,36.3373,7.69,4.92,37.2,32.5,0.797,313,250,104,0.82,0.493,0.0556,0.0556,1.199,1033,1033,15,1,114,36.4,111.1,108.2,38.9,40.1,111,39.0,108,40.3,80.0,39.7,29.4,45.7,4.90,4.90,5.24,-3.20,0.033339,3.19630807,0.243095,11.08179782
858.00,0,1376.620,106.782,93.672,4360.893,615.895,0.9648,76.4,0.005,42.3,0.418,34.1,99.8,105,81.8,4.52,3.47,4.39,589.586,2538.90,13.04,0.029,0.0478,36.3287,7.69,7.17,37.2,32.5,0.797,313,250,119,0.90,0.738,0.0557,0.0557,1.199,1032,1032,15,1,159,0.5,114.1,111.2,36.4,37.7,112,38.1,109,39.5,80.0,39.7,29.4,45.7,4.90,4.90,6.11,-4.79,0.033336,3.19912640,0.243073,11.09197062
859.00,0,1376.620,106.604,93.672,4362.630,615.895,0.9647,76.3,-0.035,42.3,0.418,34.1,103.0,105,81.8,4.51,3.44,4.39,589.586,2831.77,13.04,0.029,0.0478,36.3287,7.69,7.83,37.2,32.5,0.797,307,245,123,0.94,0.797,0.0557,0.0557,1.200,1033,1033,15,1,160,0.3,117.6,114.7,33.8,35.2,115,35.5,112,37.0,80.0,39.8,29.4,45.7,4.90,4.90,5.79,-4.31,0.033335,3.20194490,0.243053,11.10214624
860.00,0,1376.620,106.425,93.670,4364.366,615.895,0.9647,76.3,-0.049,42.4,0.419,34.1,83.5,105,81.7,4.51,3.40,4.39,589.586,2465.66,13.04,0.029,0.0478,36.3287,7.69,5.15,37.2,32.5,0.796,308,245,87,0.75,0.203,0.0557,0.0557,1.201,1034,1034,15,1,119,32.3,114.2,111.2,36.6,38.0,114,36.8,111,38.2,80.0,39.8,29.4,45.7,4.90,4.90,4.47,-3.04,0.033334,3.20476390,0.243028,11.11232525
861.00,0,1376.620,106.335,93.668,4366.102,615.895,0.9648,76.3,0.011,42.4,0.419,34.1,87.2,105,81.7,4.51,3.39,4.39,589.586,2243.00,13.04,0.029,0.0478,36.3287,7.69,4.92,37.2,32.5,0.797,313,249,95,0.78,0.340,0.0557,0.0557,1.202,1033,1033,15,1,114,36.4,112.2,109.2,38.1,39.4,112,38.2,109,39.5,80.1,39.7,29.4,45.7,4.90,4.90,4.85,-3.06,0.033333,3.20758254,0.243000,11.12250693
862.00,0,1376.620,106.154,93.655,4367.838,615.895,0.9649,76.3,0.127,42.4,0.419,34.1,94.5,105,81.7,4.50,3.44,4.39,589.586,2251.79,13.04,0.029,0.0478,36.3288,7.69,5.28,37.2,32.5,0.797,313,249,108,0.85,0.569,0.0558,0.0558,1.203,1033,1033,15,1,115,35.1,110.4,107.5,39.3,40.6,110,39.6,107,40.8,80.1,39.7,29.4,45.7,4.90,4.90,5.45,-3.35,0.033330,3.21040064,0.242975,11.13269072
863.00,0,1376.620,105.975,93.663,4369.575,615.895,0.9648,76.4,-0.021,42.4,0.419,34.1,102.6,105,81.7,4.50,3.47,4.40,589.582,2721.24,13.04,0.029,0.0478,36.3288,7.69,7.88,37.2,32.5,0.797,312,249,124,0.93,0.820,0.0558,0.0558,1.204,1033,1033,15,1,160,0.3,116.7,113.8,34.4,35.8,114,36.2,111,37.7,80.1,39.7,29.5,45.7,4.90,4.90,6.30,-5.15,0.033328,3.21321852,0.242952,11.14287625
864.00,0,1376.620,105.798,93.671,4371.312,615.895,0.9647,76.3,0.089,42.5,0.419,34.1,98.4,105,81.7,4.49,3.43,4.40,589.582,2757.61,13.04,0.029,0.0478,36.3288,7.69,7.01,37.2,32.5,0.796,304,242,114,0.90,0.640,0.0558,0.0558,1.205,1034,1034,15,1,149,8.5,116.3,113.4,34.9,36.3,115,36.0,112,37.5,80.1,39.8,29.5,45.7,4.90,4.90,5.31,-3.88,0.033327,3.21603682,0.242931,11.15306418
865.00,0,1376.620,105.623,93.675,4373.048,615.895,0.9648,76.3,0.069,42.5,0.419,34.1,82.8,105,81.7,4.49,3.40,4.40,589.582,2263.82,13.04,0.029,0.0478,36.3288,7.69,4.73,37.2,32.5,0.797,312,249,86,0.74,0.200,0.0559,0.0559,1.206,1034,1034,15,1,114,36.2,113.3,110.3,37.3,38.6,113,37.4,110,38.8,80.1,39.8,29.5,45.7,4.90,4.90,4.51,-2.95,0.033326,3.21885546,0.242904,11.16325475
866.00,0,1376.620,105.536,93.657,4374.783,615.895,0.9649,76.3,0.168,42.5,0.419,34.1,89.6,105,81.7,4.48,3.41,4.40,589.582,2242.90,13.04,0.029,0.0478,36.3288,7.69,4.92,37.2,32.5,0.797,312,249,99,0.80,0.411,0.0559,0.0559,1.207,1033,1033,15,1,114,36.4,111.5,108.6,38.6,39.9,111,38.8,108,40.1,80.1,39.7,29.5,45.7,4.90,4.90,5.03,-3.11,0.033325,3.22167356,0.242876,11.17344707
867.00,0,1376.620,105.363,93.672,4376.519,615.895,0.9649,76.3,0.049,42.6,0.420,34.1,97.1,105,81.7,4.48,3.47,4.40,589.576,2433.82,13.04,0.029,0.0478,36.3321,7.69,6.67,37.2,32.5,0.798,312,249,113,0.87,0.651,0.0559,0.0559,1.208,1032,1032,15,1,157,1.9,112.5,109.6,37.7,38.9,111,39.0,108,40.3,80.2,39.7,29.5,45.7,4.90,4.90,5.80,-4.27,0.033322,3.22449127,0.242851,11.18364095
868.00,0,1376.620,105.194,93.688,4378.256,615.895,0.9648,76.4,-0.039,42.6,0.420,34.1,104.6,105,81.7,4.48,3.47,4.40,589.576,2823.02,13.04,0.029,0.0478,36.3321,7.69,8.01,37.2,32.5,0.797,308,245,126,0.96,0.857,0.0559,0.0559,1.209,1033,1033,15,1,160,0.3,117.8,114.9,33.6,35.0,116,35.4,112,36.9,80.1,39.7,29.5,45.7,4.90,4.90,6.09,-4.77,0.033320,3.22730894,0.242830,11.19383613
869.00,0,1376.620,105.031,92.975,4379.993,615.895,0.9648,76.3,-0.049,43.4,0.426,34.1,82.3,104,80.9,4.55,3.42,4.42,589.576,2579.12,13.04,0.029,0.0478,36.3321,7.69,5.80,37.2,32.5,0.797,307,244,84,0.74,0.162,0.0560,0.0560,1.179,1034,1034,15,1,126,27.0,114.8,111.9,36.2,37.5,114,36.5,111,38.0,80.1,39.8,29.5,45.7,4.90,4.90,4.41,-3.06,0.033320,3.23012628,0.242808,11.20403300
870.00,0,1376.620,104.965,92.875,4381.729,615.895,0.9649,76.3,0.077,43.5,0.427,34.1,88.4,104,80.7,4.57,3.42,4.43,589.576,2243.54,13.04,0.029,0.0478,36.3321,7.69,4.91,37.2,32.5,0.797,312,249,97,0.79,0.371,0.0560,0.0560,1.174,1033,1033,15,1,114,36.4,112.6,109.6,37.8,39.2,112,37.9,109,39.3,80.2,39.7,29.5,45.7,4.90,4.90,4.98,-3.19,0.033319,3.23294053,0.242781,11.21422912
871.00,0,1376.620,104.869,92.967,4383.465,615.895,0.9650,76.4,0.022,43.7,0.428,34.1,98.7,104,80.7,4.58,3.50,4.44,589.576,2242.89,13.04,0.029,0.0478,36.3321,7.69,4.92,37.2,32.5,0.798,312,249,116,0.89,0.696,0.0560,0.0560,1.173,1033,1033,15,1,114,36.4,110.9,108.0,39.1,40.3,111,39.3,108,40.6,80.2,39.6,29.5,45.7,4.90,4.90,5.87,-3.61,0.033317,3.23575236,0.242760,11.22442266
872.00,0,1376.620,104.811,93.191,4385.201,615.895,0.9650,76.4,0.668,43.7,0.428,34.1,100.4,105,80.9,4.58,3.46,4.44,589.569,2637.07,13.04,0.029,0.0478,36.3272,7.69,7.59,37.2,32.5,0.797,304,243,118,0.92,0.701,0.0560,0.0560,1.174,1033,1033,15,1,159,0.3,115.7,112.8,35.2,36.6,113,37.1,110,38.5,80.2,39.7,29.5,45.7,4.90,4.90,5.54,-4.70,0.033315,3.23856415,0.242743,11.23461364
873.00,0,1376.620,104.774,93.390,4386.937,615.895,0.9649,76.3,-0.003,43.8,0.428,34.1,83.3,105,81.1,4.59,3.41,4.45,589.569,2809.66,13.04,0.029,0.0478,36.3272,7.69,7.48,37.2,32.5,0.797,312,248,87,0.74,0.213,0.0561,0.0561,1.176,1033,1033,15,1,158,1.8,117.2,114.3,34.2,35.6,115,35.8,112,37.3,80.2,39.7,29.5,45.7,4.90,4.90,4.56,-3.24,0.033314,3.24137709,0.242719,11.24480346
874.00,0,1376.620,104.758,93.473,4388.672,615.895,0.9649,76.3,0.203,43.8,0.428,34.1,92.7,105,81.2,4.59,3.45,4.45,589.569,2346.96,13.04,0.029,0.0478,36.3272,7.69,4.55,37.2,32.5,0.798,312,248,105,0.83,0.509,0.0561,0.0561,1.177,1034,1034,15,1,116,35.0,113.8,110.9,37.0,38.4,114,37.1,111,38.5,80.3,39.7,29.5,45.7,4.90,4.90,5.29,-3.54,0.033314,3.24419011,0.242695,11.25499151
875.00,0,1376.620,104.726,93.584,4390.407,615.895,0.9651,76.4,-0.021,43.8,0.428,34.1,103.5,105,81.3,4.59,3.50,4.46,589.569,2242.91,13.04,0.029,0.0478,36.3272,7.69,4.92,37.2,32.5,0.798,311,248,125,0.93,0.842,0.0561,0.0561,1.178,1033,1033,15,1,114,36.4,112.0,109.1,38.3,39.6,112,38.5,109,39.8,80.3,39.7,29.5,45.7,4.90,4.90,6.11,-3.99,0.033313,3.24700384,0.242676,11.26517817
876.00,0,1376.620,104.685,93.688,4392.143,615.894,0.9651,76.3,-0.079,43.9,0.428,34.1,90.6,105,81.4,4.60,3.44,4.46,589.569,2330.85,13.04,0.029,0.0478,36.3085,7.69,6.08,37.2,32.5,0.797,302,241,99,0.83,0.394,0.0561,0.0561,1.177,1033,1033,15,1,146,11.1,111.1,108.2,38.9,40.1,110,39.5,107,40.7,80.3,39.6,29.5,45.7,4.90,4.90,4.67,-3.20,0.033311,3.24981938,0.242658,11.27536553
877.00,0,1376.620,104.660,93.727,4393.877,615.894,0.9651,76.3,-0.030,44.0,0.428,34.1,86.9,105,81.4,4.60,3.42,4.46,589.560,2784.95,13.04,0.029,0.0478,36.3085,7.69,8.03,37.2,32.5,0.797,311,248,94,0.77,0.327,0.0561,0.0561,1.177,1033,1033,15,1,160,0.3,117.6,114.7,33.8,35.2,115,35.6,112,37.1,80.4,39.7,29.6,45.7,4.90,4.90,4.88,-3.97,0.033309,3.25263577,0.242631,11.28555446
878.00,0,1376.620,104.599,93.777,4395.612,615.894,0.9650,76.4,0.084,44.0,0.428,34.1,96.8,105,81.4,4.60,3.49,4.47,589.560,2678.90,13.04,0.029,0.0478,36.3085,7.69,6.43,37.2,32.5,0.798,311,248,112,0.87,0.638,0.0562,0.0562,1.177,1034,1034,15,1,137,18.5,115.6,112.7,35.6,36.9,115,36.3,112,37.7,80.3,39.7,29.6,45.7,4.90,4.90,5.65,-3.96,0.033308,3.25545201,0.242608,11.29574465
879.00,0,1376.620,104.521,93.799,4397.348,615.894,0.9651,76.4,-0.044,44.1,0.429,34.1,104.4,105,81.4,4.61,3.48,4.47,589.560,2246.59,13.04,0.029,0.0478,36.3085,7.69,4.89,37.2,32.5,0.797,306,244,125,0.95,0.841,0.0562,0.0562,1.177,1033,1033,15,1,114,36.3,113.1,110.1,37.5,38.8,113,37.6,110,39.0,80.4,39.7,29.6,45.7,4.91,4.91,5.81,-3.96,0.033307,3.25826884,0.242590,11.30593648
880.00,0,1376.620,104.429,93.790,4399.084,615.894,0.9652,76.3,-0.000,44.1,0.429,34.1,81.4,105,81.4,4.61,3.43,4.48,589.560,2242.89,13.04,0.029,0.0478,36.3085,7.69,4.92,37.2,32.5,0.797,311,248,83,0.72,0.156,0.0562,0.0562,1.176,1033,1033,15,1,114,36.4,111.4,108.5,38.8,40.1,111,39.0,108,40.3,80.4,39.6,29.6,45.7,4.90,4.90,4.36,-2.66,0.033305,3.26108698,0.242566,11.31613192
881.00,0,1376.620,104.378,93.794,4400.818,615.894,0.9653,76.3,0.168,44.1,0.429,34.1,90.4,105,81.4,4.61,3.45,4.48,589.543,2538.86,13.04,0.029,0.0478,36.2939,7.69,7.17,37.2,32.5,0.798,311,248,100,0.81,0.437,0.0562,0.0562,1.176,1032,1032,15,1,159,0.5,114.3,111.4,36.3,37.6,112,38.1,109,39.4,80.5,39.6,29.6,45.7,4.91,4.91,5.19,-4.21,0.033302,3.26390471,0.242539,11.32633014
882.00,0,1376.620,104.267,93.798,4402.553,615.894,0.9652,76.4,0.005,44.2,0.429,34.1,100.9,105,81.4,4.61,3.52,4.48,589.543,2831.70,13.04,0.029,0.0478,36.2939,7.69,7.83,37.2,32.5,0.798,310,248,120,0.91,0.764,0.0563,0.0563,1.176,1033,1033,15,1,160,0.3,117.9,115.0,33.7,35.1,116,35.5,113,37.0,80.4,39.7,29.6,45.7,4.91,4.91,6.05,-4.41,0.033301,3.26672200,0.242517,11.33653062
883.00,0,1376.620,104.147,93.792,4404.289,615.894,0.9652,76.4,0.089,44.2,0.429,34.1,98.2,105,81.4,4.61,3.47,4.48,589.543,2465.70,13.04,0.029,0.0478,36.2939,7.69,5.15,37.2,32.5,0.797,302,241,113,0.90,0.627,0.0563,0.0563,1.177,1034,1034,15,1,119,32.2,114.5,111.5,36.6,37.9,114,36.8,111,38.2,80.4,39.7,29.6,45.7,4.91,4.91,5.20,-3.68,0.033300,3.26953995,0.242497,11.34673403
884.00,0,1376.620,104.020,93.768,4406.024,615.894,0.9653,76.3,-0.032,44.2,0.429,34.1,84.6,105,81.4,4.60,3.42,4.48,589.543,2243.00,13.04,0.029,0.0478,36.2939,7.69,4.92,37.2,32.5,0.797,310,247,89,0.75,0.252,0.0563,0.0563,1.177,1033,1033,15,1,114,36.3,112.4,109.5,38.0,39.3,112,38.2,109,39.5,80.5,39.7,29.6,45.7,4.91,4.91,4.61,-2.92,0.033299,3.27235846,0.242469,11.35694118
885.00,0,1376.620,103.954,93.765,4407.759,615.894,0.9654,76.3,0.172,44.3,0.430,34.1,94.1,105,81.3,4.60,3.48,4.49,589.543,2251.79,13.04,0.029,0.0477,36.2830,7.69,5.28,37.2,32.5,0.798,310,247,107,0.85,0.552,0.0563,0.0563,1.177,1033,1033,15,1,115,35.1,110.7,107.8,39.3,40.5,110,39.5,108,40.7,80.5,39.6,29.6,45.7,4.91,4.91,5.36,-3.32,0.033296,3.27517605,0.242442,11.36715063
886.00,0,1376.620,103.819,93.768,4409.495,615.894,0.9653,76.4,-0.035,44.3,0.430,34.1,105.2,105,81.3,4.60,3.51,4.49,589.514,2721.13,13.04,0.029,0.0477,36.2830,7.69,7.88,37.2,32.5,0.798,307,245,127,0.96,0.877,0.0564,0.0564,1.177,1033,1033,15,1,160,0.3,117.0,114.1,34.3,35.7,115,36.2,112,37.6,80.5,39.6,29.6,45.7,4.91,4.91,6.21,-5.18,0.033294,3.27799337,0.242420,11.37736186
887.00,0,1376.620,103.683,93.769,4411.231,615.894,0.9653,76.3,-0.067,44.4,0.430,34.1,86.5,105,81.3,4.60,3.46,4.49,589.514,2757.57,13.04,0.029,0.0477,36.2830,7.69,7.01,37.2,32.5,0.797,302,240,91,0.79,0.273,0.0564,0.0564,1.178,1034,1034,15,1,149,8.5,116.6,113.7,34.9,36.2,115,36.0,112,37.5,80.5,39.7,29.6,45.7,4.91,4.91,4.53,-3.27,0.033293,3.28081158,0.242397,11.38757619
888.00,0,1376.620,103.614,93.768,4412.965,615.894,0.9653,76.3,0.011,44.4,0.430,34.1,88.0,105,81.3,4.60,3.45,4.49,589.514,2263.86,13.04,0.029,0.0477,36.2830,7.69,4.73,37.2,32.5,0.798,310,247,95,0.79,0.358,0.0564,0.0564,1.178,1034,1034,15,1,114,36.1,113.6,110.6,37.2,38.6,113,37.3,110,38.7,80.5,39.7,29.6,45.7,4.91,4.91,4.88,-3.23,0.033292,3.28362955,0.242367,11.39779312
889.00,0,1376.620,103.474,93.754,4414.700,615.894,0.9654,76.4,0.049,44.4,0.430,34.1,98.1,105,81.3,4.59,3.52,4.49,589.514,2242.90,13.04,0.029,0.0477,36.2830,7.69,4.92,37.2,32.5,0.798,309,247,114,0.88,0.675,0.0564,0.0564,1.179,1033,1033,15,1,114,36.3,111.8,108.9,38.6,39.8,112,38.7,109,40.0,80.6,39.6,29.6,45.7,4.91,4.91,5.74,-3.61,0.033290,3.28644674,0.242342,11.40801156
890.00,0,1376.620,103.335,93.758,4416.436,615.894,0.9655,76.4,0.017,44.4,0.430,34.1,103.1,105,81.3,4.59,3.50,4.50,589.474,2433.76,13.04,0.029,0.0477,36.2766,7.69,6.67,37.2,32.5,0.797,303,242,122,0.95,0.787,0.0565,0.0565,1.180,1032,1032,15,1,158,1.9,112.8,109.9,37.6,38.9,111,39.0,108,40.2,80.6,39.6,29.7,45.7,4.91,4.91,5.64,-4.36,0.033288,3.28926411,0.242321,11.41823144
891.00,0,1376.620,103.197,93.770,4418.171,615.894,0.9654,76.3,0.064,44.5,0.430,34.1,82.4,105,81.3,4.59,3.45,4.50,589.474,2822.86,13.04,0.029,0.0477,36.2766,7.69,8.01,37.2,32.5,0.797,309,247,84,0.73,0.182,0.0565,0.0565,1.180,1033,1033,15,1,160,0.3,118.1,115.2,33.6,35.0,116,35.4,113,36.9,80.6,39.6,29.7,45.7,4.91,4.91,4.49,-3.48,0.033286,3.29208230,0.242294,11.42845416
892.00,0,1376.620,103.128,93.774,4419.906,615.894,0.9653,76.3,0.206,44.5,0.430,34.1,91.6,105,81.3,4.59,3.48,4.50,589.474,2579.16,13.04,0.029,0.0477,36.2766,7.69,5.80,37.2,32.5,0.798,309,247,102,0.82,0.470,0.0565,0.0565,1.181,1034,1034,15,1,126,27.0,115.1,112.1,36.2,37.5,115,36.5,112,38.0,80.6,39.7,29.7,45.7,4.91,4.91,5.18,-3.59,0.033286,3.29489969,0.242265,11.43867841
893.00,0,1376.620,102.990,93.779,4421.641,615.894,0.9654,76.4,-0.018,44.5,0.431,34.1,102.3,105,81.3,4.58,3.54,4.50,589.474,2243.54,13.04,0.029,0.0477,36.2766,7.69,4.91,37.2,32.5,0.798,309,246,122,0.93,0.802,0.0565,0.0565,1.182,1033,1033,15,1,114,36.3,112.9,109.9,37.8,39.1,113,37.9,110,39.2,80.6,39.6,29.7,45.7,4.91,4.91,6.08,-4.03,0.033285,3.29771666,0.242242,11.44890362
894.00,0,1376.620,102.853,93.772,4423.377,615.894,0.9655,76.4,-0.090,44.5,0.431,34.1,94.8,105,81.3,4.58,3.49,4.50,589.474,2242.89,13.04,0.029,0.0477,36.2766,7.69,4.92,37.2,32.5,0.797,300,239,106,0.87,0.513,0.0566,0.0566,1.182,1033,1033,15,1,114,36.3,111.2,108.3,39.0,40.3,111,39.2,108,40.5,80.7,39.6,29.7,45.7,4.91,4.91,4.85,-3.09,0.033283,3.30053436,0.242221,11.45913064
895.00,0,1376.620,102.785,93.776,4425.111,615.894,0.9655,76.3,-0.037,44.6,0.431,34.1,85.7,105,81.3,4.58,3.45,4.50,589.424,2636.90,13.04,0.029,0.0477,36.2735,7.69,7.59,37.2,32.5,0.798,309,246,90,0.77,0.283,0.0566,0.0566,1.183,1033,1033,15,1,159,0.3,115.9,113.0,35.2,36.5,114,37.0,111,38.4,80.7,39.6,29.7,45.7,4.91,4.91,4.81,-4.08,0.033280,3.30335232,0.242191,11.46935990
896.00,0,1376.620,102.651,93.791,4426.846,615.894,0.9654,76.4,0.098,44.6,0.431,34.1,95.5,105,81.3,4.58,3.52,4.51,589.424,2809.51,13.04,0.029,0.0477,36.2735,7.69,7.48,37.2,32.5,0.798,308,246,109,0.86,0.590,0.0566,0.0566,1.183,1033,1033,15,1,158,1.8,117.4,114.5,34.2,35.6,115,35.8,112,37.2,80.6,39.7,29.7,45.7,4.91,4.91,5.51,-3.98,0.033279,3.30616941,0.242164,11.47959023
897.00,0,1376.620,102.517,93.798,4428.582,615.894,0.9655,76.4,-0.032,44.6,0.431,34.1,105.4,105,81.3,4.58,3.53,4.51,589.424,2347.14,13.04,0.029,0.0477,36.2735,7.69,4.55,37.2,32.5,0.798,304,243,126,0.97,0.870,0.0566,0.0566,1.184,1034,1034,15,1,116,35.0,114.1,111.2,36.9,38.3,114,37.0,111,38.4,80.7,39.7,29.7,45.7,4.91,4.91,5.96,-4.18,0.033279,3.30898643,0.242142,11.48982129
898.00,0,1376.620,102.384,93.795,4430.317,615.894,0.9655,76.4,-0.048,44.6,0.431,34.1,83.0,105,81.3,4.57,3.48,4.51,589.424,2242.91,13.04,0.029,0.0477,36.2735,7.69,4.92,37.2,32.5,0.798,303,242,84,0.75,0.179,0.0566,0.0566,1.185,1033,1033,15,1,114,36.3,112.3,109.3,38.3,39.6,112,38.4,109,39.7,80.7,39.6,29.7,45.7,4.91,4.91,4.36,-2.77,0.033278,3.31180449,0.242118,11.50005473
899.00,0,1376.620,102.318,93.797,4432.051,615.894,0.9656,76.4,0.157,44.7,0.431,34.1,89.2,105,81.3,4.57,3.48,4.51,589.424,2330.81,13.04,0.029,0.0477,36.2721,7.69,6.08,37.2,32.5,0.798,308,246,97,0.80,0.391,0.0567,0.0567,1.185,1033,1033,15,1,146,11.1,111.3,108.5,38.9,40.1,110,39.5,108,40.7,80.7,39.6,29.7,45.7,4.91,4.91,4.97,-3.31,0.033276,3.31462212,0.242088,11.51028976
900.00,0,1376.620,102.187,93.808,4433.786,615.894,0.9655,76.4,0.014,44.7,0.431,34.1,99.5,105,81.3,4.57,3.56,4.51,589.365,2784.68,13.04,0.029,0.0477,36.2721,7.69,8.03,37.2,32.5,0.799,308,246,116,0.90,0.716,0.0567,0.0567,1.186,1033,1033,15,1,160,0.3,117.8,114.9,33.8,35.2,116,35.6,112,37.1,80.7,39.6,29.8,45.7,4.91,4.91,5.97,-4.82,0.033274,3.31743909,0.242063,11.52052561
901.00,0,1376.620,102.058,93.818,4435.522,615.894,0.9655,76.4,0.668,44.7,0.432,34.1,101.1,105,81.3,4.57,3.52,4.51,589.365,2678.87,13.04,0.029,0.0477,36.2721,7.69,6.43,37.2,32.5,0.798,301,240,117,0.93,0.716,0.0567,0.0567,1.187,1034,1034,15,1,137,18.5,115.9,113.0,35.6,36.9,115,36.2,112,37.7,80.7,39.7,29.8,45.7,4.91,4.91,5.43,-3.97,0.033274,3.32025648,0.242043,11.53076265
902.00,0,1376.620,101.929,93.824,4437.257,615.894,0.9655,76.4,-0.003,44.8,0.432,34.1,83.4,105,81.3,4.56,3.47,4.52,589.365,2246.60,13.04,0.029,0.0477,36.2721,7.69,4.89,37.2,32.5,0.798,308,245,86,0.75,0.211,0.0567,0.0567,1.187,1033,1033,15,1,114,36.3,113.3,110.4,37.5,38.8,113,37.6,110,38.9,80.7,39.6,29.8,45.7,4.91,4.91,4.51,-2.94,0.033273,3.32307463,0.242015,11.54100212
903.00,0,1376.620,101.865,93.819,4438.991,615.894,0.9657,76.4,0.177,44.8,0.432,34.1,92.9,105,81.3,4.56,3.51,4.52,589.365,2242.89,13.04,0.029,0.0477,36.2721,7.69,4.92,37.2,32.5,0.799,307,246,103,0.84,0.507,0.0568,0.0568,1.188,1033,1033,15,1,114,36.3,111.6,108.7,38.8,40.1,111,39.0,108,40.3,80.8,39.6,29.8,45.7,4.91,4.91,5.23,-3.25,0.033271,3.32589198,0.241987,11.55124272
904.00,0,1376.620,101.738,93.823,4440.726,615.894,0.9657,76.4,-0.028,44.8,0.432,34.1,103.9,105,81.2,4.56,3.56,4.52,589.301,2538.67,13.04,0.029,0.0477,36.2714,7.69,7.17,37.2,32.5,0.799,307,245,124,0.95,0.843,0.0568,0.0568,1.188,1032,1032,15,1,159,0.5,114.6,111.7,36.3,37.6,112,38.0,109,39.4,80.8,39.6,29.8,45.7,4.91,4.91,6.20,-5.03,0.033269,3.32870901,0.241964,11.56148400
905.00,0,1376.620,101.613,93.437,4442.462,615.894,0.9656,76.4,-0.067,45.0,0.434,34.1,85.4,105,81.3,4.57,3.50,4.53,589.301,2831.43,13.04,0.029,0.0477,36.2714,7.69,7.82,37.2,32.5,0.798,299,239,88,0.78,0.231,0.0568,0.0568,1.180,1033,1033,15,1,160,0.3,118.1,115.2,33.7,35.1,116,35.5,113,37.0,80.8,39.6,29.8,45.7,4.91,4.91,4.45,-3.30,0.033268,3.33152668,0.241942,11.57172705
906.00,0,1376.620,101.558,92.976,4444.196,615.894,0.9656,76.4,0.157,45.5,0.437,34.1,89.0,105,80.4,4.62,3.50,4.54,589.301,2465.88,13.04,0.029,0.0477,36.2714,7.69,5.16,37.2,32.5,0.799,307,245,96,0.80,0.381,0.0568,0.0568,1.162,1034,1034,15,1,119,32.2,114.7,111.7,36.6,37.9,114,36.8,111,38.2,80.8,39.7,29.8,45.7,4.91,4.91,4.99,-3.42,0.033268,3.33434155,0.241915,11.58197004
907.00,0,1376.620,101.492,92.905,4445.932,615.894,0.9657,76.4,-0.018,45.8,0.438,34.1,102.4,105,80.1,4.64,3.57,4.55,589.301,2243.01,13.04,0.029,0.0477,36.2714,7.69,4.92,37.2,32.5,0.799,307,245,122,0.93,0.794,0.0568,0.0568,1.155,1033,1033,15,1,114,36.3,112.7,109.8,38.0,39.3,113,38.1,110,39.5,80.8,39.6,29.8,45.7,4.91,4.91,6.08,-4.02,0.033267,3.33715282,0.241895,11.59220980
908.00,0,1376.620,101.479,93.138,4447.667,615.894,0.9658,76.4,-0.067,45.9,0.439,34.1,85.5,105,80.2,4.65,3.50,4.56,589.301,2251.78,13.04,0.029,0.0477,36.2606,7.69,5.28,37.2,32.5,0.798,299,239,88,0.78,0.235,0.0569,0.0569,1.155,1033,1033,15,1,116,35.0,111.0,108.2,39.2,40.4,111,39.4,108,40.7,80.9,39.6,29.8,45.7,4.91,4.91,4.37,-2.77,0.033266,3.33996396,0.241877,11.60244691
909.00,0,1376.620,101.487,93.273,4449.401,615.894,0.9658,76.4,0.157,45.9,0.439,34.1,89.6,105,80.4,4.66,3.50,4.57,589.231,2720.81,13.04,0.029,0.0477,36.2606,7.69,7.88,37.2,32.5,0.799,307,245,98,0.80,0.401,0.0569,0.0569,1.156,1033,1033,15,1,160,0.3,117.2,114.3,34.3,35.7,115,36.2,112,37.6,80.9,39.6,29.8,45.7,4.92,4.92,5.09,-4.30,0.033264,3.34277483,0.241850,11.61268126
910.00,0,1376.620,101.516,93.525,4451.135,615.894,0.9657,76.4,-0.018,46.0,0.439,34.1,103.0,106,80.6,4.67,3.57,4.58,589.231,2757.42,13.04,0.029,0.0477,36.2606,7.69,7.01,37.2,32.5,0.799,307,245,123,0.93,0.818,0.0569,0.0569,1.157,1034,1034,15,1,149,8.5,116.8,113.9,34.9,36.2,115,36.0,112,37.4,80.9,39.7,29.8,45.7,4.92,4.92,6.14,-4.47,0.033264,3.34558563,0.241831,11.62291177
911.00,0,1376.620,101.548,93.715,4452.870,615.894,0.9657,76.4,-0.067,46.0,0.439,34.1,86.0,106,80.8,4.68,3.51,4.58,589.231,2263.96,13.04,0.029,0.0477,36.2606,7.69,4.73,37.2,32.5,0.798,299,238,89,0.78,0.252,0.0569,0.0569,1.157,1034,1034,15,1,115,36.1,113.9,110.9,37.2,38.5,114,37.3,111,38.6,80.9,39.6,29.8,45.7,4.92,4.92,4.41,-3.00,0.033264,3.34839878,0.241814,11.63314088
912.00,0,1376.620,101.560,93.761,4454.602,615.894,0.9659,76.4,0.157,46.0,0.438,34.1,90.0,106,80.9,4.67,3.51,4.59,589.231,2242.90,13.04,0.029,0.0477,36.2606,7.69,4.92,37.2,32.5,0.799,307,245,98,0.81,0.415,0.0569,0.0569,1.158,1033,1033,15,1,114,36.3,112.1,109.2,38.5,39.8,112,38.7,109,40.0,81.0,39.6,29.8,45.7,4.92,4.92,4.96,-3.11,0.033262,3.35121291,0.241787,11.64336968
913.00,0,1376.620,101.573,93.881,4456.337,615.894,0.9659,76.4,-0.018,46.1,0.439,34.1,103.4,106,80.9,4.69,3.58,4.59,589.155,2433.62,13.04,0.029,0.0477,36.2486,7.68,6.67,37.2,32.5,0.799,306,245,123,0.94,0.830,0.0570,0.0570,1.157,1032,1032,15,1,158,1.9,113.1,110.2,37.6,38.8,111,38.9,108,40.2,81.0,39.5,29.8,45.7,4.92,4.92,6.14,-4.65,0.033260,3.35402725,0.241768,11.65359763
914.00,0,1376.620,101.565,93.950,4458.071,615.894,0.9659,76.4,-0.067,46.2,0.439,34.1,86.2,106,81.0,4.69,3.51,4.60,589.155,2822.49,13.04,0.029,0.0477,36.2486,7.68,8.01,37.2,32.5,0.798,299,238,89,0.78,0.257,0.0570,0.0570,1.156,1033,1033,15,1,160,0.3,118.4,115.5,33.5,34.9,116,35.3,113,36.8,81.0,39.6,29.9,45.7,4.92,4.92,4.47,-3.58,0.033259,3.35684366,0.241750,11.66382725
915.00,0,1376.620,101.553,93.967,4459.804,615.894,0.9659,76.4,0.157,46.2,0.439,34.1,90.1,106,81.0,4.70,3.51,4.60,589.155,2579.25,13.04,0.029,0.0477,36.2486,7.68,5.80,37.2,32.5,0.799,306,245,98,0.81,0.418,0.0570,0.0570,1.156,1034,1034,15,1,126,26.9,115.4,112.4,36.1,37.5,115,36.5,112,37.9,81.0,39.6,29.9,45.7,4.92,4.92,4.98,-3.48,0.033258,3.35966052,0.241723,11.67405935
916.00,0,1376.620,101.511,93.979,4461.538,615.894,0.9660,76.4,-0.018,46.3,0.439,34.1,103.4,106,81.0,4.70,3.58,4.61,589.155,2243.54,13.04,0.029,0.0477,36.2486,7.68,4.91,37.2,32.5,0.799,306,244,123,0.94,0.831,0.0570,0.0570,1.155,1033,1033,15,1,114,36.3,113.2,110.3,37.7,39.0,113,37.8,110,39.2,81.1,39.6,29.9,45.7,4.92,4.92,6.07,-4.07,0.033257,3.36247705,0.241702,11.68429293
917.00,0,1376.620,101.449,93.961,4463.272,615.894,0.9660,76.4,-0.067,46.3,0.439,34.1,86.2,106,81.0,4.70,3.52,4.61,589.155,2242.89,13.04,0.029,0.0477,36.2486,7.68,4.92,37.2,32.5,0.798,298,238,89,0.79,0.256,0.0571,0.0571,1.154,1033,1033,15,1,114,36.3,111.5,108.7,39.0,40.2,111,39.2,108,40.4,81.1,39.5,29.9,45.7,4.92,4.92,4.36,-2.73,0.033256,3.36529507,0.241683,11.69452984
918.00,0,1376.620,101.411,93.956,4465.005,615.894,0.9661,76.4,0.157,46.4,0.440,34.1,90.0,106,81.0,4.70,3.52,4.61,589.080,2636.57,13.04,0.029,0.0477,36.2274,7.68,7.58,37.2,32.5,0.799,306,244,98,0.81,0.415,0.0571,0.0571,1.154,1033,1033,15,1,159,0.3,116.2,113.3,35.2,36.5,114,37.0,111,38.4,81.1,39.5,29.9,45.7,4.92,4.92,5.09,-4.34,0.033253,3.36811301,0.241655,11.70477028
919.00,0,1376.620,101.326,93.949,4466.740,615.894,0.9660,76.4,-0.018,46.4,0.440,34.1,103.4,106,81.0,4.70,3.59,4.61,589.080,2809.22,13.04,0.029,0.0477,36.2274,7.68,7.48,37.2,32.5,0.799,305,244,123,0.94,0.829,0.0571,0.0571,1.153,1033,1033,15,1,158,1.8,117.7,114.9,34.2,35.5,116,35.7,113,37.2,81.1,39.6,29.9,45.7,4.92,4.92,6.13,-4.53,0.033252,3.37093013,0.241633,11.71501272
920.00,0,1376.620,101.229,93.934,4468.474,615.894,0.9660,76.4,-0.067,46.5,0.440,34.1,86.2,106,80.9,4.70,3.52,4.61,589.080,2347.49,13.04,0.029,0.0477,36.2274,7.68,4.55,37.2,32.5,0.798,298,238,89,0.79,0.254,0.0571,0.0571,1.153,1034,1034,15,1,116,35.0,114.5,111.5,36.9,38.2,114,37.0,111,38.4,81.1,39.6,29.9,45.7,4.92,4.92,4.41,-3.04,0.033251,3.37374842,0.241612,11.72525862
921.00,0,1376.620,101.178,93.923,4470.207,615.894,0.9661,76.4,0.157,46.5,0.440,34.1,90.0,106,80.9,4.70,3.52,4.61,589.080,2242.91,13.04,0.029,0.0477,36.2274,7.68,4.92,37.2,32.5,0.799,305,244,98,0.81,0.412,0.0571,0.0571,1.153,1033,1033,15,1,114,36.3,112.6,109.7,38.2,39.5,112,38.4,109,39.7,81.2,39.5,29.9,45.7,4.92,4.92,4.95,-3.15,0.033250,3.37656646,0.241583,11.73550788
922.00,0,1376.620,101.069,93.904,4471.942,615.894,0.9662,76.4,-0.018,46.5,0.440,34.1,103.4,106,80.9,4.70,3.60,4.62,589.080,2330.72,13.04,0.029,0.0477,36.2118,7.68,6.08,37.2,32.5,0.799,305,244,122,0.94,0.826,0.0572,0.0572,1.153,1033,1033,15,1,146,11.1,111.7,108.8,38.8,40.0,111,39.4,108,40.7,81.2,39.5,29.9,45.7,4.92,4.92,6.05,-4.13,0.033247,3.37938354,0.241560,11.74575871
923.00,0,1376.620,100.956,93.899,4473.676,615.894,0.9662,76.4,-0.067,46.6,0.440,34.1,86.1,106,80.9,4.70,3.53,4.62,588.980,2784.19,13.04,0.029,0.0477,36.2118,7.68,8.02,37.2,32.5,0.798,297,237,89,0.79,0.252,0.0572,0.0572,1.153,1033,1033,15,1,160,0.3,118.1,115.3,33.7,35.1,116,35.6,113,37.0,81.2,39.5,29.9,45.7,4.92,4.92,4.49,-3.82,0.033245,3.38220167,0.241539,11.75601242
924.00,0,1376.620,100.899,93.899,4475.410,615.894,0.9661,76.4,0.157,46.6,0.440,34.1,90.0,106,80.9,4.70,3.53,4.62,588.980,2678.82,13.04,0.029,0.0477,36.2118,7.68,6.43,37.2,32.5,0.799,305,244,97,0.81,0.411,0.0572,0.0572,1.154,1034,1034,15,1,137,18.4,116.2,113.3,35.5,36.9,115,36.2,112,37.6,81.2,39.6,29.9,45.7,4.92,4.92,4.97,-3.53,0.033244,3.38501945,0.241509,11.76626887
925.00,0,1376.620,100.783,93.897,4477.144,615.894,0.9662,76.4,-0.018,46.6,0.441,34.1,103.4,106,80.8,4.70,3.60,4.62,588.980,2246.63,13.04,0.029,0.0477,36.2118,7.68,4.88,37.2,32.5,0.799,305,243,122,0.94,0.824,0.0572,0.0572,1.154,1033,1033,15,1,114,36.2,113.7,110.7,37.4,38.8,114,37.5,111,38.9,81.2,39.6,29.9,45.7,4.92,4.92,6.07,-4.12,0.033244,3.38783628,0.241486,11.77652627
926.00,0,1376.620,100.665,93.879,4478.879,615.894,0.9662,76.4,-0.067,46.6,0.441,34.1,86.1,106,80.8,4.69,3.54,4.62,588.980,2242.89,13.04,0.029,0.0477,36.2118,7.68,4.92,37.2,32.5,0.798,297,237,88,0.79,0.250,0.0573,0.0573,1.154,1033,1033,15,1,114,36.3,112.0,109.1,38.7,40.0,112,38.9,109,40.1,81.3,39.5,29.9,45.7,4.92,4.92,4.36,-2.77,0.033243,3.39065417,0.241465,11.78678593
927.00,0,1376.620,100.607,93.888,4480.612,615.894,0.9663,76.4,0.157,46.6,0.441,34.1,90.0,106,80.8,4.69,3.54,4.62,588.854,2538.35,13.04,0.029,0.0477,36.2123,7.68,7.17,37.2,32.5,0.799,304,243,97,0.81,0.409,0.0573,0.0573,1.155,1032,1032,15,1,159,0.5,114.9,112.0,36.3,37.6,113,38.0,110,39.3,81.3,39.5,30.0,45.7,4.92,4.92,5.07,-4.21,0.033240,3.39347174,0.241435,11.79704776
928.00,0,1376.620,100.490,93.903,4482.346,615.894,0.9662,76.4,-0.018,46.7,0.441,34.1,103.4,106,80.8,4.69,3.61,4.63,588.854,2830.95,13.04,0.029,0.0477,36.2123,7.68,7.82,37.2,32.5,0.799,304,243,122,0.94,0.825,0.0573,0.0573,1.155,1033,1033,15,1,160,0.3,118.4,115.5,33.7,35.0,116,35.5,113,36.9,81.3,39.6,30.0,45.7,4.92,4.92,6.13,-4.58,0.033239,3.39628838,0.241412,11.80731006
929.00,0,1376.620,100.373,93.910,4484.080,615.894,0.9662,76.4,-0.067,46.7,0.441,34.1,86.1,106,80.8,4.69,3.54,4.63,588.854,2466.19,13.04,0.029,0.0477,36.2123,7.68,5.16,37.2,32.5,0.798,296,237,88,0.79,0.250,0.0573,0.0573,1.156,1034,1034,15,1,120,32.1,115.0,112.1,36.5,37.9,115,36.7,112,38.1,81.3,39.6,30.0,45.7,4.92,4.92,4.41,-3.10,0.033238,3.39910617,0.241391,11.81757430
930.00,0,1376.620,100.315,93.912,4485.813,615.894,0.9663,76.4,0.157,46.7,0.441,34.1,89.9,106,80.8,4.69,3.54,4.63,588.854,2243.01,13.04,0.029,0.0477,36.2123,7.68,4.92,37.2,32.5,0.799,304,243,97,0.81,0.409,0.0573,0.0573,1.156,1033,1033,15,1,114,36.3,113.0,110.1,38.0,39.3,113,38.1,110,39.4,81.3,39.5,30.0,45.7,4.92,4.92,4.94,-3.20,0.033237,3.40192373,0.241361,11.82784050
931.00,0,1376.620,100.197,93.904,4487.548,615.894,0.9664,76.4,-0.018,46.8,0.441,34.1,103.4,106,80.8,4.69,3.62,4.63,588.854,2251.77,13.04,0.029,0.0476,36.2045,7.68,5.28,37.2,32.5,0.799,304,243,122,0.94,0.825,0.0574,0.0574,1.157,1033,1033,15,1,116,35.0,111.3,108.5,39.2,40.4,111,39.4,108,40.6,81.4,39.5,30.0,45.7,4.92,4.92,6.00,-3.87,0.033235,3.40474039,0.241338,11.83810697
932.00,0,1376.620,100.081,93.917,4489.282,615.894,0.9664,76.4,-0.067,46.8,0.441,34.1,86.2,106,80.8,4.68,3.55,4.63,588.733,2720.24,13.04,0.029,0.0476,36.2045,7.68,7.88,37.2,32.5,0.798,296,236,88,0.79,0.250,0.0574,0.0574,1.157,1033,1033,15,1,160,0.3,117.5,114.6,34.3,35.6,115,36.1,112,37.6,81.4,39.5,30.0,45.7,4.92,4.92,4.49,-3.96,0.033233,3.40755818,0.241318,11.84837521
933.00,0,1376.620,100.023,93.923,4491.015,615.894,0.9663,76.4,0.157,46.8,0.442,34.1,90.0,106,80.8,4.68,3.55,4.63,588.733,2757.16,13.04,0.029,0.0476,36.2045,7.68,7.01,37.2,32.5,0.799,304,243,97,0.81,0.408,0.0574,0.0574,1.158,1034,1034,15,1,149,8.4,117.1,114.2,34.8,36.2,116,36.0,113,37.4,81.4,39.6,30.0,45.7,4.92,4.92,4.96,-3.58,0.033233,3.41037570,0.241288,11.85864529
934.00,0,1376.620,99.907,93.930,4492.749,615.894,0.9663,76.4,-0.022,46.8,0.442,34.1,103.5,106,80.8,4.68,3.62,4.64,588.733,2264.13,13.04,0.029,0.0476,36.2045,7.68,4.73,37.2,32.5,0.800,303,242,122,0.94,0.825,0.0574,0.0574,1.158,1034,1034,15,1,115,36.0,114.2,111.2,37.2,38.5,114,37.3,111,38.6,81.4,39.5,30.0,45.7,4.92,4.92,6.06,-4.19,0.033233,3.41319235,0.241265,11.86891561
935.00,0,1376.620,99.791,93.929,4494.483,615.894,0.9664,76.4,-0.060,46.9,0.442,34.1,86.2,106,80.8,4.68,3.55,4.64,588.733,2242.90,13.04,0.029,0.0476,36.2045,7.68,4.92,37.2,32.5,0.798,296,236,88,0.79,0.249,0.0575,0.0575,1.159,1033,1033,15,1,115,36.3,112.4,109.5,38.4,39.7,112,38.6,109,39.9,81.4,39.5,30.0,45.7,4.92,4.92,4.36,-2.80,0.033232,3.41601020,0.241244,11.87918770
936.00,0,1376.620,99.734,93.930,4496.216,615.894,0.9665,76.4,0.208,46.9,0.442,34.1,90.0,106,80.8,4.68,3.55,4.64,588.592,2433.34,13.04,0.029,0.0476,36.1999,7.68,6.66,37.2,32.5,0.799,303,242,97,0.81,0.407,0.0575,0.0575,1.159,1032,1032,15,1,158,1.9,113.3,110.5,37.6,38.8,112,38.9,109,40.2,81.5,39.5,30.0,45.7,4.92,4.92,5.02,-3.86,0.033229,3.41882781,0.241215,11.88946161
937.00,0,1376.620,99.619,93.940,4497.950,615.894,0.9664,76.4,-0.022,46.9,0.442,34.1,103.5,106,80.8,4.68,3.63,4.64,588.592,2821.79,13.04,0.029,0.0476,36.1999,7.68,8.00,37.2,32.5,0.800,303,242,122,0.94,0.825,0.0575,0.0575,1.160,1033,1033,15,1,160,0.3,118.6,115.7,33.5,34.9,116,35.3,113,36.8,81.4,39.6,30.1,45.7,4.93,4.93,6.14,-4.86,0.033228,3.42164451,0.241192,11.89973573
938.00,0,1376.620,99.505,93.949,4499.685,615.894,0.9663,76.4,-0.060,47.0,0.442,34.1,86.2,106,80.8,4.67,3.56,4.64,588.592,2579.43,13.04,0.029,0.0476,36.1999,7.68,5.80,37.2,32.5,0.799,295,236,88,0.79,0.249,0.0575,0.0575,1.160,1034,1034,15,1,126,26.9,115.7,112.7,36.1,37.4,115,36.4,112,37.9,81.4,39.6,30.1,45.7,4.93,4.93,4.40,-3.15,0.033228,3.42446237,0.241171,11.91001162
939.00,0,1376.620,99.448,93.952,4501.417,615.894,0.9664,76.4,0.208,47.0,0.442,34.1,89.9,106,80.8,4.67,3.56,4.65,588.592,2243.55,13.04,0.029,0.0476,36.1999,7.68,4.91,37.2,32.5,0.800,303,242,97,0.81,0.406,0.0575,0.0575,1.161,1033,1033,15,1,115,36.3,113.5,110.5,37.7,39.0,113,37.8,110,39.1,81.5,39.5,30.1,45.7,4.93,4.93,4.93,-3.23,0.033227,3.42728001,0.241142,11.92028936
940.00,0,1376.620,99.335,93.940,4503.151,615.894,0.9665,76.4,-0.022,47.0,0.442,34.1,103.5,106,80.8,4.67,3.63,4.65,588.592,2242.89,13.04,0.029,0.0476,36.1999,7.68,4.92,37.2,32.5,0.800,302,242,122,0.95,0.824,0.0576,0.0576,1.161,1033,1033,15,1,115,36.3,111.8,108.9,39.0,40.2,112,39.2,109,40.4,81.5,39.5,30.1,45.7,4.93,4.93,5.99,-3.84,0.033225,3.43009674,0.241119,11.93056728
941.00,0,1376.620,99.223,93.961,4504.886,615.894,0.9665,76.4,-0.060,47.0,0.442,34.1,86.2,106,80.8,4.67,3.57,4.65,588.435,2635.97,13.04,0.029,0.0476,36.2064,7.68,7.58,37.2,32.5,0.799,295,235,88,0.79,0.249,0.0576,0.0576,1.162,1033,1033,15,1,159,0.3,116.5,113.6,35.1,36.5,114,37.0,111,38.3,81.5,39.5,30.1,45.7,4.93,4.93,4.48,-3.99,0.033223,3.43291465,0.241099,11.94084694
942.00,0,1376.620,99.168,93.968,4506.618,615.894,0.9664,76.4,0.208,47.1,0.442,34.1,90.0,106,80.8,4.67,3.57,4.65,588.435,2808.70,13.04,0.029,0.0476,36.2064,7.68,7.48,37.2,32.5,0.800,302,242,97,0.81,0.406,0.0576,0.0576,1.162,1033,1033,15,1,158,1.8,118.0,115.1,34.2,35.5,116,35.7,113,37.2,81.5,39.6,30.1,45.7,4.93,4.93,4.95,-3.62,0.033222,3.43573233,0.241069,11.95112842
943.00,0,1376.620,99.057,93.975,4508.352,615.894,0.9665,76.4,-0.022,47.1,0.443,34.1,103.6,106,80.8,4.66,3.64,4.65,588.435,2348.13,13.04,0.029,0.0476,36.2064,7.68,4.56,37.2,32.5,0.800,302,241,122,0.95,0.825,0.0576,0.0576,1.163,1034,1034,15,1,116,34.9,114.7,111.7,36.9,38.2,115,37.0,112,38.4,81.5,39.5,30.1,45.7,4.93,4.93,6.05,-4.23,0.033223,3.43854917,0.241047,11.96141014
944.00,0,1376.620,98.945,93.968,4510.086,615.894,0.9665,76.4,-0.060,47.1,0.443,34.1,86.2,106,80.8,4.66,3.57,4.65,588.435,2242.91,13.04,0.029,0.0476,36.2064,7.68,4.92,37.2,32.5,0.799,294,235,88,0.79,0.248,0.0576,0.0576,1.164,1033,1033,15,1,115,36.3,112.9,110.0,38.2,39.5,113,38.3,110,39.6,81.6,39.5,30.1,45.6,4.93,4.93,4.35,-2.84,0.033222,3.44136722,0.241026,11.97169367
945.00,0,1376.620,98.890,93.969,4511.819,615.894,0.9666,76.4,0.208,47.1,0.443,34.1,90.0,106,80.8,4.66,3.57,4.66,588.435,2330.58,13.04,0.029,0.0476,36.2005,7.68,6.08,37.2,32.5,0.800,302,241,96,0.81,0.405,0.0577,0.0577,1.164,1033,1033,15,1,146,11.1,111.9,109.1,38.8,40.0,111,39.4,108,40.6,81.6,39.5,30.1,45.6,4.93,4.93,4.94,-3.34,0.033220,3.44418503,0.240997,11.98197903
946.00,0,1376.620,98.780,93.981,4513.553,615.894,0.9666,76.5,-0.022,47.2,0.443,34.1,103.6,106,80.8,4.66,3.65,4.66,588.291,2783.40,13.04,0.029,0.0476,36.2005,7.67,8.02,37.2,32.5,0.800,301,241,122,0.95,0.824,0.0577,0.0577,1.164,1033,1033,15,1,160,0.3,118.4,115.5,33.8,35.1,116,35.6,113,37.0,81.6,39.5,30.1,45.6,4.93,4.93,6.15,-5.09,0.033218,3.44700194,0.240974,11.99226463
947.00,0,1376.620,98.671,93.991,4515.287,615.894,0.9665,76.4,-0.060,47.2,0.443,34.1,86.2,106,80.8,4.66,3.58,4.66,588.291,2678.75,13.04,0.029,0.0476,36.2005,7.67,6.43,37.2,32.5,0.799,294,235,88,0.79,0.248,0.0577,0.0577,1.165,1034,1034,15,1,137,18.3,116.4,113.6,35.5,36.8,116,36.2,113,37.6,81.6,39.6,30.2,45.6,4.93,4.93,4.39,-3.19,0.033218,3.44982001,0.240954,12.00255199
948.00,0,1376.620,98.616,93.993,4517.019,615.894,0.9666,76.4,0.208,47.2,0.443,34.1,90.0,106,80.8,4.66,3.58,4.66,588.291,2246.67,13.04,0.029,0.0476,36.2005,7.67,4.88,37.2,32.5,0.800,301,241,96,0.81,0.405,0.0577,0.0577,1.165,1033,1033,15,1,115,36.2,113.9,111.0,37.5,38.8,114,37.5,111,38.9,81.6,39.5,30.2,45.6,4.93,4.93,4.92,-3.27,0.033218,3.45263787,0.240924,12.01284121
949.00,0,1376.620,98.508,93.991,4518.753,615.894,0.9667,76.5,-0.022,47.2,0.443,34.1,103.6,106,80.8,4.65,3.65,4.66,588.291,2242.89,13.04,0.029,0.0476,36.2005,7.67,4.92,37.2,32.5,0.800,301,241,121,0.95,0.824,0.0577,0.0577,1.166,1033,1033,15,1,115,36.3,112.2,109.4,38.7,40.0,112,38.9,109,40.1,81.7,39.5,30.2,45.6,4.93,4.93,5.98,-3.88,0.033216,3.45545488,0.240902,12.02313066
950.00,0,1376.620,98.400,93.994,4520.487,615.894,0.9667,76.4,-0.060,47.3,0.443,34.1,86.2,106,80.8,4.65,3.58,4.66,588.132,2537.84,13.04,0.029,0.0476,36.1955,7.67,7.17,37.2,32.5,0.799,293,234,88,0.79,0.247,0.0578,0.0578,1.166,1032,1032,15,1,159,0.5,115.2,112.3,36.2,37.5,113,38.0,110,39.3,81.7,39.5,30.2,45.6,4.93,4.93,4.46,-3.86,0.033214,3.45827304,0.240881,12.03342185
951.00,0,1376.620,98.346,94.001,4522.219,615.894,0.9666,76.4,0.208,47.3,0.443,34.1,90.4,106,80.8,4.65,3.59,4.67,588.132,2830.20,13.04,0.029,0.0476,36.1955,7.67,7.82,37.2,32.5,0.800,301,241,97,0.82,0.418,0.0578,0.0578,1.166,1033,1033,15,1,160,0.3,118.6,115.7,33.7,35.0,116,35.5,113,36.9,81.7,39.5,30.2,45.6,4.93,4.93,4.97,-3.68,0.033213,3.46109084,0.240852,12.04371483
952.00,0,1376.620,98.245,93.358,4523.953,615.894,0.9666,76.5,-0.036,48.2,0.450,34.1,105.7,106,80.0,4.73,3.64,4.68,588.132,2466.68,13.04,0.029,0.0476,36.1955,7.67,5.16,37.2,32.5,0.800,297,238,125,0.98,0.861,0.0578,0.0578,1.138,1034,1034,15,1,120,32.1,115.3,112.3,36.5,37.8,115,36.7,112,38.1,81.7,39.5,30.2,45.6,4.93,4.93,5.92,-4.27,0.033214,3.46390619,0.240834,12.05400660
953.00,0,1376.620,98.186,93.293,4525.687,615.894,0.9667,76.4,-0.004,48.3,0.452,34.1,82.0,106,79.8,4.75,3.56,4.69,588.132,2243.01,13.04,0.029,0.0476,36.1955,7.67,4.92,37.2,32.5,0.799,301,240,82,0.74,0.154,0.0578,0.0578,1.134,1033,1033,15,1,115,36.3,113.3,110.4,37.9,39.2,113,38.1,110,39.4,81.7,39.5,30.2,45.6,4.93,4.93,4.34,-2.80,0.033213,3.46672106,0.240811,12.06429834
954.00,0,1376.620,98.174,93.387,4527.420,615.894,0.9668,76.4,0.071,48.4,0.452,34.1,96.9,106,79.9,4.75,3.65,4.70,588.132,2251.75,13.04,0.029,0.0476,36.1939,7.67,5.28,37.2,32.5,0.800,301,241,109,0.88,0.617,0.0578,0.0578,1.133,1033,1033,15,1,116,35.0,111.6,108.8,39.2,40.4,111,39.4,108,40.6,81.8,39.4,30.2,45.6,4.93,4.93,5.47,-3.46,0.033211,3.46953329,0.240787,12.07458745
955.00,0,1376.620,98.175,93.612,4529.154,615.894,0.9668,76.4,-0.075,48.5,0.452,34.1,97.6,106,80.1,4.76,3.61,4.70,587.959,2719.43,13.04,0.029,0.0476,36.1939,7.67,7.87,37.2,32.5,0.799,293,234,109,0.90,0.583,0.0579,0.0579,1.134,1033,1033,15,1,160,0.3,117.8,114.9,34.3,35.6,116,36.1,112,37.5,81.8,39.5,30.2,45.6,4.93,4.93,5.06,-4.47,0.033210,3.47234565,0.240773,12.08487312
956.00,0,1376.620,98.182,93.716,4530.885,615.894,0.9667,76.4,0.068,48.5,0.452,34.1,88.2,106,80.2,4.76,3.58,4.71,587.959,2756.80,13.04,0.029,0.0476,36.1939,7.67,7.01,37.2,32.5,0.800,300,240,93,0.80,0.349,0.0579,0.0579,1.135,1034,1034,15,1,150,8.4,117.3,114.5,34.8,36.1,116,35.9,113,37.4,81.8,39.5,30.2,45.6,4.93,4.93,4.78,-3.47,0.033209,3.47515925,0.240746,12.09515794
957.00,0,1376.620,98.200,93.883,4532.618,615.894,0.9668,76.5,-0.022,48.6,0.452,34.1,104.5,106,80.3,4.77,3.66,4.71,587.959,2264.39,13.04,0.029,0.0476,36.1939,7.67,4.72,37.2,32.5,0.800,300,240,123,0.95,0.848,0.0579,0.0579,1.136,1034,1034,15,1,115,36.0,114.5,111.5,37.1,38.5,114,37.2,111,38.6,81.8,39.5,30.2,45.6,4.93,4.93,6.01,-4.20,0.033210,3.47797229,0.240727,12.10543977
958.00,0,1376.620,98.211,93.989,4534.351,615.894,0.9669,76.4,0.022,48.6,0.452,34.1,80.5,106,80.4,4.78,3.58,4.72,587.959,2242.90,13.04,0.029,0.0476,36.1939,7.67,4.92,37.2,32.5,0.799,300,240,79,0.72,0.111,0.0579,0.0579,1.136,1033,1033,15,1,115,36.2,112.8,109.9,38.4,39.7,113,38.6,110,39.8,81.9,39.5,30.3,45.6,4.93,4.93,4.18,-2.64,0.033209,3.48078783,0.240709,12.11572155
959.00,0,1376.620,98.212,94.028,4536.083,615.894,0.9670,76.4,0.160,48.7,0.452,34.1,94.7,107,80.5,4.78,3.63,4.72,587.796,2433.01,13.04,0.029,0.0476,36.1645,7.67,6.66,37.2,32.5,0.800,300,240,105,0.86,0.553,0.0579,0.0579,1.135,1032,1032,15,1,158,1.9,113.6,110.8,37.5,38.7,112,38.9,109,40.1,81.9,39.4,30.3,45.6,4.93,4.93,5.33,-4.11,0.033206,3.48360327,0.240684,12.12600353
960.00,0,1376.620,98.200,94.083,4537.816,615.894,0.9669,76.5,0.668,48.7,0.452,34.1,103.3,107,80.5,4.78,3.63,4.72,587.796,2820.92,13.04,0.029,0.0476,36.1645,7.67,8.00,37.2,32.5,0.799,294,235,120,0.96,0.773,0.0580,0.0580,1.134,1033,1033,15,1,160,0.3,118.9,116.0,33.5,34.9,117,35.3,114,36.7,81.9,39.5,30.3,45.6,4.93,4.93,5.49,-4.48,0.033205,3.48641911,0.240669,12.13628504
961.00,0,1376.620,98.188,94.099,4539.548,615.894,0.9669,76.4,-0.035,48.7,0.452,34.1,86.1,107,80.5,4.79,3.58,4.73,587.796,2579.64,13.04,0.029,0.0476,36.1645,7.67,5.80,37.2,32.5,0.800,300,240,89,0.78,0.283,0.0580,0.0580,1.134,1034,1034,15,1,127,26.8,115.9,113.0,36.0,37.4,115,36.4,112,37.8,81.9,39.5,30.3,45.6,4.93,4.93,4.59,-3.24,0.033205,3.48923678,0.240643,12.14656960
962.00,0,1376.620,98.150,94.112,4541.280,615.894,0.9670,76.5,0.003,48.8,0.452,34.1,101.7,107,80.5,4.79,3.69,4.73,587.796,2243.56,13.04,0.029,0.0476,36.1645,7.67,4.91,37.2,32.5,0.801,299,240,118,0.93,0.768,0.0580,0.0580,1.134,1033,1033,15,1,115,36.2,113.8,110.9,37.7,39.0,114,37.8,111,39.1,82.0,39.5,30.3,45.6,4.93,4.93,5.84,-3.92,0.033204,3.49205329,0.240622,12.15685501
963.00,0,1376.620,98.096,94.097,4543.013,615.894,0.9670,76.4,-0.060,48.8,0.452,34.1,85.7,107,80.5,4.79,3.60,4.73,587.796,2242.89,13.04,0.029,0.0476,36.1645,7.67,4.92,37.2,32.5,0.799,292,233,86,0.79,0.231,0.0580,0.0580,1.133,1033,1033,15,1,115,36.2,112.2,109.3,38.9,40.1,112,39.1,109,40.3,82.0,39.4,30.3,45.6,4.93,4.93,4.25,-2.69,0.033203,3.49487127,0.240605,12.16714274
964.00,0,1376.620,98.063,94.096,4544.745,615.894,0.9671,76.4,0.203,48.9,0.453,34.1,92.2,107,80.5,4.79,3.62,4.73,587.632,2635.23,13.04,0.029,0.0476,36.1527,7.66,7.58,37.2,32.5,0.800,299,239,100,0.84,0.471,0.0580,0.0580,1.133,1033,1033,15,1,159,0.3,116.8,113.9,35.1,36.4,114,37.0,112,38.3,82.0,39.4,30.3,45.6,4.93,4.93,5.15,-4.47,0.033200,3.49768910,0.240577,12.17743359
965.00,0,1376.620,97.990,94.094,4546.478,615.894,0.9670,76.5,-0.030,48.9,0.453,34.1,106.1,107,80.5,4.79,3.66,4.74,587.632,2808.05,13.04,0.029,0.0476,36.1527,7.66,7.48,37.2,32.5,0.800,295,236,125,0.98,0.870,0.0581,0.0581,1.132,1033,1033,15,1,158,1.8,118.3,115.5,34.1,35.4,116,35.6,113,37.1,82.0,39.5,30.3,45.6,4.94,4.94,5.80,-4.41,0.033199,3.50050619,0.240560,12.18772546
966.00,0,1376.620,97.907,94.085,4548.210,615.894,0.9670,76.4,-0.032,49.0,0.453,34.1,83.7,107,80.4,4.79,3.58,4.74,587.632,2348.93,13.04,0.029,0.0476,36.1527,7.66,4.56,37.2,32.5,0.800,299,239,84,0.75,0.208,0.0581,0.0581,1.132,1034,1034,15,1,117,34.8,115.0,112.1,36.8,38.2,115,36.9,112,38.3,82.0,39.5,30.3,45.6,4.93,4.93,4.41,-3.02,0.033199,3.50332494,0.240535,12.19802120
967.00,0,1376.620,97.863,94.064,4549.942,615.894,0.9671,76.5,0.041,48.9,0.453,34.1,98.8,107,80.4,4.79,3.68,4.74,587.632,2242.91,13.04,0.029,0.0476,36.1527,7.66,4.92,37.2,32.5,0.801,299,239,112,0.90,0.677,0.0581,0.0581,1.133,1033,1033,15,1,115,36.2,113.2,110.3,38.2,39.4,113,38.3,110,39.6,82.1,39.4,30.3,45.6,4.94,4.94,5.58,-3.64,0.033198,3.50614220,0.240511,12.20831862
968.00,0,1376.620,97.771,94.063,4551.676,615.894,0.9672,76.4,-0.090,49.0,0.453,34.1,94.3,107,80.4,4.79,3.63,4.74,587.632,2320.84,13.04,0.029,0.0476,36.1381,7.66,6.01,37.2,32.5,0.799,290,232,102,0.88,0.477,0.0581,0.0581,1.132,1033,1033,15,1,144,13.1,112.2,109.4,38.8,40.0,111,39.4,109,40.6,82.1,39.4,30.3,45.6,4.94,4.94,4.64,-3.25,0.033196,3.50896008,0.240494,12.21861765
969.00,0,1376.620,97.723,94.065,4553.407,615.894,0.9672,76.4,0.152,49.0,0.453,34.1,89.6,107,80.4,4.79,3.61,4.74,587.425,2777.10,12.99,0.029,0.0476,36.1381,7.63,8.01,37.2,32.5,0.800,298,239,95,0.81,0.389,0.0581,0.0581,1.132,1033,1033,15,1,160,0.3,118.6,115.7,33.8,35.1,116,35.6,113,37.0,82.1,39.4,30.3,45.6,4.94,4.94,4.92,-4.17,0.033194,3.51177833,0.240465,12.22891999
970.00,0,1376.620,97.625,94.066,4555.140,615.894,0.9671,76.5,-0.033,49.1,0.453,34.1,106.2,107,80.4,4.79,3.68,4.75,587.425,2687.49,12.99,0.029,0.0476,36.1381,7.63,6.50,37.2,32.5,0.801,296,237,125,0.98,0.886,0.0582,0.0582,1.133,1034,1034,15,1,139,17.2,116.8,113.9,35.4,36.7,116,36.1,113,37.5,82.1,39.5,30.4,45.6,4.94,4.94,5.99,-4.44,0.033193,3.51459526,0.240445,12.23922281
971.00,0,1376.620,97.525,94.065,4556.873,615.894,0.9671,76.4,0.069,49.1,0.454,34.1,81.5,107,80.4,4.79,3.60,4.75,587.425,2247.45,12.99,0.029,0.0476,36.1381,7.63,4.88,37.2,32.5,0.800,298,238,80,0.73,0.138,0.0582,0.0582,1.133,1033,1033,15,1,115,36.2,114.3,111.4,37.4,38.7,114,37.4,111,38.8,82.1,39.5,30.4,45.6,4.94,4.94,4.24,-2.82,0.033193,3.51741385,0.240422,12.24952847
972.00,0,1376.620,97.475,94.056,4558.605,615.894,0.9673,76.4,0.117,49.1,0.454,34.1,96.1,107,80.4,4.79,3.67,4.75,587.425,2242.89,12.99,0.029,0.0476,36.1381,7.63,4.92,37.2,32.5,0.801,298,239,107,0.88,0.590,0.0582,0.0582,1.134,1033,1033,15,1,115,36.2,112.6,109.7,38.6,39.9,112,38.8,110,40.1,82.2,39.4,30.4,45.6,4.94,4.94,5.32,-3.38,0.033191,3.52023123,0.240395,12.25983567
973.00,0,1376.620,97.372,94.058,4560.338,615.894,0.9673,76.5,0.253,49.1,0.454,34.1,101.1,107,80.4,4.79,3.65,4.75,587.213,2516.61,12.99,0.029,0.0476,36.1434,7.63,7.07,37.2,32.5,0.800,291,233,114,0.94,0.692,0.0582,0.0582,1.134,1032,1032,15,1,159,0.6,115.1,112.3,36.4,37.7,113,38.1,110,39.4,82.2,39.4,30.4,45.6,4.94,4.94,5.23,-4.46,0.033190,3.52304861,0.240378,12.27014325
974.00,0,1376.620,97.321,94.065,4562.070,615.894,0.9672,76.4,-0.006,49.2,0.454,34.1,87.1,107,80.4,4.78,3.61,4.75,587.213,2829.86,12.99,0.029,0.0476,36.1434,7.63,7.87,37.2,32.5,0.800,298,238,90,0.79,0.312,0.0582,0.0582,1.134,1033,1033,15,1,160,0.3,118.9,116.1,33.6,35.0,117,35.4,114,36.8,82.2,39.5,30.4,45.6,4.94,4.94,4.67,-3.51,0.033188,3.52586701,0.240350,12.28045384
975.00,0,1376.620,97.219,94.074,4563.802,615.894,0.9672,76.5,-0.021,49.2,0.454,34.1,103.2,107,80.4,4.78,3.71,4.75,587.213,2490.51,12.99,0.029,0.0476,36.1434,7.63,5.30,37.2,32.5,0.801,297,238,120,0.95,0.808,0.0582,0.0582,1.134,1034,1034,15,1,121,31.2,115.7,112.7,36.4,37.7,115,36.6,112,38.0,82.2,39.5,30.4,45.6,4.94,4.94,5.95,-4.25,0.033189,3.52868388,0.240328,12.29076455
976.00,0,1376.620,97.116,94.057,4565.535,615.894,0.9672,76.4,-0.044,49.2,0.454,34.1,82.0,107,80.4,4.78,3.62,4.76,587.213,2243.06,12.99,0.029,0.0476,36.1434,7.63,4.92,37.2,32.5,0.800,293,234,80,0.75,0.135,0.0583,0.0583,1.136,1033,1033,15,1,115,36.2,113.7,110.8,37.8,39.1,114,38.0,111,39.3,82.2,39.4,30.4,45.6,4.94,4.94,4.16,-2.74,0.033188,3.53150217,0.240308,12.30107702
977.00,0,1376.620,97.064,94.067,4567.266,615.894,0.9674,76.4,0.193,49.3,0.454,34.1,93.4,107,80.3,4.78,3.66,4.76,587.213,2242.89,12.99,0.029,0.0476,36.1434,7.63,4.92,37.2,32.5,0.801,297,238,102,0.85,0.506,0.0583,0.0583,1.135,1033,1033,15,1,115,36.2,112.0,109.2,39.1,40.3,112,39.3,109,40.5,82.3,39.4,30.4,45.6,4.94,4.94,5.08,-3.16,0.033186,3.53431983,0.240280,12.31139119
978.00,0,1376.620,96.961,94.087,4569.000,615.894,0.9673,76.5,-0.087,49.3,0.454,34.1,105.1,107,80.3,4.78,3.68,4.76,586.971,2695.09,12.99,0.029,0.0476,36.1550,7.62,7.79,37.2,32.5,0.800,292,234,122,0.98,0.828,0.0583,0.0583,1.135,1033,1033,15,1,160,0.3,117.7,114.9,34.5,35.8,115,36.3,112,37.7,82.3,39.4,30.4,45.6,4.94,4.94,5.68,-4.99,0.033185,3.53713697,0.240263,12.32170519
979.00,0,1376.620,96.910,94.093,4570.731,615.894,0.9672,76.4,-0.040,49.3,0.454,34.1,84.8,107,80.4,4.78,3.61,4.76,586.971,2774.66,12.99,0.029,0.0476,36.1550,7.62,7.16,37.2,32.5,0.800,297,238,86,0.77,0.239,0.0583,0.0583,1.136,1034,1034,15,1,153,5.8,117.8,115.0,34.6,35.9,116,35.9,113,37.3,82.3,39.5,30.4,45.6,4.94,4.94,4.48,-3.28,0.033185,3.53995564,0.240236,12.33202196
980.00,0,1376.620,96.807,94.101,4572.463,615.894,0.9673,76.5,0.021,49.3,0.454,34.1,100.3,107,80.4,4.78,3.72,4.76,586.971,2279.38,12.99,0.029,0.0476,36.1550,7.62,4.60,37.2,32.5,0.801,296,238,114,0.92,0.720,0.0583,0.0583,1.136,1034,1034,15,1,116,35.8,114.8,111.9,37.1,38.4,115,37.2,112,38.5,82.3,39.5,30.5,45.6,4.94,4.94,5.70,-3.95,0.033185,3.54277280,0.240212,12.34233908
981.00,0,1376.620,96.703,94.097,4574.196,615.894,0.9674,76.5,-0.084,49.3,0.454,34.1,90.1,107,80.3,4.77,3.65,4.77,586.971,2242.90,12.99,0.029,0.0476,36.1550,7.62,4.92,37.2,32.5,0.800,288,231,93,0.84,0.348,0.0584,0.0584,1.137,1033,1033,15,1,115,36.2,113.1,110.3,38.3,39.6,113,38.5,110,39.7,82.3,39.4,30.5,45.6,4.94,4.94,4.41,-2.91,0.033184,3.54559097,0.240195,12.35265720
982.00,0,1376.620,96.651,94.098,4575.927,615.894,0.9674,76.4,0.210,49.4,0.455,34.1,90.8,107,80.3,4.77,3.65,4.77,586.745,2390.71,12.99,0.029,0.0476,36.1517,7.62,6.43,37.2,32.5,0.801,296,237,97,0.83,0.425,0.0584,0.0584,1.137,1032,1032,15,1,155,3.9,113.2,110.4,38.1,39.3,112,39.2,109,40.4,82.4,39.4,30.5,45.6,4.94,4.94,4.95,-3.69,0.033182,3.54840924,0.240166,12.36297758
983.00,0,1376.620,96.547,94.107,4577.660,615.894,0.9673,76.5,-0.034,49.4,0.455,34.1,106.8,107,80.3,4.77,3.70,4.77,586.745,2807.78,12.99,0.029,0.0476,36.1517,7.62,8.02,37.2,32.5,0.801,293,235,125,0.99,0.890,0.0584,0.0584,1.137,1033,1033,15,1,160,0.3,119.0,116.1,33.6,34.9,117,35.4,114,36.8,82.3,39.5,30.5,45.6,4.94,4.94,5.94,-4.93,0.033181,3.55122646,0.240147,12.37329772
984.00,0,1376.620,96.444,94.116,4579.392,615.894,0.9673,76.4,0.007,49.4,0.455,34.1,82.5,107,80.3,4.77,3.62,4.77,586.745,2621.49,12.99,0.029,0.0476,36.1517,7.62,6.06,37.2,32.5,0.800,296,237,81,0.75,0.168,0.0584,0.0584,1.138,1034,1034,15,1,131,23.6,116.4,113.5,35.8,37.1,116,36.3,113,37.7,82.3,39.5,30.5,45.6,4.94,4.94,4.31,-3.07,0.033182,3.55404538,0.240123,12.38362037
985.00,0,1376.620,96.392,94.119,4581.124,615.894,0.9674,76.5,0.054,49.5,0.455,34.1,97.5,107,80.3,4.77,3.71,4.77,586.745,2244.25,12.99,0.029,0.0476,36.1517,7.62,4.91,37.2,32.5,0.801,296,237,109,0.89,0.630,0.0584,0.0584,1.138,1033,1033,15,1,115,36.2,114.1,111.2,37.6,38.9,114,37.7,111,39.0,82.4,39.4,30.5,45.6,4.94,4.94,5.43,-3.65,0.033182,3.55686299,0.240098,12.39394391
986.00,0,1376.620,96.288,94.107,4582.857,615.894,0.9675,76.5,-0.076,49.5,0.455,34.1,98.2,107,80.3,4.77,3.67,4.77,586.745,2242.89,12.99,0.029,0.0476,36.1517,7.62,4.92,37.2,32.5,0.800,288,231,108,0.92,0.593,0.0585,0.0585,1.139,1033,1033,15,1,115,36.2,112.6,109.7,38.8,40.0,112,39.0,109,40.2,82.4,39.4,30.5,45.6,4.94,4.94,4.83,-3.18,0.033181,3.55968094,0.240081,12.40426771
987.00,0,1376.620,96.237,94.118,4584.588,615.894,0.9675,76.4,0.147,49.5,0.455,34.1,88.4,107,80.3,4.76,3.64,4.77,586.503,2586.80,12.99,0.029,0.0476,36.1629,7.62,7.38,37.2,32.5,0.801,295,237,92,0.80,0.347,0.0585,0.0585,1.139,1032,1032,15,1,159,0.4,116.3,113.4,35.7,37.0,114,37.5,111,38.8,82.4,39.4,30.5,45.6,4.94,4.94,4.83,-4.21,0.033179,3.56249970,0.240053,12.41459420
988.00,0,1376.620,96.135,94.134,4586.320,615.894,0.9674,76.5,-0.028,49.5,0.455,34.1,104.9,107,80.3,4.76,3.72,4.78,586.503,2821.69,12.99,0.029,0.0476,36.1629,7.62,7.66,37.2,32.5,0.801,295,236,122,0.97,0.850,0.0585,0.0585,1.140,1033,1033,15,1,159,0.6,118.8,115.9,33.9,35.2,117,35.6,114,37.0,82.4,39.5,30.5,45.6,4.94,4.94,6.00,-4.55,0.033178,3.56531708,0.240032,12.42492053
989.00,0,1376.620,96.032,94.141,4588.053,615.894,0.9674,76.4,0.038,49.6,0.455,34.1,80.3,107,80.3,4.76,3.64,4.78,586.503,2409.01,12.99,0.029,0.0476,36.1629,7.62,4.87,37.2,32.5,0.800,295,236,77,0.72,0.100,0.0585,0.0585,1.140,1034,1034,15,1,118,33.7,115.5,112.5,36.7,38.0,115,36.8,112,38.2,82.4,39.5,30.5,45.6,4.94,4.94,4.15,-2.88,0.033179,3.56813607,0.240011,12.43524886
990.00,0,1376.620,95.981,94.143,4589.784,615.894,0.9675,76.5,0.125,49.6,0.455,34.1,94.8,107,80.3,4.76,3.69,4.78,586.503,2242.94,12.99,0.029,0.0476,36.1629,7.62,4.92,37.2,32.5,0.801,295,236,104,0.87,0.545,0.0585,0.0585,1.140,1033,1033,15,1,115,36.2,113.6,110.7,38.1,39.3,113,38.2,110,39.5,82.5,39.4,30.6,45.6,4.94,4.94,5.18,-3.39,0.033178,3.57095423,0.239984,12.44557865
991.00,0,1376.620,95.878,94.138,4591.516,615.894,0.9676,76.5,0.668,49.6,0.456,34.1,103.6,107,80.3,4.76,3.69,4.78,586.503,2277.23,12.99,0.029,0.0476,36.1539,7.62,5.65,37.2,32.5,0.800,289,232,118,0.97,0.770,0.0586,0.0586,1.141,1033,1033,15,1,127,26.3,112.1,109.3,39.1,40.3,112,39.4,109,40.6,82.5,39.4,30.6,45.6,4.94,4.94,5.26,-3.55,0.033177,3.57377216,0.239967,12.45590838
992.00,0,1376.620,95.827,94.140,4593.248,615.894,0.9676,76.5,-0.007,49.6,0.456,34.1,85.9,107,80.3,4.76,3.64,4.78,586.277,2745.76,12.99,0.029,0.0476,36.1539,7.61,7.94,37.2,32.5,0.801,295,236,87,0.78,0.271,0.0586,0.0586,1.141,1033,1033,15,1,160,0.3,118.4,115.6,34.1,35.4,116,35.9,113,37.3,82.5,39.4,30.6,45.6,4.94,4.94,4.62,-4.04,0.033175,3.57659142,0.239940,12.46624097
993.00,0,1376.620,95.725,94.151,4594.979,615.894,0.9675,76.5,-0.007,49.7,0.456,34.1,101.9,107,80.3,4.75,3.75,4.78,586.277,2727.92,12.99,0.029,0.0476,36.1539,7.61,6.79,37.2,32.5,0.802,294,236,116,0.94,0.763,0.0586,0.0586,1.142,1034,1034,15,1,145,12.1,117.4,114.5,35.1,36.4,116,36.1,113,37.5,82.5,39.5,30.6,45.6,4.95,4.95,5.81,-4.28,0.033175,3.57940910,0.239917,12.47657371
994.00,0,1376.620,95.623,94.157,4596.712,615.894,0.9675,76.5,-0.059,49.7,0.456,34.1,85.8,107,80.3,4.75,3.66,4.79,586.277,2253.94,12.99,0.029,0.0476,36.1539,7.61,4.82,37.2,32.5,0.800,287,230,85,0.79,0.224,0.0586,0.0586,1.142,1033,1033,15,1,115,36.1,114.7,111.8,37.2,38.5,115,37.3,112,38.6,82.5,39.5,30.6,45.6,4.94,4.94,4.24,-2.93,0.033176,3.58222802,0.239899,12.48690780
995.00,0,1376.620,95.572,94.140,4598.443,615.894,0.9676,76.5,0.198,49.7,0.456,34.1,92.1,107,80.3,4.75,3.68,4.79,586.277,2242.89,12.99,0.029,0.0476,36.1539,7.61,4.92,37.2,32.5,0.802,294,236,98,0.84,0.462,0.0586,0.0586,1.143,1033,1033,15,1,115,36.2,113.0,110.1,38.5,39.8,113,38.7,110,39.9,82.6,39.4,30.6,45.6,4.95,4.95,4.95,-3.18,0.033175,3.58504667,0.239871,12.49724387
996.00,0,1376.620,95.471,94.156,4600.175,615.894,0.9677,76.5,-0.050,49.7,0.456,34.1,106.4,107,80.3,4.75,3.72,4.79,586.032,2463.75,12.99,0.029,0.0476,36.1626,7.61,6.81,37.2,32.5,0.801,290,232,124,0.99,0.868,0.0586,0.0586,1.143,1032,1032,15,1,158,1.2,114.5,111.7,37.1,38.3,113,38.6,110,39.9,82.6,39.4,30.6,45.6,4.95,4.95,5.72,-4.66,0.033173,3.58786452,0.239853,12.50757967
997.00,0,1376.620,95.371,94.171,4601.907,615.894,0.9676,76.5,-0.032,49.8,0.456,34.1,83.6,107,80.3,4.75,3.64,4.79,586.032,2824.84,12.99,0.029,0.0476,36.1626,7.61,7.95,37.2,32.5,0.801,294,235,83,0.76,0.199,0.0587,0.0587,1.143,1033,1033,15,1,160,0.3,119.2,116.3,33.5,34.9,117,35.3,114,36.8,82.6,39.5,30.6,45.6,4.95,4.95,4.39,-3.47,0.033172,3.59068401,0.239828,12.51791811
998.00,0,1376.620,95.321,94.175,4603.638,615.894,0.9676,76.5,0.027,49.8,0.456,34.1,99.0,107,80.3,4.75,3.74,4.79,586.032,2547.59,12.99,0.029,0.0476,36.1626,7.61,5.62,37.2,32.5,0.802,293,235,111,0.91,0.674,0.0587,0.0587,1.144,1034,1034,15,1,125,28.5,116.1,113.2,36.2,37.5,116,36.5,113,37.9,82.6,39.5,30.6,45.6,4.95,4.95,5.54,-3.97,0.033173,3.59350205,0.239803,12.52825712
999.00,0,1376.620,95.222,94.178,4605.371,615.894,0.9676,76.5,-0.090,49.8,0.456,34.1,93.7,107,80.3,4.74,3.69,4.80,586.032,2243.30,12.99,0.029,0.0476,36.1626,7.61,4.92,37.2,32.5,0.800,286,229,99,0.88,0.451,0.0587,0.0587,1.144,1033,1033,15,1,115,36.2,114.1,111.2,37.7,39.0,114,37.8,111,39.1,82.6,39.4,30.7,45.6,4.95,4.95,4.57,-3.13,0.033173,3.59632077,0.239787,12.53859673
1000.00,0,1376.620,95.172,93.701,4607.101,615.894,0.9677,76.5,0.210,49.8,0.456,34.1,90.6,107,80.3,4.74,3.69,4.80,586.032,2242.89,12.99,0.029,0.0476,36.1626,7.61,4.92,37.2,32.5,0.802,293,235,96,0.83,0.412,0.0587,0.0587,1.139,1033,1033,15,1,115,36.2,112.4,109.6,39.0,40.2,112,39.2,109,40.4,82.7,39.4,30.7,45.6,4.95,4.95,4.86,-3.05,0.033171,3.59913869,0.239760,12.54893810
1001.00,0,1376.620,95.109,93.112,4608.834,615.894,0.9677,76.5,-0.006,50.6,0.461,34.1,104.3,106,79.0,4.81,3.72,4.82,585.800,2651.67,12.99,0.029,0.0476,36.1526,7.61,7.63,37.2,32.5,0.801,289,231,120,0.97,0.789,0.0587,0.0587,1.115,1033,1033,15,1,159,0.3,117.4,114.5,34.9,36.2,115,36.8,112,38.1,82.7,39.4,30.7,45.6,4.95,4.95,5.57,-4.94,0.033170,3.60195231,0.239746,12.55927592
1002.00,0,1376.620,95.106,93.191,4610.565,615.894,0.9677,76.5,-0.007,50.7,0.461,34.1,86.0,106,79.0,4.82,3.66,4.83,585.800,2798.78,12.99,0.029,0.0476,36.1526,7.61,7.39,37.2,32.5,0.801,293,235,87,0.78,0.267,0.0587,0.0587,1.114,1034,1034,15,1,157,2.6,118.5,115.6,34.2,35.6,117,35.7,114,37.2,82.7,39.5,30.7,45.6,4.95,4.95,4.55,-3.37,0.033169,3.60476534,0.239722,12.56961216
1003.00,0,1376.620,95.143,93.502,4612.297,615.894,0.9677,76.5,-0.028,50.8,0.461,34.1,105.2,107,79.3,4.83,3.75,4.84,585.800,2327.19,12.99,0.029,0.0476,36.1526,7.61,4.46,37.2,32.5,0.802,293,235,123,0.97,0.853,0.0588,0.0588,1.115,1034,1034,15,1,117,35.2,115.3,112.4,36.9,38.2,115,37.0,112,38.3,82.7,39.5,30.7,45.6,4.95,4.95,5.91,-4.22,0.033170,3.60757579,0.239705,12.57994278
1004.00,0,1376.620,95.214,93.803,4614.028,615.894,0.9678,76.5,0.007,50.8,0.461,34.1,81.8,107,79.6,4.84,3.65,4.85,585.800,2242.91,12.99,0.029,0.0476,36.1526,7.61,4.92,37.2,32.5,0.801,293,235,80,0.74,0.144,0.0588,0.0588,1.117,1033,1033,15,1,115,36.2,113.5,110.7,38.2,39.4,113,38.3,110,39.6,82.7,39.4,30.7,45.6,4.95,4.95,4.20,-2.71,0.033169,3.61038865,0.239687,12.59027039
1005.00,0,1376.620,95.253,93.930,4615.758,615.894,0.9679,76.5,0.027,50.9,0.461,34.1,99.5,107,79.7,4.85,3.75,4.86,585.800,2339.76,12.99,0.029,0.0475,36.1278,7.61,6.13,37.2,32.5,0.802,293,235,112,0.91,0.690,0.0588,0.0588,1.117,1033,1032,15,1,148,9.4,112.8,110.0,38.6,39.8,112,39.3,109,40.5,82.8,39.4,30.7,45.6,4.95,4.95,5.53,-3.85,0.033168,3.61320111,0.239667,12.60059432
1006.00,0,1376.620,95.316,95.108,4617.489,615.894,0.9679,76.5,-0.090,50.5,0.458,34.1,95.6,108,80.9,4.81,3.70,4.84,585.583,2785.34,12.99,0.029,0.0475,36.1278,7.60,8.01,37.2,32.5,0.800,285,228,103,0.89,0.513,0.0588,0.0588,1.140,1033,1033,15,1,160,0.3,119.0,116.2,33.7,35.0,117,35.5,114,36.9,82.8,39.4,30.7,45.6,4.95,4.95,4.71,-4.12,0.033167,3.61601739,0.239652,12.61091675
1007.00,0,1376.620,95.316,95.279,4619.218,615.894,0.9678,76.5,0.199,50.3,0.457,34.1,90.6,108,81.2,4.80,3.68,4.84,585.583,2669.48,12.99,0.029,0.0475,36.1278,7.60,6.38,37.2,32.5,0.802,292,234,95,0.82,0.419,0.0588,0.0588,1.146,1034,1034,15,1,137,19.0,117.0,114.2,35.5,36.8,116,36.2,113,37.6,82.8,39.5,30.7,45.6,4.95,4.95,4.77,-3.47,0.033167,3.61883853,0.239624,12.62124315
1008.00,0,1376.620,95.236,95.135,4620.949,615.894,0.9679,76.5,-0.033,50.3,0.457,34.1,107.4,108,81.2,4.79,3.75,4.84,585.583,2246.20,12.99,0.029,0.0475,36.1278,7.60,4.89,37.2,32.5,0.802,290,232,125,1.00,0.914,0.0589,0.0589,1.146,1033,1033,15,1,115,36.2,114.6,111.7,37.4,38.7,115,37.5,112,38.8,82.9,39.4,30.7,45.6,4.95,4.95,5.81,-4.08,0.033167,3.62166133,0.239605,12.63157355
1009.00,0,1376.620,95.085,93.818,4622.680,615.894,0.9680,76.5,-0.032,50.8,0.461,34.1,82.7,107,79.9,4.83,3.65,4.86,585.583,2242.89,12.99,0.029,0.0475,36.1278,7.60,4.92,37.2,32.5,0.801,292,234,81,0.75,0.167,0.0589,0.0589,1.119,1033,1033,15,1,115,36.2,113.0,110.2,38.7,39.9,113,38.8,110,40.1,82.9,39.4,30.7,45.6,4.95,4.95,4.25,-2.69,0.033165,3.62448553,0.239584,12.64191127
1010.00,0,1376.620,95.016,93.583,4624.412,615.894,0.9680,76.5,0.009,51.0,0.462,34.1,100.6,107,79.4,4.85,3.78,4.86,585.322,2535.94,12.99,0.029,0.0475,36.1290,7.60,7.15,37.2,32.5,0.802,292,234,114,0.93,0.716,0.0589,0.0589,1.112,1032,1032,15,1,159,0.5,115.8,113.0,36.2,37.5,114,37.9,111,39.2,82.9,39.4,30.7,45.6,4.95,4.95,5.78,-4.84,0.033163,3.62730463,0.239562,12.65225244
1011.00,0,1376.620,94.920,93.583,4626.144,615.894,0.9680,76.5,-0.036,51.2,0.463,34.1,81.1,107,79.3,4.86,3.69,4.87,585.322,2827.38,12.99,0.029,0.0475,36.1290,7.60,7.81,37.2,32.5,0.801,288,231,77,0.74,0.097,0.0589,0.0589,1.110,1033,1033,15,1,160,0.3,119.3,116.4,33.6,35.0,117,35.4,114,36.8,82.9,39.4,30.8,45.6,4.95,4.95,4.08,-3.10,0.033162,3.63012217,0.239546,12.66259570
1012.00,0,1376.620,94.890,93.664,4627.874,615.894,0.9679,76.5,0.125,51.2,0.463,34.1,95.2,107,79.4,4.86,3.74,4.87,585.322,2468.50,12.99,0.029,0.0475,36.1290,7.60,5.18,37.2,32.5,0.802,292,234,104,0.87,0.551,0.0589,0.0589,1.111,1034,1034,15,1,121,31.9,115.9,113.1,36.5,37.8,116,36.7,113,38.0,82.9,39.4,30.8,45.6,4.95,4.95,5.19,-3.69,0.033162,3.63293748,0.239520,12.67293995
1013.00,0,1376.620,94.856,93.837,4629.606,615.894,0.9680,76.5,-0.076,51.2,0.462,34.1,97.8,107,79.5,4.86,3.72,4.88,585.322,2243.01,12.99,0.029,0.0475,36.1290,7.60,4.92,37.2,32.5,0.801,285,228,107,0.91,0.572,0.0589,0.0589,1.113,1033,1033,15,1,115,36.2,114.1,111.2,37.8,39.1,114,38.0,111,39.2,83.0,39.4,30.8,45.6,4.95,4.95,4.75,-3.27,0.033161,3.63575228,0.239506,12.68328207
1014.00,0,1376.620,94.847,93.928,4631.336,615.894,0.9681,76.5,0.199,51.2,0.463,34.1,90.2,107,79.6,4.86,3.70,4.88,585.322,2247.50,12.99,0.029,0.0475,36.1018,7.60,5.17,37.2,32.5,0.802,292,234,95,0.82,0.399,0.0590,0.0590,1.113,1033,1033,15,1,116,35.8,112.4,109.6,39.1,40.3,112,39.3,109,40.5,83.0,39.3,30.8,45.6,4.95,4.95,4.75,-3.03,0.033159,3.63856818,0.239479,12.69362481
1015.00,0,1376.620,94.835,94.084,4633.067,615.894,0.9681,76.5,-0.050,51.3,0.462,34.1,106.6,107,79.7,4.87,3.75,4.88,585.053,2708.82,12.99,0.029,0.0475,36.1018,7.60,7.83,37.2,32.5,0.801,288,231,124,0.99,0.869,0.0590,0.0590,1.114,1033,1033,15,1,160,0.3,118.3,115.5,34.3,35.6,116,36.1,113,37.5,83.0,39.4,30.8,45.5,4.95,4.95,5.71,-5.06,0.033158,3.64138323,0.239464,12.70396485
1016.00,0,1376.620,94.829,94.143,4634.797,615.894,0.9680,76.5,-0.039,51.3,0.463,34.1,85.5,107,79.8,4.87,3.68,4.89,585.053,2761.73,12.99,0.029,0.0475,36.1018,7.60,7.06,37.2,32.5,0.802,291,234,86,0.77,0.254,0.0590,0.0590,1.115,1034,1034,15,1,151,7.3,118.1,115.3,34.7,36.0,117,35.9,114,37.3,83.0,39.4,30.8,45.5,4.95,4.95,4.44,-3.28,0.033157,3.64420077,0.239440,12.71430610
1017.00,0,1376.620,94.810,94.224,4636.528,615.894,0.9681,76.5,-0.018,51.4,0.463,34.1,104.4,107,79.9,4.87,3.78,4.89,585.053,2269.56,12.99,0.029,0.0475,36.1018,7.60,4.68,37.2,32.5,0.802,291,233,120,0.96,0.832,0.0590,0.0590,1.115,1034,1034,15,1,116,35.9,115.2,112.3,37.1,38.4,115,37.1,112,38.5,83.0,39.4,30.8,45.5,4.95,4.95,5.86,-4.15,0.033158,3.64701702,0.239420,12.72464617
1018.00,0,1376.620,94.778,94.262,4638.259,615.894,0.9682,76.5,0.057,51.4,0.463,34.1,81.0,107,79.9,4.87,3.68,4.90,585.053,2242.90,12.99,0.029,0.0475,36.1018,7.60,4.92,37.2,32.5,0.801,291,233,78,0.73,0.117,0.0590,0.0590,1.114,1033,1033,15,1,116,36.1,113.5,110.7,38.3,39.5,113,38.5,110,39.7,83.1,39.4,30.8,45.5,4.95,4.95,4.10,-2.63,0.033157,3.64983560,0.239402,12.73498764
1019.00,0,1376.620,94.757,94.272,4639.988,615.894,0.9682,76.5,0.054,51.5,0.463,34.1,98.5,107,79.9,4.88,3.77,4.90,584.773,2410.79,12.99,0.029,0.0475,36.0797,7.59,6.54,37.2,32.5,0.802,291,233,110,0.90,0.655,0.0590,0.0590,1.114,1032,1032,15,1,157,2.7,114.0,111.3,37.7,38.9,113,39.0,110,40.2,83.1,39.3,30.8,45.5,4.95,4.95,5.47,-4.18,0.033154,3.65265326,0.239379,12.74533020
1020.00,0,1376.620,94.704,94.286,4641.720,615.894,0.9682,76.5,-0.084,51.5,0.463,34.1,89.9,107,79.9,4.88,3.71,4.90,584.773,2812.10,12.99,0.029,0.0475,36.0797,7.59,8.00,37.2,32.5,0.801,283,227,92,0.84,0.333,0.0591,0.0591,1.113,1033,1033,15,1,160,0.3,119.5,116.6,33.5,34.8,117,35.3,114,36.7,83.1,39.4,30.8,45.5,4.95,4.95,4.39,-3.71,0.033153,3.65547183,0.239364,12.75567345
1021.00,0,1376.620,94.673,94.288,4643.449,615.894,0.9682,76.5,0.198,51.5,0.463,34.1,93.0,107,79.9,4.88,3.73,4.90,584.773,2601.43,12.99,0.029,0.0475,36.0797,7.59,5.94,37.2,32.5,0.802,291,233,99,0.85,0.485,0.0591,0.0591,1.113,1034,1034,15,1,129,25.0,116.7,113.9,35.9,37.2,116,36.3,113,37.7,83.1,39.4,30.8,45.5,4.95,4.95,4.96,-3.60,0.033153,3.65829070,0.239337,12.76601980
1022.00,0,1376.620,94.601,94.284,4645.181,615.894,0.9682,76.5,0.668,51.6,0.463,34.1,103.8,107,79.9,4.88,3.75,4.91,584.773,2243.88,12.99,0.029,0.0475,36.0797,7.59,4.91,37.2,32.5,0.801,285,229,118,0.97,0.768,0.0591,0.0591,1.113,1033,1033,15,1,116,36.1,114.6,111.7,37.5,38.8,115,37.6,112,38.9,83.2,39.4,30.8,45.5,4.96,4.96,5.20,-3.65,0.033153,3.66110891,0.239322,12.77636641
1023.00,0,1376.620,94.562,94.271,4646.910,615.894,0.9683,76.5,0.062,51.6,0.463,34.1,87.9,107,79.9,4.88,3.70,4.91,584.773,2242.89,12.99,0.029,0.0475,36.0797,7.59,4.92,37.2,32.5,0.802,290,233,90,0.80,0.327,0.0591,0.0591,1.113,1033,1033,15,1,116,36.1,113.0,110.2,38.8,40.0,113,39.0,110,40.2,83.2,39.3,30.9,45.5,4.96,4.96,4.56,-2.89,0.033151,3.66392870,0.239296,12.78671683
1024.00,0,1376.620,94.477,94.263,4648.641,615.894,0.9683,76.5,-0.033,51.7,0.464,34.1,107.5,107,79.9,4.88,3.78,4.91,584.481,2604.41,12.99,0.029,0.0475,36.0697,7.59,7.45,37.2,32.5,0.802,288,231,125,1.00,0.906,0.0591,0.0591,1.113,1033,1033,15,1,159,0.4,117.0,114.2,35.4,36.6,115,37.2,112,38.5,83.2,39.3,30.9,45.5,4.96,4.96,5.91,-5.17,0.033149,3.66674671,0.239278,12.79706761
1025.00,0,1376.620,94.386,94.264,4650.372,615.894,0.9683,76.5,-0.032,51.7,0.464,34.1,83.2,107,79.8,4.88,3.68,4.91,584.481,2815.01,12.99,0.029,0.0475,36.0697,7.59,7.59,37.2,32.5,0.802,290,232,81,0.75,0.180,0.0592,0.0592,1.113,1033,1033,15,1,159,0.9,119.1,116.3,33.9,35.2,117,35.6,114,37.0,83.2,39.4,30.9,45.5,4.96,4.96,4.27,-3.20,0.033148,3.66956667,0.239256,12.80742166
1026.00,0,1376.620,94.339,94.263,4652.102,615.894,0.9683,76.5,0.009,51.7,0.464,34.1,101.4,107,79.8,4.88,3.81,4.91,584.481,2387.20,12.99,0.029,0.0475,36.0697,7.59,4.76,37.2,32.5,0.803,290,232,114,0.93,0.742,0.0592,0.0592,1.113,1034,1034,15,1,118,34.0,115.8,112.9,36.7,38.0,116,36.8,113,38.2,83.2,39.4,30.9,45.5,4.96,4.96,5.65,-4.01,0.033148,3.67238486,0.239233,12.81777684
1027.00,0,1376.620,94.242,94.243,4653.833,615.894,0.9683,76.5,-0.036,51.7,0.464,34.1,81.6,107,79.8,4.87,3.71,4.91,584.481,2242.93,12.99,0.029,0.0475,36.0697,7.59,4.92,37.2,32.5,0.801,286,229,77,0.75,0.112,0.0592,0.0592,1.114,1033,1033,15,1,116,36.1,114.1,111.2,38.0,39.2,114,38.1,111,39.4,83.3,39.3,30.9,45.5,4.96,4.96,4.02,-2.65,0.033148,3.67520437,0.239216,12.82813383
1028.00,0,1376.620,94.193,94.245,4655.562,615.893,0.9685,76.5,0.125,51.8,0.464,34.1,95.7,107,79.8,4.88,3.77,4.92,584.481,2284.95,12.99,0.029,0.0475,36.0672,7.59,5.72,37.2,32.5,0.803,289,232,104,0.88,0.565,0.0592,0.0592,1.114,1033,1033,15,1,131,23.4,112.6,109.8,39.0,40.2,112,39.4,109,40.5,83.3,39.3,30.9,45.5,4.96,4.96,5.14,-3.38,0.033145,3.67802317,0.239189,12.83849317
1029.00,0,1376.620,94.094,94.256,4657.294,615.893,0.9684,76.5,-0.076,51.8,0.464,34.1,98.2,108,79.8,4.88,3.75,4.92,584.128,2749.82,12.93,0.029,0.0475,36.0672,7.55,7.94,37.2,32.5,0.801,283,226,107,0.92,0.583,0.0592,0.0592,1.114,1033,1033,15,1,160,0.3,118.9,116.1,33.9,35.3,117,35.7,114,37.2,83.3,39.3,30.9,45.5,4.96,4.96,4.86,-4.37,0.033144,3.68084182,0.239174,12.84885266
1030.00,0,1376.620,94.043,94.261,4659.023,615.893,0.9683,76.5,0.199,51.8,0.464,34.1,90.4,108,79.8,4.87,3.73,4.92,584.128,2719.62,12.93,0.029,0.0475,36.0672,7.55,6.74,37.2,32.5,0.802,289,232,94,0.83,0.401,0.0592,0.0592,1.114,1034,1034,15,1,144,12.9,117.7,114.9,35.1,36.4,117,36.0,114,37.4,83.3,39.4,30.9,45.5,4.96,4.96,4.76,-3.52,0.033144,3.68366131,0.239147,12.85921539
1031.00,0,1376.620,93.942,94.265,4660.754,615.893,0.9684,76.5,-0.050,51.9,0.464,34.1,106.8,108,79.8,4.87,3.78,4.92,584.128,2252.49,12.93,0.029,0.0475,36.0672,7.55,4.83,37.2,32.5,0.802,285,229,123,1.00,0.871,0.0593,0.0593,1.115,1033,1033,15,1,116,36.0,115.1,112.3,37.2,38.5,115,37.3,112,38.6,83.3,39.3,30.9,45.5,4.96,4.96,5.56,-3.97,0.033144,3.68647942,0.239130,12.86957777
1032.00,0,1376.620,93.891,94.245,4662.484,615.893,0.9685,76.5,-0.039,51.8,0.464,34.1,85.4,108,79.8,4.87,3.71,4.92,584.128,2242.89,12.93,0.029,0.0475,36.0672,7.55,4.92,37.2,32.5,0.802,289,232,85,0.78,0.249,0.0593,0.0593,1.116,1033,1033,15,1,116,36.1,113.5,110.7,38.5,39.7,113,38.6,110,39.9,83.4,39.3,30.9,45.5,4.96,4.96,4.39,-2.82,0.033143,3.68929938,0.239105,12.87994321
1033.00,0,1376.620,93.790,94.263,4664.215,615.893,0.9685,76.5,-0.018,51.9,0.465,34.1,104.5,108,79.8,4.87,3.81,4.92,583.766,2462.58,12.93,0.029,0.0475,36.0780,7.55,6.80,37.2,32.5,0.803,288,232,120,0.97,0.830,0.0593,0.0593,1.115,1032,1032,15,1,158,1.2,115.0,112.2,37.1,38.3,113,38.6,110,39.8,83.4,39.3,31.0,45.5,4.96,4.96,5.89,-4.77,0.033141,3.69211742,0.239084,12.89030864
1034.00,0,1376.620,93.688,94.278,4665.945,615.893,0.9685,76.5,0.061,52.0,0.465,34.1,80.9,108,79.8,4.87,3.71,4.93,583.766,2822.31,12.93,0.029,0.0475,36.0780,7.55,7.94,37.2,32.5,0.802,288,231,77,0.73,0.110,0.0593,0.0593,1.116,1033,1033,15,1,160,0.3,119.6,116.8,33.5,34.8,117,35.3,114,36.7,83.4,39.3,31.0,45.5,4.96,4.96,4.13,-3.31,0.033140,3.69493726,0.239064,12.90067607
1035.00,0,1376.620,93.637,94.282,4667.675,615.893,0.9684,76.5,0.033,52.0,0.465,34.1,98.5,108,79.8,4.87,3.81,4.93,583.766,2548.50,12.93,0.029,0.0475,36.0780,7.55,5.63,37.2,32.5,0.803,288,231,109,0.91,0.651,0.0593,0.0593,1.116,1034,1034,15,1,125,28.3,116.6,113.7,36.2,37.4,116,36.5,113,37.8,83.4,39.4,31.0,45.5,4.96,4.96,5.39,-3.90,0.033140,3.69775579,0.239039,12.91104472
1036.00,0,1376.620,93.534,94.285,4669.406,615.893,0.9685,76.5,-0.086,52.0,0.465,34.1,89.9,108,79.8,4.86,3.75,4.93,583.766,2243.31,12.93,0.029,0.0475,36.0780,7.55,4.92,37.2,32.5,0.801,281,225,91,0.84,0.330,0.0593,0.0593,1.117,1033,1033,15,1,116,36.1,114.6,111.7,37.7,38.9,114,37.8,112,39.0,83.4,39.3,31.0,45.5,4.96,4.96,4.27,-2.93,0.033140,3.70057502,0.239024,12.92141381
1037.00,0,1376.620,93.482,94.282,4671.135,615.893,0.9686,76.5,0.176,52.0,0.465,34.1,93.0,108,79.8,4.86,3.76,4.93,583.766,2242.89,12.93,0.029,0.0475,36.0780,7.55,4.92,37.2,32.5,0.803,288,231,99,0.85,0.480,0.0593,0.0593,1.117,1033,1033,15,1,116,36.1,112.9,110.1,38.9,40.1,113,39.1,110,40.3,83.5,39.3,31.0,45.5,4.96,4.96,4.90,-3.11,0.033139,3.70339442,0.238996,12.93178549
1038.00,0,1376.620,93.379,94.287,4672.866,615.893,0.9686,76.5,0.668,52.1,0.465,34.1,103.9,108,79.8,4.86,3.78,4.93,583.412,2640.52,12.93,0.029,0.0475,36.0782,7.54,7.59,37.2,32.5,0.802,283,227,117,0.98,0.767,0.0594,0.0594,1.117,1033,1033,15,1,159,0.3,117.6,114.8,35.0,36.3,115,36.8,112,38.2,83.5,39.3,31.0,45.5,4.96,4.96,5.30,-4.78,0.033137,3.70621302,0.238980,12.94215668
1039.00,0,1376.620,93.327,94.292,4674.596,615.893,0.9685,76.5,0.116,52.1,0.465,34.1,87.9,108,79.8,4.86,3.73,4.93,583.412,2801.04,12.93,0.029,0.0475,36.0782,7.54,7.43,37.2,32.5,0.803,288,231,89,0.80,0.322,0.0594,0.0594,1.118,1034,1034,15,1,157,2.1,118.9,116.1,34.2,35.5,117,35.7,114,37.1,83.4,39.4,31.0,45.5,4.96,4.96,4.57,-3.43,0.033137,3.70903310,0.238954,12.95253095
1040.00,0,1376.620,93.224,94.299,4676.326,615.893,0.9685,76.6,-0.033,52.1,0.465,34.1,107.6,108,79.8,4.86,3.81,4.94,583.412,2341.28,12.93,0.029,0.0475,36.0782,7.54,4.54,37.2,32.5,0.803,285,229,125,1.00,0.905,0.0594,0.0594,1.118,1034,1034,15,1,117,34.9,115.8,112.9,36.8,38.1,116,36.9,113,38.3,83.5,39.4,31.0,45.5,4.96,4.96,5.78,-4.18,0.033138,3.71185144,0.238935,12.96290479
1041.00,0,1376.620,93.121,94.295,4676.389,615.893,0.9686,76.5,-0.032,52.1,0.465,34.1,83.1,108,79.8,4.85,3.71,4.94,583.412,2242.91,12.93,0.029,0.0475,36.0782,7.54,4.92,37.2,32.5,0.802,287,230,80,0.76,0.175,0.0594,0.0594,1.119,1033,1033,15,1,116,36.1,114.0,111.2,38.1,39.4,114,38.3,111,39.5,83.5,39.3,31.0,45.5,4.96,4.96,4.22,-2.75,0.033149,3.71467487,0.238995,12.97329256
1042.00,0,1376.620,93.069,94.296,4676.453,615.893,0.9687,76.6,0.001,52.2,0.465,34.1,101.5,108,79.7,4.85,3.83,4.94,583.412,2320.07,12.93,0.029,0.0475,36.0845,7.54,6.00,37.2,32.5,0.803,287,231,114,0.94,0.739,0.0594,0.0594,1.119,1033,1033,15,1,144,13.3,113.0,110.2,38.8,39.9,112,39.4,109,40.5,83.5,39.3,31.0,45.5,4.96,4.96,5.59,-3.85,0.033157,3.71750173,0.239051,12.98370055
1043.00,0,1376.620,92.967,94.299,4676.517,615.893,0.9686,76.5,-0.030,52.2,0.466,34.1,81.6,108,79.7,4.85,3.73,4.94,583.077,2772.19,12.93,0.029,0.0475,36.0845,7.54,7.98,37.2,32.5,0.802,283,227,77,0.75,0.107,0.0595,0.0595,1.120,1033,1033,15,1,160,0.3,119.3,116.4,33.8,35.1,117,35.6,114,37.0,83.5,39.3,31.0,45.6,4.96,4.96,4.09,-3.66,0.033165,3.72033401,0.239108,12.99412605
1044.00,0,1376.620,92.916,94.295,4676.579,615.893,0.9685,76.5,0.098,52.2,0.466,34.1,95.7,108,79.7,4.85,3.78,4.94,583.077,2686.86,12.93,0.029,0.0475,36.0845,7.54,6.51,37.2,32.5,0.803,287,230,103,0.88,0.560,0.0595,0.0595,1.120,1034,1034,15,1,140,16.8,117.5,114.7,35.4,36.7,117,36.2,114,37.5,83.5,39.4,31.0,45.6,4.96,4.96,5.13,-3.81,0.033173,3.72316886,0.239151,13.00456691
1045.00,0,1376.620,92.816,94.270,4676.644,615.893,0.9686,76.5,-0.073,52.2,0.466,34.1,98.2,108,79.7,4.84,3.75,4.94,583.077,2247.75,12.93,0.029,0.0475,36.0845,7.54,4.87,37.2,32.5,0.802,280,225,106,0.93,0.577,0.0595,0.0595,1.121,1033,1033,15,1,116,36.1,115.1,112.2,37.3,38.6,115,37.4,112,38.7,83.6,39.4,31.0,45.6,4.96,4.96,4.72,-3.37,0.033181,3.72600612,0.239204,13.01501857
1046.00,0,1376.620,92.767,94.235,4676.706,615.893,0.9687,76.5,0.212,52.2,0.466,34.1,90.3,108,79.7,4.84,3.73,4.94,583.077,2242.89,12.93,0.029,0.0475,36.0845,7.54,4.92,37.2,32.5,0.803,287,230,93,0.83,0.392,0.0595,0.0595,1.122,1033,1033,15,1,116,36.2,113.4,110.6,38.6,39.8,113,38.8,110,40.0,83.6,39.3,31.1,45.6,4.96,4.96,4.70,-3.06,0.033187,3.72884616,0.239242,13.02548206
1047.00,0,1376.620,92.674,94.203,4676.770,615.893,0.9687,76.6,-0.072,52.2,0.466,34.1,106.8,108,79.7,4.83,3.78,4.94,582.715,2503.54,12.93,0.029,0.0475,36.1021,7.54,7.00,37.2,32.5,0.802,283,227,123,1.00,0.863,0.0595,0.0595,1.123,1032,1032,15,1,159,0.7,115.7,113.0,36.6,37.8,114,38.2,111,39.5,83.6,39.3,31.1,45.6,4.97,4.97,5.60,-4.82,0.033192,3.73168618,0.239288,13.03595202
1048.00,0,1376.620,92.631,94.189,4676.833,615.893,0.9686,76.5,-0.010,52.2,0.466,34.1,85.3,108,79.6,4.83,3.70,4.94,582.715,2825.05,12.93,0.029,0.0475,36.1021,7.54,7.87,37.2,32.5,0.803,287,230,84,0.78,0.238,0.0595,0.0595,1.123,1033,1033,15,1,160,0.3,119.6,116.8,33.6,34.9,117,35.4,114,36.8,83.6,39.4,31.1,45.6,4.97,4.97,4.41,-3.46,0.033197,3.73452908,0.239326,13.04643039
1049.00,0,1376.620,92.553,94.157,4676.896,615.893,0.9686,76.6,-0.023,52.1,0.466,34.1,104.3,107,79.6,4.82,3.80,4.93,582.715,2504.43,12.93,0.029,0.0475,36.1021,7.54,5.38,37.2,32.5,0.803,286,230,119,0.97,0.819,0.0595,0.0595,1.124,1034,1034,15,1,123,30.5,116.4,113.6,36.4,37.7,116,36.7,113,38.0,83.6,39.4,31.1,45.6,4.97,4.97,5.83,-4.32,0.033204,3.73737079,0.239365,13.05691288
1050.00,0,1376.620,92.486,94.106,4676.960,615.893,0.9686,76.5,0.061,52.1,0.465,34.1,80.7,107,79.6,4.81,3.70,4.93,582.715,2243.10,12.93,0.029,0.0475,36.1021,7.54,4.92,37.2,32.5,0.802,286,230,76,0.73,0.097,0.0596,0.0596,1.126,1033,1033,15,1,116,36.2,114.5,111.7,37.9,39.1,114,38.0,111,39.2,83.6,39.4,31.1,45.6,4.97,4.97,4.07,-2.74,0.033210,3.74021482,0.239406,13.06740033
1051.00,0,1376.620,92.458,94.101,4677.022,615.893,0.9687,76.5,0.033,52.1,0.466,34.1,98.3,107,79.6,4.82,3.79,4.93,582.715,2242.89,12.93,0.029,0.0475,36.1021,7.54,4.92,37.2,32.5,0.803,286,230,108,0.91,0.637,0.0596,0.0596,1.126,1033,1033,15,1,116,36.2,112.9,110.1,39.1,40.3,113,39.3,110,40.5,83.7,39.3,31.1,45.6,4.97,4.97,5.33,-3.46,0.033214,3.74305788,0.239441,13.07789107
1052.00,0,1376.620,92.411,94.097,4677.087,615.893,0.9687,76.5,-0.086,52.1,0.465,34.1,89.7,107,79.6,4.81,3.73,4.93,582.371,2674.22,12.93,0.029,0.0476,36.1562,7.53,7.71,37.2,32.5,0.802,279,224,91,0.84,0.317,0.0596,0.0596,1.127,1033,1033,15,1,160,0.3,118.1,115.3,34.8,36.1,116,36.6,113,38.0,83.7,39.4,31.1,45.6,4.97,4.97,4.38,-4.12,0.033219,3.74590186,0.239485,13.08838347
1053.00,0,1376.620,92.393,94.094,4677.149,615.893,0.9686,76.5,0.176,52.0,0.465,34.1,92.8,107,79.6,4.81,3.74,4.93,582.371,2782.61,12.93,0.029,0.0476,36.1562,7.53,7.25,37.2,32.5,0.803,286,230,98,0.85,0.466,0.0596,0.0596,1.127,1034,1034,15,1,155,4.1,118.7,115.9,34.6,35.8,117,35.9,114,37.3,83.6,39.5,31.1,45.6,4.97,4.97,4.93,-3.76,0.033224,3.74874617,0.239516,13.09887917
1054.00,0,1376.620,92.365,94.088,4677.213,615.893,0.9686,76.5,0.668,52.0,0.465,34.1,103.7,107,79.6,4.80,3.75,4.93,582.371,2297.58,12.93,0.029,0.0476,36.1562,7.53,4.45,37.2,32.5,0.802,281,226,117,0.97,0.751,0.0596,0.0596,1.128,1034,1034,15,1,117,35.7,115.7,112.8,37.1,38.4,116,37.2,113,38.5,83.7,39.5,31.1,45.6,4.97,4.97,5.18,-3.85,0.033231,3.75158990,0.239559,13.10937464
1055.00,0,1376.620,92.355,94.084,4677.275,615.893,0.9687,76.5,0.116,52.0,0.465,34.1,87.7,107,79.6,4.80,3.71,4.93,582.371,2242.90,12.93,0.029,0.0476,36.1562,7.53,4.92,37.2,32.5,0.803,286,230,89,0.80,0.308,0.0596,0.0596,1.129,1033,1033,15,1,116,36.3,113.9,111.1,38.4,39.6,114,38.6,111,39.8,83.7,39.4,31.1,45.6,4.97,4.97,4.54,-3.03,0.033237,3.75443535,0.239591,13.11987314
1056.00,0,1376.620,92.343,94.075,4677.338,615.893,0.9687,76.6,-0.033,52.0,0.465,34.1,107.3,107,79.6,4.80,3.78,4.92,582.070,2358.77,12.93,0.029,0.0477,36.2293,7.53,6.24,37.2,32.5,0.803,284,228,124,1.00,0.887,0.0597,0.0597,1.129,1032,1032,15,1,152,6.8,113.5,110.8,38.6,39.7,112,39.4,110,40.6,83.7,39.4,31.1,45.6,4.97,4.97,5.73,-4.32,0.033242,3.75727923,0.239630,13.13037092
1057.00,0,1376.620,92.341,94.080,4677.401,615.893,0.9687,76.5,-0.032,52.0,0.465,34.1,82.9,107,79.6,4.80,3.68,4.92,582.070,2790.77,12.93,0.029,0.0477,36.2293,7.53,8.00,37.2,32.5,0.803,286,230,80,0.75,0.163,0.0597,0.0597,1.130,1033,1033,15,1,160,0.3,119.5,116.6,33.8,35.2,117,35.7,114,37.1,83.7,39.5,31.1,45.7,4.97,4.97,4.29,-3.76,0.033247,3.76012529,0.239666,13.14087080
1058.00,0,1376.620,92.344,94.082,4677.464,615.893,0.9686,76.6,0.001,51.9,0.465,34.1,101.2,107,79.6,4.80,3.80,4.92,582.070,2650.93,12.93,0.029,0.0477,36.2293,7.53,6.27,37.2,32.5,0.803,286,230,113,0.93,0.723,0.0597,0.0597,1.130,1034,1034,15,1,135,20.7,117.3,114.5,35.9,37.1,117,36.5,114,37.8,83.7,39.6,31.1,45.7,4.97,4.97,5.62,-4.23,0.033254,3.76296979,0.239701,13.15137066
1059.00,0,1376.620,92.354,94.086,4677.527,615.893,0.9686,76.5,-0.030,51.9,0.465,34.1,81.4,107,79.6,4.79,3.71,4.92,582.070,2245.35,12.93,0.029,0.0477,36.2293,7.53,4.90,37.2,32.5,0.802,282,226,77,0.75,0.096,0.0597,0.0597,1.131,1033,1033,15,1,116,36.3,115.0,112.1,37.7,38.9,115,37.8,112,39.1,83.7,39.5,31.1,45.7,4.97,4.97,4.00,-2.78,0.033261,3.76581592,0.239741,13.16187119
1060.00,0,1376.620,92.361,94.078,4677.589,615.893,0.9687,76.5,0.098,51.9,0.465,34.1,95.5,107,79.6,4.79,3.76,4.92,582.070,2242.89,12.93,0.029,0.0477,36.2293,7.53,4.92,37.2,32.5,0.803,286,230,103,0.88,0.547,0.0597,0.0597,1.131,1033,1033,15,1,116,36.4,113.3,110.5,39.0,40.2,113,39.2,110,40.4,83.7,39.5,31.2,45.7,4.97,4.97,5.09,-3.35,0.033266,3.76866167,0.239771,13.17237310
1061.00,0,1376.620,92.380,94.081,4677.653,615.893,0.9687,76.5,-0.073,51.9,0.465,34.1,98.0,107,79.6,4.79,3.73,4.92,581.845,2543.82,12.93,0.029,0.0478,36.3099,7.52,7.18,37.2,32.5,0.802,279,224,106,0.92,0.565,0.0597,0.0597,1.131,1032,1032,15,1,159,0.5,116.3,113.6,36.3,37.6,114,38.1,111,39.4,83.8,39.5,31.2,45.7,4.97,4.97,4.79,-4.35,0.033272,3.77150761,0.239813,13.18287425
1062.00,0,1376.620,92.392,94.087,4677.714,615.893,0.9686,76.5,0.212,51.9,0.465,34.1,90.2,107,79.6,4.79,3.72,4.92,581.845,2823.43,12.93,0.029,0.0478,36.3099,7.52,7.77,37.2,32.5,0.803,286,230,93,0.82,0.384,0.0598,0.0598,1.131,1033,1033,15,1,160,0.3,119.5,116.7,33.9,35.3,117,35.8,114,37.2,83.7,39.6,31.2,45.7,4.97,4.97,4.73,-3.67,0.033278,3.77435472,0.239841,13.19337788
1063.00,0,1376.620,92.418,94.094,4677.778,615.893,0.9686,76.6,-0.072,51.9,0.465,34.1,106.7,107,79.6,4.79,3.76,4.92,581.845,2459.11,12.93,0.029,0.0478,36.3099,7.52,5.14,37.2,32.5,0.803,282,227,123,1.00,0.852,0.0598,0.0598,1.131,1034,1034,15,1,121,32.4,116.3,113.4,36.8,38.1,116,37.0,113,38.3,83.7,39.6,31.2,45.7,4.98,4.98,5.53,-4.17,0.033285,3.77720076,0.239880,13.20388050
1064.00,0,1376.620,92.432,94.096,4677.840,615.893,0.9686,76.5,-0.010,51.9,0.465,34.1,85.3,107,79.6,4.79,3.69,4.92,581.845,2243.00,12.93,0.029,0.0478,36.3099,7.52,4.92,37.2,32.5,0.803,286,229,84,0.78,0.233,0.0598,0.0598,1.131,1033,1033,15,1,116,36.4,114.4,111.5,38.2,39.5,114,38.3,111,39.6,83.8,39.6,31.2,45.7,4.98,4.98,4.36,-2.95,0.033292,3.78004906,0.239911,13.21438567
1065.00,0,1376.620,92.463,94.084,4677.902,615.893,0.9687,76.6,-0.023,51.8,0.465,34.1,104.2,107,79.6,4.79,3.79,4.92,581.845,2247.47,12.93,0.029,0.0479,36.3818,7.52,5.17,37.2,32.5,0.803,286,230,119,0.96,0.810,0.0598,0.0598,1.131,1033,1033,15,1,116,36.0,112.8,110.0,39.4,40.6,113,39.7,110,40.8,83.8,39.6,31.2,45.7,4.98,4.98,5.71,-3.85,0.033297,3.78289578,0.239945,13.22489037
1066.00,0,1376.620,92.496,94.096,4677.965,615.893,0.9687,76.5,0.061,51.8,0.465,34.1,80.7,107,79.6,4.79,3.69,4.91,581.678,2705.61,12.93,0.029,0.0479,36.3818,7.52,7.81,37.2,32.5,0.803,286,229,76,0.73,0.095,0.0598,0.0598,1.131,1033,1033,15,1,160,0.3,118.5,115.7,34.7,36.0,116,36.5,113,37.9,83.8,39.6,31.2,45.7,4.98,4.98,4.15,-3.85,0.033302,3.78574465,0.239980,13.23539668
1067.00,0,1376.620,92.513,94.100,4678.027,615.893,0.9685,76.6,0.033,51.8,0.464,34.1,98.3,107,79.6,4.79,3.78,4.91,581.678,2760.16,12.93,0.029,0.0479,36.3818,7.52,7.06,37.2,32.5,0.804,286,230,108,0.90,0.632,0.0598,0.0598,1.131,1034,1034,15,1,151,7.1,118.4,115.6,35.0,36.3,117,36.2,114,37.6,83.8,39.7,31.2,45.7,4.98,4.98,5.35,-4.08,0.033309,3.78859252,0.240009,13.24590391
1068.00,0,1376.620,92.549,94.103,4678.091,615.893,0.9686,76.5,-0.086,51.8,0.464,34.1,89.7,107,79.7,4.79,3.71,4.91,581.678,2270.84,12.93,0.029,0.0479,36.3818,7.52,4.67,37.2,32.5,0.802,279,224,91,0.84,0.312,0.0599,0.0599,1.131,1034,1034,15,1,116,36.2,115.5,112.7,37.4,38.7,115,37.5,113,38.8,83.8,39.7,31.2,45.7,4.98,4.98,4.25,-3.09,0.033316,3.79144143,0.240048,13.25641125
1069.00,0,1376.620,92.566,94.081,4678.152,615.893,0.9687,76.5,0.176,51.8,0.464,34.1,92.8,107,79.7,4.79,3.73,4.91,581.678,2242.90,12.93,0.029,0.0479,36.3818,7.52,4.92,37.2,32.5,0.803,286,230,98,0.85,0.462,0.0599,0.0599,1.132,1033,1033,15,1,116,36.5,113.8,111.0,38.7,39.9,114,38.9,111,40.1,83.9,39.6,31.2,45.7,4.98,4.98,4.86,-3.25,0.033322,3.79429081,0.240073,13.26692093
1070.00,0,1376.620,92.603,94.094,4678.215,615.893,0.9687,76.5,0.668,51.8,0.464,34.1,103.7,107,79.7,4.79,3.74,4.91,581.579,2399.37,12.93,0.029,0.0479,36.4284,7.52,6.47,37.2,32.5,0.802,281,225,117,0.97,0.745,0.0599,0.0599,1.131,1032,1032,15,1,156,3.3,114.2,111.5,38.2,39.4,113,39.4,110,40.6,83.9,39.6,31.2,45.7,4.98,4.98,5.14,-4.13,0.033327,3.79713972,0.240111,13.27742985
1071.00,0,1376.620,92.622,94.101,4678.277,615.893,0.9686,76.5,0.116,51.8,0.464,34.1,87.7,107,79.7,4.80,3.69,4.91,581.579,2805.73,12.93,0.029,0.0479,36.4284,7.52,7.99,37.2,32.5,0.803,286,229,89,0.80,0.306,0.0599,0.0599,1.131,1033,1033,15,1,160,0.3,119.6,116.8,33.9,35.3,117,35.7,114,37.2,83.9,39.7,31.2,45.7,4.98,4.98,4.58,-3.90,0.033332,3.79999045,0.240137,13.28794159
1072.00,0,1376.620,92.659,94.106,4678.340,615.893,0.9686,76.6,-0.033,51.8,0.464,34.1,107.3,107,79.7,4.80,3.77,4.91,581.579,2612.13,12.93,0.029,0.0479,36.4284,7.52,6.02,37.2,32.5,0.803,284,228,124,1.00,0.882,0.0599,0.0599,1.131,1034,1034,15,1,131,24.2,117.1,114.3,36.2,37.5,116,36.7,114,38.1,83.9,39.8,31.2,45.7,4.98,4.98,5.74,-4.39,0.033339,3.80283973,0.240170,13.29845268
1073.00,0,1376.620,92.695,94.104,4678.402,615.893,0.9686,76.5,-0.032,51.7,0.464,34.1,83.0,107,79.7,4.80,3.67,4.91,581.579,2244.12,12.93,0.029,0.0479,36.4284,7.52,4.91,37.2,32.5,0.803,286,229,80,0.75,0.161,0.0599,0.0599,1.130,1033,1033,15,1,116,36.5,114.9,112.0,37.9,39.2,115,38.0,112,39.3,83.9,39.7,31.2,45.7,4.98,4.98,4.19,-2.88,0.033346,3.80569136,0.240200,13.30896609
1074.00,0,1376.620,92.713,94.098,4678.464,615.893,0.9687,76.6,0.001,51.7,0.464,34.1,101.2,107,79.7,4.80,3.79,4.91,581.579,2242.89,12.93,0.029,0.0479,36.4284,7.52,4.92,37.2,32.5,0.804,286,229,113,0.93,0.718,0.0600,0.0600,1.130,1033,1033,15,1,116,36.5,113.3,110.5,39.2,40.4,113,39.4,110,40.6,83.9,39.7,31.3,45.7,4.99,4.99,5.52,-3.66,0.033351,3.80854156,0.240229,13.31947975
1075.00,0,1376.620,92.748,94.098,4678.527,615.893,0.9687,76.5,-0.030,51.7,0.464,34.1,81.5,107,79.7,4.80,3.70,4.91,581.525,2583.16,12.93,0.029,0.0480,36.4522,7.52,7.35,37.2,32.5,0.802,282,226,77,0.74,0.094,0.0600,0.0600,1.130,1032,1032,15,1,159,0.4,117.0,114.2,36.0,37.3,115,37.8,112,39.1,84.0,39.7,31.3,45.7,4.99,4.99,4.08,-3.80,0.033355,3.81139339,0.240263,13.32999438
1076.00,0,1376.620,92.766,94.101,4678.588,615.893,0.9686,76.5,0.098,51.7,0.464,34.1,95.5,107,79.7,4.80,3.75,4.91,581.525,2817.51,12.93,0.029,0.0480,36.4522,7.52,7.65,37.2,32.5,0.804,286,229,103,0.87,0.544,0.0600,0.0600,1.130,1033,1033,15,1,159,0.6,119.4,116.6,34.2,35.5,117,36.0,114,37.4,83.9,39.8,31.3,45.7,4.99,4.99,5.09,-3.94,0.033361,3.81424480,0.240287,13.34051068
1077.00,0,1376.620,92.801,94.103,4678.652,615.893,0.9686,76.5,-0.073,51.7,0.464,34.1,98.0,107,79.7,4.80,3.72,4.91,581.525,2412.78,12.93,0.029,0.0480,36.4522,7.52,4.89,37.2,32.4,0.802,279,224,106,0.92,0.560,0.0600,0.0600,1.130,1034,1034,15,1,119,33.8,116.2,113.3,37.0,38.3,116,37.2,113,38.5,83.9,39.8,31.3,45.7,4.99,4.99,4.70,-3.51,0.033367,3.81709638,0.240323,13.35102651
1078.00,0,1376.620,92.818,94.103,4678.713,615.893,0.9687,76.5,0.212,51.7,0.464,34.1,90.2,107,79.7,4.80,3.71,4.91,581.525,2242.94,12.93,0.029,0.0480,36.4522,7.52,4.92,37.2,32.4,0.803,286,229,93,0.82,0.380,0.0600,0.0600,1.130,1033,1033,15,1,116,36.5,114.3,111.5,38.4,39.7,114,38.6,111,39.8,84.0,39.8,31.3,45.7,4.99,4.99,4.66,-3.16,0.033372,3.81994914,0.240346,13.36154503
1079.00,0,1376.620,92.852,94.093,4678.776,615.893,0.9688,76.6,-0.072,51.7,0.464,34.1,106.6,107,79.7,4.80,3.75,4.91,581.525,2269.55,12.93,0.029,0.0480,36.4729,7.52,5.56,37.2,32.4,0.803,282,226,122,0.99,0.846,0.0600,0.0600,1.129,1033,1033,15,1,125,29.4,112.8,110.1,39.5,40.7,113,39.8,110,41.0,84.0,39.7,31.3,45.7,4.99,4.99,5.40,-3.74,0.033377,3.82280077,0.240379,13.37206265
1080.00,0,1376.620,92.868,94.094,4678.837,615.893,0.9687,76.5,-0.010,51.7,0.464,34.1,85.3,107,79.7,4.80,3.68,4.91,581.498,2734.27,12.93,0.029,0.0480,36.4729,7.52,7.89,37.2,32.4,0.803,286,229,85,0.77,0.230,0.0601,0.0601,1.129,1033,1033,15,1,160,0.3,119.0,116.2,34.5,35.8,117,36.3,114,37.7,84.0,39.8,31.3,45.7,4.99,4.99,4.43,-4.04,0.033381,3.82565450,0.240404,13.38258285
1081.00,0,1376.620,92.902,94.103,4678.900,615.893,0.9686,76.6,-0.023,51.7,0.464,34.1,104.2,107,79.7,4.80,3.78,4.91,581.498,2733.69,12.93,0.029,0.0480,36.4729,7.52,6.85,37.2,32.4,0.804,285,229,119,0.96,0.805,0.0601,0.0601,1.129,1034,1034,15,1,147,10.8,118.2,115.4,35.4,36.7,117,36.4,114,37.8,84.0,39.8,31.3,45.7,4.99,4.99,5.77,-4.44,0.033386,3.82850653,0.240433,13.39310263
1082.00,0,1376.620,92.934,94.105,4678.962,615.893,0.9687,76.5,0.061,51.7,0.464,34.1,80.8,107,79.7,4.80,3.68,4.91,581.498,2256.94,12.93,0.029,0.0480,36.4729,7.52,4.79,37.2,32.4,0.803,286,229,76,0.73,0.093,0.0601,0.0601,1.129,1033,1033,15,1,116,36.4,115.5,112.6,37.6,38.9,115,37.7,112,39.0,84.0,39.8,31.3,45.7,4.99,4.99,4.03,-2.82,0.033392,3.83136060,0.240462,13.40362402
1083.00,0,1376.620,92.949,94.089,4679.024,615.893,0.9688,76.6,0.033,51.7,0.464,34.1,98.3,107,79.7,4.80,3.77,4.91,581.498,2242.89,12.93,0.029,0.0480,36.4729,7.52,4.92,37.2,32.4,0.804,285,229,108,0.90,0.627,0.0601,0.0601,1.129,1033,1033,15,1,116,36.6,113.8,111.0,38.9,40.1,114,39.0,111,40.3,84.1,39.8,31.3,45.7,4.99,4.99,5.27,-3.53,0.033396,3.83421358,0.240487,13.41414622
1084.00,0,1376.620,92.980,94.097,4679.087,615.893,0.9688,76.5,-0.086,51.7,0.464,34.1,89.7,107,79.7,4.80,3.71,4.90,581.475,2440.82,12.93,0.029,0.0480,36.4901,7.52,6.69,37.2,32.4,0.802,279,223,91,0.84,0.308,0.0601,0.0601,1.129,1032,1032,15,1,158,1.7,114.9,112.2,37.8,39.0,113,39.2,110,40.4,84.1,39.7,31.3,45.7,4.99,4.99,4.27,-3.64,0.033400,3.83706742,0.240520,13.42466840
1085.00,0,1376.620,92.995,94.104,4679.148,615.893,0.9687,76.5,0.176,51.7,0.464,34.1,92.8,107,79.7,4.81,3.72,4.90,581.475,2816.53,12.93,0.029,0.0480,36.4901,7.52,7.96,37.2,32.4,0.804,285,229,98,0.85,0.459,0.0601,0.0601,1.128,1033,1033,15,1,160,0.3,119.8,117.0,33.9,35.3,118,35.7,115,37.2,84.1,39.8,31.3,45.7,4.99,4.99,4.90,-4.06,0.033404,3.83992155,0.240541,13.43519276
1086.00,0,1376.620,93.024,94.109,4679.211,615.893,0.9687,76.5,0.668,51.7,0.464,34.1,103.7,107,79.7,4.81,3.74,4.90,581.475,2570.76,12.93,0.029,0.0480,36.4901,7.52,5.77,37.2,32.4,0.802,281,225,117,0.97,0.740,0.0602,0.0602,1.128,1034,1034,15,1,127,27.2,117.0,114.2,36.4,37.7,117,36.8,114,38.2,84.1,39.9,31.3,45.7,5.00,5.00,5.14,-3.93,0.033409,3.84277508,0.240574,13.44571623
1087.00,0,1376.620,93.038,94.109,4679.272,615.893,0.9687,76.5,0.116,51.7,0.464,34.1,87.7,107,79.7,4.81,3.69,4.90,581.475,2243.50,12.93,0.029,0.0480,36.4901,7.52,4.91,37.2,32.4,0.803,285,229,89,0.80,0.302,0.0602,0.0602,1.128,1033,1033,15,1,116,36.5,114.9,112.1,38.1,39.3,115,38.2,112,39.5,84.1,39.8,31.3,45.7,5.00,5.00,4.48,-3.08,0.033414,3.84563031,0.240595,13.45624238
1088.00,0,1376.620,93.065,94.094,4679.335,615.893,0.9688,76.6,-0.033,51.7,0.464,34.1,107.3,107,79.7,4.81,3.76,4.90,581.475,2242.89,12.93,0.029,0.0480,36.4901,7.52,4.92,37.2,32.4,0.803,283,228,124,0.99,0.876,0.0602,0.0602,1.128,1033,1033,15,1,116,36.6,113.3,110.6,39.3,40.5,113,39.5,110,40.7,84.2,39.8,31.3,45.7,5.00,5.00,5.62,-3.81,0.033417,3.84848393,0.240624,13.46676768
1089.00,0,1376.620,93.092,94.107,4679.397,615.893,0.9688,76.5,-0.032,51.7,0.464,34.1,83.0,107,79.7,4.81,3.66,4.90,581.461,2620.94,12.93,0.029,0.0480,36.4927,7.52,7.51,37.2,32.4,0.803,285,229,80,0.75,0.158,0.0602,0.0602,1.128,1033,1033,15,1,159,0.3,117.6,114.9,35.6,36.9,115,37.5,113,38.8,84.2,39.8,31.3,45.7,5.00,5.00,4.27,-3.97,0.033420,3.85133970,0.240650,13.47729510
1090.00,0,1376.620,93.104,94.110,4679.458,615.893,0.9687,76.6,0.001,51.6,0.464,34.1,101.2,107,79.7,4.81,3.79,4.90,581.461,2806.92,12.93,0.029,0.0480,36.4927,7.52,7.51,37.2,32.4,0.804,285,229,113,0.93,0.714,0.0602,0.0602,1.128,1033,1033,15,1,158,1.4,119.3,116.5,34.4,35.7,117,36.1,114,37.5,84.1,39.9,31.3,45.7,5.00,5.00,5.55,-4.30,0.033424,3.85419387,0.240674,13.48782258
1091.00,0,1376.620,93.129,94.111,4679.521,615.893,0.9687,76.5,-0.030,51.6,0.464,34.1,81.5,107,79.7,4.81,3.69,4.90,581.461,2366.11,12.93,0.029,0.0480,36.4927,7.52,4.66,37.2,32.4,0.802,282,226,77,0.74,0.091,0.0602,0.0602,1.128,1034,1034,15,1,118,34.8,116.2,113.3,37.2,38.5,116,37.3,113,38.6,84.1,39.9,31.3,45.7,5.00,5.00,3.96,-2.85,0.033429,3.85704955,0.240704,13.49835088
1092.00,0,1376.620,93.140,94.109,4679.582,615.893,0.9688,76.5,0.098,51.6,0.464,34.1,95.5,107,79.7,4.81,3.74,4.90,581.461,2242.92,12.93,0.029,0.0480,36.4927,7.52,4.92,37.2,32.4,0.804,285,229,103,0.87,0.539,0.0603,0.0603,1.128,1033,1033,15,1,116,36.5,114.4,111.6,38.5,39.8,114,38.7,111,39.9,84.2,39.8,31.4,45.6,5.00,5.00,5.03,-3.41,0.033433,3.85990474,0.240725,13.50888071
1093.00,0,1376.620,93.162,94.101,4679.645,615.893,0.9689,76.5,-0.073,51.6,0.464,34.1,98.0,107,79.7,4.81,3.72,4.90,581.461,2301.67,12.93,0.029,0.0480,36.4834,7.52,5.86,37.2,32.4,0.802,279,224,106,0.92,0.555,0.0603,0.0603,1.127,1033,1033,15,1,138,18.2,113.2,110.5,39.4,40.5,113,39.8,110,41.0,84.2,39.8,31.4,45.6,5.00,5.00,4.60,-3.28,0.033436,3.86275999,0.240757,13.51940993
1094.00,0,1376.620,93.172,94.103,4679.706,615.893,0.9689,76.5,0.212,51.6,0.464,34.1,90.2,107,79.7,4.81,3.70,4.90,581.453,2759.55,12.93,0.029,0.0480,36.4834,7.52,7.95,37.2,32.4,0.804,285,229,93,0.82,0.377,0.0603,0.0603,1.127,1033,1033,15,1,160,0.3,119.4,116.6,34.3,35.6,117,36.1,114,37.5,84.2,39.8,31.4,45.6,5.00,5.00,4.74,-4.25,0.033438,3.86561623,0.240776,13.52994170
1095.00,0,1376.620,93.193,94.107,4679.769,615.893,0.9688,76.6,-0.072,51.6,0.464,34.1,106.6,107,79.7,4.81,3.75,4.90,581.453,2703.27,12.93,0.029,0.0480,36.4834,7.52,6.62,37.2,32.4,0.803,282,226,122,0.99,0.840,0.0603,0.0603,1.127,1034,1034,15,1,142,14.8,118.0,115.2,35.6,36.9,117,36.5,114,37.9,84.2,39.9,31.4,45.6,5.00,5.00,5.49,-4.27,0.033443,3.86847117,0.240805,13.54047250
1096.00,0,1376.620,93.203,94.108,4679.831,615.893,0.9688,76.5,-0.010,51.6,0.464,34.1,85.3,107,79.7,4.81,3.67,4.90,581.453,2249.92,12.93,0.029,0.0480,36.4834,7.52,4.85,37.2,32.4,0.803,285,229,85,0.77,0.227,0.0603,0.0603,1.127,1033,1033,15,1,116,36.5,115.5,112.6,37.7,39.0,115,37.8,112,39.1,84.2,39.8,31.4,45.6,5.00,5.00,4.31,-3.02,0.033447,3.87132814,0.240827,13.55100581
1097.00,0,1376.620,93.221,94.099,4679.893,615.893,0.9689,76.6,-0.023,51.6,0.464,34.1,104.2,107,79.7,4.81,3.78,4.90,581.453,2242.89,12.93,0.029,0.0480,36.4834,7.52,4.92,37.2,32.4,0.804,285,229,119,0.96,0.799,0.0603,0.0603,1.127,1033,1033,15,1,116,36.5,113.9,111.1,39.0,40.2,114,39.1,111,40.4,84.3,39.8,31.4,45.6,5.01,5.01,5.67,-3.86,0.033450,3.87418333,0.240852,13.56153860
1098.00,0,1376.620,93.239,94.099,4679.955,615.893,0.9690,76.5,0.061,51.6,0.464,34.1,80.8,107,79.7,4.81,3.68,4.90,581.449,2482.37,12.93,0.029,0.0480,36.4799,7.52,6.89,37.3,32.4,0.803,285,229,76,0.73,0.089,0.0604,0.0604,1.127,1032,1032,15,1,159,0.9,115.7,113.0,37.2,38.5,114,38.8,111,40.1,84.3,39.8,31.4,45.6,5.01,5.01,4.10,-3.59,0.033452,3.87704042,0.240878,13.57207289
1099.00,0,1376.620,93.247,94.104,4680.016,615.893,0.9689,76.6,0.033,51.6,0.464,34.1,98.3,107,79.7,4.81,3.77,4.90,581.449,2822.75,12.93,0.029,0.0480,36.4799,7.52,7.90,37.3,32.4,0.804,285,229,108,0.90,0.623,0.0604,0.0604,1.127,1033,1033,15,1,160,0.3,119.9,117.2,33.9,35.3,118,35.7,115,37.2,84.3,39.8,31.4,45.6,5.01,5.01,5.30,-4.28,0.033455,3.87989626,0.240899,13.58260792
1100.00,0,1376.620,93.264,94.109,4680.079,615.893,0.9689,76.5,-0.086,51.6,0.464,34.1,89.7,107,79.7,4.81,3.70,4.90,581.449,2527.29,12.93,0.029,0.0480,36.4799,7.52,5.51,37.3,32.4,0.802,278,223,90,0.83,0.304,0.0604,0.0604,1.127,1034,1034,15,1,125,29.7,116.9,114.1,36.6,37.9,117,36.9,114,38.3,84.3,39.9,31.4,45.6,5.01,5.01,4.22,-3.17,0.033459,3.88275285,0.240929,13.59314287
1101.00,0,1376.620,93.272,94.110,4680.140,615.893,0.9689,76.5,0.176,51.6,0.464,34.1,92.8,107,79.7,4.81,3.72,4.90,581.449,2243.20,12.93,0.029,0.0480,36.4799,7.52,4.92,37.3,32.4,0.804,285,229,98,0.85,0.454,0.0604,0.0604,1.127,1033,1033,15,1,116,36.5,114.9,112.1,38.2,39.4,115,38.3,112,39.6,84.3,39.8,31.4,45.6,5.01,5.01,4.81,-3.32,0.033462,3.88560969,0.240947,13.60367996
1102.00,0,1376.620,93.287,94.097,4680.203,615.893,0.9690,76.5,0.668,51.6,0.464,34.1,103.6,107,79.7,4.81,3.73,4.90,581.449,2242.89,12.93,0.029,0.0480,36.4799,7.52,4.92,37.3,32.4,0.803,281,225,116,0.97,0.734,0.0604,0.0604,1.126,1033,1033,15,1,116,36.5,113.4,110.6,39.4,40.5,113,39.6,110,40.8,84.3,39.8,31.4,45.6,5.01,5.01,5.02,-3.41,0.033465,3.88846583,0.240977,13.61421605
1103.00,0,1376.620,93.295,94.101,4680.264,615.893,0.9690,76.5,0.116,51.6,0.464,34.1,87.7,107,79.7,4.81,3.69,4.90,581.436,2656.65,12.93,0.029,0.0480,36.4799,7.52,7.64,37.3,32.4,0.803,285,229,89,0.80,0.298,0.0604,0.0604,1.127,1033,1033,15,1,159,0.3,118.2,115.5,35.2,36.5,116,37.1,113,38.5,84.3,39.8,31.4,45.6,5.01,5.01,4.58,-4.23,0.033466,3.89132354,0.240996,13.62475473
1104.00,0,1376.620,93.309,94.111,4680.327,615.893,0.9689,76.6,-0.033,51.6,0.464,34.1,107.3,107,79.7,4.81,3.76,4.90,581.436,2791.60,12.93,0.029,0.0480,36.4799,7.52,7.34,37.3,32.4,0.803,283,228,124,0.99,0.870,0.0605,0.0605,1.126,1034,1034,15,1,156,3.0,119.2,116.4,34.6,36.0,117,36.1,115,37.5,84.3,39.9,31.4,45.6,5.01,5.01,5.70,-4.50,0.033469,3.89417955,0.241022,13.63529250
1105.00,0,1376.620,93.323,94.113,4680.388,615.893,0.9689,76.5,-0.032,51.6,0.464,34.1,83.0,107,79.7,4.82,3.66,4.90,581.436,2319.70,12.93,0.029,0.0480,36.4799,7.52,4.44,37.3,32.4,0.803,285,229,80,0.75,0.154,0.0605,0.0605,1.126,1034,1034,15,1,117,35.6,116.2,113.3,37.3,38.6,116,37.4,113,38.7,84.3,39.9,31.4,45.6,5.01,5.01,4.15,-2.95,0.033473,3.89703765,0.241044,13.64583236
1106.00,0,1376.620,93.329,94.091,4680.450,615.893,0.9690,76.6,0.001,51.6,0.463,34.1,101.2,107,79.7,4.81,3.78,4.90,581.436,2242.90,12.93,0.029,0.0480,36.4799,7.52,4.92,37.3,32.4,0.804,285,229,113,0.93,0.708,0.0605,0.0605,1.127,1033,1033,15,1,116,36.5,114.4,111.6,38.6,39.8,114,38.7,111,40.0,84.4,39.8,31.4,45.6,5.01,5.01,5.48,-3.74,0.033476,3.89989409,0.241066,13.65637223
1107.00,0,1376.620,93.341,94.104,4680.513,615.893,0.9691,76.5,-0.030,51.6,0.464,34.1,81.5,107,79.7,4.82,3.69,4.90,581.436,2338.93,12.93,0.029,0.0480,36.4703,7.52,6.12,37.3,32.4,0.803,282,226,77,0.74,0.087,0.0605,0.0605,1.126,1033,1033,15,1,148,9.7,113.7,111.0,39.0,40.2,113,39.7,110,40.9,84.4,39.7,31.4,45.6,5.01,5.01,3.94,-2.90,0.033478,3.90275195,0.241093,13.66691283
1108.00,0,1376.620,93.347,94.111,4680.574,615.893,0.9690,76.5,0.098,51.6,0.464,34.1,95.5,107,79.7,4.82,3.74,4.90,581.423,2781.04,12.93,0.029,0.0480,36.4703,7.52,7.99,37.3,32.4,0.804,285,229,103,0.87,0.535,0.0605,0.0605,1.126,1033,1033,15,1,160,0.3,119.7,117.0,34.1,35.4,118,35.9,115,37.3,84.4,39.8,31.4,45.6,5.02,5.02,5.10,-4.48,0.033479,3.90560920,0.241111,13.67745487
1109.00,0,1376.620,93.358,94.115,4680.637,615.893,0.9690,76.5,-0.073,51.6,0.464,34.1,98.0,107,79.7,4.82,3.72,4.90,581.423,2669.21,12.93,0.029,0.0480,36.4703,7.52,6.39,37.3,32.4,0.802,279,224,106,0.91,0.550,0.0606,0.0606,1.126,1034,1034,15,1,138,18.8,117.9,115.1,35.8,37.1,117,36.5,114,37.9,84.4,39.8,31.4,45.6,5.02,5.02,4.67,-3.62,0.033483,3.90846644,0.241140,13.68799623
1110.00,0,1376.620,93.363,94.115,4680.698,615.893,0.9690,76.5,0.212,51.6,0.464,34.1,90.2,107,79.7,4.82,3.70,4.90,581.423,2246.40,12.93,0.029,0.0480,36.4703,7.52,4.89,37.3,32.4,0.804,285,229,93,0.82,0.373,0.0606,0.0606,1.126,1033,1033,15,1,116,36.5,115.5,112.6,37.8,39.1,115,37.9,113,39.2,84.4,39.8,31.4,45.6,5.02,5.02,4.63,-3.24,0.033486,3.91132466,0.241157,13.69854013
1111.00,0,1376.620,93.372,94.107,4680.760,615.893,0.9691,76.6,-0.072,51.6,0.463,34.1,106.6,107,79.7,4.82,3.75,4.90,581.423,2242.89,12.93,0.029,0.0480,36.4703,7.52,4.92,37.3,32.4,0.803,282,226,122,0.99,0.835,0.0606,0.0606,1.126,1033,1033,15,1,116,36.5,113.9,111.2,39.0,40.2,114,39.2,111,40.4,84.4,39.7,31.4,45.6,5.02,5.02,5.37,-3.71,0.033488,3.91418159,0.241184,13.70908301
1112.00,0,1376.620,93.376,94.105,4680.822,615.893,0.9691,76.5,-0.010,51.6,0.463,34.1,85.3,107,79.7,4.82,3.67,4.90,581.411,2523.42,12.93,0.029,0.0480,36.4525,7.52,7.09,37.3,32.4,0.803,285,229,84,0.77,0.223,0.0606,0.0606,1.126,1032,1032,15,1,159,0.6,116.5,113.8,36.7,38.0,114,38.4,112,39.7,84.5,39.7,31.4,45.6,5.02,5.02,4.40,-3.93,0.033489,3.91704047,0.241203,13.71962837
1113.00,0,1376.620,93.384,94.109,4680.884,615.893,0.9690,76.6,-0.023,51.6,0.464,34.1,104.2,107,79.7,4.82,3.77,4.90,581.411,2824.22,12.93,0.029,0.0480,36.4525,7.52,7.82,37.3,32.4,0.804,285,229,119,0.96,0.794,0.0606,0.0606,1.126,1033,1033,15,1,160,0.3,120.0,117.3,34.0,35.3,118,35.8,115,37.2,84.4,39.8,31.4,45.6,5.02,5.02,5.74,-4.55,0.033491,3.91989746,0.241226,13.73017319
1114.00,0,1376.620,93.391,94.111,4680.946,615.893,0.9690,76.5,0.061,51.6,0.463,34.1,80.8,107,79.7,4.82,3.67,4.90,581.411,2482.25,12.93,0.029,0.0480,36.4525,7.52,5.26,37.3,32.4,0.803,285,229,76,0.73,0.086,0.0606,0.0606,1.126,1034,1034,15,1,122,31.6,116.9,114.0,36.8,38.1,117,37.0,114,38.4,84.4,39.8,31.4,45.6,5.02,5.02,4.00,-2.91,0.033494,3.92275630,0.241250,13.74071950
1115.00,0,1376.620,93.394,94.111,4681.007,615.893,0.9691,76.6,0.033,51.6,0.463,34.1,98.3,107,79.7,4.82,3.76,4.90,581.411,2243.04,12.93,0.029,0.0480,36.4525,7.52,4.92,37.3,32.4,0.804,285,229,108,0.90,0.618,0.0606,0.0606,1.126,1033,1033,15,1,116,36.5,115.0,112.1,38.2,39.5,115,38.3,112,39.6,84.5,39.8,31.4,45.6,5.02,5.02,5.24,-3.61,0.033497,3.92561390,0.241269,13.75126657
1116.00,0,1376.620,93.400,94.101,4681.070,615.893,0.9692,76.5,-0.086,51.6,0.463,34.1,89.7,107,79.7,4.82,3.70,4.90,581.411,2242.89,12.93,0.029,0.0480,36.4525,7.52,4.92,37.3,32.4,0.802,278,223,90,0.83,0.299,0.0607,0.0607,1.126,1033,1033,15,1,116,36.5,113.4,110.7,39.4,40.6,113,39.6,110,40.8,84.5,39.7,31.4,45.6,5.02,5.02,4.14,-2.74,0.033498,3.92847223,0.241297,13.76181353
1117.00,0,1376.620,93.404,94.102,4681.131,615.893,0.9692,76.5,0.176,51.6,0.463,34.1,92.8,107,79.7,4.82,3.72,4.90,581.398,2689.85,12.93,0.029,0.0480,36.4431,7.52,7.76,37.3,32.4,0.804,285,229,98,0.84,0.450,0.0607,0.0607,1.126,1033,1033,15,1,160,0.3,118.8,116.0,34.9,36.2,117,36.7,114,38.1,84.5,39.8,31.4,45.6,5.02,5.02,4.91,-4.50,0.033499,3.93133069,0.241312,13.77236256
1118.00,0,1376.620,93.410,94.111,4681.194,615.893,0.9691,76.5,0.668,51.6,0.463,34.1,103.6,107,79.7,4.82,3.73,4.90,581.398,2771.67,12.93,0.029,0.0480,36.4431,7.52,7.16,37.3,32.4,0.803,280,225,116,0.96,0.729,0.0607,0.0607,1.126,1034,1034,15,1,153,5.5,119.1,116.3,34.9,36.2,118,36.2,115,37.6,84.5,39.8,31.5,45.6,5.02,5.02,5.12,-4.05,0.033502,3.93418839,0.241340,13.78291059
1119.00,0,1376.620,93.413,94.113,4681.255,615.893,0.9691,76.5,0.116,51.6,0.463,34.1,87.8,107,79.7,4.82,3.68,4.90,581.398,2282.34,12.93,0.029,0.0480,36.4431,7.52,4.57,37.3,32.4,0.804,285,229,89,0.80,0.294,0.0607,0.0607,1.126,1034,1034,15,1,117,36.1,116.1,113.3,37.4,38.7,116,37.5,113,38.8,84.5,39.8,31.5,45.6,5.02,5.02,4.45,-3.20,0.033505,3.93704764,0.241356,13.79346123
1120.00,0,1376.620,93.418,94.097,4681.317,615.893,0.9692,76.6,-0.033,51.5,0.463,34.1,107.3,107,79.7,4.81,3.76,4.90,581.398,2242.90,12.93,0.029,0.0480,36.4431,7.52,4.92,37.3,32.4,0.804,283,228,124,0.99,0.864,0.0607,0.0607,1.126,1033,1033,15,1,116,36.5,114.5,111.7,38.6,39.9,114,38.8,111,40.0,84.5,39.7,31.5,45.6,5.03,5.03,5.60,-3.91,0.033506,3.93990519,0.241380,13.80401093
1121.00,0,1376.620,93.423,94.105,4681.379,615.893,0.9692,76.5,-0.032,51.6,0.463,34.1,83.0,107,79.7,4.82,3.66,4.90,581.372,2378.82,12.93,0.029,0.0480,36.4391,7.52,6.36,37.3,32.4,0.803,285,229,80,0.75,0.150,0.0608,0.0608,1.126,1032,1032,15,1,154,4.8,114.4,111.7,38.5,39.7,113,39.5,110,40.7,84.5,39.7,31.5,45.6,5.03,5.03,4.17,-3.23,0.033507,3.94276477,0.241401,13.81456265
1122.00,0,1376.620,93.425,94.111,4681.441,615.893,0.9692,76.6,0.001,51.6,0.463,34.1,101.2,107,79.7,4.82,3.78,4.90,581.372,2798.41,12.93,0.029,0.0480,36.4391,7.52,7.99,37.3,32.4,0.804,285,229,113,0.93,0.704,0.0608,0.0608,1.126,1033,1033,15,1,160,0.3,120.0,117.3,33.9,35.3,118,35.7,115,37.2,84.5,39.8,31.5,45.6,5.03,5.03,5.56,-4.77,0.033509,3.94562262,0.241421,13.82511433
1123.00,0,1376.620,93.430,94.116,4681.503,615.893,0.9691,76.5,-0.030,51.6,0.463,34.1,81.5,107,79.7,4.82,3.69,4.90,581.372,2631.90,12.93,0.029,0.0480,36.4391,7.52,6.14,37.3,32.4,0.803,282,226,76,0.74,0.084,0.0608,0.0608,1.126,1034,1034,15,1,133,22.5,117.7,115.0,36.1,37.4,117,36.6,114,38.0,84.5,39.8,31.5,45.6,5.03,5.03,3.94,-2.96,0.033511,3.94848185,0.241446,13.83566672
1124.00,0,1376.620,93.432,94.116,4681.564,615.893,0.9692,76.5,0.098,51.6,0.463,34.1,95.5,107,79.7,4.82,3.74,4.90,581.372,2244.64,12.93,0.029,0.0480,36.4391,7.52,4.90,37.3,32.4,0.804,285,229,103,0.87,0.529,0.0608,0.0608,1.126,1033,1033,15,1,116,36.5,115.5,112.7,37.8,39.1,115,37.9,113,39.2,84.5,39.8,31.5,45.6,5.03,5.03,5.00,-3.50,0.033514,3.95134048,0.241462,13.84622057
1125.00,0,1376.620,93.435,94.101,4681.627,615.893,0.9693,76.5,-0.073,51.6,0.463,34.1,98.0,107,79.7,4.82,3.72,4.90,581.372,2242.89,12.93,0.029,0.0480,36.4391,7.52,4.92,37.3,32.4,0.802,279,224,105,0.91,0.545,0.0608,0.0608,1.126,1033,1033,15,1,116,36.5,114.0,111.2,39.1,40.3,114,39.2,111,40.5,84.6,39.7,31.5,45.6,5.03,5.03,4.57,-3.13,0.033515,3.95419906,0.241490,13.85677369
1126.00,0,1376.620,93.437,94.108,4681.688,615.893,0.9693,76.5,0.212,51.6,0.463,34.1,90.2,107,79.7,4.82,3.70,4.90,581.345,2563.48,12.93,0.029,0.0479,36.4268,7.52,7.27,37.3,32.4,0.804,285,229,93,0.82,0.368,0.0608,0.0608,1.126,1032,1032,15,1,159,0.4,117.2,114.5,36.2,37.5,115,38.0,112,39.3,84.6,39.7,31.5,45.6,5.03,5.03,4.73,-4.27,0.033516,3.95705856,0.241504,13.86732927
1127.00,0,1376.620,93.440,94.117,4681.751,615.893,0.9692,76.6,-0.072,51.6,0.463,34.1,106.6,107,79.7,4.82,3.74,4.90,581.345,2820.82,12.93,0.029,0.0479,36.4268,7.52,7.71,37.3,32.4,0.803,282,226,122,0.99,0.829,0.0609,0.0609,1.126,1033,1033,15,1,159,0.4,120.0,117.3,34.0,35.4,118,35.8,115,37.2,84.6,39.8,31.5,45.6,5.03,5.03,5.47,-4.38,0.033518,3.95991670,0.241530,13.87788378
1128.00,0,1376.620,93.441,94.119,4681.812,615.893,0.9692,76.5,-0.010,51.6,0.463,34.1,85.4,107,79.7,4.82,3.67,4.90,581.345,2436.20,12.93,0.029,0.0479,36.4268,7.52,5.02,37.3,32.4,0.803,285,229,84,0.77,0.219,0.0609,0.0609,1.126,1034,1034,15,1,121,33.1,116.8,114.0,36.9,38.2,117,37.1,114,38.4,84.6,39.8,31.5,45.6,5.03,5.03,4.29,-3.12,0.033520,3.96277677,0.241547,13.88844074
1129.00,0,1376.620,93.443,94.116,4681.874,615.893,0.9693,76.6,-0.023,51.6,0.463,34.1,104.2,107,79.7,4.82,3.77,4.90,581.345,2242.97,12.93,0.029,0.0479,36.4268,7.52,4.92,37.3,32.4,0.804,285,229,119,0.95,0.789,0.0609,0.0609,1.126,1033,1033,15,1,116,36.5,115.0,112.2,38.3,39.5,115,38.4,112,39.7,84.6,39.7,31.5,45.6,5.03,5.03,5.65,-3.96,0.033522,3.96563502,0.241568,13.89899716
1130.00,0,1376.620,93.444,94.108,4681.936,615.893,0.9693,76.5,0.061,51.6,0.463,34.1,80.8,107,79.7,4.82,3.67,4.90,581.345,2256.79,12.93,0.029,0.0479,36.4075,7.52,5.38,37.3,32.4,0.803,285,229,76,0.73,0.082,0.0609,0.0609,1.126,1033,1033,15,1,120,33.8,113.4,110.7,39.4,40.6,113,39.7,110,40.9,84.6,39.7,31.5,45.6,5.03,5.03,3.96,-2.61,0.033523,3.96849512,0.241590,13.90955506
1131.00,0,1376.620,93.445,94.110,4681.998,615.893,0.9693,76.6,0.033,51.6,0.463,34.1,98.3,107,79.7,4.82,3.76,4.90,581.316,2720.10,12.93,0.029,0.0479,36.4075,7.52,7.85,37.3,32.4,0.804,285,229,108,0.90,0.613,0.0609,0.0609,1.126,1033,1033,15,1,160,0.3,119.3,116.5,34.5,35.9,117,36.4,114,37.8,84.6,39.7,31.5,45.6,5.03,5.03,5.34,-4.80,0.033523,3.97135390,0.241608,13.92011367
1132.00,0,1376.620,93.446,94.114,4682.061,615.893,0.9692,76.5,-0.086,51.6,0.463,34.1,89.7,107,79.7,4.82,3.70,4.90,581.316,2747.34,12.93,0.029,0.0479,36.4075,7.52,6.96,37.3,32.4,0.802,278,223,90,0.83,0.295,0.0609,0.0609,1.126,1034,1034,15,1,149,8.9,118.9,116.1,35.1,36.4,118,36.2,115,37.6,84.6,39.8,31.5,45.6,5.04,5.04,4.21,-3.27,0.033526,3.97421334,0.241634,13.93067219
1133.00,0,1376.620,93.446,94.115,4682.121,615.893,0.9692,76.5,0.176,51.6,0.463,34.1,92.8,107,79.7,4.82,3.72,4.90,581.316,2262.80,12.93,0.029,0.0479,36.4075,7.52,4.74,37.3,32.4,0.804,285,229,98,0.84,0.445,0.0610,0.0610,1.126,1034,1034,15,1,117,36.2,116.0,113.2,37.5,38.8,116,37.5,113,38.9,84.6,39.8,31.5,45.6,5.04,5.04,4.79,-3.43,0.033528,3.97707293,0.241648,13.94123281
1134.00,0,1376.620,93.446,94.106,4682.184,615.893,0.9693,76.6,0.668,51.5,0.463,34.1,103.6,107,79.7,4.82,3.73,4.90,581.316,2242.89,12.93,0.029,0.0479,36.4075,7.52,4.92,37.3,32.4,0.803,280,225,116,0.96,0.723,0.0610,0.0610,1.126,1033,1033,15,1,117,36.5,114.5,111.7,38.7,39.9,114,38.8,112,40.1,84.7,39.7,31.5,45.6,5.04,5.04,5.02,-3.51,0.033530,3.97993179,0.241674,13.95179243
1135.00,0,1376.620,93.446,94.105,4682.245,615.893,0.9694,76.5,0.116,51.5,0.463,34.1,87.8,107,79.7,4.82,3.68,4.90,581.286,2419.94,12.93,0.029,0.0479,36.3974,7.52,6.58,37.3,32.4,0.804,285,229,89,0.79,0.290,0.0610,0.0610,1.126,1032,1032,15,1,157,2.4,115.1,112.4,38.0,39.2,114,39.3,111,40.5,84.7,39.7,31.5,45.6,5.04,5.04,4.50,-3.67,0.033530,3.98279215,0.241689,13.96235461
1136.00,0,1376.620,93.447,94.111,4682.307,615.893,0.9693,76.6,-0.033,51.6,0.463,34.1,107.3,107,79.7,4.82,3.76,4.90,581.286,2811.42,12.93,0.029,0.0479,36.3974,7.52,7.98,37.3,32.4,0.804,283,228,124,0.99,0.859,0.0610,0.0610,1.126,1033,1033,15,1,160,0.3,120.3,117.5,33.8,35.2,118,35.6,115,37.1,84.6,39.8,31.5,45.6,5.04,5.04,5.72,-4.88,0.033531,3.98565074,0.241711,13.97291584
1137.00,0,1376.620,93.447,94.116,4682.369,615.893,0.9693,76.5,-0.032,51.6,0.463,34.1,83.0,107,79.7,4.82,3.66,4.90,581.286,2591.79,12.93,0.029,0.0479,36.3974,7.52,5.89,37.3,32.4,0.803,285,229,80,0.75,0.147,0.0610,0.0610,1.126,1034,1034,15,1,129,25.7,117.6,114.8,36.3,37.6,117,36.7,114,38.1,84.6,39.8,31.5,45.6,5.04,5.04,4.13,-3.07,0.033533,3.98851132,0.241730,13.98347910
1138.00,0,1376.620,93.447,94.117,4682.431,615.893,0.9693,76.6,0.001,51.6,0.463,34.1,101.2,107,79.7,4.82,3.78,4.90,581.286,2243.76,12.93,0.029,0.0479,36.3974,7.52,4.91,37.3,32.4,0.804,285,229,113,0.92,0.698,0.0610,0.0610,1.126,1033,1033,15,1,117,36.4,115.5,112.7,37.9,39.2,115,38.0,113,39.3,84.7,39.7,31.5,45.6,5.04,5.04,5.46,-3.84,0.033535,3.99137021,0.241749,13.99404233
1139.00,0,1376.620,93.447,94.104,4682.494,615.893,0.9694,76.5,-0.030,51.5,0.463,34.1,81.5,107,79.7,4.82,3.69,4.90,581.286,2242.89,12.93,0.029,0.0479,36.3974,7.52,4.92,37.3,32.4,0.803,282,226,76,0.74,0.080,0.0611,0.0611,1.126,1033,1033,15,1,117,36.5,113.9,111.2,39.1,40.3,114,39.3,111,40.5,84.7,39.7,31.5,45.6,5.04,5.04,3.89,-2.54,0.033536,3.99423047,0.241773,14.00460624
1140.00,0,1376.620,93.447,94.108,4682.554,615.893,0.9694,76.5,0.098,51.5,0.463,34.1,95.5,107,79.7,4.82,3.74,4.90,581.237,2602.05,12.93,0.029,0.0479,36.3933,7.52,7.43,37.3,32.4,0.804,285,229,103,0.87,0.525,0.0611,0.0611,1.126,1033,1033,15,1,159,0.4,117.8,115.1,35.7,37.0,116,37.6,113,38.9,84.7,39.7,31.5,45.6,5.04,5.04,5.11,-4.62,0.033536,3.99709006,0.241787,14.01517153
