Time(s),Hemorrhage-Spleen-FlowRate(mL/s),Hemorrhage-Spleen-TotalBloodLost(mL),TotalHemorrhageRate(mL/s),TotalHemorrhagedVolume(mL),HeartRate(1/min),MeanArterialPressure(mmHg),BloodVolume(mL),RespirationRate(1/min),OxygenSaturation,Patient-Weight(kg),ECG-Lead3ElectricPotential(mV),HeartStrokeVolume(mL),HeartEjectionFraction,ExtravascularFluidVolume(L),ArterialPressure(mmHg),SystolicArterialPressure(mmHg),DiastolicArterialPressure(mmHg),CardiacOutput(L/min),HemoglobinContent(g),CentralVenousPressure(mmHg),PulmonaryCapillariesWedgePressure(mmHg),TidalVolume(mL),TotalLungVolume(mL),CarbonDioxideSaturation,EndTidalCarbonDioxideFraction,EndTidalCarbonDioxidePressure(mmHg),TotalAlveolarVentilation(L/min),TranspulmonaryPressure(cmH2O),CoreTemperature(degC),SkinTemperature(degC),RespiratoryExchangeRatio,OxygenConsumptionRate(mL/min),CarbonDioxideProductionRate(mL/min),GlomerularFiltrationRate(mL/min),RenalBloodFlow(L/min),UrineProductionRate(mL/min),LeftAfferentArterioleResistance(mmHg_min/mL),RightAfferentArterioleResistance(mmHg_min/mL),SystemicVascularResistance(mmHg_s/mL),LeftAlveoli-Pressure(cmH2O),RightAlveoli-Pressure(cmH2O),Pericardium-Volume(mL),Pericardium-Pressure(mmHg),Carina-Oxygen-PartialPressure(mmHg),Carina-CarbonDioxide-PartialPressure(mmHg),LeftLungPulmonary-Oxygen-PartialPressure(mmHg),RightLungPulmonary-Oxygen-PartialPressure(mmHg),LeftLungPulmonary-CarbonDioxide-PartialPressure(mmHg),RightLungPulmonary-CarbonDioxide-PartialPressure(mmHg),LeftAlveoli-Oxygen-PartialPressure(mmHg),LeftAlveoli-CarbonDioxide-PartialPressure(mmHg),RightAlveoli-Oxygen-PartialPressure(mmHg),RightAlveoli-CarbonDioxide-PartialPressure(mmHg),Aorta-Oxygen-PartialPressure(mmHg),Aorta-CarbonDioxide-PartialPressure(mmHg),VenaCava-Oxygen-PartialPressure(mmHg),VenaCava-CarbonDioxide-PartialPressure(mmHg),RightTubules-Sodium-Concentration(g/L),LeftTubules-Sodium-Concentration(g/L),Oxygen-AlveolarTransfer(mL/s),CarbonDioxide-AlveolarTransfer(mL/s),Epinephrine-BloodConcentration(ug/L),Epinephrine-SystemicMassCleared(ug),Norepinephrine-BloodConcentration(ug/L),Norepinephrine-SystemicMassCleared(ug)
0.00,-1.$,-1.$,0,0,72.000,95.323,5488.939,12.000,0.9741,77.1,-0.010,80.4,0.566,34.1,106.6,114,73.6,5.79,821,4.80,6.46,535.260,2355.33,0.029,0.0476,36.1797,6.42,6.15,37.0,32.9,0.820,252,207,123,1.17,1.345,0.0423,0.0423,0.940,1033,1033,15,1,151,7.1,112.0,109.3,38.8,39.7,111,39.7,108,40.6,89.0,39.4,38.2,44.3,4.03,4.03,5.00,-3.63,0.032221,0.76050182,0.198656,2.67364139
1.00,-1.$,-1.$,0,0,72.002,95.325,5488.978,12.000,0.9741,77.0,0.161,80.4,0.566,34.1,93.2,114,73.6,5.79,821,4.72,6.46,535.260,2742.08,0.029,0.0476,36.1797,6.42,7.73,37.0,32.9,0.820,252,206,98,1.02,0.874,0.0423,0.0423,0.940,1033,1033,15,1,160,0.3,117.6,114.8,34.5,35.6,115,36.3,112,37.5,89.0,39.5,38.2,44.3,4.03,4.03,4.33,-3.83,0.032222,0.76334229,0.198683,2.68322370
2.00,-1.$,-1.$,0,0,72.004,95.331,5489.018,12.000,0.9740,77.0,-0.006,80.4,0.566,34.1,81.9,114,73.6,5.79,821,4.64,6.46,535.260,2643.54,0.029,0.0476,36.1797,6.42,6.35,37.0,32.9,0.819,251,205,78,0.88,0.477,0.0423,0.0423,0.940,1034,1034,15,1,139,16.8,115.8,113.0,36.1,37.1,115,36.9,112,38.0,88.9,39.5,38.2,44.3,4.03,4.03,3.67,-2.66,0.032224,0.76618227,0.198720,2.69280623
3.00,-1.$,-1.$,0,0,72.008,95.332,5489.060,12.000,0.9740,77.0,0.041,80.4,0.566,34.1,76.1,114,73.6,5.79,821,4.65,6.46,535.260,2247.81,0.029,0.0476,36.1797,6.42,4.87,37.0,32.9,0.817,248,203,67,0.83,0.246,0.0423,0.0423,0.940,1033,1033,15,1,115,36.2,113.6,110.7,37.8,38.9,113,37.9,111,39.0,89.0,39.5,38.2,44.3,4.03,4.03,3.20,-2.17,0.032227,0.76902121,0.198764,2.70238952
4.00,-1.$,-1.$,0,0,72.009,95.318,5489.100,12.000,0.9741,77.1,0.214,80.3,0.566,34.1,111.0,114,73.6,5.79,821,4.72,6.46,535.260,2242.89,0.029,0.0476,36.1797,6.42,4.92,37.0,32.9,0.818,250,204,130,1.25,1.438,0.0423,0.0423,0.940,1033,1033,15,1,115,36.2,112.2,109.4,38.8,39.8,112,39.0,109,40.0,89.0,39.4,38.2,44.3,4.03,4.03,4.38,-2.96,0.032228,0.77185945,0.198796,2.71197419
5.00,-1.$,-1.$,0,0,72.011,95.320,5489.138,12.000,0.9741,77.1,-0.024,80.4,0.566,34.1,110.4,114,73.6,5.79,821,4.78,6.46,534.866,2355.32,0.029,0.0476,36.2013,6.42,6.15,37.0,32.9,0.820,252,207,130,1.22,1.470,0.0423,0.0423,0.940,1033,1033,15,1,151,7.1,112.0,109.3,38.8,39.8,111,39.7,108,40.6,89.0,39.4,38.2,44.3,4.03,4.03,5.10,-3.74,0.032227,0.77469907,0.198814,2.72156180
6.00,-1.$,-1.$,0,0,72.012,95.322,5489.177,12.000,0.9741,77.1,0.098,80.4,0.566,34.1,96.3,114,73.6,5.79,821,4.75,6.46,534.866,2741.94,0.029,0.0476,36.2013,6.42,7.73,37.0,32.9,0.820,252,207,104,1.05,0.984,0.0423,0.0423,0.940,1033,1033,15,1,160,0.3,117.6,114.8,34.5,35.6,115,36.3,112,37.5,89.0,39.5,38.2,44.3,4.03,4.03,4.52,-3.97,0.032228,0.77753983,0.198838,2.73115146
7.00,-1.$,-1.$,0,0,72.013,95.328,5489.217,12.000,0.9740,77.0,0.098,80.4,0.566,34.1,84.5,114,73.6,5.79,821,4.65,6.46,534.866,2643.24,0.029,0.0476,36.2013,6.42,6.35,37.0,32.9,0.819,251,206,83,0.91,0.568,0.0423,0.0423,0.939,1034,1034,15,1,139,16.9,115.8,113.0,36.1,37.2,115,36.9,112,38.1,89.0,39.6,38.2,44.3,4.04,4.04,3.80,-2.76,0.032230,0.78038030,0.198873,2.74074125
8.00,-1.$,-1.$,0,0,72.016,95.331,5489.258,12.000,0.9740,77.0,0.017,80.4,0.566,34.1,74.6,114,73.6,5.79,821,4.63,6.46,534.866,2247.79,0.029,0.0476,36.2013,6.42,4.87,37.0,32.9,0.818,250,205,65,0.80,0.224,0.0423,0.0423,0.939,1033,1033,15,1,115,36.2,113.6,110.7,37.9,38.9,113,38.0,111,39.0,89.0,39.6,38.2,44.3,4.04,4.04,3.29,-2.21,0.032233,0.78321991,0.198916,2.75033185
9.00,-1.$,-1.$,0,0,72.017,95.319,5489.298,12.000,0.9741,77.1,-0.090,80.3,0.566,34.1,105.9,114,73.6,5.79,821,4.70,6.46,534.866,2242.89,0.029,0.0476,36.2013,6.42,4.92,37.0,32.9,0.817,249,203,120,1.19,1.243,0.0423,0.0423,0.940,1033,1033,15,1,115,36.3,112.2,109.4,38.9,39.8,112,39.0,109,40.0,89.0,39.5,38.2,44.3,4.04,4.04,4.00,-2.70,0.032234,0.78605845,0.198955,2.75992343
10.00,-1.$,-1.$,0,0,72.018,95.320,5489.337,12.000,0.9741,77.1,-0.029,80.4,0.566,34.1,113.6,114,73.6,5.79,821,4.77,6.46,534.667,2355.32,0.029,0.0477,36.2227,6.42,6.15,37.0,32.9,0.819,252,206,135,1.26,1.563,0.0423,0.0423,0.939,1033,1033,15,1,151,7.1,112.0,109.3,38.8,39.8,111,39.7,108,40.7,89.1,39.5,38.2,44.3,4.04,4.04,5.07,-3.75,0.032234,0.78889800,0.198974,2.76951778
11.00,-1.$,-1.$,0,0,72.019,95.322,5489.375,12.000,0.9740,77.1,0.043,80.4,0.566,34.1,99.6,114,73.6,5.79,821,4.78,6.46,534.667,2741.96,0.029,0.0477,36.2227,6.42,7.73,37.0,32.9,0.820,252,207,110,1.09,1.099,0.0423,0.0423,0.939,1033,1033,15,1,160,0.3,117.7,114.9,34.5,35.6,115,36.4,112,37.5,89.0,39.5,38.2,44.3,4.04,4.04,4.72,-4.12,0.032235,0.79173898,0.198996,2.77911465
12.00,-1.$,-1.$,0,0,72.020,95.328,5489.415,12.000,0.9740,77.0,0.205,80.4,0.566,34.1,87.3,114,73.6,5.79,821,4.67,6.46,534.667,2643.24,0.029,0.0477,36.2227,6.42,6.35,37.0,32.9,0.819,251,206,88,0.95,0.665,0.0423,0.0423,0.939,1034,1034,15,1,139,16.9,115.8,113.1,36.1,37.2,115,36.9,112,38.1,89.0,39.6,38.2,44.3,4.04,4.04,3.94,-2.86,0.032237,0.79457994,0.199029,2.78871183
13.00,-1.$,-1.$,0,0,72.022,95.331,5489.456,12.000,0.9740,77.0,-0.032,80.4,0.566,34.1,76.9,114,73.6,5.79,821,4.62,6.46,534.667,2247.79,0.029,0.0477,36.2227,6.42,4.87,37.0,32.9,0.818,250,205,69,0.83,0.303,0.0423,0.0423,0.939,1033,1033,15,1,115,36.2,113.6,110.7,37.9,38.9,113,38.0,111,39.1,89.0,39.6,38.2,44.3,4.04,4.04,3.40,-2.29,0.032240,0.79742021,0.199070,2.79830975
14.00,-1.$,-1.$,0,0,72.022,95.320,5489.497,12.000,0.9741,77.0,-0.073,80.3,0.566,34.1,97.5,114,73.6,5.79,821,4.68,6.46,534.667,2242.89,0.029,0.0477,36.2227,6.42,4.92,37.0,32.9,0.816,247,202,105,1.10,0.939,0.0423,0.0423,0.940,1033,1033,15,1,115,36.3,112.3,109.5,38.9,39.9,112,39.1,109,40.1,89.0,39.5,38.2,44.3,4.04,4.04,3.60,-2.40,0.032242,0.80025926,0.199114,2.80790843
15.00,-1.$,-1.$,0,0,72.023,95.321,5489.536,12.000,0.9741,77.1,-0.041,80.4,0.566,34.1,114.3,114,73.6,5.79,821,4.75,6.46,534.684,2355.33,0.029,0.0477,36.2435,6.42,6.15,37.0,32.9,0.819,251,206,136,1.27,1.576,0.0423,0.0423,0.939,1033,1033,15,1,151,7.1,112.1,109.3,38.9,39.8,111,39.7,108,40.7,89.1,39.5,38.2,44.3,4.04,4.04,4.94,-3.69,0.032242,0.80309879,0.199135,2.81750952
16.00,-1.$,-1.$,0,0,72.023,95.322,5489.574,12.000,0.9740,77.1,0.021,80.4,0.566,34.1,103.0,114,73.6,5.79,821,4.81,6.46,534.684,2742.01,0.029,0.0477,36.2435,6.42,7.73,37.0,32.9,0.820,252,207,116,1.13,1.219,0.0423,0.0423,0.939,1033,1033,15,1,160,0.3,117.7,114.9,34.5,35.6,115,36.4,112,37.6,89.0,39.6,38.2,44.3,4.04,4.04,4.93,-4.29,0.032242,0.80593986,0.199156,2.82711339
17.00,-1.$,-1.$,0,0,72.024,95.328,5489.613,12.000,0.9740,77.0,0.205,80.4,0.566,34.1,90.1,114,73.6,5.79,821,4.69,6.46,534.684,2643.24,0.029,0.0477,36.2435,6.42,6.35,37.0,32.9,0.819,252,206,93,0.98,0.765,0.0423,0.0423,0.939,1034,1034,15,1,139,16.9,115.8,113.1,36.2,37.2,115,37.0,112,38.1,89.0,39.6,38.2,44.3,4.04,4.04,4.09,-2.97,0.032245,0.80878132,0.199186,2.83671813
18.00,-1.$,-1.$,0,0,72.025,95.331,5489.654,12.000,0.9740,77.0,-0.039,80.4,0.566,34.1,79.4,114,73.6,5.79,821,4.63,6.46,534.684,2247.79,0.029,0.0477,36.2435,6.42,4.87,37.0,32.9,0.819,251,205,74,0.85,0.387,0.0423,0.0423,0.939,1033,1033,15,1,115,36.2,113.6,110.7,37.9,39.0,113,38.0,111,39.1,89.0,39.6,38.2,44.3,4.04,4.04,3.52,-2.38,0.032248,0.81162221,0.199226,2.84632337
19.00,-1.$,-1.$,0,0,72.025,95.322,5489.696,12.000,0.9740,77.0,-0.048,80.3,0.566,34.1,86.5,114,73.6,5.79,821,4.67,6.46,534.684,2242.89,0.029,0.0477,36.2435,6.42,4.92,37.0,32.9,0.816,247,202,85,0.97,0.560,0.0423,0.0423,0.939,1033,1033,15,1,115,36.3,112.2,109.5,38.9,39.9,112,39.1,109,40.1,89.1,39.5,38.2,44.3,4.05,4.05,3.30,-2.14,0.032250,0.81446192,0.199272,2.85592931
20.00,-1.$,-1.$,0,0,72.025,95.321,5489.734,12.000,0.9741,77.1,0.017,80.4,0.566,34.1,113.5,114,73.6,5.79,821,4.73,6.46,534.727,2355.35,0.029,0.0477,36.2626,6.42,6.15,37.0,32.9,0.818,250,205,135,1.27,1.538,0.0423,0.0423,0.939,1033,1033,15,1,151,7.1,112.1,109.4,38.9,39.8,111,39.7,108,40.7,89.1,39.5,38.2,44.3,4.05,4.05,4.72,-3.57,0.032250,0.81730149,0.199298,2.86553718
21.00,-1.$,-1.$,0,0,72.026,95.326,5489.773,12.000,0.9740,77.1,-0.010,80.4,0.566,34.1,106.6,114,73.6,5.79,821,4.80,6.46,534.727,2742.07,0.029,0.0477,36.2626,6.42,7.73,37.0,32.9,0.820,252,207,123,1.17,1.342,0.0423,0.0423,0.939,1033,1033,15,1,160,0.3,117.7,114.9,34.5,35.7,115,36.4,112,37.6,89.0,39.6,38.2,44.3,4.05,4.05,5.13,-4.46,0.032251,0.82014260,0.199317,2.87514798
22.00,-1.$,-1.$,0,0,72.026,95.330,5489.812,12.000,0.9740,77.0,0.161,80.4,0.566,34.1,93.2,114,73.6,5.79,821,4.72,6.46,534.727,2643.24,0.029,0.0477,36.2626,6.42,6.35,37.0,32.9,0.820,252,206,99,1.02,0.870,0.0423,0.0423,0.939,1034,1034,15,1,139,16.9,115.8,113.1,36.2,37.2,115,37.0,112,38.1,89.0,39.6,38.2,44.3,4.05,4.05,4.25,-3.08,0.032253,0.82298449,0.199345,2.88476028
23.00,-1.$,-1.$,0,0,72.026,95.331,5489.852,12.000,0.9740,77.0,-0.006,80.4,0.566,34.1,81.9,114,73.6,5.79,821,4.64,6.46,534.727,2247.78,0.029,0.0477,36.2626,6.42,4.87,37.0,32.9,0.819,251,205,78,0.88,0.474,0.0423,0.0423,0.939,1033,1033,15,1,115,36.3,113.6,110.7,37.9,39.0,113,38.0,111,39.1,89.0,39.6,38.2,44.3,4.05,4.05,3.65,-2.46,0.032256,0.82582596,0.199383,2.89437286
24.00,-1.$,-1.$,0,0,72.026,95.322,5489.894,12.000,0.9740,77.0,0.041,80.4,0.566,34.1,76.1,114,73.6,5.79,821,4.65,6.46,534.727,2242.89,0.029,0.0477,36.2626,6.42,4.92,37.0,32.9,0.817,248,203,67,0.83,0.244,0.0423,0.0423,0.939,1033,1033,15,1,115,36.3,112.2,109.5,38.9,39.9,112,39.1,109,40.1,89.1,39.6,38.2,44.3,4.05,4.05,3.19,-2.02,0.032258,0.82866638,0.199428,2.90398618
25.00,-1.$,-1.$,0,0,72.026,95.321,5489.933,12.000,0.9741,77.1,0.214,80.4,0.566,34.1,111.0,114,73.6,5.79,821,4.72,6.46,534.776,2355.36,0.029,0.0477,36.2807,6.42,6.15,37.0,32.9,0.818,250,204,130,1.25,1.434,0.0423,0.0423,0.939,1033,1033,15,1,151,7.1,112.1,109.4,38.9,39.8,111,39.7,108,40.7,89.1,39.6,38.2,44.3,4.05,4.05,4.41,-3.37,0.032258,0.83150610,0.199461,2.91360092
26.00,-1.$,-1.$,0,0,72.026,95.326,5489.971,12.000,0.9740,77.1,-0.024,80.4,0.566,34.1,110.4,114,73.6,5.79,821,4.79,6.46,534.776,2742.13,0.029,0.0477,36.2807,6.42,7.73,37.0,32.9,0.820,252,207,130,1.22,1.467,0.0423,0.0423,0.939,1033,1033,15,1,160,0.3,117.7,114.9,34.5,35.7,115,36.4,112,37.6,89.0,39.6,38.2,44.3,4.05,4.05,5.25,-4.60,0.032259,0.83434718,0.199480,2.92321862
27.00,-1.$,-1.$,0,0,72.026,95.329,5490.010,12.000,0.9739,77.1,0.098,80.4,0.566,34.1,96.3,114,73.6,5.79,821,4.75,6.46,534.776,2643.24,0.029,0.0477,36.2807,6.42,6.35,37.0,32.9,0.820,252,207,104,1.05,0.981,0.0423,0.0423,0.939,1034,1034,15,1,139,16.9,115.9,113.1,36.2,37.3,115,37.0,112,38.2,89.0,39.7,38.2,44.3,4.05,4.05,4.43,-3.21,0.032261,0.83718941,0.199506,2.93283839
28.00,-1.$,-1.$,0,0,72.026,95.331,5490.051,12.000,0.9740,77.0,0.098,80.4,0.566,34.1,84.5,114,73.6,5.79,821,4.65,6.46,534.776,2247.77,0.029,0.0477,36.2807,6.42,4.87,37.0,32.9,0.819,251,206,83,0.91,0.566,0.0423,0.0423,0.939,1033,1033,15,1,115,36.3,113.6,110.7,38.0,39.0,113,38.1,111,39.2,89.0,39.6,38.2,44.3,4.06,4.06,3.78,-2.56,0.032264,0.84003138,0.199541,2.94245832
29.00,-1.$,-1.$,0,0,72.025,95.323,5490.092,12.000,0.9740,77.0,0.017,80.4,0.566,34.1,74.6,114,73.6,5.79,821,4.63,6.46,534.776,2242.89,0.029,0.0477,36.2807,6.42,4.92,37.0,32.9,0.818,250,205,65,0.80,0.222,0.0423,0.0423,0.939,1033,1033,15,1,115,36.3,112.2,109.4,39.0,40.0,112,39.1,109,40.2,89.1,39.6,38.2,44.3,4.06,4.06,3.28,-2.07,0.032266,0.84287251,0.199585,2.95207905
30.00,-1.$,-1.$,0,0,72.025,95.322,5490.132,12.000,0.9741,77.1,-0.090,80.4,0.566,34.1,105.9,114,73.6,5.79,821,4.70,6.46,534.832,2355.38,0.029,0.0478,36.2986,6.42,6.15,37.0,32.9,0.817,249,203,120,1.19,1.239,0.0423,0.0423,0.939,1033,1033,15,1,151,7.1,112.1,109.4,38.9,39.9,111,39.8,108,40.7,89.1,39.6,38.2,44.3,4.06,4.06,4.03,-3.12,0.032267,0.84571255,0.199625,2.96170078
31.00,1,0.980,1,0.980,72.024,95.543,5489.170,12.000,0.9740,77.1,-0.029,80.3,0.565,34.1,114.2,114,73.6,5.79,821,4.77,6.46,534.832,2742.20,0.029,0.0478,36.2986,6.42,7.73,37.0,32.9,0.819,252,206,136,1.27,1.581,0.0423,0.0423,0.942,1033,1033,15,1,160,0.3,117.7,114.9,34.5,35.7,115,36.4,112,37.6,89.1,39.6,38.2,44.3,4.06,4.06,5.23,-4.62,0.032267,0.84855397,0.199632,2.97132551
32.00,1,1.980,1,1.980,72.018,95.944,5488.209,12.000,0.9739,77.1,0.043,80.1,0.564,34.1,100.3,115,74.1,5.77,821,4.78,6.46,534.832,2643.23,0.029,0.0478,36.2986,6.42,6.35,37.0,32.9,0.820,252,207,111,1.10,1.124,0.0423,0.0423,0.948,1034,1034,15,1,139,16.9,115.9,113.1,36.2,37.3,115,37.0,112,38.2,89.0,39.7,38.2,44.3,4.06,4.06,4.63,-3.37,0.032270,0.85139825,0.199642,2.98095403
33.00,1,2.980,1,2.980,71.994,96.011,5487.249,12.000,0.9740,77.0,0.205,80.1,0.564,34.1,87.8,115,74.3,5.77,821,4.68,6.46,534.832,2247.77,0.029,0.0478,36.2986,6.42,4.87,37.0,32.9,0.819,252,206,89,0.96,0.684,0.0423,0.0423,0.949,1033,1033,15,1,115,36.3,113.6,110.7,38.0,39.1,113,38.1,111,39.2,89.0,39.7,38.2,44.3,4.06,4.06,3.92,-2.65,0.032272,0.85424377,0.199659,2.99058519
34.00,1,3.980,1,3.980,71.896,95.758,5486.291,12.000,0.9740,77.0,-0.032,80.3,0.564,34.1,77.3,115,74.1,5.77,821,4.62,6.47,534.832,2242.89,0.029,0.0478,36.2986,6.42,4.92,37.0,32.9,0.819,250,205,70,0.84,0.315,0.0423,0.0423,0.947,1033,1033,15,1,115,36.4,112.2,109.4,39.0,40.0,112,39.2,109,40.2,89.1,39.6,38.2,44.3,4.06,4.06,3.39,-2.14,0.032274,0.85708914,0.199685,3.00022027
35.00,1,4.980,1,4.980,71.832,95.601,5485.333,12.048,0.9741,77.0,-0.073,80.3,0.565,34.1,97.7,115,73.9,5.77,821,4.69,6.47,534.892,2364.45,0.029,0.0478,36.3164,6.44,6.21,37.0,32.9,0.816,248,202,104,1.11,0.942,0.0423,0.0423,0.945,1033,1033,15,1,152,6.0,112.2,109.5,38.8,39.8,111,39.7,108,40.7,89.1,39.6,38.2,44.3,4.06,4.06,3.65,-2.89,0.032275,0.85993323,0.199712,3.00985970
36.00,1,5.980,1,5.980,71.765,95.475,5484.373,12.048,0.9740,77.1,-0.041,80.4,0.565,34.1,114.3,114,73.8,5.77,821,4.76,6.47,534.892,2746.27,0.029,0.0478,36.3164,6.44,7.74,37.0,32.9,0.819,251,206,136,1.28,1.574,0.0423,0.0423,0.944,1033,1033,15,1,160,0.3,117.8,115.0,34.5,35.7,116,36.4,113,37.6,89.1,39.7,38.2,44.3,4.06,4.06,5.11,-4.53,0.032276,0.86277735,0.199717,3.01950497
37.00,1,6.980,1,6.980,71.699,95.381,5483.413,12.048,0.9739,77.1,0.021,80.4,0.565,34.1,103.0,114,73.7,5.77,820,4.82,6.47,534.892,2635.43,0.029,0.0478,36.3164,6.44,6.30,37.1,32.9,0.820,252,207,116,1.14,1.213,0.0423,0.0423,0.943,1034,1034,15,1,138,17.9,115.8,113.0,36.3,37.3,115,37.0,112,38.2,89.0,39.7,38.2,44.3,4.07,4.07,4.84,-3.54,0.032278,0.86562248,0.199720,3.02915589
38.00,1,7.980,1,7.980,71.638,95.319,5482.454,12.048,0.9740,77.0,0.205,80.5,0.566,34.1,90.1,114,73.6,5.76,820,4.71,6.47,534.892,2246.98,0.029,0.0478,36.3164,6.44,4.88,37.1,32.9,0.820,252,206,93,0.99,0.758,0.0423,0.0423,0.943,1033,1033,15,1,115,36.3,113.6,110.7,38.0,39.1,113,38.1,111,39.2,89.1,39.7,38.2,44.3,4.07,4.07,4.07,-2.75,0.032280,0.86846745,0.199733,3.03880977
39.00,1,8.980,1,8.980,71.583,95.285,5481.497,12.048,0.9740,77.0,-0.039,80.5,0.566,34.1,79.3,114,73.6,5.76,820,4.64,6.47,534.892,2242.89,0.029,0.0478,36.3164,6.44,4.92,37.1,32.9,0.819,251,205,73,0.86,0.380,0.0423,0.0423,0.943,1033,1033,15,1,115,36.4,112.2,109.4,39.0,40.0,112,39.2,109,40.2,89.1,39.6,38.2,44.3,4.07,4.07,3.52,-2.22,0.032282,0.87131134,0.199756,3.04846538
40.00,1,9.980,1,9.980,71.490,95.267,5480.540,12.048,0.9741,77.0,-0.048,80.5,0.566,34.1,86.4,114,73.5,5.76,820,4.68,6.47,534.955,2373.60,0.029,0.0478,36.3227,6.45,6.26,37.1,32.9,0.816,248,202,84,0.97,0.556,0.0423,0.0423,0.944,1033,1033,15,1,154,5.1,112.4,109.7,38.7,39.7,111,39.7,108,40.7,89.1,39.6,38.2,44.3,4.07,4.07,3.36,-2.71,0.032283,0.87415360,0.199785,3.05812221
41.00,1,10.980,1,10.980,71.454,95.282,5479.581,12.048,0.9740,77.1,0.017,80.5,0.566,34.1,113.5,114,73.5,5.75,820,4.75,6.47,534.955,2750.11,0.029,0.0478,36.3227,6.45,7.74,37.1,32.9,0.818,251,205,135,1.28,1.533,0.0423,0.0423,0.944,1033,1033,15,1,160,0.3,117.9,115.1,34.5,35.6,116,36.4,113,37.6,89.1,39.7,38.2,44.3,4.07,4.07,4.89,-4.36,0.032283,0.87699535,0.199794,3.06778088
42.00,1,11.980,1,11.980,71.422,95.300,5478.622,12.048,0.9739,77.1,-0.022,80.5,0.566,34.1,106.6,114,73.5,5.75,820,4.82,6.47,534.955,2627.46,0.029,0.0478,36.3227,6.45,6.24,37.1,32.9,0.820,253,207,123,1.18,1.336,0.0423,0.0423,0.945,1034,1034,15,1,137,18.8,115.8,113.0,36.4,37.4,115,37.1,112,38.2,89.0,39.7,38.2,44.3,4.07,4.07,5.04,-3.71,0.032285,0.87983840,0.199796,3.07744195
43.00,1,12.980,1,12.980,71.395,95.317,5477.663,12.048,0.9740,77.0,0.135,80.6,0.566,34.1,93.1,114,73.6,5.75,820,4.74,6.47,534.955,2246.33,0.029,0.0478,36.3227,6.45,4.89,37.1,32.9,0.820,252,207,98,1.02,0.866,0.0423,0.0423,0.945,1033,1033,15,1,115,36.3,113.5,110.7,38.1,39.1,113,38.2,111,39.3,89.1,39.7,38.2,44.3,4.07,4.07,4.23,-2.87,0.032287,0.88268206,0.199809,3.08710364
44.00,1,13.980,1,13.980,71.371,95.331,5476.706,12.048,0.9740,77.0,0.033,80.6,0.566,34.1,81.8,114,73.6,5.75,819,4.66,6.47,534.955,2242.89,0.029,0.0478,36.3227,6.45,4.92,37.1,32.9,0.819,252,206,78,0.89,0.470,0.0423,0.0423,0.945,1033,1033,15,1,115,36.4,112.2,109.4,39.1,40.1,112,39.3,109,40.3,89.1,39.6,38.2,44.3,4.07,4.07,3.64,-2.30,0.032289,0.88552517,0.199830,3.09676451
45.00,1,14.980,1,14.980,71.331,95.344,5475.749,12.048,0.9741,77.0,0.037,80.6,0.566,34.1,76.1,114,73.6,5.75,819,4.67,6.47,535.019,2382.80,0.029,0.0478,36.3391,6.45,6.31,37.1,32.9,0.817,249,204,67,0.83,0.242,0.0423,0.0423,0.946,1033,1033,15,1,154,4.4,112.5,109.8,38.6,39.6,111,39.7,108,40.7,89.1,39.6,38.2,44.3,4.08,4.08,3.27,-2.66,0.032290,0.88836710,0.199860,3.10642495
46.00,1,15.980,1,15.980,71.314,95.354,5474.791,12.048,0.9740,77.1,0.131,80.6,0.566,34.1,111.1,114,73.6,5.75,819,4.73,6.47,535.019,2753.72,0.029,0.0478,36.3391,6.45,7.74,37.1,32.9,0.818,251,205,130,1.25,1.433,0.0423,0.0423,0.946,1033,1033,15,1,160,0.3,117.9,115.1,34.5,35.6,116,36.3,113,37.5,89.1,39.7,38.2,44.3,4.08,4.08,4.57,-4.10,0.032290,0.89120822,0.199878,3.11608558
47.00,1,16.980,1,16.980,71.299,95.359,5473.831,12.048,0.9739,77.1,-0.026,80.6,0.566,34.1,110.5,114,73.6,5.75,819,4.80,6.47,535.019,2619.30,0.029,0.0478,36.3391,6.45,6.19,37.1,32.9,0.820,253,208,130,1.23,1.464,0.0423,0.0423,0.946,1034,1034,15,1,136,19.7,115.7,112.9,36.4,37.5,115,37.1,112,38.3,89.1,39.7,38.2,44.3,4.08,4.08,5.16,-3.84,0.032292,0.89405061,0.199882,3.12574794
48.00,1,17.980,1,17.980,71.286,95.361,5472.873,12.048,0.9740,77.0,0.077,80.6,0.566,34.1,96.3,114,73.6,5.75,819,4.77,6.47,535.019,2245.77,0.029,0.0478,36.3391,6.45,4.89,37.1,32.9,0.820,253,208,104,1.06,0.977,0.0423,0.0423,0.946,1033,1033,15,1,115,36.4,113.5,110.7,38.1,39.2,113,38.2,111,39.3,89.1,39.7,38.2,44.3,4.08,4.08,4.41,-2.98,0.032294,0.89689412,0.199893,3.13541116
49.00,1,18.980,1,18.980,71.273,95.360,5471.915,12.048,0.9740,77.0,0.148,80.6,0.566,34.1,84.5,114,73.6,5.75,819,4.67,6.48,535.019,2242.89,0.029,0.0478,36.3391,6.45,4.92,37.1,32.9,0.819,253,207,83,0.92,0.562,0.0424,0.0424,0.946,1033,1033,15,1,115,36.4,112.2,109.4,39.1,40.1,112,39.3,109,40.3,89.1,39.7,38.2,44.3,4.08,4.08,3.77,-2.39,0.032296,0.89973731,0.199915,3.14507330
50.00,1,19.980,1,19.980,71.252,95.348,5470.959,12.048,0.9741,77.0,0.021,80.6,0.566,34.1,74.6,114,73.6,5.75,818,4.65,6.48,535.085,2392.05,0.029,0.0478,36.3573,6.45,6.36,37.1,32.9,0.818,252,206,65,0.80,0.218,0.0424,0.0424,0.946,1033,1033,15,1,155,3.7,112.7,110.0,38.5,39.5,111,39.7,109,40.6,89.2,39.6,38.2,44.3,4.08,4.08,3.36,-2.76,0.032297,0.90257955,0.199945,3.15473505
51.00,1,20.980,1,20.980,71.244,95.350,5470.002,12.048,0.9740,77.1,-0.090,80.7,0.566,34.1,106.0,114,73.6,5.75,818,4.72,6.48,535.085,2757.11,0.029,0.0478,36.3573,6.45,7.74,37.1,32.9,0.817,250,204,120,1.20,1.237,0.0424,0.0424,0.946,1033,1033,15,1,160,0.3,118.0,115.2,34.5,35.6,116,36.3,113,37.5,89.1,39.7,38.2,44.3,4.08,4.08,4.17,-3.76,0.032298,0.90542061,0.199970,3.16439663
52.00,1,21.980,1,21.980,71.237,95.349,5469.042,12.048,0.9739,77.1,-0.035,80.7,0.566,34.1,113.6,114,73.6,5.75,818,4.78,6.48,535.085,2610.99,0.029,0.0478,36.3573,6.45,6.14,37.1,32.9,0.819,253,207,135,1.27,1.556,0.0424,0.0424,0.946,1034,1034,15,1,135,20.6,115.7,112.9,36.5,37.5,115,37.1,112,38.3,89.1,39.8,38.2,44.3,4.08,4.08,5.13,-3.86,0.032300,0.90826258,0.199977,3.17405984
53.00,1,22.980,1,22.980,71.231,95.347,5468.083,12.048,0.9740,77.1,0.035,80.7,0.566,34.1,99.6,114,73.6,5.75,818,4.79,6.48,535.085,2245.31,0.029,0.0478,36.3573,6.45,4.90,37.1,32.9,0.820,254,208,110,1.10,1.092,0.0424,0.0424,0.946,1033,1033,15,1,115,36.4,113.5,110.7,38.1,39.2,113,38.2,111,39.3,89.1,39.7,38.2,44.3,4.09,4.09,4.60,-3.12,0.032301,0.91110593,0.199987,3.18372443
54.00,1,23.980,1,23.980,71.226,95.339,5467.126,12.048,0.9740,77.0,0.214,80.6,0.566,34.1,87.2,114,73.6,5.74,818,4.69,6.48,535.085,2242.89,0.029,0.0478,36.3573,6.45,4.92,37.1,32.9,0.819,253,207,88,0.95,0.657,0.0424,0.0424,0.947,1033,1033,15,1,115,36.4,112.2,109.4,39.2,40.1,112,39.3,109,40.3,89.2,39.7,38.2,44.3,4.09,4.09,3.90,-2.47,0.032303,0.91394924,0.200008,3.19338819
55.00,1,24.980,1,24.980,71.220,95.332,5466.169,12.048,0.9741,77.0,-0.032,80.6,0.566,34.1,76.9,114,73.6,5.74,818,4.63,6.48,535.152,2401.33,0.029,0.0479,36.3741,6.45,6.41,37.1,32.9,0.818,252,207,69,0.83,0.296,0.0424,0.0424,0.947,1033,1033,15,1,156,3.2,112.8,110.1,38.4,39.4,111,39.6,109,40.6,89.2,39.6,38.2,44.3,4.09,4.09,3.49,-2.89,0.032303,0.91679176,0.200038,3.20305150
56.00,1,25.980,1,25.980,71.219,95.335,5465.213,12.048,0.9740,77.0,-0.079,80.7,0.566,34.1,97.6,114,73.6,5.74,818,4.70,6.48,535.152,2760.26,0.029,0.0479,36.3741,6.45,7.74,37.1,32.9,0.816,249,203,105,1.10,0.934,0.0424,0.0424,0.947,1033,1033,15,1,160,0.3,118.0,115.2,34.5,35.6,116,36.3,113,37.5,89.1,39.7,38.2,44.3,4.09,4.09,3.75,-3.38,0.032305,0.91963293,0.200070,3.21271441
57.00,1,26.980,1,26.980,71.219,95.335,5464.254,12.048,0.9739,77.1,-0.059,80.6,0.566,34.1,114.3,114,73.6,5.74,817,4.76,6.47,535.152,2602.51,0.029,0.0479,36.3741,6.45,6.08,37.1,32.9,0.819,253,207,137,1.28,1.569,0.0424,0.0424,0.947,1034,1034,15,1,134,21.5,115.7,112.9,36.5,37.6,115,37.1,112,38.3,89.1,39.8,38.2,44.3,4.09,4.09,5.01,-3.79,0.032307,0.92247448,0.200081,3.22237860
58.00,1,27.980,1,27.980,71.220,95.334,5463.295,12.048,0.9740,77.1,0.005,80.6,0.566,34.1,103.0,114,73.6,5.74,817,4.82,6.47,535.152,2244.92,0.029,0.0479,36.3741,6.45,4.90,37.1,32.9,0.820,254,208,116,1.14,1.210,0.0424,0.0424,0.947,1033,1033,15,1,115,36.4,113.5,110.7,38.2,39.2,113,38.3,111,39.4,89.1,39.7,38.2,44.3,4.09,4.09,4.80,-3.26,0.032309,0.92531756,0.200090,3.23204443
59.00,1,28.980,1,28.980,71.222,95.319,5462.337,12.048,0.9741,77.0,0.191,80.6,0.566,34.1,90.1,114,73.6,5.74,817,4.71,6.48,535.152,2242.89,0.029,0.0479,36.3741,6.45,4.92,37.1,32.9,0.819,254,208,93,0.98,0.757,0.0424,0.0424,0.947,1033,1033,15,1,115,36.4,112.1,109.4,39.2,40.2,112,39.4,109,40.4,89.2,39.7,38.2,44.3,4.09,4.09,4.05,-2.56,0.032310,0.92816098,0.200111,3.24170997
60.00,1,29.980,1,29.980,71.226,95.321,5461.381,12.048,0.9741,77.0,-0.032,80.6,0.566,34.1,79.3,114,73.5,5.74,817,4.64,6.47,535.219,2410.64,0.029,0.0479,36.3892,6.45,6.45,37.1,32.9,0.819,253,207,74,0.86,0.379,0.0424,0.0424,0.947,1033,1033,15,1,157,2.7,113.0,110.3,38.3,39.3,111,39.6,109,40.6,89.2,39.7,38.2,44.3,4.09,4.09,3.61,-3.03,0.032310,0.93100374,0.200140,3.25137479
61.00,1,30.980,1,30.980,71.236,95.326,5460.425,12.048,0.9740,77.0,-0.050,80.6,0.566,34.1,86.5,114,73.6,5.74,817,4.68,6.47,535.219,2763.17,0.029,0.0479,36.3892,6.45,7.73,37.1,32.9,0.816,249,203,85,0.97,0.555,0.0424,0.0424,0.947,1033,1033,15,1,160,0.3,118.0,115.2,34.5,35.6,116,36.3,113,37.5,89.2,39.7,38.2,44.3,4.10,4.10,3.40,-3.04,0.032312,0.93384519,0.200176,3.26103915
62.00,1,31.980,1,31.980,71.242,95.327,5459.467,12.048,0.9739,77.1,0.668,80.6,0.566,34.1,113.6,114,73.6,5.74,817,4.74,6.47,535.219,2593.87,0.029,0.0479,36.3892,6.45,6.03,37.1,32.9,0.818,252,207,135,1.27,1.530,0.0424,0.0424,0.947,1034,1034,15,1,132,22.3,115.6,112.8,36.6,37.6,115,37.2,112,38.3,89.1,39.8,38.2,44.3,4.10,4.10,4.79,-3.64,0.032314,0.93668642,0.200192,3.27070429
63.00,1,32.980,1,32.980,71.249,95.325,5458.508,12.048,0.9740,77.1,-0.022,80.6,0.566,34.1,106.6,114,73.6,5.74,817,4.81,6.47,535.219,2244.59,0.029,0.0479,36.3892,6.45,4.90,37.1,32.9,0.820,254,209,123,1.18,1.332,0.0424,0.0424,0.947,1033,1033,15,1,115,36.4,113.5,110.7,38.2,39.2,113,38.3,111,39.4,89.2,39.7,38.2,44.3,4.10,4.10,4.99,-3.42,0.032316,0.93952918,0.200202,3.28037123
64.00,1,33.980,1,33.980,71.257,95.303,5457.550,12.048,0.9741,77.0,0.135,80.6,0.566,34.1,93.1,114,73.5,5.74,816,4.73,6.47,535.219,2242.89,0.029,0.0479,36.3892,6.45,4.92,37.1,32.9,0.819,254,208,99,1.02,0.861,0.0424,0.0424,0.947,1033,1033,15,1,115,36.5,112.1,109.4,39.2,40.2,112,39.4,109,40.4,89.2,39.7,38.2,44.3,4.10,4.10,4.20,-2.66,0.032316,0.94237267,0.200222,3.29003849
65.00,1,34.980,1,34.980,71.266,95.310,5456.593,12.048,0.9741,77.0,0.033,80.6,0.566,34.1,81.8,114,73.5,5.74,816,4.65,6.47,535.287,2419.97,0.029,0.0479,36.4021,6.45,6.50,37.1,32.9,0.819,253,207,78,0.89,0.466,0.0424,0.0424,0.946,1033,1033,15,1,157,2.3,113.2,110.5,38.2,39.2,112,39.5,109,40.5,89.2,39.7,38.2,44.3,4.10,4.10,3.74,-3.16,0.032317,0.94521565,0.200251,3.29970482
66.00,1,35.980,1,35.980,71.287,95.318,5455.637,12.048,0.9740,77.0,0.037,80.6,0.566,34.1,76.1,114,73.5,5.74,816,4.66,6.47,535.287,2765.85,0.029,0.0479,36.4021,6.45,7.73,37.1,32.9,0.817,251,205,67,0.83,0.238,0.0424,0.0424,0.946,1033,1033,15,1,160,0.3,118.1,115.3,34.5,35.6,116,36.3,113,37.5,89.2,39.7,38.2,44.3,4.10,4.10,3.27,-2.87,0.032319,0.94805747,0.200287,3.30937074
67.00,1,36.980,1,36.980,71.299,95.319,5454.680,12.048,0.9740,77.1,0.131,80.6,0.566,34.1,111.0,114,73.6,5.74,816,4.72,6.47,535.287,2585.08,0.029,0.0479,36.4021,6.45,5.97,37.1,32.9,0.818,252,206,130,1.25,1.426,0.0424,0.0424,0.946,1034,1034,15,1,131,23.1,115.6,112.8,36.6,37.7,115,37.2,112,38.4,89.2,39.8,38.2,44.3,4.10,4.10,4.47,-3.41,0.032321,0.95089853,0.200312,3.31903694
68.00,1,37.980,1,37.980,71.311,95.317,5453.721,12.048,0.9740,77.1,-0.026,80.6,0.566,34.1,110.4,114,73.6,5.74,816,4.79,6.47,535.287,2244.32,0.029,0.0479,36.4021,6.45,4.91,37.1,32.9,0.819,255,209,130,1.22,1.456,0.0424,0.0424,0.946,1033,1033,15,1,115,36.4,113.5,110.7,38.2,39.3,113,38.3,111,39.4,89.2,39.7,38.2,44.3,4.11,4.11,5.09,-3.54,0.032323,0.95374094,0.200323,3.32870499
69.00,1,38.980,1,38.980,71.323,95.288,5452.763,12.048,0.9741,77.0,0.077,80.5,0.566,34.1,96.3,114,73.5,5.74,816,4.75,6.47,535.287,2242.89,0.029,0.0479,36.4021,6.45,4.92,37.1,32.9,0.819,254,208,104,1.05,0.971,0.0424,0.0424,0.947,1033,1033,15,1,115,36.5,112.1,109.4,39.3,40.2,112,39.4,109,40.4,89.2,39.7,38.2,44.3,4.11,4.11,4.38,-2.77,0.032323,0.95658444,0.200341,3.33837398
70.00,1,39.980,1,39.980,71.337,95.299,5451.806,12.048,0.9741,77.0,0.148,80.5,0.566,34.1,84.5,114,73.5,5.75,815,4.66,6.47,535.354,2429.30,0.029,0.0479,36.4130,6.45,6.55,37.1,32.9,0.819,254,208,83,0.92,0.557,0.0424,0.0424,0.946,1033,1033,15,1,157,2.0,113.3,110.6,38.1,39.1,112,39.5,109,40.5,89.3,39.7,38.2,44.3,4.11,4.11,3.88,-3.30,0.032324,0.95942762,0.200369,3.34804196
71.00,1,40.980,1,40.980,71.366,95.311,5450.850,12.048,0.9740,77.0,0.021,80.5,0.566,34.1,74.6,114,73.6,5.75,815,4.64,6.47,535.354,2768.28,0.029,0.0479,36.4130,6.45,7.72,37.1,32.9,0.818,253,207,65,0.80,0.215,0.0424,0.0424,0.946,1033,1033,15,1,160,0.3,118.1,115.3,34.5,35.6,116,36.3,113,37.5,89.2,39.7,38.2,44.3,4.11,4.11,3.35,-2.88,0.032326,0.96226984,0.200405,3.35770960
72.00,1,41.980,1,41.980,71.381,95.311,5449.894,12.048,0.9740,77.0,-0.090,80.5,0.566,34.1,105.9,114,73.6,5.75,815,4.70,6.47,535.354,2576.15,0.029,0.0479,36.4130,6.45,5.92,37.1,32.9,0.817,251,205,121,1.19,1.230,0.0424,0.0424,0.946,1034,1034,15,1,131,23.9,115.5,112.8,36.7,37.8,115,37.2,112,38.4,89.2,39.8,38.2,44.3,4.11,4.11,4.08,-3.11,0.032328,0.96511091,0.200438,3.36737715
73.00,1,42.980,1,42.980,71.397,95.309,5448.935,12.048,0.9740,77.1,-0.035,80.5,0.566,34.1,113.5,114,73.6,5.75,815,4.77,6.47,535.354,2244.09,0.029,0.0479,36.4130,6.45,4.91,37.1,32.9,0.819,254,208,136,1.27,1.547,0.0424,0.0424,0.946,1033,1033,15,1,115,36.5,113.5,110.7,38.2,39.3,113,38.3,111,39.4,89.2,39.7,38.2,44.3,4.11,4.11,5.07,-3.56,0.032330,0.96795296,0.200451,3.37704642
74.00,1,43.980,1,43.980,71.413,95.286,5447.976,12.048,0.9741,77.1,0.035,80.4,0.566,34.1,99.5,114,73.5,5.74,815,4.78,6.46,535.354,2242.89,0.029,0.0479,36.4130,6.45,4.92,37.1,32.9,0.819,255,209,111,1.09,1.085,0.0424,0.0424,0.946,1033,1033,15,1,115,36.5,112.1,109.4,39.3,40.3,112,39.5,109,40.5,89.3,39.7,38.2,44.3,4.11,4.11,4.57,-2.90,0.032330,0.97079642,0.200468,3.38671714
75.00,1,44.980,1,44.980,71.429,95.292,5447.019,12.048,0.9741,77.0,0.205,80.5,0.566,34.1,87.2,114,73.5,5.75,815,4.67,6.46,535.422,2438.63,0.029,0.0479,36.4222,6.45,6.60,37.1,32.9,0.819,254,208,88,0.95,0.653,0.0424,0.0424,0.946,1033,1033,15,1,158,1.7,113.5,110.8,38.0,39.0,112,39.4,109,40.4,89.3,39.7,38.2,44.3,4.11,4.11,4.02,-3.45,0.032331,0.97363982,0.200496,3.39638711
76.00,1,45.980,1,45.980,71.465,95.299,5446.063,12.048,0.9740,77.0,-0.032,80.5,0.566,34.1,76.9,114,73.6,5.75,815,4.61,6.46,535.422,2770.47,0.029,0.0479,36.4222,6.45,7.72,37.1,32.9,0.818,253,207,69,0.83,0.293,0.0424,0.0424,0.945,1033,1033,15,1,160,0.3,118.1,115.3,34.5,35.6,116,36.3,113,37.5,89.3,39.7,38.2,44.3,4.12,4.12,3.47,-2.94,0.032332,0.97648241,0.200531,3.40605671
77.00,1,46.980,1,46.980,71.483,95.300,5445.107,12.048,0.9740,77.0,-0.073,80.4,0.566,34.1,97.5,114,73.6,5.75,814,4.68,6.46,535.422,2567.08,0.029,0.0479,36.4222,6.45,5.86,37.1,32.9,0.816,250,204,105,1.10,0.927,0.0424,0.0424,0.945,1034,1034,15,1,130,24.7,115.5,112.7,36.7,37.8,115,37.2,112,38.4,89.2,39.8,38.2,44.3,4.12,4.12,3.67,-2.77,0.032335,0.97932370,0.200569,3.41572603
78.00,1,47.980,1,47.980,71.501,95.298,5444.149,12.048,0.9740,77.1,-0.041,80.4,0.566,34.1,114.2,114,73.6,5.75,814,4.75,6.46,535.422,2243.90,0.029,0.0479,36.4222,6.45,4.91,37.1,32.9,0.818,254,208,137,1.28,1.559,0.0424,0.0424,0.945,1033,1033,15,1,115,36.5,113.5,110.7,38.2,39.3,113,38.4,111,39.4,89.2,39.8,38.2,44.3,4.12,4.12,4.94,-3.50,0.032337,0.98216544,0.200587,3.42539676
79.00,1,48.980,1,48.980,71.519,95.281,5443.190,12.048,0.9741,77.1,0.021,80.4,0.566,34.1,103.0,114,73.6,5.75,814,4.80,6.46,535.422,2242.89,0.029,0.0479,36.4222,6.45,4.92,37.1,32.9,0.819,255,209,117,1.13,1.204,0.0424,0.0424,0.945,1033,1033,15,1,115,36.5,112.1,109.4,39.3,40.3,112,39.5,109,40.5,89.3,39.7,38.2,44.3,4.12,4.12,4.77,-3.04,0.032337,0.98500871,0.200603,3.43506924
80.00,1,49.980,1,49.980,71.539,95.283,5442.233,12.048,0.9741,77.0,0.205,80.4,0.566,34.1,90.1,114,73.5,5.75,814,4.69,6.46,535.489,2447.96,0.029,0.0479,36.4299,6.45,6.64,37.1,32.9,0.819,255,208,94,0.98,0.752,0.0424,0.0424,0.945,1033,1033,15,1,158,1.5,113.7,111.0,37.9,38.9,112,39.4,109,40.4,89.3,39.7,38.2,44.3,4.12,4.12,4.18,-3.59,0.032338,0.98785233,0.200629,3.44474156
81.00,1,50.980,1,50.980,71.558,95.284,5441.277,12.048,0.9740,77.0,-0.039,80.4,0.566,34.1,79.3,114,73.5,5.75,814,4.62,6.46,535.489,2772.41,0.029,0.0479,36.4299,6.45,7.71,37.1,32.9,0.818,254,208,74,0.85,0.376,0.0424,0.0424,0.945,1033,1033,15,1,160,0.3,118.1,115.3,34.5,35.6,116,36.3,113,37.6,89.3,39.8,38.2,44.3,4.12,4.12,3.58,-3.00,0.032339,0.99069527,0.200664,3.45441332
82.00,1,51.980,1,51.980,71.599,95.290,5440.321,12.048,0.9740,77.0,-0.048,80.4,0.566,34.1,86.4,114,73.6,5.75,814,4.66,6.46,535.489,2557.87,0.029,0.0479,36.4299,6.45,5.81,37.1,32.9,0.816,250,204,85,0.97,0.549,0.0424,0.0424,0.945,1034,1034,15,1,129,25.4,115.5,112.7,36.8,37.9,115,37.3,112,38.4,89.2,39.8,38.2,44.3,4.12,4.12,3.33,-2.47,0.032342,0.99353693,0.200705,3.46408478
83.00,1,52.980,1,52.980,71.619,95.288,5439.364,12.048,0.9740,77.1,0.017,80.3,0.566,34.1,113.4,114,73.6,5.75,814,4.72,6.46,535.489,2243.73,0.029,0.0479,36.4299,6.45,4.91,37.1,32.9,0.818,253,207,135,1.27,1.520,0.0424,0.0424,0.945,1033,1033,15,1,115,36.5,113.5,110.7,38.3,39.3,113,38.4,111,39.5,89.3,39.8,38.2,44.3,4.13,4.13,4.73,-3.36,0.032344,0.99637842,0.200728,3.47375720
84.00,1,53.980,1,53.980,71.640,95.274,5438.405,12.048,0.9741,77.1,-0.010,80.3,0.566,34.1,106.6,114,73.6,5.75,813,4.79,6.46,535.489,2242.89,0.029,0.0479,36.4299,6.45,4.92,37.1,32.9,0.819,255,209,124,1.17,1.325,0.0424,0.0424,0.945,1033,1033,15,1,115,36.5,112.1,109.4,39.3,40.3,112,39.5,109,40.5,89.3,39.7,38.2,44.3,4.13,4.13,4.95,-3.19,0.032344,0.99922146,0.200744,3.48343156
85.00,1,54.980,1,54.980,71.661,95.274,5437.447,12.048,0.9741,77.0,0.161,80.3,0.566,34.1,93.1,114,73.5,5.76,813,4.71,6.45,535.556,2457.27,0.029,0.0479,36.4366,6.45,6.69,37.1,32.9,0.819,255,209,99,1.02,0.857,0.0424,0.0424,0.944,1033,1033,15,1,158,1.3,113.8,111.1,37.8,38.8,112,39.3,109,40.3,89.3,39.7,38.2,44.3,4.13,4.13,4.34,-3.74,0.032345,1.00206525,0.200769,3.49310642
86.00,1,55.980,1,55.980,71.682,95.275,5436.491,12.048,0.9740,77.0,-0.006,80.3,0.566,34.1,81.8,114,73.6,5.76,813,4.63,6.45,535.556,2774.10,0.029,0.0479,36.4366,6.45,7.70,37.1,32.9,0.819,254,208,79,0.88,0.463,0.0424,0.0424,0.944,1033,1033,15,1,160,0.3,118.1,115.4,34.5,35.6,116,36.4,113,37.6,89.3,39.8,38.2,44.3,4.13,4.13,3.71,-3.07,0.032346,1.00490850,0.200803,3.50278054
87.00,1,56.980,1,56.980,71.726,95.281,5435.536,12.048,0.9740,77.0,0.041,80.3,0.565,34.1,76.1,114,73.6,5.76,813,4.64,6.45,535.556,2548.54,0.029,0.0479,36.4366,6.45,5.75,37.1,32.9,0.817,252,206,67,0.83,0.234,0.0424,0.0424,0.944,1034,1034,15,1,128,26.1,115.4,112.6,36.9,37.9,115,37.3,112,38.5,89.2,39.8,38.2,44.3,4.13,4.13,3.21,-2.33,0.032350,1.00775062,0.200845,3.51245445
88.00,1,57.980,1,57.980,71.748,95.280,5434.578,12.048,0.9740,77.1,0.214,80.3,0.565,34.1,110.9,114,73.6,5.76,813,4.70,6.45,535.556,2243.60,0.029,0.0479,36.4366,6.45,4.91,37.1,32.9,0.817,252,206,131,1.24,1.416,0.0424,0.0424,0.944,1033,1033,15,1,115,36.5,113.5,110.7,38.3,39.3,113,38.4,111,39.5,89.3,39.8,38.2,44.3,4.13,4.13,4.42,-3.15,0.032352,1.01059203,0.200875,3.52212885
89.00,1,58.980,1,58.980,71.770,95.267,5433.620,12.048,0.9741,77.1,-0.024,80.2,0.565,34.1,110.3,114,73.6,5.76,813,4.77,6.45,535.556,2242.89,0.029,0.0479,36.4366,6.45,4.92,37.1,32.9,0.819,255,209,131,1.22,1.448,0.0424,0.0424,0.944,1033,1033,15,1,115,36.5,112.1,109.4,39.4,40.3,112,39.5,109,40.5,89.3,39.7,38.2,44.3,4.13,4.13,5.05,-3.31,0.032352,1.01343481,0.200892,3.53180525
90.00,1,59.980,1,59.980,71.793,95.266,5432.662,12.048,0.9741,77.0,0.098,80.2,0.565,34.1,96.2,114,73.6,5.76,812,4.73,6.45,535.623,2466.55,0.029,0.0480,36.4425,6.45,6.73,37.1,32.9,0.819,255,209,105,1.05,0.966,0.0424,0.0424,0.943,1033,1033,15,1,159,1.1,114.0,111.3,37.7,38.7,112,39.2,109,40.2,89.3,39.7,38.2,44.3,4.14,4.14,4.53,-3.91,0.032352,1.01627871,0.200916,3.54148279
91.00,1,60.980,1,60.980,71.815,95.267,5431.705,12.048,0.9740,77.0,0.098,80.2,0.565,34.1,84.5,114,73.6,5.76,812,4.64,6.45,535.623,2775.54,0.029,0.0480,36.4425,6.45,7.69,37.1,32.9,0.819,255,208,84,0.91,0.554,0.0424,0.0424,0.943,1033,1033,15,1,160,0.3,118.2,115.4,34.5,35.7,116,36.4,113,37.6,89.3,39.8,38.2,44.3,4.14,4.14,3.83,-3.14,0.032354,1.01912226,0.200949,3.55115954
92.00,1,61.980,1,61.980,71.861,95.273,5430.750,12.048,0.9740,77.0,0.017,80.2,0.565,34.1,74.6,114,73.6,5.76,812,4.62,6.45,535.623,2539.10,0.029,0.0480,36.4425,6.45,5.69,37.1,32.9,0.818,254,208,66,0.80,0.213,0.0424,0.0424,0.943,1034,1034,15,1,127,26.8,115.4,112.6,36.9,38.0,115,37.4,112,38.5,89.2,39.8,38.2,44.3,4.14,4.14,3.30,-2.37,0.032357,1.02196487,0.200990,3.56083616
93.00,1,62.980,1,62.980,71.885,95.272,5429.794,12.048,0.9740,77.0,-0.090,80.2,0.565,34.1,105.8,114,73.6,5.76,812,4.68,6.45,535.623,2243.48,0.029,0.0480,36.4425,6.45,4.91,37.1,32.9,0.816,251,205,121,1.19,1.221,0.0424,0.0424,0.943,1033,1033,15,1,115,36.5,113.5,110.7,38.3,39.4,113,38.4,111,39.5,89.3,39.8,38.2,44.3,4.14,4.14,4.03,-2.87,0.032359,1.02480639,0.201027,3.57051291
94.00,1,63.980,1,63.980,71.908,95.260,5428.835,12.048,0.9741,77.1,-0.029,80.2,0.565,34.1,113.5,114,73.6,5.76,812,4.75,6.45,535.623,2242.89,0.029,0.0480,36.4425,6.45,4.92,37.1,32.9,0.819,255,208,136,1.26,1.539,0.0424,0.0424,0.943,1033,1033,15,1,115,36.5,112.1,109.4,39.4,40.4,112,39.6,109,40.6,89.3,39.7,38.2,44.3,4.14,4.14,5.02,-3.32,0.032359,1.02764890,0.201046,3.58019153
95.00,1,64.980,1,64.980,71.931,95.259,5427.877,12.048,0.9741,77.1,0.043,80.1,0.565,34.1,99.5,114,73.6,5.77,812,4.76,6.44,535.688,2475.81,0.029,0.0480,36.4482,6.45,6.78,37.1,32.9,0.819,255,209,111,1.09,1.079,0.0424,0.0424,0.943,1033,1033,15,1,159,1.0,114.2,111.5,37.6,38.6,112,39.1,109,40.2,89.3,39.7,38.1,44.3,4.14,4.14,4.73,-4.08,0.032359,1.03049282,0.201068,3.58987181
96.00,1,65.980,1,65.980,71.954,95.262,5426.920,12.048,0.9740,77.0,0.205,80.1,0.565,34.1,87.2,114,73.6,5.77,812,4.65,6.44,535.688,2776.72,0.029,0.0480,36.4482,6.45,7.67,37.1,32.9,0.819,255,209,89,0.95,0.649,0.0424,0.0424,0.942,1033,1033,15,1,160,0.3,118.2,115.4,34.5,35.7,116,36.4,113,37.6,89.3,39.8,38.1,44.3,4.14,4.14,3.97,-3.21,0.032361,1.03333668,0.201100,3.59955153
97.00,1,66.980,1,66.980,72.002,95.264,5425.964,12.048,0.9740,77.0,-0.032,80.1,0.565,34.1,76.9,114,73.6,5.77,811,4.59,6.44,535.688,2529.54,0.029,0.0480,36.4482,6.45,5.64,37.1,32.9,0.818,254,208,70,0.82,0.291,0.0424,0.0424,0.942,1034,1034,15,1,126,27.5,115.3,112.5,37.0,38.1,115,37.4,112,38.6,89.2,39.9,38.1,44.3,4.14,4.14,3.41,-2.46,0.032364,1.03617976,0.201140,3.60923110
98.00,1,67.980,1,67.980,72.025,95.262,5425.009,12.048,0.9740,77.0,-0.073,80.1,0.565,34.1,97.4,114,73.6,5.77,811,4.66,6.44,535.688,2243.39,0.029,0.0480,36.4482,6.45,4.91,37.1,32.9,0.816,251,204,105,1.10,0.919,0.0424,0.0424,0.942,1033,1033,15,1,115,36.5,113.5,110.7,38.3,39.4,113,38.5,111,39.5,89.3,39.8,38.1,44.3,4.15,4.15,3.63,-2.55,0.032367,1.03902159,0.201182,3.61891061
99.00,1,68.980,1,68.980,72.049,95.253,5424.051,12.048,0.9741,77.1,-0.041,80.1,0.565,34.1,114.1,114,73.6,5.77,811,4.73,6.44,535.688,2242.89,0.029,0.0480,36.4482,6.45,4.92,37.1,32.9,0.818,254,208,137,1.27,1.550,0.0424,0.0424,0.942,1033,1033,15,1,115,36.5,112.1,109.4,39.4,40.4,112,39.6,109,40.6,89.3,39.7,38.1,44.3,4.15,4.15,4.89,-3.27,0.032367,1.04186388,0.201204,3.62859168
100.00,1,69.980,1,69.980,72.073,95.250,5423.092,12.048,0.9741,77.1,0.021,80.1,0.565,34.1,102.9,114,73.6,5.77,811,4.78,6.44,535.752,2485.04,0.029,0.0480,36.4542,6.45,6.82,37.1,32.9,0.819,256,209,117,1.13,1.197,0.0424,0.0424,0.942,1033,1033,15,1,159,0.9,114.3,111.6,37.5,38.5,112,39.1,110,40.1,89.3,39.8,38.1,44.3,4.15,4.15,4.93,-4.26,0.032367,1.04470771,0.201225,3.63827471
101.00,1,70.980,1,70.980,72.097,95.254,5422.135,12.048,0.9740,77.0,0.205,80.1,0.565,34.1,90.1,114,73.6,5.77,811,4.67,6.44,535.752,2777.65,0.029,0.0480,36.4542,6.45,7.66,37.1,32.9,0.819,255,209,94,0.98,0.748,0.0424,0.0424,0.942,1033,1033,15,1,160,0.3,118.2,115.4,34.6,35.7,116,36.4,113,37.6,89.3,39.8,38.1,44.3,4.15,4.15,4.11,-3.29,0.032369,1.04755187,0.201255,3.64795778
102.00,1,71.980,1,71.980,72.121,95.255,5421.180,12.048,0.9739,77.0,-0.039,80.0,0.565,34.1,79.4,114,73.6,5.77,811,4.60,6.44,535.752,2519.87,0.029,0.0480,36.4542,6.45,5.58,37.1,32.9,0.818,254,208,74,0.85,0.374,0.0424,0.0424,0.941,1034,1034,15,1,126,28.1,115.3,112.5,37.1,38.1,115,37.4,112,38.6,89.2,39.9,38.1,44.3,4.15,4.15,3.53,-2.54,0.032372,1.05039539,0.201294,3.65764048
103.00,1,72.980,1,72.980,72.169,95.254,5420.224,12.048,0.9740,77.0,-0.048,80.0,0.565,34.1,86.4,114,73.6,5.77,811,4.64,6.44,535.752,2243.31,0.029,0.0480,36.4542,6.45,4.92,37.1,32.9,0.816,251,204,85,0.96,0.543,0.0424,0.0424,0.941,1033,1033,15,1,115,36.5,113.5,110.7,38.4,39.4,113,38.5,111,39.6,89.3,39.8,38.1,44.3,4.15,4.15,3.31,-2.28,0.032375,1.05323768,0.201339,3.66732310
104.00,1,73.980,1,73.980,72.193,95.246,5419.267,12.048,0.9741,77.1,0.017,80.0,0.565,34.1,113.3,114,73.6,5.77,810,4.70,6.44,535.752,2242.89,0.029,0.0480,36.4542,6.45,4.92,37.1,32.9,0.818,254,207,136,1.27,1.511,0.0424,0.0424,0.941,1033,1033,15,1,115,36.5,112.1,109.4,39.4,40.4,112,39.6,109,40.6,89.3,39.8,38.1,44.3,4.15,4.15,4.68,-3.14,0.032375,1.05607983,0.201367,3.67700683
105.00,1,74.980,1,74.980,72.217,95.243,5418.308,12.048,0.9741,77.1,-0.010,80.0,0.565,34.1,106.5,114,73.6,5.78,810,4.77,6.43,535.815,2494.22,0.029,0.0480,36.4612,6.46,6.86,37.1,32.9,0.819,256,209,124,1.17,1.318,0.0424,0.0424,0.941,1033,1033,15,1,159,0.8,114.5,111.8,37.3,38.4,112,39.0,110,40.0,89.3,39.8,38.1,44.3,4.16,4.16,5.12,-4.45,0.032375,1.05892351,0.201387,3.68669270
106.00,1,75.980,1,75.980,72.242,95.246,5417.351,12.048,0.9740,77.0,0.161,80.0,0.565,34.1,93.1,114,73.6,5.78,810,4.69,6.43,535.815,2778.32,0.029,0.0480,36.4612,6.46,7.64,37.1,32.9,0.819,255,209,100,1.01,0.852,0.0424,0.0424,0.941,1033,1033,15,1,160,0.3,118.2,115.4,34.6,35.7,116,36.4,113,37.7,89.3,39.8,38.1,44.3,4.16,4.16,4.27,-3.37,0.032376,1.06176793,0.201416,3.69637926
107.00,1,76.980,1,76.980,72.266,95.247,5416.395,12.048,0.9739,77.0,-0.006,80.0,0.565,34.1,81.9,114,73.6,5.78,810,4.61,6.43,535.815,2510.10,0.029,0.0480,36.4612,6.46,5.53,37.1,32.9,0.818,255,208,79,0.88,0.460,0.0424,0.0424,0.940,1034,1034,15,1,125,28.7,115.2,112.4,37.1,38.2,115,37.5,112,38.6,89.2,39.9,38.1,44.3,4.16,4.16,3.66,-2.63,0.032380,1.06461184,0.201454,3.70606528
108.00,1,77.980,1,77.980,72.315,95.666,5415.440,12.048,0.9740,77.0,-0.017,79.6,0.562,34.1,81.9,114,73.8,5.75,810,4.62,6.42,535.815,2243.24,0.029,0.0480,36.4612,6.46,4.92,37.1,32.8,0.816,251,205,77,0.91,0.405,0.0424,0.0424,0.949,1033,1033,15,1,115,36.5,113.5,110.7,38.4,39.5,113,38.5,110,39.6,89.3,39.8,38.1,44.3,4.16,4.16,3.26,-2.21,0.032382,1.06745486,0.201499,3.71575136
109.00,1,78.980,1,78.980,72.327,96.000,5414.482,12.048,0.9741,77.1,0.017,79.1,0.560,34.1,114.1,115,74.5,5.72,810,4.70,6.41,535.815,2242.89,0.029,0.0480,36.4612,6.46,4.92,37.1,32.8,0.818,254,208,137,1.27,1.542,0.0424,0.0424,0.958,1033,1033,15,1,115,36.5,112.1,109.4,39.5,40.4,112,39.7,109,40.6,89.3,39.8,38.1,44.3,4.16,4.16,4.71,-3.16,0.032383,1.07029914,0.201524,3.72543997
110.00,1,79.980,1,79.980,72.318,95.980,5413.523,12.048,0.9741,77.1,0.004,78.9,0.560,34.1,104.3,115,74.6,5.71,809,4.77,6.40,535.878,2503.35,0.029,0.0480,36.4707,6.46,6.90,37.1,32.8,0.819,256,210,119,1.15,1.245,0.0424,0.0424,0.960,1033,1033,15,1,159,0.7,114.6,111.9,37.3,38.3,113,38.9,110,40.0,89.3,39.8,38.1,44.3,4.16,4.16,5.00,-4.38,0.032383,1.07314670,0.201541,3.73513376
111.00,1,80.980,1,80.980,72.291,95.827,5412.566,12.048,0.9740,77.0,0.205,78.9,0.560,34.1,89.5,115,74.5,5.70,809,4.65,6.40,535.878,2778.74,0.029,0.0480,36.4707,6.46,7.63,37.1,32.8,0.819,255,209,92,0.98,0.727,0.0424,0.0424,0.959,1033,1033,15,1,160,0.3,118.1,115.4,34.6,35.8,116,36.5,113,37.7,89.3,39.9,38.1,44.4,4.16,4.16,4.08,-3.19,0.032385,1.07599540,0.201569,3.74483133
112.00,1,81.980,1,81.980,72.251,95.636,5411.611,12.048,0.9739,77.0,-0.036,78.8,0.560,34.1,77.7,114,74.4,5.70,809,4.59,6.39,535.878,2500.25,0.029,0.0480,36.4707,6.46,5.47,37.1,32.8,0.818,254,208,71,0.84,0.316,0.0424,0.0424,0.958,1034,1034,15,1,124,29.3,115.2,112.4,37.2,38.3,115,37.5,112,38.7,89.2,39.9,38.1,44.4,4.16,4.16,3.47,-2.49,0.032388,1.07884294,0.201607,3.75453215
113.00,1,82.980,1,82.980,72.171,94.549,5410.657,12.048,0.9739,77.0,-0.067,79.6,0.565,34.1,91.4,113,73.1,5.74,809,4.64,6.40,535.878,2243.18,0.029,0.0480,36.4707,6.46,4.92,37.1,32.8,0.816,251,204,94,1.03,0.703,0.0424,0.0424,0.939,1033,1033,15,1,115,36.5,113.4,110.6,38.5,39.5,113,38.6,110,39.7,89.3,39.8,38.1,44.4,4.17,4.17,3.45,-2.40,0.032391,1.08168704,0.201653,3.76423487
114.00,1,83.980,1,83.980,72.162,94.466,5409.701,12.048,0.9740,77.1,-0.088,79.6,0.565,34.1,113.1,113,72.9,5.75,809,4.71,6.40,535.878,2242.89,0.029,0.0480,36.4707,6.46,4.92,37.1,32.8,0.818,254,208,136,1.26,1.500,0.0424,0.0424,0.937,1033,1033,15,1,115,36.5,112.1,109.3,39.5,40.5,112,39.7,109,40.7,89.3,39.8,38.1,44.4,4.17,4.17,4.80,-3.21,0.032391,1.08452908,0.201679,3.77393890
115.00,1,84.980,1,84.980,72.179,94.565,5408.743,12.048,0.9740,77.1,0.004,79.7,0.565,34.1,104.2,113,73.0,5.75,809,4.78,6.40,535.939,2512.43,0.029,0.0480,36.4963,6.46,6.95,37.1,32.8,0.819,256,210,120,1.14,1.230,0.0424,0.0424,0.938,1033,1033,15,1,159,0.6,114.8,112.1,37.2,38.2,113,38.9,110,39.9,89.3,39.8,38.1,44.4,4.17,4.17,5.05,-4.44,0.032391,1.08737131,0.201702,3.78364298
116.00,1,85.980,1,85.980,72.216,94.736,5407.786,12.048,0.9739,77.0,0.189,79.6,0.565,34.1,91.3,113,73.1,5.75,809,4.67,6.40,535.939,2778.89,0.029,0.0480,36.4963,6.46,7.61,37.1,32.8,0.819,256,209,97,0.99,0.785,0.0424,0.0424,0.940,1033,1033,15,1,160,0.3,118.1,115.4,34.6,35.8,116,36.5,113,37.7,89.2,39.9,38.1,44.4,4.17,4.17,4.18,-3.23,0.032393,1.09021356,0.201735,3.79334422
117.00,1,86.980,1,86.980,72.267,94.913,5406.830,12.048,0.9739,77.0,-0.028,79.6,0.564,34.1,80.5,114,73.3,5.75,808,4.59,6.41,535.939,2490.30,0.029,0.0480,36.4963,6.46,5.41,37.1,32.8,0.818,255,209,77,0.86,0.412,0.0425,0.0425,0.941,1034,1034,15,1,123,29.8,115.1,112.3,37.2,38.3,115,37.5,112,38.7,89.2,39.9,38.1,44.4,4.17,4.17,3.60,-2.58,0.032396,1.09305528,0.201776,3.80304146
118.00,1,87.980,1,87.980,72.388,95.598,5405.875,12.048,0.9739,77.0,-0.048,79.2,0.561,34.1,87.5,114,73.8,5.73,808,4.62,6.40,535.939,2243.14,0.029,0.0480,36.4963,6.46,4.92,37.1,32.8,0.816,251,205,88,0.97,0.582,0.0425,0.0425,0.951,1033,1033,15,1,115,36.6,113.4,110.6,38.5,39.6,113,38.6,110,39.7,89.2,39.9,38.1,44.4,4.17,4.17,3.35,-2.30,0.032399,1.09589639,0.201823,3.81273553
119.00,1,88.980,1,88.980,72.436,96.011,5404.917,12.048,0.9740,77.1,-0.088,78.8,0.559,34.1,114.6,115,74.6,5.71,808,4.70,6.39,535.939,2242.89,0.029,0.0480,36.4963,6.46,4.92,37.1,32.8,0.818,254,208,138,1.27,1.563,0.0425,0.0425,0.961,1033,1033,15,1,115,36.6,112.0,109.3,39.5,40.5,112,39.7,109,40.7,89.3,39.8,38.1,44.4,4.17,4.17,4.83,-3.22,0.032399,1.09873959,0.201848,3.82242988
120.00,1,89.980,1,89.980,72.460,96.041,5403.958,12.048,0.9740,77.1,0.021,78.6,0.559,34.1,102.6,115,74.7,5.70,808,4.75,6.39,535.996,2521.44,0.029,0.0480,36.5046,6.46,6.99,37.1,32.8,0.819,256,210,117,1.12,1.186,0.0425,0.0425,0.962,1033,1033,15,1,159,0.6,114.9,112.2,37.1,38.1,113,38.8,110,39.9,89.3,39.8,38.1,44.4,4.18,4.18,4.91,-4.36,0.032400,1.10158657,0.201868,3.83212757
121.00,1,90.980,1,90.980,72.461,95.913,5403.001,12.048,0.9739,77.0,0.212,78.6,0.559,34.1,88.2,115,74.7,5.70,808,4.63,6.38,535.996,2778.78,0.029,0.0480,36.5046,6.46,7.59,37.1,32.8,0.819,255,209,90,0.96,0.680,0.0425,0.0425,0.961,1033,1033,15,1,160,0.3,118.1,115.3,34.7,35.8,116,36.6,113,37.8,89.2,39.9,38.1,44.4,4.18,4.18,3.99,-3.06,0.032402,1.10443486,0.201900,3.84182774
122.00,1,91.980,1,91.980,72.418,95.544,5402.046,12.048,0.9738,77.0,0.002,78.6,0.559,34.1,76.4,114,74.3,5.69,808,4.58,6.37,535.996,2480.28,0.029,0.0480,36.5046,6.46,5.36,37.1,32.8,0.818,255,208,69,0.82,0.267,0.0425,0.0425,0.958,1034,1034,15,1,123,30.3,115.1,112.3,37.3,38.4,115,37.6,112,38.7,89.2,39.9,38.1,44.4,4.18,4.18,3.39,-2.42,0.032406,1.10728236,0.201942,3.85153094
123.00,1,92.980,1,92.980,72.386,95.387,5401.091,12.048,0.9739,77.0,-0.090,78.5,0.559,34.1,106.0,114,74.2,5.69,808,4.65,6.37,535.996,2243.10,0.029,0.0480,36.5046,6.46,4.92,37.1,32.8,0.816,252,206,121,1.19,1.222,0.0425,0.0425,0.958,1033,1033,15,1,115,36.6,113.4,110.6,38.5,39.6,113,38.7,110,39.7,89.2,39.9,38.1,44.4,4.18,4.18,4.07,-2.88,0.032408,1.11012818,0.201981,3.86123765
124.00,1,93.980,1,93.980,72.354,95.263,5400.133,12.048,0.9740,77.1,-0.034,78.5,0.559,34.1,111.0,114,74.1,5.68,807,4.73,6.37,535.996,2242.89,0.029,0.0480,36.5046,6.46,4.92,37.1,32.8,0.819,256,209,132,1.23,1.459,0.0425,0.0425,0.957,1033,1033,15,1,115,36.6,112.0,109.2,39.6,40.6,112,39.8,109,40.8,89.3,39.8,38.1,44.4,4.18,4.18,5.06,-3.31,0.032408,1.11297466,0.202000,3.87094951
125.00,1,94.980,1,94.980,72.325,95.183,5399.176,12.048,0.9740,77.0,0.098,78.5,0.560,34.1,95.2,114,74.0,5.67,807,4.69,6.36,536.051,2530.39,0.029,0.0481,36.5316,6.46,7.03,37.1,32.8,0.819,256,209,103,1.04,0.918,0.0425,0.0425,0.957,1033,1033,15,1,159,0.5,115.0,112.3,37.0,38.0,113,38.7,110,39.8,89.3,39.8,38.1,44.4,4.18,4.18,4.52,-4.11,0.032409,1.11582202,0.202026,3.88066495
126.00,1,95.980,1,95.980,72.303,95.142,5398.221,12.048,0.9739,77.0,0.044,78.4,0.560,34.1,82.2,114,73.9,5.67,807,4.59,6.36,536.051,2778.40,0.029,0.0481,36.5316,6.46,7.57,37.1,32.8,0.818,255,209,80,0.89,0.467,0.0425,0.0425,0.958,1033,1033,15,1,160,0.3,118.1,115.3,34.7,35.9,116,36.6,113,37.8,89.2,39.9,38.1,44.4,4.18,4.18,3.72,-2.84,0.032411,1.11866840,0.202063,3.89038076
127.00,1,96.980,1,96.980,72.278,94.712,5397.267,12.048,0.9738,77.0,0.041,78.7,0.562,34.1,75.4,113,73.8,5.69,807,4.60,6.36,536.051,2470.19,0.029,0.0481,36.5316,6.46,5.30,37.1,32.8,0.817,253,206,66,0.82,0.204,0.0425,0.0425,0.950,1034,1034,15,1,122,30.8,115.0,112.2,37.3,38.4,115,37.6,112,38.8,89.2,40.0,38.1,44.4,4.18,4.18,3.21,-2.31,0.032415,1.12151285,0.202110,3.90009675
128.00,1,97.980,1,97.980,72.288,94.380,5396.311,12.048,0.9739,77.0,0.214,79.1,0.564,34.1,109.8,113,73.0,5.72,807,4.67,6.37,536.051,2243.06,0.029,0.0481,36.5316,6.46,4.92,37.1,32.8,0.817,253,207,130,1.23,1.361,0.0425,0.0425,0.942,1033,1033,15,1,115,36.6,113.3,110.6,38.6,39.6,113,38.7,110,39.8,89.2,39.9,38.1,44.4,4.19,4.19,4.42,-3.13,0.032417,1.12435456,0.202147,3.90981177
129.00,1,98.980,1,98.980,72.323,94.412,5395.354,12.048,0.9740,77.1,-0.024,79.2,0.564,34.1,109.0,113,72.9,5.73,807,4.74,6.38,536.051,2242.89,0.029,0.0481,36.5316,6.46,4.92,37.1,32.8,0.819,256,210,129,1.20,1.387,0.0425,0.0425,0.940,1033,1033,15,1,115,36.6,111.9,109.2,39.6,40.6,112,39.8,109,40.8,89.3,39.8,38.0,44.4,4.19,4.19,5.05,-3.28,0.032417,1.12719610,0.202171,3.91952592
130.00,1,99.980,1,99.980,72.382,95.001,5394.397,12.048,0.9739,77.0,0.127,78.8,0.561,34.1,94.1,114,73.3,5.71,806,4.67,6.37,536.101,2539.26,0.029,0.0481,36.5512,6.46,7.06,37.1,32.8,0.819,256,210,102,1.02,0.881,0.0425,0.0425,0.950,1033,1033,15,1,159,0.5,115.2,112.4,36.9,38.0,113,38.7,110,39.7,89.3,39.9,38.0,44.4,4.19,4.19,4.43,-4.07,0.032417,1.13003907,0.202201,3.92923772
131.00,1,100.980,1,100.980,72.444,95.551,5393.440,12.048,0.9738,77.0,-0.006,78.4,0.559,34.1,81.6,114,74.1,5.68,806,4.58,6.36,536.101,2777.76,0.029,0.0481,36.5512,6.46,7.54,37.1,32.8,0.818,255,209,79,0.88,0.448,0.0425,0.0425,0.960,1033,1033,15,1,160,0.4,118.0,115.3,34.8,35.9,116,36.6,113,37.8,89.2,39.9,38.0,44.4,4.19,4.19,3.65,-2.78,0.032420,1.13288325,0.202240,3.93894629
132.00,1,101.980,1,101.980,72.529,95.729,5392.485,12.048,0.9738,77.0,-0.048,78.2,0.558,34.1,87.3,114,74.5,5.67,806,4.61,6.36,536.101,2460.05,0.029,0.0481,36.5512,6.46,5.25,37.1,32.8,0.816,251,205,87,0.97,0.571,0.0425,0.0425,0.963,1034,1034,15,1,122,31.3,115.0,112.2,37.4,38.5,115,37.6,112,38.8,89.2,40.0,38.0,44.4,4.19,4.19,3.37,-2.47,0.032423,1.13572754,0.202288,3.94865377
133.00,1,102.980,1,102.980,72.548,95.646,5391.528,12.048,0.9739,77.1,-0.088,78.2,0.558,34.1,114.0,114,74.5,5.67,806,4.68,6.36,536.101,2243.04,0.029,0.0481,36.5512,6.46,4.92,37.1,32.8,0.818,255,208,137,1.27,1.534,0.0425,0.0425,0.962,1033,1033,15,1,115,36.6,113.3,110.5,38.6,39.7,113,38.8,110,39.8,89.2,39.9,38.0,44.4,4.19,4.19,4.87,-3.43,0.032426,1.13857260,0.202315,3.95836319
134.00,1,103.980,1,103.980,72.556,95.527,5390.570,12.048,0.9739,77.1,0.021,78.2,0.558,34.1,102.1,114,74.4,5.67,806,4.74,6.35,536.101,2242.89,0.029,0.0481,36.5512,6.46,4.92,37.1,32.8,0.819,256,210,116,1.12,1.160,0.0425,0.0425,0.961,1033,1033,15,1,115,36.6,111.9,109.2,39.7,40.7,112,39.9,109,40.9,89.3,39.9,38.0,44.4,4.19,4.19,4.73,-2.98,0.032426,1.14141990,0.202338,3.96807658
135.00,1,104.980,1,104.980,72.556,95.418,5389.613,12.048,0.9739,77.0,0.212,78.2,0.559,34.1,87.9,114,74.3,5.67,806,4.62,6.35,536.143,2548.05,0.029,0.0481,36.5692,6.46,7.10,37.1,32.8,0.819,256,209,90,0.95,0.663,0.0425,0.0425,0.960,1033,1033,15,1,159,0.5,115.3,112.6,36.8,37.9,113,38.6,110,39.7,89.2,39.9,38.0,44.4,4.19,4.19,4.11,-3.86,0.032427,1.14426751,0.202372,3.97779175
136.00,1,105.980,1,105.980,72.549,95.263,5388.659,12.048,0.9738,77.0,0.002,78.2,0.559,34.1,76.2,114,74.1,5.67,806,4.57,6.35,536.143,2776.86,0.029,0.0481,36.5692,6.46,7.52,37.1,32.8,0.818,255,208,69,0.82,0.260,0.0425,0.0425,0.959,1033,1033,15,1,159,0.4,118.0,115.3,34.8,35.9,116,36.6,113,37.9,89.2,40.0,38.0,44.4,4.20,4.20,3.40,-2.59,0.032430,1.14711393,0.202416,3.98750833
137.00,1,106.980,1,106.980,72.546,95.216,5387.704,12.048,0.9738,77.0,-0.090,78.1,0.559,34.1,105.8,114,74.1,5.67,805,4.64,6.34,536.143,2449.85,0.029,0.0481,36.5692,6.46,5.19,37.1,32.8,0.816,252,206,122,1.19,1.213,0.0425,0.0425,0.959,1034,1034,15,1,121,31.8,114.9,112.1,37.4,38.5,115,37.7,112,38.8,89.2,40.0,38.0,44.4,4.20,4.20,4.12,-3.10,0.032433,1.14995865,0.202459,3.99722645
138.00,1,107.980,1,107.980,72.546,95.186,5386.746,12.048,0.9738,77.1,-0.034,78.1,0.559,34.1,111.0,114,74.0,5.67,805,4.72,6.34,536.143,2243.01,0.029,0.0481,36.5692,6.46,4.92,37.1,32.8,0.819,256,210,132,1.22,1.452,0.0425,0.0425,0.959,1033,1033,15,1,115,36.6,113.2,110.5,38.7,39.7,113,38.8,110,39.9,89.2,39.9,38.0,44.4,4.20,4.20,5.10,-3.52,0.032435,1.15280428,0.202480,4.00694790
139.00,1,108.980,1,108.980,72.549,95.162,5385.789,12.048,0.9739,77.0,0.098,78.1,0.559,34.1,95.2,114,74.0,5.66,805,4.67,6.34,536.143,2242.89,0.029,0.0481,36.5692,6.46,4.92,37.1,32.8,0.819,256,210,104,1.04,0.917,0.0425,0.0425,0.959,1033,1033,15,1,115,36.6,111.8,109.1,39.7,40.7,112,39.9,109,40.9,89.2,39.9,38.0,44.4,4.20,4.20,4.33,-2.72,0.032435,1.15565115,0.202508,4.01667148
140.00,1,109.980,1,109.980,72.555,95.158,5384.834,12.048,0.9739,77.0,0.044,78.0,0.559,34.1,82.3,114,74.0,5.66,805,4.58,6.34,536.179,2556.74,0.029,0.0481,36.5904,6.46,7.14,37.1,32.8,0.818,255,209,80,0.89,0.469,0.0425,0.0425,0.959,1033,1033,15,1,159,0.4,115.4,112.7,36.7,37.8,113,38.5,110,39.6,89.2,39.9,38.0,44.4,4.20,4.20,3.83,-3.68,0.032436,1.15849742,0.202548,4.02639450
141.00,1,110.980,1,110.980,72.579,95.177,5383.879,12.048,0.9738,77.0,-0.017,78.0,0.558,34.1,81.2,114,74.0,5.66,805,4.60,6.34,536.179,2775.68,0.029,0.0481,36.5904,6.46,7.49,37.1,32.8,0.816,252,205,76,0.90,0.375,0.0425,0.0425,0.960,1033,1033,15,1,159,0.5,118.0,115.2,34.8,36.0,116,36.7,113,37.9,89.2,40.0,38.0,44.4,4.20,4.20,3.29,-2.55,0.032439,1.16134218,0.202596,4.03611730
142.00,1,111.980,1,111.980,72.594,95.188,5382.923,12.048,0.9737,77.0,0.017,78.0,0.558,34.1,113.1,114,74.0,5.66,805,4.67,6.33,536.179,2439.60,0.029,0.0481,36.5904,6.46,5.14,37.1,32.8,0.818,254,208,136,1.26,1.491,0.0425,0.0425,0.960,1034,1034,15,1,121,32.2,114.9,112.1,37.5,38.6,115,37.7,112,38.9,89.1,40.0,38.0,44.4,4.20,4.20,4.81,-3.60,0.032442,1.16418633,0.202627,4.04584093
143.00,1,112.980,1,112.980,72.611,95.197,5381.965,12.048,0.9738,77.1,0.004,77.9,0.558,34.1,103.6,114,74.0,5.66,805,4.74,6.34,536.179,2242.99,0.029,0.0481,36.5904,6.46,4.92,37.1,32.8,0.819,256,210,119,1.13,1.208,0.0425,0.0425,0.960,1033,1033,15,1,115,36.7,113.2,110.4,38.7,39.8,113,38.9,110,39.9,89.2,39.9,38.0,44.4,4.20,4.20,4.85,-3.26,0.032444,1.16703232,0.202650,4.05556677
144.00,1,113.980,1,113.980,72.630,95.194,5381.009,12.048,0.9739,77.0,0.205,77.9,0.558,34.1,89.2,114,74.1,5.66,804,4.62,6.33,536.179,2242.89,0.029,0.0481,36.5904,6.46,4.92,37.1,32.8,0.819,256,209,93,0.97,0.708,0.0425,0.0425,0.960,1033,1033,15,1,115,36.7,111.8,109.1,39.8,40.7,112,40.0,109,41.0,89.2,39.9,38.0,44.4,4.21,4.21,4.01,-2.51,0.032445,1.16987890,0.202685,4.06529247
145.00,1,114.980,1,114.980,72.671,95.208,5380.054,12.048,0.9739,77.0,-0.032,77.9,0.558,34.1,77.5,114,74.1,5.66,804,4.55,6.33,536.207,2565.36,0.029,0.0482,36.6111,6.46,7.18,37.1,32.8,0.818,255,209,71,0.83,0.300,0.0425,0.0425,0.960,1033,1033,15,1,159,0.4,115.5,112.8,36.6,37.7,113,38.4,111,39.5,89.2,39.9,38.0,44.4,4.21,4.21,3.58,-3.50,0.032446,1.17272460,0.202729,4.07501738
146.00,1,115.980,1,115.980,72.693,95.217,5379.099,12.048,0.9737,77.0,-0.084,77.9,0.558,34.1,102.2,114,74.1,5.66,804,4.62,6.33,536.207,2774.26,0.029,0.0482,36.6111,6.46,7.47,37.1,32.8,0.816,252,206,115,1.15,1.078,0.0425,0.0425,0.960,1033,1033,15,1,159,0.5,118.0,115.2,34.9,36.0,116,36.7,113,37.9,89.1,40.0,38.0,44.4,4.21,4.21,3.95,-3.14,0.032448,1.17556880,0.202775,4.08474198
147.00,1,116.980,1,116.980,72.715,95.222,5378.141,12.048,0.9737,77.1,-0.029,77.9,0.558,34.1,112.7,114,74.1,5.66,804,4.70,6.33,536.207,2429.31,0.029,0.0482,36.6111,6.46,5.08,37.1,32.8,0.818,256,209,136,1.25,1.500,0.0425,0.0425,0.960,1034,1034,15,1,120,32.6,114.8,112.0,37.6,38.7,115,37.8,112,38.9,89.1,40.0,38.0,44.4,4.21,4.21,5.12,-3.78,0.032451,1.17841386,0.202799,4.09446849
148.00,1,117.980,1,117.980,72.737,95.223,5377.184,12.048,0.9738,77.0,0.072,77.8,0.558,34.1,96.9,114,74.1,5.66,804,4.68,6.33,536.207,2242.98,0.029,0.0482,36.6111,6.46,4.92,37.1,32.8,0.819,256,210,107,1.05,0.974,0.0425,0.0425,0.960,1033,1033,15,1,115,36.7,113.1,110.4,38.8,39.8,113,38.9,110,40.0,89.2,40.0,38.0,44.4,4.21,4.21,4.44,-2.96,0.032453,1.18126062,0.202827,4.10419673
149.00,1,118.980,1,118.980,72.759,95.210,5376.229,12.048,0.9738,77.0,0.098,77.8,0.558,34.1,83.7,114,74.1,5.66,804,4.58,6.33,536.207,2242.89,0.029,0.0482,36.6111,6.46,4.92,37.1,32.8,0.818,256,209,83,0.90,0.516,0.0425,0.0425,0.960,1033,1033,15,1,115,36.7,111.8,109.1,39.8,40.8,112,40.0,109,41.0,89.2,39.9,38.0,44.4,4.21,4.21,3.73,-2.33,0.032454,1.18410715,0.202867,4.11392411
150.00,1,119.980,1,119.980,72.805,95.212,5375.274,12.048,0.9739,77.0,0.041,77.8,0.558,34.1,76.6,114,74.1,5.66,804,4.58,6.32,536.243,2573.87,0.029,0.0482,36.6295,6.46,7.21,37.1,32.8,0.816,253,207,69,0.83,0.241,0.0425,0.0425,0.960,1033,1033,15,1,159,0.4,115.7,113.0,36.5,37.6,113,38.3,111,39.5,89.2,39.9,38.0,44.4,4.21,4.21,3.37,-3.37,0.032456,1.18695246,0.202916,4.12365128
151.00,1,120.980,1,120.980,72.828,95.216,5374.318,12.048,0.9737,77.0,0.668,77.8,0.558,34.1,112.1,114,74.1,5.66,803,4.65,6.32,536.243,2772.57,0.029,0.0482,36.6295,6.46,7.44,37.1,32.8,0.817,254,208,134,1.25,1.450,0.0425,0.0425,0.959,1033,1033,15,1,159,0.6,117.9,115.1,34.9,36.1,116,36.7,113,37.9,89.1,40.1,38.0,44.4,4.21,4.21,4.71,-3.74,0.032458,1.18979692,0.202952,4.13337919
152.00,1,121.980,1,121.980,72.851,95.217,5373.360,12.048,0.9737,77.1,-0.010,77.8,0.558,34.1,105.4,114,74.1,5.67,803,4.73,6.32,536.243,2418.98,0.029,0.0482,36.6295,6.46,5.03,37.1,32.8,0.819,257,210,123,1.15,1.267,0.0426,0.0426,0.959,1034,1034,15,1,120,32.9,114.7,111.9,37.6,38.7,114,37.8,112,39.0,89.1,40.1,38.0,44.4,4.22,4.22,4.97,-3.58,0.032460,1.19264315,0.202975,4.14310966
153.00,1,122.980,1,122.980,72.875,95.216,5372.404,12.048,0.9738,77.0,0.189,77.8,0.558,34.1,90.7,114,74.1,5.67,803,4.62,6.32,536.243,2242.96,0.029,0.0482,36.6295,6.46,4.92,37.1,32.8,0.818,256,210,96,0.98,0.757,0.0426,0.0426,0.959,1033,1033,15,1,115,36.7,113.1,110.3,38.8,39.9,113,39.0,110,40.0,89.2,40.0,38.0,44.4,4.22,4.22,4.10,-2.72,0.032463,1.19549026,0.203009,4.15284076
154.00,1,123.980,1,123.980,72.898,95.199,5371.449,12.048,0.9738,77.0,-0.039,77.7,0.558,34.1,78.7,114,74.1,5.66,803,4.55,6.32,536.243,2242.89,0.029,0.0482,36.6295,6.46,4.92,37.1,32.8,0.818,256,209,74,0.84,0.340,0.0426,0.0426,0.959,1033,1033,15,1,115,36.7,111.8,109.1,39.8,40.8,111,40.0,109,41.0,89.2,39.9,38.0,44.4,4.22,4.22,3.47,-2.16,0.032464,1.19833665,0.203054,4.16257137
155.00,1,124.980,1,124.980,72.945,95.203,5370.494,12.048,0.9738,77.0,-0.073,77.7,0.558,34.1,97.7,114,74.1,5.67,803,4.60,6.32,536.272,2582.28,0.029,0.0482,36.6451,6.46,7.25,37.1,32.8,0.815,252,205,107,1.09,0.915,0.0426,0.0426,0.959,1033,1033,15,1,159,0.4,115.8,113.1,36.4,37.5,114,38.3,111,39.4,89.2,40.0,38.0,44.4,4.22,4.22,3.81,-3.79,0.032465,1.20118152,0.203102,4.17230194
156.00,1,125.980,1,125.980,72.969,95.208,5369.537,12.048,0.9737,77.1,-0.035,77.7,0.558,34.1,113.4,114,74.1,5.67,803,4.68,6.32,536.272,2770.61,0.029,0.0482,36.6451,6.46,7.41,37.1,32.8,0.818,256,209,137,1.25,1.516,0.0426,0.0426,0.959,1033,1033,15,1,159,0.8,117.8,115.1,35.0,36.1,116,36.8,113,38.0,89.1,40.1,38.0,44.4,4.22,4.22,5.12,-4.02,0.032467,1.20402690,0.203128,4.18203449
157.00,1,126.980,1,126.980,72.993,95.209,5368.580,12.048,0.9737,77.0,0.043,77.7,0.558,34.1,98.5,114,74.1,5.67,802,4.68,6.32,536.272,2408.63,0.029,0.0482,36.6451,6.46,4.97,37.1,32.8,0.819,257,210,110,1.07,1.028,0.0426,0.0426,0.959,1034,1034,15,1,119,33.3,114.7,111.9,37.7,38.8,114,37.9,112,39.0,89.1,40.1,38.0,44.4,4.22,4.22,4.56,-3.25,0.032470,1.20687405,0.203156,4.19176927
158.00,1,127.980,1,127.980,73.017,95.208,5367.624,12.048,0.9737,77.0,0.157,77.7,0.558,34.1,85.1,114,74.1,5.67,802,4.57,6.32,536.272,2242.95,0.029,0.0482,36.6451,6.46,4.92,37.1,32.8,0.818,256,209,85,0.92,0.560,0.0426,0.0426,0.958,1033,1033,15,1,115,36.7,113.1,110.3,38.9,39.9,113,39.0,110,40.1,89.1,40.0,38.0,44.4,4.22,4.22,3.81,-2.53,0.032472,1.20972116,0.203195,4.20150355
159.00,1,128.980,1,128.980,73.065,95.192,5366.670,12.048,0.9738,77.0,0.062,77.6,0.557,34.1,74.1,114,74.1,5.67,802,4.56,6.32,536.272,2242.89,0.029,0.0482,36.6451,6.46,4.92,37.1,32.8,0.817,255,209,65,0.79,0.183,0.0426,0.0426,0.958,1033,1033,15,1,115,36.7,111.8,109.0,39.8,40.8,111,40.0,109,41.0,89.2,40.0,38.0,44.4,4.22,4.22,3.24,-2.01,0.032474,1.21256716,0.203244,4.21123774
160.00,1,129.980,1,129.980,73.090,95.196,5365.714,12.048,0.9738,77.0,0.214,77.6,0.557,34.1,110.6,114,74.1,5.67,802,4.63,6.31,536.292,2590.57,0.029,0.0482,36.6583,6.46,7.28,37.1,32.8,0.817,254,207,131,1.23,1.388,0.0426,0.0426,0.958,1033,1033,15,1,159,0.4,115.9,113.2,36.3,37.4,114,38.2,111,39.3,89.2,40.0,37.9,44.4,4.23,4.23,4.61,-4.41,0.032474,1.21541208,0.203284,4.22097252
161.00,1,130.980,1,130.980,73.115,95.202,5364.756,12.048,0.9737,77.1,-0.018,77.6,0.557,34.1,107.2,114,74.1,5.67,802,4.71,6.31,536.292,2768.39,0.029,0.0482,36.6583,6.46,7.38,37.1,32.8,0.819,257,210,126,1.17,1.325,0.0426,0.0426,0.958,1033,1033,15,1,159,0.9,117.8,115.0,35.1,36.2,116,36.8,113,38.0,89.1,40.1,37.9,44.4,4.23,4.23,5.09,-3.91,0.032476,1.21825859,0.203308,4.23070993
162.00,1,131.980,1,131.980,73.139,95.203,5363.800,12.048,0.9737,77.0,0.161,77.6,0.557,34.1,92.2,114,74.1,5.67,802,4.62,6.31,536.292,2398.27,0.029,0.0482,36.6583,6.46,4.92,37.1,32.8,0.818,257,210,99,1.00,0.808,0.0426,0.0426,0.958,1034,1034,15,1,119,33.6,114.6,111.8,37.7,38.8,114,37.9,112,39.1,89.1,40.1,37.9,44.4,4.23,4.23,4.19,-2.98,0.032479,1.22110617,0.203341,4.24044836
163.00,1,132.980,1,132.980,73.164,95.201,5362.845,12.048,0.9737,77.0,-0.028,77.6,0.557,34.1,79.9,114,74.1,5.68,802,4.54,6.31,536.292,2242.94,0.029,0.0482,36.6583,6.46,4.92,37.1,32.8,0.818,256,209,76,0.85,0.381,0.0426,0.0426,0.958,1033,1033,15,1,115,36.7,113.1,110.3,38.9,39.9,113,39.0,110,40.1,89.1,40.0,37.9,44.4,4.23,4.23,3.55,-2.35,0.032482,1.22395315,0.203385,4.25018628
164.00,1,133.980,1,133.980,73.213,95.184,5361.891,12.048,0.9738,77.0,-0.067,77.5,0.557,34.1,92.4,114,74.1,5.68,801,4.59,6.31,536.292,2242.89,0.029,0.0482,36.6583,6.46,4.92,37.1,32.8,0.815,252,205,97,1.03,0.733,0.0426,0.0426,0.957,1033,1033,15,1,115,36.7,111.8,109.0,39.9,40.8,111,40.1,109,41.1,89.2,40.0,37.9,44.4,4.23,4.23,3.45,-2.24,0.032483,1.22679865,0.203435,4.25992416
165.00,1,134.980,1,134.980,73.238,95.190,5360.934,12.048,0.9737,77.0,-0.028,77.5,0.557,34.1,113.6,114,74.1,5.68,801,4.66,6.31,536.305,2598.74,0.029,0.0483,36.6696,6.46,7.31,37.1,32.8,0.818,255,209,138,1.26,1.515,0.0426,0.0426,0.957,1033,1033,15,1,159,0.4,116.0,113.3,36.3,37.4,114,38.1,111,39.3,89.2,40.0,37.9,44.4,4.23,4.23,5.13,-4.78,0.032483,1.22964432,0.203464,4.26966376
166.00,1,135.980,1,135.980,73.263,95.196,5359.977,12.048,0.9736,77.0,0.037,77.5,0.557,34.1,100.2,114,74.1,5.68,801,4.69,6.31,536.305,2765.91,0.029,0.0483,36.6696,6.46,7.35,37.1,32.8,0.819,257,210,113,1.09,1.084,0.0426,0.0426,0.957,1033,1033,15,1,159,1.2,117.7,114.9,35.1,36.3,116,36.9,113,38.1,89.1,40.1,37.9,44.4,4.23,4.23,4.69,-3.56,0.032485,1.23249183,0.203491,4.27940580
167.00,1,136.980,1,136.980,73.288,95.197,5359.021,12.048,0.9736,77.0,0.170,77.5,0.557,34.1,86.5,114,74.1,5.68,801,4.57,6.31,536.305,2387.90,0.029,0.0483,36.6696,6.46,4.87,37.1,32.8,0.818,256,210,88,0.93,0.607,0.0426,0.0426,0.957,1034,1034,15,1,119,33.9,114.6,111.8,37.8,38.9,114,37.9,112,39.1,89.1,40.1,37.9,44.4,4.23,4.23,3.89,-2.76,0.032489,1.23533948,0.203530,4.28914756
168.00,1,137.980,1,137.980,73.336,95.173,5358.067,12.048,0.9737,77.0,0.013,77.4,0.557,34.1,75.2,114,74.1,5.68,801,4.54,6.31,536.305,2242.93,0.029,0.0483,36.6696,6.46,4.92,37.1,32.8,0.817,256,209,67,0.80,0.219,0.0426,0.0426,0.957,1033,1033,15,1,115,36.7,113.1,110.3,38.9,39.9,113,39.0,110,40.1,89.1,40.1,37.9,44.4,4.23,4.23,3.31,-2.19,0.032491,1.23818614,0.203578,4.29888924
169.00,1,138.980,1,138.980,73.361,95.179,5357.111,12.048,0.9738,77.0,0.005,77.5,0.557,34.1,108.5,114,74.1,5.68,801,4.61,6.30,536.305,2242.89,0.029,0.0483,36.6696,6.46,4.92,37.1,32.8,0.816,254,207,127,1.21,1.305,0.0426,0.0426,0.956,1033,1033,15,1,115,36.7,111.7,109.0,39.9,40.9,111,40.1,109,41.1,89.2,40.0,37.9,44.4,4.24,4.24,4.22,-2.81,0.032492,1.24103154,0.203621,4.30863132
170.00,1,139.980,1,139.980,73.386,95.182,5356.154,12.048,0.9737,77.1,-0.021,77.4,0.557,34.1,109.0,114,74.1,5.68,801,4.69,6.30,536.309,2606.79,0.029,0.0483,36.6791,6.46,7.34,37.1,32.8,0.819,257,210,130,1.19,1.383,0.0426,0.0426,0.956,1033,1033,15,1,159,0.4,116.1,113.4,36.2,37.3,114,38.1,111,39.2,89.2,40.0,37.9,44.4,4.24,4.24,5.26,-4.82,0.032492,1.24387835,0.203646,4.31837598
171.00,1,140.980,1,140.980,73.411,95.187,5355.197,12.048,0.9736,77.0,0.149,77.4,0.557,34.1,93.7,114,74.1,5.68,800,4.63,6.30,536.309,2763.17,0.029,0.0483,36.6791,6.46,7.32,37.1,32.8,0.818,257,210,102,1.01,0.859,0.0426,0.0426,0.956,1033,1033,15,1,158,1.4,117.6,114.9,35.2,36.3,116,36.9,113,38.1,89.1,40.1,37.9,44.4,4.24,4.24,4.30,-3.25,0.032495,1.24672642,0.203678,4.32812202
172.00,1,141.980,1,141.980,73.435,95.188,5354.243,12.048,0.9736,77.0,-0.027,77.4,0.557,34.1,81.2,114,74.1,5.68,800,4.54,6.30,536.309,2377.52,0.029,0.0483,36.6791,6.46,4.81,37.1,32.8,0.818,256,209,79,0.87,0.424,0.0426,0.0426,0.956,1034,1034,15,1,118,34.2,114.6,111.8,37.8,38.9,114,38.0,112,39.1,89.1,40.1,37.9,44.4,4.24,4.24,3.63,-2.57,0.032498,1.24957397,0.203722,4.33786751
173.00,1,142.980,1,142.980,73.484,95.171,5353.289,12.048,0.9737,77.0,-0.055,77.4,0.557,34.1,86.8,114,74.1,5.68,800,4.57,6.30,536.309,2242.93,0.029,0.0483,36.6791,6.46,4.92,37.1,32.8,0.815,252,205,87,0.96,0.543,0.0426,0.0426,0.956,1033,1033,15,1,115,36.7,113.1,110.3,38.9,40.0,113,39.0,110,40.1,89.1,40.1,37.9,44.4,4.24,4.24,3.34,-2.27,0.032501,1.25242014,0.203773,4.34761301
174.00,1,143.980,1,143.980,73.508,95.172,5352.332,12.048,0.9738,77.0,-0.060,77.4,0.557,34.1,113.4,114,74.1,5.69,800,4.64,6.30,536.309,2242.89,0.029,0.0483,36.6791,6.46,4.92,37.1,32.8,0.817,255,209,137,1.25,1.501,0.0426,0.0426,0.956,1033,1033,15,1,115,36.7,111.7,109.0,39.9,40.9,111,40.1,109,41.1,89.2,40.0,37.9,44.4,4.24,4.24,4.82,-3.19,0.032501,1.25526614,0.203804,4.35736000
175.00,1,144.980,1,144.980,73.532,95.173,5351.375,12.048,0.9737,77.0,0.022,77.3,0.557,34.1,101.8,114,74.1,5.69,800,4.69,6.30,536.314,2614.74,0.029,0.0483,36.6875,6.46,7.37,37.1,32.8,0.819,257,211,116,1.11,1.139,0.0426,0.0426,0.955,1033,1033,15,1,159,0.3,116.2,113.5,36.1,37.3,114,38.0,111,39.2,89.2,40.0,37.9,44.4,4.24,4.24,4.92,-4.53,0.032502,1.25811401,0.203831,4.36710955
176.00,1,145.980,1,145.980,73.557,95.177,5350.419,12.048,0.9736,77.0,0.205,77.3,0.557,34.1,87.9,114,74.1,5.69,800,4.57,6.30,536.314,2760.19,0.029,0.0483,36.6875,6.46,7.28,37.1,32.8,0.818,257,210,91,0.95,0.654,0.0426,0.0426,0.955,1033,1033,15,1,158,1.7,117.6,114.8,35.3,36.4,116,36.9,113,38.2,89.1,40.1,37.9,44.4,4.24,4.24,3.98,-3.02,0.032504,1.26096222,0.203869,4.37685918
177.00,1,146.980,1,146.980,73.606,95.177,5349.465,12.048,0.9736,77.0,0.001,77.3,0.557,34.1,76.4,114,74.1,5.69,799,4.53,6.30,536.314,2367.12,0.029,0.0483,36.6875,6.46,4.76,37.1,32.8,0.817,256,209,70,0.81,0.258,0.0426,0.0426,0.955,1034,1034,15,1,118,34.5,114.6,111.8,37.8,38.9,114,38.0,112,39.1,89.1,40.1,37.9,44.4,4.24,4.24,3.38,-2.39,0.032508,1.26380950,0.203917,4.38660862
178.00,1,147.980,1,147.980,73.630,95.170,5348.510,12.048,0.9737,77.0,-0.074,77.3,0.557,34.1,105.6,114,74.1,5.69,799,4.60,6.30,536.314,2242.92,0.029,0.0483,36.6875,6.46,4.92,37.1,32.8,0.816,253,207,122,1.18,1.196,0.0426,0.0426,0.955,1033,1033,15,1,115,36.7,113.0,110.3,38.9,40.0,113,39.1,110,40.1,89.1,40.1,37.9,44.4,4.25,4.25,4.07,-2.86,0.032510,1.26665541,0.203963,4.39635834
179.00,1,148.980,1,148.980,73.654,95.166,5347.553,12.048,0.9737,77.0,-0.033,77.3,0.557,34.1,110.9,114,74.1,5.69,799,4.67,6.29,536.314,2242.89,0.029,0.0483,36.6875,6.46,4.92,37.1,32.8,0.818,257,210,133,1.21,1.438,0.0426,0.0426,0.955,1033,1033,15,1,115,36.7,111.6,108.9,40.0,41.0,111,40.2,109,41.2,89.2,40.0,37.9,44.4,4.25,4.25,5.05,-3.28,0.032510,1.26950251,0.203989,4.40611053
180.00,1,149.980,1,149.980,73.678,95.164,5346.596,12.048,0.9737,77.0,0.120,77.3,0.557,34.1,95.3,114,74.1,5.69,799,4.63,6.29,536.329,2622.56,0.029,0.0483,36.6956,6.46,7.40,37.1,32.8,0.818,257,210,105,1.03,0.910,0.0427,0.0427,0.955,1033,1033,15,1,159,0.3,116.3,113.6,36.1,37.2,114,38.0,111,39.1,89.1,40.0,37.9,44.4,4.25,4.25,4.52,-4.24,0.032511,1.27235106,0.204021,4.41586445
181.00,1,150.980,1,150.980,73.702,95.168,5345.641,12.048,0.9736,77.0,-0.006,77.3,0.556,34.1,82.5,114,74.1,5.69,799,4.54,6.29,536.329,2756.96,0.029,0.0483,36.6956,6.46,7.25,37.1,32.8,0.818,257,210,81,0.88,0.467,0.0427,0.0427,0.954,1033,1033,15,1,158,2.0,117.5,114.8,35.3,36.5,116,37.0,113,38.2,89.1,40.1,37.9,44.4,4.25,4.25,3.71,-2.80,0.032514,1.27519920,0.204064,4.42561780
182.00,1,151.980,1,151.980,73.751,95.168,5344.687,12.048,0.9736,77.0,-0.028,77.2,0.556,34.1,81.2,114,74.1,5.70,799,4.55,6.29,536.329,2356.72,0.029,0.0483,36.6956,6.46,4.71,37.1,32.8,0.815,253,206,77,0.89,0.367,0.0427,0.0427,0.954,1034,1034,15,1,118,34.8,114.5,111.7,37.8,39.0,114,38.0,112,39.2,89.1,40.1,37.9,44.4,4.25,4.25,3.27,-2.34,0.032518,1.27804600,0.204115,4.43537118
183.00,1,152.980,1,152.980,73.775,95.167,5343.731,12.048,0.9737,77.0,-0.010,77.2,0.556,34.1,112.9,114,74.1,5.70,799,4.63,6.29,536.329,2242.92,0.029,0.0483,36.6956,6.46,4.92,37.1,32.8,0.817,255,209,136,1.25,1.473,0.0427,0.0427,0.954,1033,1033,15,1,115,36.8,113.0,110.2,39.0,40.0,113,39.1,110,40.2,89.1,40.1,37.9,44.4,4.25,4.25,4.75,-3.33,0.032519,1.28089233,0.204150,4.44512577
184.00,1,153.980,1,153.980,73.798,95.160,5342.774,12.048,0.9737,77.0,0.012,77.2,0.556,34.1,103.5,114,74.2,5.70,798,4.69,6.29,536.329,2242.89,0.029,0.0483,36.6956,6.46,4.92,37.1,32.8,0.818,257,211,120,1.13,1.195,0.0427,0.0427,0.954,1033,1033,15,1,115,36.8,111.6,108.9,40.0,41.0,111,40.3,109,41.2,89.2,40.0,37.9,44.4,4.25,4.25,4.82,-3.04,0.032520,1.28374053,0.204176,4.45488304
185.00,1,154.980,1,154.980,73.822,95.156,5341.818,12.048,0.9737,77.0,0.210,77.2,0.556,34.1,89.3,113,74.1,5.70,798,4.57,6.29,536.355,2630.26,0.029,0.0483,36.7044,6.46,7.43,37.1,32.8,0.818,257,210,94,0.96,0.701,0.0427,0.0427,0.954,1033,1033,15,1,159,0.3,116.4,113.7,36.0,37.1,114,37.9,111,39.1,89.1,40.1,37.8,44.4,4.25,4.25,4.18,-3.99,0.032521,1.28658932,0.204214,4.46464072
186.00,1,155.980,1,155.980,73.870,95.160,5340.864,12.048,0.9736,77.0,-0.032,77.2,0.556,34.1,77.6,113,74.2,5.70,798,4.51,6.29,536.355,2753.49,0.029,0.0483,36.7044,6.46,7.21,37.1,32.8,0.817,256,210,72,0.82,0.296,0.0427,0.0427,0.953,1033,1033,15,1,157,2.4,117.5,114.7,35.4,36.5,116,37.0,113,38.2,89.1,40.1,37.8,44.4,4.26,4.26,3.46,-2.61,0.032523,1.28943723,0.204261,4.47439812
187.00,1,156.980,1,156.980,73.894,95.160,5339.910,12.048,0.9736,77.0,-0.090,77.1,0.556,34.1,102.0,113,74.2,5.70,798,4.58,6.29,536.355,2346.32,0.029,0.0483,36.7044,6.46,4.66,37.1,32.8,0.815,253,206,115,1.14,1.061,0.0427,0.0427,0.953,1034,1034,15,1,117,35.0,114.5,111.7,37.9,39.0,114,38.0,111,39.2,89.1,40.1,37.8,44.4,4.26,4.26,3.91,-2.90,0.032527,1.29228366,0.204309,4.48415569
188.00,1,157.980,1,157.980,73.918,95.159,5338.953,12.048,0.9737,77.0,-0.034,77.1,0.556,34.1,112.5,113,74.2,5.70,798,4.65,6.29,536.355,2242.91,0.029,0.0483,36.7044,6.46,4.92,37.1,32.8,0.818,257,210,136,1.24,1.482,0.0427,0.0427,0.953,1033,1033,15,1,115,36.8,112.9,110.2,39.0,40.1,113,39.2,110,40.2,89.1,40.1,37.8,44.4,4.26,4.26,5.07,-3.50,0.032528,1.29513100,0.204336,4.49391556
189.00,1,158.980,1,158.980,73.942,95.152,5337.996,12.048,0.9737,77.0,0.086,77.1,0.556,34.1,96.8,113,74.2,5.70,798,4.64,6.28,536.355,2242.89,0.029,0.0483,36.7044,6.46,4.92,37.1,32.8,0.818,258,211,108,1.05,0.963,0.0427,0.0427,0.953,1033,1033,15,1,115,36.8,111.5,108.8,40.1,41.0,111,40.3,109,41.3,89.1,40.0,37.8,44.4,4.26,4.26,4.42,-2.75,0.032529,1.29798000,0.204367,4.50367749
190.00,1,159.980,1,159.980,73.966,95.148,5337.041,12.048,0.9737,77.0,0.057,77.1,0.556,34.1,83.8,113,74.2,5.70,798,4.53,6.28,536.392,2637.83,0.029,0.0483,36.7149,6.46,7.46,37.1,32.8,0.818,257,210,84,0.90,0.510,0.0427,0.0427,0.953,1033,1033,15,1,159,0.3,116.5,113.8,35.9,37.1,114,37.8,111,39.0,89.1,40.1,37.8,44.4,4.26,4.26,3.90,-3.78,0.032530,1.30082875,0.204410,4.51343887
191.00,1,160.980,1,160.980,74.014,95.153,5336.088,12.048,0.9736,77.0,0.026,77.1,0.556,34.1,76.6,113,74.2,5.70,797,4.54,6.28,536.392,2749.77,0.029,0.0483,36.7149,6.46,7.17,37.1,32.8,0.816,254,207,69,0.82,0.235,0.0427,0.0427,0.953,1034,1034,15,1,157,2.8,117.4,114.7,35.4,36.6,116,37.0,113,38.2,89.1,40.2,37.8,44.4,4.26,4.26,3.26,-2.47,0.032533,1.30367623,0.204461,4.52320029
192.00,1,161.980,1,161.980,74.038,95.153,5335.132,12.048,0.9735,77.0,0.668,77.1,0.556,34.1,111.9,113,74.2,5.70,797,4.61,6.28,536.392,2335.91,0.029,0.0483,36.7149,6.46,4.61,37.1,32.8,0.817,255,208,135,1.24,1.431,0.0427,0.0427,0.952,1034,1034,15,1,117,35.3,114.5,111.7,37.9,39.1,114,38.1,111,39.2,89.0,40.2,37.8,44.4,4.26,4.26,4.67,-3.46,0.032536,1.30652289,0.204499,4.53296265
193.00,1,162.980,1,162.980,74.061,95.152,5334.175,12.048,0.9736,77.0,0.001,77.0,0.556,34.1,105.3,113,74.2,5.71,797,4.68,6.28,536.392,2242.91,0.029,0.0483,36.7149,6.46,4.92,37.1,32.8,0.818,258,211,123,1.14,1.252,0.0427,0.0427,0.952,1033,1033,15,1,115,36.8,112.9,110.1,39.1,40.1,113,39.2,110,40.3,89.1,40.1,37.8,44.4,4.26,4.26,4.94,-3.31,0.032538,1.30937136,0.204525,4.54272775
194.00,1,163.980,1,163.980,74.085,95.144,5333.219,12.048,0.9737,77.0,0.205,77.0,0.556,34.1,90.5,113,74.2,5.71,797,4.57,6.28,536.392,2242.89,0.029,0.0483,36.7149,6.46,4.92,37.1,32.8,0.818,257,211,96,0.97,0.739,0.0427,0.0427,0.952,1033,1033,15,1,115,36.8,111.5,108.8,40.1,41.1,111,40.3,108,41.3,89.1,40.1,37.8,44.4,4.26,4.26,4.07,-2.53,0.032538,1.31222087,0.204562,4.55249366
195.00,1,164.980,1,164.980,74.119,96.002,5332.265,12.048,0.9737,77.0,0.001,76.3,0.552,34.1,77.6,114,75.2,5.66,797,4.51,6.26,536.441,2645.28,0.029,0.0483,36.7275,6.46,7.49,37.1,32.8,0.817,257,210,72,0.82,0.297,0.0427,0.0427,0.970,1033,1033,15,1,160,0.3,116.7,113.9,35.8,37.0,114,37.7,112,38.9,89.1,40.1,37.8,44.4,4.27,4.27,3.56,-3.51,0.032540,1.31507101,0.204607,4.56226037
196.00,1,165.980,1,165.980,74.106,96.000,5331.310,12.048,0.9735,77.0,0.005,76.2,0.552,34.1,109.3,114,75.3,5.64,797,4.59,6.25,536.441,2745.82,0.029,0.0483,36.7275,6.46,7.13,37.1,32.8,0.816,254,208,129,1.22,1.330,0.0427,0.0427,0.972,1034,1034,15,1,156,3.3,117.3,114.6,35.5,36.6,115,37.0,113,38.3,89.0,40.2,37.8,44.4,4.27,4.27,4.40,-3.48,0.032543,1.31792146,0.204648,4.57203009
197.00,1,166.980,1,166.980,74.073,95.842,5330.353,12.048,0.9735,77.0,-0.022,76.1,0.552,34.1,107.0,114,75.2,5.64,796,4.67,6.24,536.441,2325.51,0.029,0.0483,36.7275,6.46,4.56,37.1,32.8,0.818,258,211,126,1.17,1.311,0.0427,0.0427,0.971,1034,1034,15,1,117,35.5,114.3,111.6,38.0,39.1,114,38.2,111,39.3,89.0,40.2,37.8,44.4,4.27,4.27,5.05,-3.61,0.032546,1.32077440,0.204670,4.58180657
198.00,1,167.980,1,167.980,74.024,95.165,5329.398,12.048,0.9736,77.0,0.179,76.3,0.553,34.1,91.5,113,75.0,5.65,796,4.59,6.25,536.441,2242.91,0.029,0.0483,36.7275,6.46,4.92,37.1,32.8,0.818,257,211,97,0.99,0.776,0.0427,0.0427,0.963,1033,1033,15,1,115,36.8,112.8,110.1,39.1,40.2,113,39.3,110,40.4,89.0,40.1,37.8,44.4,4.27,4.27,4.17,-2.75,0.032548,1.32362742,0.204704,4.59158770
199.00,1,168.980,1,168.980,73.980,94.567,5328.445,12.048,0.9736,77.0,-0.041,76.7,0.556,34.1,79.3,113,73.9,5.67,796,4.51,6.25,536.441,2244.33,0.029,0.0484,36.7636,6.46,5.03,37.1,32.8,0.817,257,210,75,0.85,0.350,0.0427,0.0427,0.952,1033,1033,15,1,115,36.8,111.5,108.8,40.1,41.1,111,40.4,108,41.3,89.1,40.1,37.8,44.4,4.27,4.27,3.53,-2.22,0.032549,1.32647730,0.204750,4.60137006
200.00,1,169.980,1,169.980,73.961,94.462,5327.492,12.048,0.9736,77.0,-0.067,76.8,0.556,34.1,91.8,113,73.5,5.68,796,4.56,6.25,536.503,2652.59,0.029,0.0484,36.7636,6.46,7.51,37.1,32.8,0.815,252,206,96,1.02,0.699,0.0427,0.0427,0.949,1033,1033,15,1,160,0.3,116.8,114.0,35.8,36.9,114,37.7,112,38.8,89.1,40.1,37.8,44.4,4.27,4.27,3.64,-3.65,0.032550,1.32932373,0.204801,4.61115197
201.00,1,170.980,1,170.980,73.986,94.596,5326.536,12.048,0.9734,77.0,-0.028,76.8,0.556,34.1,113.0,113,73.6,5.68,796,4.63,6.25,536.503,2741.63,0.029,0.0484,36.7636,6.46,7.10,37.1,32.8,0.817,256,210,137,1.24,1.479,0.0427,0.0427,0.951,1034,1034,15,1,155,3.9,117.2,114.5,35.6,36.7,115,37.1,113,38.3,89.0,40.2,37.8,44.5,4.27,4.27,5.06,-3.96,0.032552,1.33216923,0.204832,4.62093343
202.00,1,171.980,1,171.980,74.026,94.753,5325.579,12.048,0.9735,77.0,0.037,76.7,0.556,34.1,99.9,113,73.8,5.68,796,4.66,6.26,536.503,2315.11,0.029,0.0484,36.7636,6.46,4.51,37.1,32.8,0.818,258,211,114,1.08,1.062,0.0427,0.0427,0.952,1034,1034,15,1,116,35.7,114.3,111.5,38.1,39.2,114,38.2,111,39.4,89.0,40.2,37.8,44.5,4.27,4.27,4.67,-3.29,0.032554,1.33501626,0.204862,4.63071420
203.00,1,172.980,1,172.980,74.076,94.898,5324.624,12.048,0.9735,77.0,0.170,76.7,0.556,34.1,86.2,113,73.9,5.68,796,4.53,6.26,536.503,2242.90,0.029,0.0484,36.7636,6.46,4.92,37.1,32.8,0.818,257,210,88,0.92,0.588,0.0427,0.0427,0.953,1033,1033,15,1,115,36.8,112.8,110.0,39.2,40.2,113,39.3,110,40.4,89.0,40.1,37.8,44.5,4.27,4.27,3.87,-2.55,0.032556,1.33786379,0.204903,4.64049154
204.00,1,173.980,1,173.980,74.174,95.951,5323.670,12.048,0.9736,77.0,0.026,76.0,0.552,34.1,77.8,114,75.1,5.64,795,4.52,6.24,536.503,2247.01,0.029,0.0484,36.7749,6.46,5.14,37.1,32.8,0.816,255,208,72,0.84,0.276,0.0428,0.0428,0.972,1033,1033,15,1,115,36.5,111.4,108.8,40.1,41.1,111,40.4,108,41.4,89.1,40.1,37.8,44.5,4.28,4.28,3.26,-2.08,0.032558,1.34071206,0.204953,4.65026708
205.00,1,174.980,1,174.980,74.193,96.010,5322.714,12.048,0.9735,77.0,-0.010,75.9,0.551,34.1,113.5,114,75.3,5.63,795,4.60,6.24,536.584,2659.74,0.029,0.0484,36.7749,6.46,7.54,37.1,32.8,0.817,256,209,137,1.25,1.495,0.0428,0.0428,0.974,1033,1033,15,1,160,0.3,116.8,114.1,35.7,36.9,115,37.6,112,38.8,89.0,40.2,37.8,44.5,4.28,4.28,4.97,-4.69,0.032559,1.34356176,0.204986,4.66004418
206.00,1,175.980,1,175.980,74.188,95.895,5321.757,12.048,0.9734,77.0,0.022,75.8,0.551,34.1,101.4,114,75.3,5.63,795,4.65,6.23,536.584,2737.18,0.029,0.0484,36.7749,6.46,7.06,37.1,32.8,0.818,258,211,116,1.10,1.121,0.0428,0.0428,0.974,1034,1034,15,1,155,4.5,117.1,114.4,35.7,36.8,115,37.2,112,38.4,89.0,40.2,37.8,44.5,4.28,4.28,4.77,-3.59,0.032562,1.34641490,0.205011,4.66982669
207.00,1,176.980,1,176.980,74.165,95.710,5320.802,12.048,0.9734,77.0,0.170,75.8,0.551,34.1,85.9,114,75.1,5.62,795,4.53,6.23,536.584,2304.77,0.029,0.0484,36.7749,6.46,4.46,37.1,32.8,0.818,257,210,87,0.92,0.581,0.0428,0.0428,0.972,1034,1034,15,1,116,35.9,114.2,111.4,38.1,39.3,114,38.2,111,39.4,88.9,40.2,37.8,44.5,4.28,4.28,3.88,-2.72,0.032565,1.34926880,0.205048,4.67961264
208.00,1,177.980,1,177.980,74.087,95.332,5319.849,12.048,0.9735,77.0,0.026,75.7,0.551,34.1,77.2,113,74.8,5.61,795,4.52,6.22,536.584,2242.90,0.029,0.0484,36.7749,6.46,4.92,37.1,32.8,0.816,255,208,70,0.84,0.249,0.0428,0.0428,0.970,1033,1033,15,1,115,36.9,112.8,110.0,39.2,40.2,113,39.3,110,40.4,89.0,40.2,37.8,44.5,4.28,4.28,3.27,-2.15,0.032568,1.35212114,0.205097,4.68940203
209.00,1,178.980,1,178.980,74.045,95.208,5318.894,12.048,0.9735,77.0,-0.010,75.7,0.552,34.1,112.2,113,74.7,5.61,795,4.60,6.21,536.584,2250.75,0.029,0.0484,36.8120,6.46,5.24,37.1,32.8,0.817,256,209,135,1.24,1.441,0.0428,0.0428,0.970,1033,1033,15,1,116,35.8,111.4,108.7,40.2,41.2,111,40.4,108,41.4,89.0,40.1,37.8,44.5,4.28,4.28,4.69,-3.18,0.032568,1.35497198,0.205131,4.69919562
210.00,1,179.980,1,179.980,74.006,94.654,5317.939,12.048,0.9735,77.0,0.012,75.9,0.553,34.1,102.5,113,74.5,5.62,795,4.67,6.22,536.648,2666.75,0.029,0.0484,36.8120,6.47,7.56,37.1,32.8,0.818,258,211,118,1.12,1.148,0.0428,0.0428,0.962,1033,1033,15,1,160,0.3,116.9,114.1,35.7,36.9,115,37.6,112,38.8,89.0,40.2,37.8,44.5,4.28,4.28,5.02,-4.59,0.032569,1.35782314,0.205159,4.70899365
211.00,1,180.980,1,180.980,73.986,94.217,5316.985,12.048,0.9734,77.0,0.210,76.3,0.555,34.1,88.4,112,73.6,5.65,794,4.56,6.23,536.648,2732.50,0.029,0.0484,36.8120,6.47,7.01,37.1,32.8,0.818,258,211,92,0.95,0.659,0.0428,0.0428,0.952,1034,1034,15,1,154,5.1,117.0,114.3,35.8,36.9,115,37.2,112,38.4,88.9,40.3,37.8,44.5,4.28,4.28,4.06,-3.05,0.032571,1.36067221,0.205198,4.71879133
212.00,1,181.980,1,181.980,74.035,94.351,5316.032,12.048,0.9733,76.9,-0.032,76.4,0.556,34.1,77.0,113,73.5,5.66,794,4.49,6.23,536.648,2295.17,0.029,0.0484,36.8120,6.47,4.47,37.1,32.8,0.817,257,210,72,0.82,0.269,0.0428,0.0428,0.952,1034,1034,15,1,116,36.1,114.2,111.4,38.1,39.3,114,38.3,111,39.4,88.9,40.3,37.8,44.5,4.28,4.28,3.44,-2.42,0.032575,1.36351859,0.205247,4.72858585
213.00,1,182.980,1,182.980,74.094,94.535,5315.078,12.048,0.9735,77.0,-0.090,76.4,0.555,34.1,102.2,113,73.7,5.66,794,4.56,6.23,536.648,2242.90,0.029,0.0484,36.8120,6.47,4.92,37.1,32.8,0.815,253,207,117,1.13,1.060,0.0428,0.0428,0.954,1033,1033,15,1,115,36.9,112.8,110.0,39.2,40.2,113,39.3,110,40.4,89.0,40.2,37.7,44.5,4.29,4.29,3.90,-2.71,0.032577,1.36636272,0.205297,4.73837623
214.00,1,183.980,1,183.980,74.168,95.222,5314.121,12.048,0.9735,77.0,-0.033,76.2,0.554,34.1,110.5,113,74.1,5.65,794,4.64,6.23,536.648,2255.40,0.029,0.0485,36.8204,6.47,5.33,37.1,32.8,0.818,258,211,133,1.20,1.420,0.0428,0.0428,0.962,1033,1033,15,1,118,34.6,111.3,108.7,40.2,41.2,111,40.4,108,41.4,89.0,40.1,37.7,44.5,4.29,4.29,5.06,-3.36,0.032577,1.36920868,0.205323,4.74816489
215.00,1,184.980,1,184.980,74.236,95.786,5313.164,12.048,0.9735,77.0,0.149,75.7,0.551,34.1,93.6,114,75.0,5.62,794,4.57,6.22,536.734,2673.63,0.029,0.0485,36.8204,6.47,7.58,37.1,32.8,0.818,258,211,102,1.01,0.849,0.0428,0.0428,0.974,1033,1033,15,1,160,0.3,116.9,114.2,35.7,36.8,115,37.6,112,38.8,89.0,40.2,37.7,44.5,4.29,4.29,4.40,-4.12,0.032578,1.37205882,0.205356,4.75795295
216.00,1,185.980,1,185.980,74.282,95.926,5312.210,12.048,0.9733,76.9,-0.041,75.6,0.550,34.1,79.9,114,75.3,5.62,794,4.48,6.22,536.734,2727.59,0.029,0.0485,36.8204,6.47,6.97,37.1,32.8,0.817,257,210,76,0.85,0.373,0.0428,0.0428,0.976,1034,1034,15,1,153,5.8,116.9,114.2,35.9,37.0,115,37.2,112,38.4,88.9,40.3,37.7,44.5,4.29,4.29,3.57,-2.67,0.032582,1.37491039,0.205400,4.76774029
217.00,1,186.980,1,186.980,74.306,95.717,5311.256,12.048,0.9733,77.0,-0.090,75.5,0.550,34.1,102.6,114,75.2,5.61,793,4.55,6.21,536.734,2286.97,0.029,0.0485,36.8204,6.47,4.53,37.1,32.8,0.815,254,207,117,1.14,1.079,0.0428,0.0428,0.974,1034,1034,15,1,116,36.3,114.2,111.4,38.2,39.3,114,38.3,111,39.4,88.9,40.3,37.7,44.5,4.29,4.29,3.95,-2.93,0.032586,1.37776142,0.205448,4.77752958
218.00,1,187.980,1,187.980,74.293,95.541,5310.299,12.048,0.9734,77.0,-0.033,75.5,0.551,34.1,110.0,114,75.0,5.61,793,4.63,6.21,536.734,2242.90,0.029,0.0485,36.8204,6.47,4.92,37.1,32.8,0.818,258,211,132,1.20,1.404,0.0428,0.0428,0.973,1033,1033,15,1,115,36.9,112.7,109.9,39.3,40.3,112,39.4,110,40.5,89.0,40.2,37.7,44.5,4.29,4.29,5.09,-3.46,0.032587,1.38061383,0.205472,4.78732441
219.00,1,188.980,1,188.980,74.271,95.382,5309.344,12.048,0.9735,77.0,0.149,75.5,0.551,34.1,92.9,113,74.9,5.61,793,4.57,6.20,536.734,2260.81,0.029,0.0485,36.8323,6.47,5.41,37.1,32.8,0.818,258,211,100,1.00,0.819,0.0428,0.0428,0.972,1033,1033,15,1,120,32.8,111.3,108.6,40.3,41.2,111,40.5,108,41.5,89.0,40.2,37.7,44.5,4.29,4.29,4.23,-2.73,0.032588,1.38346771,0.205504,4.79712414
220.00,1,189.980,1,189.980,74.246,95.254,5308.391,12.048,0.9734,76.9,-0.041,75.5,0.551,34.1,79.2,113,74.7,5.60,793,4.48,6.20,536.846,2680.36,0.029,0.0485,36.8323,6.47,7.60,37.1,32.8,0.817,257,210,75,0.85,0.346,0.0428,0.0428,0.971,1033,1033,15,1,160,0.3,117.0,114.3,35.6,36.7,115,37.5,112,38.7,89.0,40.2,37.7,44.5,4.29,4.29,3.67,-3.55,0.032589,1.38632043,0.205549,4.80692597
221.00,1,190.980,1,190.980,74.201,95.101,5307.438,12.048,0.9733,77.0,-0.090,75.4,0.551,34.1,102.1,113,74.6,5.60,793,4.55,6.19,536.846,2722.45,0.029,0.0485,36.8323,6.47,6.93,37.1,32.8,0.815,254,207,116,1.14,1.057,0.0428,0.0428,0.971,1034,1034,15,1,152,6.6,116.9,114.2,35.9,37.0,115,37.2,112,38.4,88.9,40.3,37.7,44.5,4.29,4.29,3.99,-3.13,0.032592,1.38917089,0.205597,4.81672993
222.00,1,191.980,1,191.980,74.184,95.064,5306.482,12.048,0.9733,77.0,-0.033,75.4,0.551,34.1,109.7,113,74.6,5.59,793,4.63,6.19,536.846,2279.99,0.029,0.0485,36.8323,6.47,4.59,37.1,32.8,0.818,258,211,131,1.20,1.386,0.0428,0.0428,0.971,1034,1034,15,1,116,36.4,114.1,111.3,38.2,39.4,114,38.3,111,39.5,88.9,40.3,37.7,44.5,4.30,4.30,5.13,-3.73,0.032595,1.39202187,0.205621,4.82653778
223.00,1,192.980,1,192.980,74.172,95.047,5305.526,12.048,0.9734,77.0,0.149,75.4,0.551,34.1,92.7,113,74.5,5.59,793,4.57,6.19,536.846,2242.90,0.029,0.0485,36.8323,6.47,4.92,37.1,32.8,0.818,258,211,100,1.00,0.810,0.0428,0.0428,0.971,1033,1033,15,1,115,36.9,112.6,109.8,39.3,40.4,112,39.5,110,40.6,88.9,40.2,37.7,44.5,4.30,4.30,4.24,-2.78,0.032597,1.39487411,0.205654,4.83634797
224.00,1,193.980,1,193.980,74.166,95.037,5304.573,12.048,0.9734,76.9,-0.041,75.3,0.551,34.1,79.2,113,74.5,5.59,792,4.48,6.19,536.846,2266.88,0.029,0.0485,36.8461,6.47,5.49,37.1,32.8,0.817,257,210,75,0.84,0.343,0.0428,0.0428,0.972,1033,1033,15,1,122,30.7,111.3,108.6,40.2,41.2,111,40.5,108,41.5,88.9,40.2,37.7,44.5,4.30,4.30,3.53,-2.30,0.032598,1.39772536,0.205699,4.84615752
225.00,1,194.980,1,194.980,74.169,95.058,5303.620,12.048,0.9734,77.0,-0.090,75.3,0.551,34.1,102.1,113,74.5,5.58,792,4.55,6.18,536.980,2686.96,0.029,0.0485,36.8461,6.47,7.62,37.1,32.8,0.815,254,207,116,1.14,1.055,0.0429,0.0429,0.973,1033,1033,15,1,160,0.3,117.1,114.4,35.5,36.7,115,37.4,112,38.6,88.9,40.3,37.7,44.5,4.30,4.30,4.08,-3.97,0.032599,1.40057463,0.205747,4.85596675
226.00,1,195.980,1,195.980,74.177,95.074,5302.664,12.048,0.9732,77.0,-0.033,75.2,0.551,34.1,109.7,113,74.6,5.58,792,4.63,6.18,536.980,2717.08,0.029,0.0485,36.8461,6.47,6.88,37.1,32.8,0.818,258,211,132,1.20,1.386,0.0429,0.0429,0.973,1034,1034,15,1,151,7.4,116.7,114.0,36.0,37.1,115,37.3,112,38.5,88.8,40.3,37.7,44.5,4.30,4.30,5.18,-3.98,0.032601,1.40342470,0.205772,4.86577793
227.00,1,196.980,1,196.980,74.188,95.090,5301.709,12.048,0.9733,77.0,0.149,75.2,0.551,34.1,92.8,113,74.6,5.58,792,4.56,6.18,536.980,2274.07,0.029,0.0485,36.8461,6.47,4.64,37.1,32.8,0.818,258,211,100,1.00,0.813,0.0429,0.0429,0.974,1034,1034,15,1,115,36.5,114.0,111.2,38.3,39.4,114,38.4,111,39.6,88.8,40.3,37.7,44.5,4.30,4.30,4.25,-3.00,0.032604,1.40627631,0.205805,4.87559009
228.00,1,197.980,1,197.980,74.201,95.103,5300.755,12.048,0.9733,76.9,-0.041,75.2,0.550,34.1,79.3,113,74.6,5.58,792,4.47,6.18,536.980,2242.90,0.029,0.0485,36.8461,6.47,4.92,37.1,32.8,0.817,257,210,75,0.84,0.345,0.0429,0.0429,0.974,1033,1033,15,1,115,36.9,112.5,109.8,39.4,40.4,112,39.5,110,40.6,88.9,40.3,37.7,44.5,4.30,4.30,3.53,-2.31,0.032607,1.40912722,0.205851,4.88540081
229.00,1,198.980,1,198.980,74.233,95.112,5299.802,12.048,0.9734,77.0,-0.090,75.1,0.550,34.1,102.1,113,74.6,5.58,792,4.54,6.18,536.980,2273.50,0.029,0.0485,36.8732,6.47,5.57,37.1,32.8,0.815,254,207,116,1.14,1.055,0.0429,0.0429,0.974,1033,1033,15,1,125,28.2,111.3,108.7,40.2,41.2,111,40.5,108,41.5,88.9,40.2,37.7,44.5,4.30,4.30,3.87,-2.68,0.032608,1.41197640,0.205900,4.89521082
230.00,1,199.980,1,199.980,74.251,95.120,5298.846,12.048,0.9733,77.0,-0.033,75.1,0.550,34.1,109.7,113,74.6,5.58,792,4.62,6.18,537.145,2693.36,0.029,0.0485,36.8732,6.47,7.64,37.1,32.8,0.818,258,211,132,1.20,1.387,0.0429,0.0429,0.974,1033,1033,15,1,160,0.3,117.2,114.4,35.5,36.7,115,37.4,112,38.6,88.9,40.3,37.7,44.5,4.30,4.30,5.28,-4.83,0.032608,1.41482654,0.205926,4.90502273
231.00,1,200.980,1,200.980,74.270,95.130,5297.890,12.048,0.9732,76.9,0.149,75.1,0.550,34.1,92.9,113,74.6,5.58,791,4.56,6.18,537.145,2711.47,0.029,0.0485,36.8732,6.47,6.84,37.1,32.8,0.818,258,211,101,1.00,0.814,0.0429,0.0429,0.974,1034,1034,15,1,150,8.2,116.6,113.9,36.1,37.2,115,37.3,112,38.6,88.8,40.4,37.7,44.5,4.30,4.30,4.27,-3.20,0.032611,1.41767827,0.205959,4.91483578
232.00,1,201.980,1,201.980,74.289,95.135,5296.937,12.048,0.9732,76.9,-0.041,75.1,0.550,34.1,79.3,113,74.7,5.58,791,4.47,6.17,537.145,2269.08,0.029,0.0485,36.8732,6.47,4.68,37.1,32.8,0.817,258,210,76,0.84,0.346,0.0429,0.0429,0.974,1034,1034,15,1,115,36.6,114.0,111.2,38.3,39.4,114,38.4,111,39.6,88.8,40.3,37.7,44.5,4.30,4.30,3.54,-2.49,0.032615,1.42052935,0.206005,4.92464772
233.00,1,202.980,1,202.980,74.329,95.119,5295.984,12.048,0.9733,77.0,-0.090,75.0,0.550,34.1,102.1,113,74.7,5.58,791,4.54,6.17,537.145,2242.90,0.029,0.0485,36.8732,6.47,4.92,37.1,32.8,0.815,254,207,116,1.13,1.054,0.0429,0.0429,0.975,1033,1033,15,1,115,36.9,112.6,109.8,39.4,40.4,112,39.5,110,40.6,88.9,40.2,37.7,44.5,4.31,4.31,3.90,-2.70,0.032617,1.42337875,0.206055,4.93445934
234.00,1,203.980,1,203.980,74.349,95.123,5295.028,12.048,0.9734,77.0,-0.033,75.0,0.550,34.1,109.7,113,74.7,5.58,791,4.62,6.17,537.145,2288.04,0.029,0.0485,36.8949,6.47,5.70,37.1,32.8,0.818,258,211,132,1.19,1.385,0.0429,0.0429,0.974,1033,1033,15,1,132,22.8,111.3,108.7,40.2,41.1,111,40.5,108,41.5,88.9,40.2,37.7,44.5,4.31,4.31,5.06,-3.45,0.032617,1.42622916,0.206081,4.94427322
235.00,1,204.980,1,204.980,74.370,95.126,5294.072,12.097,0.9733,76.9,0.149,75.0,0.550,34.1,92.9,113,74.7,5.58,791,4.55,6.17,537.294,2705.48,0.029,0.0485,36.8949,6.50,7.67,37.1,32.8,0.818,258,211,101,1.00,0.813,0.0429,0.0429,0.974,1033,1033,15,1,160,0.3,117.3,114.6,35.4,36.6,115,37.3,112,38.5,88.9,40.3,37.7,44.5,4.31,4.31,4.38,-4.06,0.032618,1.42908117,0.206115,4.95408859
236.00,1,205.980,1,205.980,74.392,95.131,5293.119,12.097,0.9732,76.9,-0.041,75.0,0.550,34.1,79.3,113,74.7,5.58,791,4.46,6.17,537.294,2699.52,0.029,0.0485,36.8949,6.50,6.74,37.1,32.8,0.817,258,210,76,0.84,0.346,0.0429,0.0429,0.974,1034,1034,15,1,148,9.9,116.5,113.8,36.2,37.3,115,37.4,112,38.6,88.8,40.4,37.7,44.5,4.31,4.31,3.56,-2.66,0.032621,1.43193248,0.206161,4.96390313
237.00,1,206.980,1,206.980,74.435,95.130,5292.166,12.097,0.9732,77.0,-0.090,75.0,0.550,34.1,102.1,113,74.7,5.58,791,4.53,6.17,537.294,2261.39,0.029,0.0485,36.8949,6.50,4.75,37.1,32.8,0.815,254,207,116,1.13,1.052,0.0429,0.0429,0.974,1033,1033,15,1,115,36.7,113.9,111.2,38.3,39.4,114,38.4,111,39.6,88.8,40.3,37.7,44.5,4.31,4.31,3.94,-2.91,0.032624,1.43478209,0.206211,4.97371761
238.00,1,207.980,1,207.980,74.457,95.109,5291.210,12.097,0.9733,77.0,-0.033,74.9,0.550,34.1,109.7,113,74.7,5.58,790,4.61,6.17,537.294,2242.89,0.029,0.0485,36.8949,6.50,4.92,37.1,32.8,0.818,258,211,132,1.19,1.383,0.0429,0.0429,0.974,1033,1033,15,1,115,36.9,112.5,109.8,39.4,40.5,112,39.6,110,40.7,88.9,40.2,37.7,44.5,4.31,4.31,5.09,-3.45,0.032625,1.43763271,0.206238,4.98353455
239.00,1,208.980,1,208.980,74.479,95.113,5290.255,12.097,0.9734,76.9,0.149,74.9,0.550,34.1,92.8,113,74.7,5.58,790,4.55,6.17,537.294,2303.92,0.029,0.0485,36.8878,6.50,5.83,37.1,32.8,0.818,258,211,101,1.00,0.811,0.0429,0.0429,0.974,1033,1033,15,1,138,17.7,111.5,108.8,40.1,41.1,111,40.5,108,41.5,88.9,40.2,37.7,44.5,4.31,4.31,4.25,-2.88,0.032626,1.44048495,0.206272,4.99335313
240.00,1,209.980,1,209.980,74.501,95.116,5289.301,12.097,0.9733,76.9,-0.041,74.9,0.550,34.1,79.3,113,74.7,5.58,790,4.46,6.17,537.468,2716.85,0.029,0.0485,36.8878,6.50,7.70,37.1,32.8,0.817,258,211,76,0.84,0.345,0.0429,0.0429,0.974,1033,1033,15,1,160,0.3,117.5,114.7,35.3,36.4,115,37.2,112,38.4,88.9,40.3,37.7,44.5,4.31,4.31,3.66,-3.46,0.032627,1.44333647,0.206318,5.00317098
241.00,1,210.980,1,210.980,74.547,95.121,5288.348,12.097,0.9732,77.0,-0.090,74.9,0.550,34.1,102.1,113,74.7,5.58,790,4.53,6.16,537.468,2686.67,0.029,0.0485,36.8878,6.50,6.65,37.1,32.8,0.815,254,207,116,1.13,1.051,0.0429,0.0429,0.973,1034,1034,15,1,146,11.8,116.4,113.7,36.3,37.4,115,37.4,112,38.6,88.8,40.4,37.7,44.5,4.31,4.31,3.99,-3.11,0.032630,1.44618623,0.206368,5.01298881
242.00,1,211.980,1,211.980,74.570,95.120,5287.392,12.097,0.9732,77.0,-0.033,74.9,0.550,34.1,109.7,113,74.7,5.58,790,4.61,6.16,537.468,2255.93,0.029,0.0485,36.8878,6.50,4.80,37.1,32.8,0.818,259,211,132,1.19,1.382,0.0429,0.0429,0.973,1033,1033,15,1,115,36.8,113.9,111.1,38.4,39.5,114,38.5,111,39.6,88.8,40.3,37.7,44.5,4.32,4.32,5.13,-3.69,0.032632,1.44903698,0.206395,5.02280917
243.00,1,212.980,1,212.980,74.593,95.117,5286.437,12.097,0.9733,76.9,0.149,74.9,0.550,34.1,92.8,113,74.7,5.58,790,4.54,6.16,537.468,2242.89,0.029,0.0485,36.8878,6.50,4.92,37.1,32.8,0.818,259,211,101,1.00,0.810,0.0429,0.0429,0.973,1033,1033,15,1,115,36.9,112.4,109.7,39.5,40.5,112,39.7,109,40.7,88.9,40.3,37.7,44.5,4.32,4.32,4.23,-2.77,0.032634,1.45188938,0.206429,5.03263122
244.00,1,213.980,1,213.980,74.616,95.109,5285.484,12.097,0.9734,76.9,-0.041,74.8,0.550,34.1,79.3,113,74.7,5.58,789,4.46,6.16,537.468,2320.77,0.029,0.0485,36.8766,6.50,5.95,37.1,32.8,0.817,258,211,76,0.84,0.345,0.0429,0.0429,0.973,1033,1033,15,1,144,13.3,111.7,109.0,39.9,40.9,111,40.5,108,41.5,88.9,40.2,37.6,44.5,4.32,4.32,3.55,-2.52,0.032634,1.45474108,0.206475,5.04245257
245.00,1,214.980,1,214.980,74.663,95.106,5284.531,12.097,0.9733,77.0,-0.090,74.8,0.549,34.1,102.0,113,74.7,5.59,789,4.52,6.16,537.657,2727.43,0.029,0.0485,36.8766,6.50,7.72,37.1,32.8,0.815,254,207,116,1.13,1.049,0.0430,0.0430,0.973,1033,1033,15,1,160,0.3,117.7,114.9,35.1,36.3,115,37.0,113,38.3,88.8,40.3,37.6,44.5,4.32,4.32,4.07,-3.87,0.032636,1.45759100,0.206525,5.05227391
246.00,1,215.980,1,215.980,74.687,95.107,5283.575,12.097,0.9732,77.0,-0.033,74.8,0.549,34.1,109.6,113,74.7,5.59,789,4.60,6.16,537.657,2672.98,0.029,0.0485,36.8766,6.50,6.55,37.1,32.8,0.818,259,212,132,1.19,1.380,0.0430,0.0430,0.973,1034,1034,15,1,143,13.7,116.3,113.5,36.5,37.6,115,37.4,112,38.7,88.8,40.4,37.6,44.5,4.32,4.32,5.17,-3.95,0.032638,1.46044184,0.206552,5.06209777
247.00,1,216.980,1,216.980,74.711,95.107,5282.620,12.097,0.9732,76.9,0.149,74.8,0.549,34.1,92.9,113,74.7,5.59,789,4.54,6.16,537.657,2252.07,0.029,0.0485,36.8766,6.50,4.83,37.1,32.8,0.818,259,212,101,1.00,0.809,0.0430,0.0430,0.973,1033,1033,15,1,115,36.8,113.8,111.0,38.5,39.6,114,38.6,111,39.7,88.8,40.3,37.6,44.5,4.32,4.32,4.25,-2.96,0.032640,1.46329428,0.206586,5.07192330
248.00,1,217.980,1,217.980,74.735,95.106,5281.666,12.097,0.9733,76.9,-0.041,74.8,0.549,34.1,79.3,113,74.7,5.59,789,4.45,6.16,537.657,2242.89,0.029,0.0485,36.8766,6.50,4.92,37.1,32.8,0.817,258,211,76,0.84,0.344,0.0430,0.0430,0.972,1033,1033,15,1,115,36.9,112.4,109.7,39.5,40.6,112,39.7,109,40.7,88.9,40.3,37.6,44.5,4.32,4.32,3.53,-2.29,0.032642,1.46614606,0.206633,5.08174811
249.00,1,218.980,1,218.980,74.784,95.096,5280.713,12.097,0.9733,77.0,-0.090,74.7,0.549,34.1,102.0,113,74.7,5.59,789,4.52,6.15,537.657,2338.32,0.029,0.0485,36.8767,6.50,6.06,37.1,32.8,0.815,254,207,116,1.13,1.047,0.0430,0.0430,0.972,1033,1033,15,1,148,9.8,112.0,109.3,39.7,40.7,111,40.4,108,41.4,88.9,40.2,37.6,44.5,4.32,4.32,3.91,-2.99,0.032643,1.46899610,0.206683,5.09157289
250.00,1,219.980,1,219.980,74.808,95.099,5279.757,12.097,0.9732,77.0,-0.033,74.7,0.549,34.1,109.6,113,74.7,5.59,789,4.60,6.15,537.857,2737.19,0.029,0.0485,36.8767,6.51,7.74,37.1,32.8,0.818,259,212,132,1.19,1.378,0.0430,0.0430,0.972,1033,1033,15,1,160,0.3,117.7,115.0,35.1,36.3,115,37.0,113,38.2,88.8,40.3,37.6,44.5,4.32,4.32,5.27,-4.71,0.032643,1.47184705,0.206710,5.10140016
251.00,1,220.980,1,220.980,74.833,95.101,5278.802,12.097,0.9732,76.9,0.149,74.7,0.549,34.1,92.9,113,74.7,5.59,788,4.53,6.15,537.857,2658.45,0.029,0.0485,36.8767,6.51,6.44,37.1,32.8,0.818,259,212,101,1.00,0.809,0.0430,0.0430,0.972,1034,1034,15,1,141,15.6,116.1,113.4,36.6,37.7,115,37.5,112,38.7,88.8,40.4,37.6,44.5,4.32,4.32,4.27,-3.18,0.032645,1.47469957,0.206744,5.11122907
252.00,1,221.980,1,221.980,74.858,95.101,5277.849,12.097,0.9732,76.9,-0.041,74.7,0.549,34.1,79.4,113,74.7,5.59,788,4.45,6.15,537.857,2249.35,0.029,0.0485,36.8767,6.51,4.86,37.1,32.8,0.817,258,211,76,0.84,0.344,0.0430,0.0430,0.972,1033,1033,15,1,115,36.9,113.8,111.0,38.5,39.6,114,38.6,111,39.7,88.8,40.3,37.6,44.5,4.33,4.33,3.54,-2.45,0.032648,1.47755140,0.206791,5.12105728
253.00,1,222.980,1,222.980,74.907,95.088,5276.896,12.097,0.9733,77.0,-0.090,74.7,0.549,34.1,102.0,113,74.7,5.59,788,4.51,6.15,537.857,2242.89,0.029,0.0485,36.8767,6.51,4.92,37.1,32.8,0.815,254,207,116,1.13,1.045,0.0430,0.0430,0.972,1033,1033,15,1,115,36.9,112.4,109.7,39.5,40.6,112,39.7,109,40.8,88.9,40.2,37.6,44.5,4.33,4.33,3.90,-2.69,0.032650,1.48040153,0.206841,5.13088545
254.00,1,223.980,1,223.980,74.932,95.088,5275.940,12.097,0.9733,77.0,-0.033,74.7,0.549,34.1,109.6,113,74.7,5.59,788,4.60,6.15,538.070,2356.36,0.029,0.0485,36.8881,6.51,6.17,37.1,32.8,0.818,259,212,132,1.19,1.376,0.0430,0.0430,0.971,1033,1033,15,1,151,7.1,112.2,109.6,39.5,40.5,111,40.4,108,41.4,88.9,40.2,37.6,44.5,4.33,4.33,5.12,-3.84,0.032649,1.48325260,0.206868,5.14071610
255.00,1,224.980,1,224.980,74.957,95.089,5274.986,12.097,0.9733,76.9,0.149,74.6,0.549,34.1,92.9,113,74.7,5.59,788,4.53,6.15,538.070,2746.04,0.029,0.0485,36.8881,6.51,7.75,37.1,32.8,0.818,259,212,101,0.99,0.807,0.0430,0.0430,0.971,1033,1033,15,1,160,0.3,117.8,115.1,35.0,36.2,116,36.9,113,38.2,88.9,40.3,37.6,44.5,4.33,4.33,4.36,-3.90,0.032650,1.48610524,0.206903,5.15054839
256.00,1,225.980,1,225.980,74.982,95.094,5274.032,12.097,0.9732,76.9,-0.041,74.6,0.549,34.1,79.4,113,74.7,5.60,788,4.44,6.15,538.070,2643.14,0.029,0.0485,36.8881,6.51,6.34,37.1,32.8,0.817,258,211,76,0.84,0.344,0.0430,0.0430,0.971,1034,1034,15,1,139,17.6,116.0,113.3,36.7,37.8,115,37.5,112,38.7,88.8,40.4,37.6,44.5,4.33,4.33,3.56,-2.64,0.032653,1.48895715,0.206950,5.16037996
257.00,1,226.980,1,226.980,75.032,95.096,5273.080,12.097,0.9732,77.0,-0.090,74.6,0.549,34.1,102.0,113,74.7,5.60,788,4.51,6.15,538.070,2247.43,0.029,0.0485,36.8881,6.51,4.88,37.1,32.8,0.815,254,207,116,1.13,1.043,0.0430,0.0430,0.971,1033,1033,15,1,115,36.9,113.8,111.0,38.5,39.6,114,38.6,111,39.7,88.8,40.3,37.6,44.5,4.33,4.33,3.94,-2.87,0.032656,1.49180734,0.207000,5.17021152
258.00,1,227.980,1,227.980,75.057,95.077,5272.124,12.097,0.9733,77.0,-0.029,74.6,0.549,34.1,109.6,113,74.8,5.60,787,4.59,6.15,538.070,2242.89,0.029,0.0485,36.8881,6.51,4.92,37.1,32.8,0.818,259,212,132,1.19,1.374,0.0430,0.0430,0.971,1033,1033,15,1,115,36.9,112.3,109.6,39.6,40.6,112,39.8,109,40.8,88.9,40.2,37.6,44.5,4.33,4.33,5.08,-3.43,0.032657,1.49465851,0.207027,5.18004557
259.00,1,228.980,1,228.980,75.082,95.082,5271.169,12.097,0.9733,76.9,0.172,74.6,0.549,34.1,92.8,113,74.7,5.60,787,4.53,6.14,538.241,2374.75,0.029,0.0486,36.8969,6.51,6.27,37.1,32.8,0.818,259,212,101,0.99,0.806,0.0430,0.0430,0.970,1033,1033,15,1,154,5.1,112.4,109.8,39.3,40.3,111,40.3,109,41.3,88.9,40.2,37.6,44.5,4.33,4.33,4.31,-3.32,0.032657,1.49751129,0.207062,5.18988129
260.00,1,229.980,1,229.980,75.107,95.085,5270.216,12.097,0.9733,76.9,-0.046,74.6,0.549,34.1,79.4,113,74.7,5.60,787,4.44,6.14,538.241,2754.00,0.029,0.0486,36.8969,6.51,7.76,37.1,32.8,0.817,258,211,76,0.84,0.343,0.0430,0.0430,0.970,1033,1033,15,1,160,0.3,117.9,115.2,35.0,36.2,116,36.9,113,38.1,88.9,40.3,37.6,44.5,4.33,4.33,3.63,-3.28,0.032658,1.50036333,0.207109,5.19971629
261.00,1,230.980,1,230.980,75.157,95.091,5269.263,12.097,0.9732,77.0,-0.090,74.5,0.549,34.1,102.0,113,74.8,5.60,787,4.50,6.14,538.241,2627.09,0.029,0.0486,36.8969,6.51,6.23,37.1,32.8,0.815,255,207,116,1.13,1.043,0.0430,0.0430,0.970,1034,1034,15,1,136,19.5,115.9,113.2,36.8,37.9,115,37.5,112,38.8,88.8,40.4,37.6,44.5,4.34,4.34,3.99,-3.09,0.032661,1.50321362,0.207159,5.20955128
262.00,1,231.980,1,231.980,75.182,95.090,5268.307,12.097,0.9732,77.0,-0.029,74.5,0.549,34.1,109.6,113,74.8,5.60,787,4.59,6.14,538.241,2246.08,0.029,0.0486,36.8969,6.51,4.89,37.1,32.8,0.818,259,212,132,1.19,1.372,0.0430,0.0430,0.970,1033,1033,15,1,115,36.9,113.7,110.9,38.6,39.7,114,38.7,111,39.8,88.8,40.3,37.6,44.5,4.34,4.34,5.13,-3.65,0.032663,1.50606489,0.207187,5.21938881
263.00,1,232.980,1,232.980,75.207,95.069,5267.353,12.097,0.9733,76.9,0.172,74.5,0.549,34.1,92.8,113,74.8,5.60,787,4.52,6.14,538.241,2242.89,0.029,0.0486,36.8969,6.51,4.92,37.1,32.8,0.818,259,212,101,0.99,0.805,0.0431,0.0431,0.970,1033,1033,15,1,115,36.9,112.3,109.6,39.7,40.7,112,39.8,109,40.9,88.9,40.3,37.6,44.5,4.34,4.34,4.23,-2.74,0.032664,1.50891778,0.207222,5.22922802
264.00,1,233.980,1,233.980,75.232,95.074,5266.400,12.097,0.9733,76.9,-0.046,74.5,0.549,34.1,79.4,113,74.8,5.60,786,4.43,6.14,538.422,2393.39,0.029,0.0485,36.8950,6.51,6.37,37.1,32.8,0.817,259,211,76,0.84,0.342,0.0431,0.0431,0.970,1033,1033,15,1,155,3.7,112.8,110.1,39.0,40.1,111,40.2,109,41.2,88.9,40.2,37.6,44.5,4.34,4.34,3.61,-2.96,0.032665,1.51176998,0.207269,5.23906653
265.00,1,234.980,1,234.980,75.281,95.082,5265.447,12.097,0.9732,77.0,-0.090,74.5,0.549,34.1,101.9,113,74.8,5.61,786,4.50,6.14,538.422,2761.05,0.029,0.0485,36.8950,6.51,7.76,37.1,32.8,0.815,255,208,116,1.13,1.041,0.0431,0.0431,0.969,1033,1033,15,1,160,0.3,118.1,115.3,34.9,36.1,116,36.8,113,38.0,88.8,40.3,37.6,44.5,4.34,4.34,4.06,-3.68,0.032666,1.51462041,0.207319,5.24890504
266.00,1,235.980,1,235.980,75.306,95.083,5264.491,12.097,0.9732,77.0,-0.029,74.5,0.549,34.1,109.6,113,74.8,5.61,786,4.58,6.14,538.422,2610.33,0.029,0.0485,36.8950,6.51,6.12,37.1,32.8,0.818,259,212,132,1.19,1.372,0.0431,0.0431,0.969,1034,1034,15,1,134,21.3,115.8,113.0,37.0,38.1,115,37.6,112,38.8,88.8,40.4,37.6,44.5,4.34,4.34,5.17,-3.92,0.032668,1.51747178,0.207346,5.25874608
267.00,1,236.980,1,236.980,75.331,95.082,5263.537,12.097,0.9732,76.9,0.172,74.4,0.548,34.1,92.9,113,74.8,5.61,786,4.52,6.14,538.422,2245.14,0.029,0.0485,36.8950,6.51,4.90,37.1,32.8,0.817,259,212,101,0.99,0.805,0.0431,0.0431,0.969,1033,1033,15,1,115,36.9,113.6,110.8,38.6,39.8,113,38.7,111,39.9,88.8,40.3,37.5,44.5,4.34,4.34,4.25,-2.93,0.032671,1.52032478,0.207381,5.26858883
268.00,1,237.980,1,237.980,75.355,95.079,5262.584,12.097,0.9733,76.9,-0.046,74.4,0.548,34.1,79.4,113,74.8,5.61,786,4.43,6.14,538.422,2242.89,0.029,0.0485,36.8950,6.51,4.92,37.1,32.8,0.817,259,211,76,0.84,0.342,0.0431,0.0431,0.969,1033,1033,15,1,115,36.9,112.2,109.5,39.7,40.7,112,39.9,109,40.9,88.9,40.3,37.5,44.5,4.34,4.34,3.53,-2.28,0.032672,1.52317713,0.207428,5.27843093
269.00,1,238.980,1,238.980,75.403,95.067,5261.631,12.097,0.9733,77.0,-0.090,74.4,0.548,34.1,101.9,113,74.8,5.61,786,4.50,6.13,538.614,2412.18,0.029,0.0485,36.8861,6.52,6.47,37.1,32.8,0.815,255,208,116,1.12,1.039,0.0431,0.0431,0.969,1033,1033,15,1,157,2.7,113.1,110.5,38.8,39.8,112,40.1,109,41.1,88.9,40.3,37.5,44.5,4.34,4.34,3.98,-3.43,0.032672,1.52602774,0.207479,5.28827305
270.00,1,239.980,1,239.980,75.427,95.069,5260.676,12.097,0.9732,77.0,-0.029,74.4,0.548,34.1,109.5,113,74.8,5.61,786,4.58,6.13,538.614,2767.16,0.029,0.0485,36.8861,6.52,7.75,37.1,32.8,0.818,259,212,132,1.19,1.370,0.0431,0.0431,0.969,1033,1033,15,1,160,0.3,118.1,115.4,34.9,36.1,116,36.8,113,38.0,88.8,40.3,37.5,44.5,4.34,4.34,5.25,-4.51,0.032673,1.52887926,0.207507,5.29811771
271.00,1,240.980,1,240.980,75.452,95.069,5259.721,12.097,0.9731,76.9,0.172,74.4,0.548,34.1,92.8,113,74.8,5.61,785,4.51,6.13,538.614,2592.91,0.029,0.0485,36.8861,6.52,6.01,37.1,32.8,0.817,259,212,101,0.99,0.803,0.0431,0.0431,0.968,1034,1034,15,1,132,23.0,115.6,112.9,37.1,38.2,115,37.7,112,38.9,88.8,40.4,37.5,44.5,4.34,4.34,4.27,-3.15,0.032676,1.53173235,0.207541,5.30796407
272.00,1,241.980,1,241.980,75.476,95.069,5258.768,12.097,0.9732,76.9,-0.046,74.4,0.548,34.1,79.4,113,74.8,5.61,785,4.43,6.13,538.614,2244.47,0.029,0.0485,36.8861,6.52,4.90,37.1,32.8,0.817,259,211,76,0.84,0.341,0.0431,0.0431,0.968,1033,1033,15,1,115,36.9,113.6,110.8,38.7,39.8,113,38.8,111,39.9,88.8,40.3,37.5,44.5,4.35,4.35,3.54,-2.43,0.032678,1.53458476,0.207588,5.31780977
273.00,1,242.980,1,242.980,75.524,95.060,5257.816,12.097,0.9733,77.0,-0.090,74.3,0.548,34.1,101.9,113,74.8,5.61,785,4.49,6.13,538.614,2242.89,0.029,0.0485,36.8861,6.52,4.92,37.1,32.8,0.815,255,208,116,1.12,1.037,0.0431,0.0431,0.968,1033,1033,15,1,115,36.9,112.2,109.5,39.7,40.7,112,39.9,109,40.9,88.9,40.2,37.5,44.5,4.35,4.35,3.90,-2.66,0.032680,1.53743547,0.207639,5.32765547
274.00,1,243.980,1,243.980,75.548,95.058,5256.860,12.097,0.9733,77.0,-0.029,74.3,0.548,34.1,109.5,113,74.8,5.61,785,4.57,6.13,538.820,2431.06,0.029,0.0485,36.8865,6.52,6.56,37.1,32.8,0.818,260,212,132,1.18,1.368,0.0431,0.0431,0.968,1033,1033,15,1,158,2.0,113.4,110.8,38.6,39.6,112,40.0,109,41.0,88.9,40.3,37.5,44.5,4.35,4.35,5.20,-4.30,0.032679,1.54028713,0.207667,5.33750369
275.00,1,244.980,1,244.980,75.573,95.061,5255.906,12.097,0.9732,76.9,0.172,74.3,0.548,34.1,92.8,113,74.8,5.61,785,4.51,6.13,538.820,2772.32,0.029,0.0485,36.8865,6.52,7.74,37.1,32.8,0.817,260,212,101,0.99,0.802,0.0431,0.0431,0.968,1033,1033,15,1,160,0.3,118.1,115.4,34.9,36.1,116,36.8,113,38.0,88.8,40.3,37.5,44.5,4.35,4.35,4.33,-3.67,0.032680,1.54314035,0.207702,5.34735360
276.00,1,245.980,1,245.980,75.597,95.062,5254.953,12.097,0.9731,76.9,-0.046,74.3,0.548,34.1,79.4,113,74.8,5.62,785,4.42,6.13,538.820,2574.88,0.029,0.0485,36.8865,6.52,5.90,37.1,32.8,0.816,259,211,76,0.84,0.341,0.0431,0.0431,0.968,1034,1034,15,1,130,24.6,115.5,112.8,37.2,38.3,115,37.7,112,38.9,88.8,40.4,37.5,44.5,4.35,4.35,3.56,-2.61,0.032683,1.54599285,0.207749,5.35720282
277.00,1,246.980,1,246.980,75.646,95.062,5254.000,12.097,0.9732,76.9,-0.090,74.3,0.548,34.1,101.9,113,74.8,5.62,785,4.49,6.13,538.820,2244.00,0.029,0.0485,36.8865,6.52,4.91,37.1,32.8,0.815,255,208,116,1.12,1.035,0.0431,0.0431,0.967,1033,1033,15,1,115,36.9,113.6,110.8,38.7,39.8,113,38.8,111,39.9,88.8,40.3,37.5,44.5,4.35,4.35,3.94,-2.84,0.032686,1.54884364,0.207799,5.36705207
278.00,1,247.980,1,247.980,75.670,95.050,5253.045,12.097,0.9733,77.0,-0.029,74.2,0.548,34.1,109.5,113,74.8,5.62,784,4.57,6.12,538.820,2242.89,0.029,0.0485,36.8865,6.52,4.92,37.1,32.8,0.817,260,212,132,1.18,1.366,0.0431,0.0431,0.967,1033,1033,15,1,115,36.9,112.2,109.5,39.8,40.8,112,40.0,109,41.0,88.9,40.2,37.5,44.5,4.35,4.35,5.08,-3.40,0.032686,1.55169540,0.207827,5.37690383
279.00,1,248.980,1,248.980,75.694,95.049,5252.090,12.097,0.9733,76.9,0.172,74.2,0.548,34.1,92.8,113,74.8,5.62,784,4.50,6.12,539.040,2449.91,0.029,0.0486,36.8972,6.52,6.66,37.1,32.8,0.817,260,212,101,0.99,0.801,0.0431,0.0431,0.967,1033,1033,15,1,158,1.4,113.7,111.0,38.3,39.4,112,39.8,109,40.9,88.9,40.2,37.5,44.5,4.35,4.35,4.37,-3.75,0.032686,1.55454877,0.207863,5.38675726
280.00,1,249.980,1,249.980,75.718,95.050,5251.138,12.097,0.9732,76.9,-0.046,74.2,0.548,34.1,79.4,113,74.8,5.62,784,4.42,6.12,539.040,2776.43,0.029,0.0486,36.8972,6.52,7.72,37.1,32.8,0.816,259,212,76,0.84,0.340,0.0432,0.0432,0.967,1033,1033,15,1,160,0.3,118.2,115.4,34.9,36.1,116,36.7,113,38.0,88.8,40.3,37.5,44.5,4.35,4.35,3.61,-3.03,0.032688,1.55740139,0.207910,5.39661001
281.00,1,250.980,1,250.980,75.767,95.058,5250.185,12.097,0.9731,76.9,-0.090,74.2,0.548,34.1,101.9,113,74.8,5.62,784,4.48,6.12,539.040,2556.30,0.029,0.0486,36.8972,6.52,5.79,37.1,32.8,0.815,255,208,116,1.12,1.034,0.0432,0.0432,0.967,1034,1034,15,1,128,26.1,115.5,112.7,37.2,38.4,115,37.7,112,38.9,88.8,40.4,37.5,44.5,4.35,4.35,3.99,-3.06,0.032691,1.56025226,0.207960,5.40646276
282.00,1,251.980,1,251.980,75.791,95.057,5249.230,12.097,0.9732,77.0,-0.029,74.2,0.548,34.1,109.5,113,74.8,5.62,784,4.57,6.12,539.040,2243.67,0.029,0.0486,36.8972,6.52,4.91,37.1,32.8,0.817,260,212,132,1.18,1.364,0.0432,0.0432,0.967,1033,1033,15,1,115,36.9,113.5,110.7,38.7,39.9,113,38.9,111,40.0,88.8,40.3,37.5,44.5,4.36,4.36,5.13,-3.62,0.032693,1.56310411,0.207988,5.41631806
283.00,1,252.980,1,252.980,75.815,95.039,5248.276,12.097,0.9733,76.9,0.172,74.1,0.548,34.1,92.8,113,74.8,5.62,784,4.50,6.12,539.040,2242.89,0.029,0.0486,36.8972,6.52,4.92,37.1,32.8,0.817,260,212,101,0.99,0.800,0.0432,0.0432,0.967,1033,1033,15,1,115,37.0,112.1,109.4,39.8,40.9,112,40.0,109,41.1,88.9,40.2,37.5,44.5,4.36,4.36,4.24,-2.72,0.032693,1.56595759,0.208024,5.42617504
284.00,1,253.980,1,253.980,75.839,95.043,5247.323,12.097,0.9733,76.9,-0.046,74.1,0.548,34.1,79.4,113,74.8,5.62,783,4.41,6.12,539.218,2468.72,0.029,0.0486,36.9053,6.52,6.75,37.1,32.8,0.816,259,212,76,0.84,0.340,0.0432,0.0432,0.966,1033,1033,15,1,159,1.1,114.0,111.4,38.1,39.1,112,39.6,109,40.7,88.9,40.2,37.5,44.5,4.36,4.36,3.67,-3.33,0.032694,1.56881036,0.208071,5.43603135
285.00,1,254.980,1,254.980,75.887,95.051,5246.371,12.097,0.9732,76.9,-0.090,74.1,0.548,34.1,101.8,113,74.8,5.62,783,4.48,6.12,539.218,2779.53,0.029,0.0486,36.9053,6.52,7.70,37.1,32.8,0.815,255,208,116,1.12,1.032,0.0432,0.0432,0.966,1033,1033,15,1,160,0.3,118.2,115.5,34.8,36.0,116,36.7,113,38.0,88.8,40.3,37.5,44.5,4.36,4.36,4.05,-3.44,0.032695,1.57166136,0.208121,5.44588766
286.00,1,255.980,1,255.980,75.911,95.052,5245.415,12.097,0.9731,77.0,-0.029,74.1,0.548,34.1,109.5,113,74.8,5.63,783,4.56,6.12,539.218,2537.20,0.029,0.0486,36.9053,6.52,5.67,37.1,32.8,0.817,260,212,132,1.18,1.363,0.0432,0.0432,0.966,1034,1034,15,1,127,27.5,115.3,112.6,37.4,38.5,115,37.8,112,39.0,88.8,40.4,37.5,44.5,4.36,4.36,5.17,-3.88,0.032698,1.57451330,0.208149,5.45574653
287.00,1,256.980,1,256.980,75.935,95.051,5244.461,12.097,0.9732,76.9,0.172,74.1,0.548,34.1,92.8,113,74.8,5.63,783,4.50,6.11,539.218,2243.44,0.029,0.0486,36.9053,6.52,4.91,37.1,32.8,0.817,260,212,101,0.99,0.799,0.0432,0.0432,0.966,1033,1033,15,1,115,36.9,113.4,110.7,38.8,39.9,113,38.9,111,40.1,88.8,40.3,37.4,44.5,4.36,4.36,4.25,-2.90,0.032700,1.57736688,0.208185,5.46560712
288.00,1,257.980,1,257.980,75.983,95.465,5243.509,12.097,0.9733,76.9,-0.032,73.8,0.545,34.1,79.2,113,75.0,5.61,783,4.40,6.11,539.218,2242.89,0.029,0.0486,36.9053,6.52,4.92,37.1,32.8,0.816,259,212,76,0.83,0.331,0.0432,0.0432,0.974,1033,1033,15,1,115,37.0,112.1,109.4,39.8,40.9,112,40.0,109,41.1,88.8,40.3,37.4,44.5,4.36,4.36,3.51,-2.24,0.032701,1.58021994,0.208232,5.47546710
289.00,1,258.980,1,258.980,75.995,95.840,5242.556,12.097,0.9733,77.0,0.099,73.3,0.543,34.1,109.0,113,75.7,5.57,783,4.49,6.09,539.405,2487.42,0.029,0.0486,36.9026,6.53,6.84,37.1,32.8,0.815,257,209,130,1.20,1.297,0.0432,0.0432,0.984,1033,1033,15,1,159,0.9,114.4,111.7,37.8,38.9,112,39.4,110,40.5,88.8,40.3,37.4,44.5,4.36,4.36,4.49,-4.11,0.032701,1.58307292,0.208276,5.48532871
290.00,1,259.980,1,259.980,75.986,95.849,5241.600,12.097,0.9731,77.0,0.004,73.1,0.543,34.1,103.8,113,75.9,5.56,783,4.57,6.09,539.405,2781.62,0.029,0.0486,36.9026,6.53,7.67,37.1,32.8,0.818,260,213,121,1.12,1.180,0.0432,0.0432,0.986,1033,1033,15,1,160,0.3,118.2,115.4,34.9,36.1,116,36.8,113,38.1,88.8,40.4,37.4,44.5,4.36,4.36,4.98,-3.98,0.032702,1.58592940,0.208300,5.49519631
291.00,1,260.980,1,260.980,75.957,95.706,5240.646,12.097,0.9731,76.9,0.175,73.1,0.543,34.1,86.6,113,75.8,5.55,782,4.44,6.08,539.405,2517.64,0.029,0.0486,36.9026,6.53,5.56,37.1,32.8,0.817,260,212,89,0.92,0.587,0.0432,0.0432,0.986,1034,1034,15,1,125,28.8,115.2,112.4,37.5,38.6,115,37.9,112,39.1,88.7,40.4,37.4,44.5,4.36,4.36,3.94,-2.87,0.032705,1.58878753,0.208337,5.50506820
292.00,1,261.980,1,261.980,75.863,94.903,5239.695,12.097,0.9731,76.9,0.007,73.3,0.545,34.1,76.7,112,75.5,5.56,782,4.44,6.08,539.405,2243.28,0.029,0.0486,36.9026,6.53,4.92,37.1,32.8,0.815,257,209,70,0.82,0.218,0.0432,0.0432,0.976,1033,1033,15,1,115,37.0,113.4,110.7,38.8,39.9,113,39.0,110,40.1,88.8,40.3,37.4,44.5,4.36,4.36,3.28,-2.23,0.032708,1.59164386,0.208386,5.51494358
293.00,1,262.980,1,262.980,75.822,94.366,5238.743,12.097,0.9732,77.0,-0.052,73.7,0.547,34.1,111.3,112,74.4,5.59,782,4.52,6.09,539.405,2242.89,0.029,0.0486,36.9026,6.53,4.92,37.1,32.8,0.816,258,211,135,1.22,1.384,0.0432,0.0432,0.965,1033,1033,15,1,115,37.0,112.0,109.3,39.9,40.9,112,40.1,109,41.1,88.8,40.2,37.4,44.5,4.37,4.37,4.77,-3.24,0.032708,1.59449686,0.208424,5.52482205
294.00,1,263.980,1,263.980,75.805,94.252,5237.789,12.146,0.9732,77.0,0.033,73.8,0.548,34.1,100.0,112,74.1,5.59,782,4.57,6.09,539.604,2515.11,0.029,0.0486,36.9069,6.55,6.97,37.1,32.8,0.817,260,213,115,1.07,1.038,0.0432,0.0432,0.963,1033,1033,15,1,159,0.6,114.8,112.1,37.5,38.6,113,39.2,110,40.3,88.8,40.3,37.4,44.5,4.37,4.37,4.89,-4.34,0.032708,1.59734951,0.208454,5.53470336
295.00,1,264.980,1,264.980,75.813,94.328,5236.836,12.146,0.9731,76.9,0.125,73.8,0.548,34.1,85.3,112,74.1,5.60,782,4.44,6.09,539.604,2782.72,0.029,0.0486,36.9069,6.55,7.62,37.1,32.8,0.817,260,212,88,0.90,0.535,0.0432,0.0432,0.963,1033,1033,15,1,160,0.3,118.1,115.4,34.9,36.1,116,36.8,113,38.1,88.8,40.4,37.4,44.5,4.37,4.37,3.92,-3.05,0.032709,1.60020098,0.208496,5.54458239
296.00,1,265.980,1,265.980,75.886,94.640,5235.885,12.146,0.9731,76.9,0.007,73.8,0.547,34.1,76.9,112,74.4,5.60,782,4.43,6.09,539.604,2487.62,0.029,0.0486,36.9069,6.55,5.39,37.1,32.8,0.815,257,209,71,0.82,0.224,0.0433,0.0433,0.966,1034,1034,15,1,123,30.4,115.1,112.4,37.6,38.7,115,37.9,112,39.1,88.7,40.4,37.4,44.5,4.37,4.37,3.30,-2.41,0.032712,1.60305048,0.208548,5.55445775
297.00,1,266.980,1,266.980,75.941,94.789,5234.931,12.146,0.9732,77.0,-0.052,73.8,0.547,34.1,112.0,112,74.6,5.60,782,4.51,6.09,539.604,2243.12,0.029,0.0486,36.9069,6.55,4.92,37.1,32.8,0.816,258,211,137,1.22,1.409,0.0433,0.0433,0.967,1033,1033,15,1,115,36.9,113.4,110.6,38.9,40.0,113,39.0,110,40.1,88.8,40.3,37.4,44.5,4.37,4.37,4.83,-3.45,0.032714,1.60589913,0.208587,5.56433045
298.00,1,267.980,1,267.980,75.999,94.901,5233.976,12.146,0.9732,77.0,0.033,73.7,0.547,34.1,100.3,112,74.7,5.60,781,4.54,6.09,539.604,2242.89,0.029,0.0486,36.9069,6.55,4.92,37.1,32.8,0.817,260,213,116,1.07,1.052,0.0433,0.0433,0.968,1033,1033,15,1,115,36.9,111.9,109.2,40.0,41.0,112,40.2,109,41.2,88.8,40.2,37.4,44.5,4.37,4.37,4.68,-3.00,0.032714,1.60875039,0.208617,5.57420283
299.00,1,268.980,1,268.980,76.059,95.417,5233.022,12.146,0.9732,76.9,0.062,73.4,0.545,34.1,84.5,113,75.0,5.59,781,4.42,6.09,539.828,2542.27,0.029,0.0486,36.8967,6.56,7.09,37.1,32.8,0.817,260,212,86,0.89,0.510,0.0433,0.0433,0.977,1033,1033,15,1,159,0.5,115.2,112.5,37.1,38.3,113,38.9,110,40.1,88.8,40.3,37.4,44.5,4.37,4.37,3.94,-3.73,0.032714,1.61160359,0.208658,5.58407312
300.00,1,269.980,1,269.980,76.128,95.900,5232.070,12.146,0.9731,76.9,-0.073,72.8,0.542,34.1,93.7,113,76.0,5.55,781,4.45,6.07,539.828,2781.46,0.029,0.0486,36.8967,6.56,7.56,37.1,32.8,0.814,255,208,101,1.03,0.751,0.0433,0.0433,0.989,1033,1033,15,1,160,0.4,118.1,115.4,35.0,36.2,116,36.8,113,38.1,88.8,40.4,37.4,44.5,4.37,4.37,3.67,-2.92,0.032717,1.61445732,0.208709,5.59394354
301.00,1,270.980,1,270.980,76.127,95.777,5231.115,12.146,0.9731,77.0,-0.037,72.8,0.542,34.1,110.9,113,75.9,5.54,781,4.54,6.07,539.828,2456.87,0.029,0.0486,36.8967,6.56,5.22,37.1,32.8,0.817,260,212,134,1.20,1.407,0.0433,0.0433,0.989,1034,1034,15,1,121,31.8,115.0,112.2,37.7,38.8,115,38.0,112,39.2,88.7,40.4,37.4,44.5,4.37,4.37,5.18,-3.87,0.032720,1.61731281,0.208736,5.60381864
302.00,1,271.980,1,271.980,76.107,95.593,5230.161,12.146,0.9731,76.9,0.172,72.8,0.542,34.1,92.2,113,75.8,5.54,781,4.47,6.06,539.828,2243.02,0.029,0.0486,36.8967,6.56,4.92,37.1,32.8,0.817,260,213,100,0.99,0.777,0.0433,0.0433,0.987,1033,1033,15,1,115,37.0,113.2,110.5,39.0,40.1,113,39.1,110,40.2,88.8,40.3,37.4,44.5,4.37,4.37,4.22,-2.85,0.032721,1.62017079,0.208769,5.61369943
303.00,1,272.980,1,272.980,76.038,95.233,5229.209,12.146,0.9732,76.9,0.009,72.7,0.542,34.1,77.6,113,75.4,5.53,781,4.40,6.05,539.828,2242.89,0.029,0.0486,36.8967,6.56,4.92,37.1,32.8,0.816,260,212,73,0.82,0.272,0.0433,0.0433,0.985,1033,1033,15,1,115,37.0,111.9,109.2,40.0,41.0,112,40.2,109,41.3,88.8,40.2,37.4,44.5,4.37,4.37,3.45,-2.18,0.032722,1.62302765,0.208815,5.62358324
304.00,1,273.980,1,273.980,76.000,95.110,5228.257,12.146,0.9732,77.0,0.482,72.7,0.542,34.1,110.0,113,75.3,5.53,780,4.49,6.05,540.062,2568.69,0.029,0.0486,36.9113,6.56,7.20,37.1,32.8,0.816,257,210,132,1.21,1.328,0.0433,0.0433,0.984,1033,1033,15,1,159,0.4,115.6,113.0,36.8,37.9,113,38.6,111,39.8,88.8,40.3,37.4,44.5,4.38,4.38,4.72,-4.47,0.032722,1.62588221,0.208857,5.63347076
305.00,1,274.980,1,274.980,75.965,95.027,5227.303,12.146,0.9731,77.0,0.022,72.7,0.542,34.1,101.3,112,75.2,5.52,780,4.55,6.05,540.062,2777.77,0.029,0.0486,36.9113,6.56,7.48,37.1,32.8,0.817,261,213,117,1.09,1.085,0.0433,0.0433,0.984,1033,1033,15,1,159,0.6,117.9,115.2,35.1,36.3,116,37.0,113,38.2,88.7,40.4,37.4,44.5,4.38,4.38,4.85,-3.73,0.032723,1.62873808,0.208883,5.64336405
306.00,1,275.980,1,275.980,75.934,94.972,5226.350,12.146,0.9730,76.9,0.125,72.6,0.542,34.1,85.1,112,75.1,5.51,780,4.43,6.04,540.062,2425.65,0.029,0.0486,36.9113,6.56,5.05,37.1,32.8,0.817,260,212,87,0.90,0.529,0.0433,0.0433,0.985,1034,1034,15,1,120,33.0,114.8,112.1,37.8,39.0,115,38.0,112,39.2,88.7,40.4,37.4,44.5,4.38,4.38,3.89,-2.80,0.032726,1.63159372,0.208922,5.65325890
307.00,1,276.980,1,276.980,75.904,94.121,5225.400,12.146,0.9731,76.9,0.007,73.3,0.547,34.1,76.4,112,74.2,5.56,780,4.42,6.06,540.062,2242.97,0.029,0.0486,36.9113,6.56,4.92,37.1,32.8,0.815,257,210,70,0.81,0.201,0.0433,0.0433,0.967,1033,1033,15,1,115,37.0,113.2,110.5,39.0,40.1,113,39.1,110,40.3,88.7,40.3,37.4,44.6,4.38,4.38,3.28,-2.21,0.032728,1.63444582,0.208975,5.66315279
308.00,1,277.980,1,277.980,75.926,94.125,5224.447,12.146,0.9732,77.0,-0.052,73.4,0.547,34.1,111.2,112,74.1,5.57,780,4.50,6.06,540.062,2242.89,0.029,0.0486,36.9113,6.56,4.92,37.1,32.8,0.816,258,211,135,1.21,1.376,0.0433,0.0433,0.965,1033,1033,15,1,115,37.0,111.8,109.2,40.1,41.1,112,40.3,109,41.3,88.8,40.2,37.4,44.6,4.38,4.38,4.77,-3.22,0.032727,1.63729478,0.209014,5.67304508
309.00,1,278.980,1,278.980,75.973,94.281,5223.493,12.146,0.9732,77.0,0.033,73.4,0.547,34.1,99.8,112,74.2,5.58,780,4.54,6.06,540.248,2594.27,0.029,0.0486,36.9075,6.56,7.30,37.1,32.8,0.817,261,213,115,1.06,1.028,0.0433,0.0433,0.966,1033,1033,15,1,159,0.4,116.0,113.3,36.5,37.7,114,38.4,111,39.6,88.8,40.3,37.4,44.6,4.38,4.38,4.87,-4.48,0.032727,1.64014471,0.209045,5.68293624
310.00,1,279.980,1,279.980,76.038,94.911,5222.540,12.146,0.9731,76.9,0.062,73.1,0.544,34.1,84.2,112,74.5,5.56,780,4.41,6.06,540.248,2771.72,0.029,0.0486,36.9075,6.56,7.39,37.1,32.8,0.817,260,212,86,0.89,0.496,0.0433,0.0433,0.976,1033,1033,15,1,159,1.0,117.8,115.1,35.3,36.4,116,37.0,113,38.3,88.7,40.4,37.4,44.6,4.38,4.38,3.82,-2.92,0.032729,1.64299581,0.209087,5.69282316
311.00,1,280.980,1,280.980,76.155,95.643,5221.588,12.146,0.9730,76.9,-0.073,72.5,0.541,34.1,93.5,113,75.8,5.52,779,4.44,6.05,540.248,2394.08,0.029,0.0486,36.9075,6.56,4.89,37.1,32.8,0.814,255,208,101,1.02,0.741,0.0434,0.0434,0.991,1034,1034,15,1,119,34.0,114.8,112.0,37.9,39.0,115,38.1,112,39.3,88.7,40.4,37.4,44.6,4.38,4.38,3.64,-2.70,0.032732,1.64584733,0.209138,5.70270744
312.00,1,281.980,1,281.980,76.186,95.627,5220.633,12.146,0.9732,77.0,-0.037,72.5,0.541,34.1,110.8,113,75.8,5.52,779,4.53,6.05,540.248,2242.94,0.029,0.0486,36.9075,6.56,4.92,37.1,32.8,0.817,260,213,135,1.20,1.399,0.0434,0.0434,0.991,1033,1033,15,1,115,36.9,113.1,110.4,39.1,40.2,113,39.2,110,40.4,88.8,40.3,37.4,44.6,4.38,4.38,5.13,-3.58,0.032733,1.64870092,0.209166,5.71259366
313.00,1,282.980,1,282.980,76.200,95.521,5219.679,12.146,0.9732,76.9,0.172,72.4,0.541,34.1,92.3,113,75.8,5.52,779,4.46,6.04,540.248,2242.89,0.029,0.0486,36.9075,6.56,4.92,37.1,32.8,0.817,261,213,100,0.98,0.776,0.0434,0.0434,0.990,1033,1033,15,1,115,36.9,111.7,109.0,40.2,41.2,111,40.4,109,41.4,88.8,40.2,37.4,44.6,4.38,4.38,4.21,-2.66,0.032734,1.65155739,0.209199,5.72248324
314.00,1,283.980,1,283.980,76.195,95.272,5218.727,12.146,0.9732,76.9,0.009,72.4,0.541,34.1,77.7,113,75.5,5.52,779,4.39,6.04,540.452,2618.85,0.029,0.0486,36.8975,6.56,7.40,37.1,32.8,0.816,260,212,73,0.82,0.275,0.0434,0.0434,0.987,1033,1033,15,1,159,0.3,116.4,113.7,36.3,37.4,114,38.1,111,39.3,88.8,40.3,37.3,44.6,4.39,4.39,3.61,-3.55,0.032734,1.65441313,0.209247,5.73237417
315.00,1,284.980,1,284.980,76.184,95.169,5217.775,12.146,0.9730,76.9,0.482,72.4,0.542,34.1,110.0,113,75.4,5.52,779,4.48,6.03,540.452,2763.31,0.029,0.0486,36.8975,6.56,7.29,37.1,32.8,0.816,258,210,132,1.21,1.325,0.0434,0.0434,0.986,1033,1033,15,1,158,1.8,117.7,115.0,35.4,36.6,116,37.0,113,38.3,88.7,40.4,37.3,44.6,4.39,4.39,4.66,-3.72,0.032736,1.65726694,0.209290,5.74226777
316.00,1,285.980,1,285.980,76.172,95.088,5216.820,12.146,0.9730,77.0,0.022,72.4,0.542,34.1,101.4,112,75.3,5.51,779,4.54,6.03,540.452,2362.35,0.029,0.0486,36.8975,6.56,4.73,37.1,32.8,0.817,261,213,117,1.09,1.085,0.0434,0.0434,0.986,1034,1034,15,1,118,34.9,114.6,111.8,38.0,39.2,114,38.2,112,39.4,88.7,40.4,37.3,44.6,4.39,4.39,4.82,-3.46,0.032739,1.66012239,0.209316,5.75216664
317.00,1,286.980,1,286.980,76.161,95.028,5215.868,12.146,0.9731,76.9,0.125,72.4,0.542,34.1,84.9,112,75.3,5.51,779,4.41,6.03,540.452,2242.92,0.029,0.0486,36.8975,6.56,4.92,37.1,32.8,0.817,260,213,87,0.90,0.519,0.0434,0.0434,0.986,1033,1033,15,1,115,37.0,113.0,110.3,39.2,40.3,113,39.3,110,40.4,88.7,40.3,37.3,44.6,4.39,4.39,3.85,-2.57,0.032740,1.66297805,0.209357,5.76206707
318.00,1,287.980,1,287.980,76.147,94.957,5214.917,12.146,0.9732,76.9,-0.061,72.3,0.542,34.1,87.5,112,75.2,5.51,778,4.43,6.02,540.452,2242.89,0.029,0.0486,36.8975,6.56,4.92,37.1,32.8,0.814,255,208,89,0.96,0.535,0.0434,0.0434,0.986,1033,1033,15,1,115,37.0,111.7,109.0,40.2,41.2,111,40.4,109,41.4,88.8,40.2,37.3,44.6,4.39,4.39,3.42,-2.21,0.032741,1.66583158,0.209408,5.77196790
319.00,1,288.980,1,288.980,76.147,94.950,5213.964,12.146,0.9731,77.0,-0.034,72.3,0.542,34.1,111.7,112,75.2,5.50,778,4.51,6.02,540.670,2642.23,0.029,0.0486,36.9160,6.57,7.49,37.1,32.8,0.817,260,212,136,1.21,1.411,0.0434,0.0434,0.987,1033,1033,15,1,160,0.3,116.7,114.0,36.0,37.2,114,37.9,112,39.1,88.7,40.3,37.3,44.6,4.39,4.39,5.28,-4.91,0.032740,1.66868461,0.209438,5.78187096
320.00,1,289.980,1,289.980,76.151,94.956,5213.010,12.146,0.9730,76.9,0.144,72.3,0.541,34.1,93.4,112,75.2,5.50,778,4.47,6.02,540.670,2752.55,0.029,0.0486,36.9160,6.57,7.18,37.1,32.8,0.817,261,213,102,1.00,0.809,0.0434,0.0434,0.987,1034,1034,15,1,156,3.0,117.4,114.8,35.6,36.8,116,37.1,113,38.4,88.7,40.4,37.3,44.6,4.39,4.39,4.34,-3.31,0.032742,1.67153948,0.209470,5.79177640
321.00,1,290.980,1,290.980,76.168,94.974,5212.059,12.146,0.9730,76.9,-0.032,72.2,0.541,34.1,78.7,112,75.2,5.50,778,4.38,6.02,540.670,2330.70,0.029,0.0486,36.9160,6.57,4.57,37.1,32.8,0.816,260,212,75,0.83,0.306,0.0434,0.0434,0.988,1034,1034,15,1,117,35.6,114.5,111.7,38.1,39.3,114,38.2,112,39.4,88.7,40.4,37.3,44.6,4.39,4.39,3.54,-2.51,0.032745,1.67439346,0.209517,5.80168066
322.00,1,291.980,1,291.980,76.181,94.966,5211.107,12.146,0.9731,76.9,0.099,72.1,0.541,34.1,107.9,112,75.2,5.50,778,4.46,6.02,540.670,2242.91,0.029,0.0486,36.9160,6.57,4.92,37.1,32.8,0.815,257,210,128,1.18,1.245,0.0434,0.0434,0.988,1033,1033,15,1,115,37.0,113.0,110.3,39.2,40.3,113,39.3,110,40.5,88.7,40.3,37.3,44.6,4.39,4.39,4.38,-3.10,0.032747,1.67724549,0.209563,5.81158457
323.00,1,292.980,1,292.980,76.196,94.981,5210.152,12.146,0.9732,77.0,0.004,72.2,0.541,34.1,103.0,112,75.2,5.50,778,4.54,6.02,540.670,2247.05,0.029,0.0486,36.9183,6.57,5.14,37.1,32.8,0.817,261,213,120,1.10,1.139,0.0434,0.0434,0.988,1033,1033,15,1,115,36.6,111.5,108.9,40.3,41.3,111,40.5,109,41.5,88.8,40.2,37.3,44.6,4.39,4.39,4.87,-3.16,0.032746,1.68009921,0.209589,5.82149102
324.00,1,293.980,1,293.980,76.213,94.994,5209.200,12.146,0.9731,76.9,0.175,72.1,0.541,34.1,86.3,112,75.3,5.50,778,4.41,6.01,540.854,2664.33,0.029,0.0486,36.9183,6.57,7.56,37.1,32.8,0.817,261,213,89,0.91,0.566,0.0434,0.0434,0.988,1033,1033,15,1,160,0.3,117.0,114.3,35.8,37.0,115,37.7,112,38.9,88.7,40.3,37.3,44.6,4.39,4.39,4.07,-3.89,0.032747,1.68295375,0.209629,5.83139725
325.00,1,294.980,1,294.980,76.251,95.015,5208.249,12.146,0.9730,76.9,-0.036,72.1,0.541,34.1,82.1,112,75.3,5.50,777,4.41,6.01,540.854,2739.53,0.029,0.0486,36.9183,6.57,7.06,37.1,32.8,0.814,256,209,80,0.89,0.369,0.0435,0.0435,0.988,1034,1034,15,1,154,4.7,117.3,114.6,35.7,36.9,116,37.2,113,38.4,88.7,40.4,37.3,44.6,4.40,4.40,3.39,-2.61,0.032750,1.68580663,0.209680,5.84130230
326.00,1,295.980,1,295.980,76.271,95.019,5207.295,12.146,0.9730,77.0,-0.032,72.1,0.541,34.1,112.3,112,75.3,5.50,777,4.50,6.01,540.854,2299.40,0.029,0.0486,36.9183,6.57,4.44,37.1,32.8,0.816,260,212,137,1.22,1.422,0.0435,0.0435,0.988,1034,1034,15,1,116,36.2,114.4,111.7,38.2,39.3,114,38.3,111,39.5,88.7,40.4,37.3,44.6,4.40,4.40,5.09,-3.76,0.032752,1.68865894,0.209714,5.85120835
327.00,1,296.980,1,296.980,76.292,95.020,5206.341,12.146,0.9731,76.9,0.115,72.1,0.541,34.1,95.0,112,75.3,5.50,777,4.47,6.01,540.854,2242.90,0.029,0.0486,36.9183,6.57,4.92,37.1,32.8,0.817,261,213,106,1.01,0.862,0.0435,0.0435,0.988,1033,1033,15,1,115,37.0,112.8,110.1,39.3,40.4,113,39.5,110,40.6,88.7,40.3,37.3,44.6,4.40,4.40,4.39,-2.92,0.032753,1.69151356,0.209745,5.86111671
328.00,1,297.980,1,297.980,76.313,95.014,5205.390,12.146,0.9732,76.9,-0.033,72.0,0.541,34.1,80.0,112,75.3,5.50,777,4.37,6.01,540.854,2261.01,0.029,0.0486,36.9092,6.57,5.42,37.1,32.8,0.816,260,213,78,0.84,0.348,0.0435,0.0435,0.988,1033,1033,15,1,120,32.8,111.5,108.9,40.3,41.3,111,40.5,109,41.5,88.7,40.3,37.3,44.6,4.40,4.40,3.57,-2.34,0.032754,1.69436770,0.209791,5.87102388
329.00,1,298.980,1,298.980,76.355,95.014,5204.438,12.146,0.9731,76.9,-0.076,72.0,0.541,34.1,105.4,112,75.3,5.50,777,4.45,6.01,541.059,2685.00,0.029,0.0486,36.9092,6.57,7.63,37.1,32.8,0.815,257,209,123,1.15,1.148,0.0435,0.0435,0.988,1033,1033,15,1,160,0.3,117.3,114.6,35.5,36.7,115,37.4,112,38.7,88.7,40.3,37.3,44.6,4.40,4.40,4.36,-4.21,0.032754,1.69721987,0.209839,5.88093073
330.00,1,299.980,1,299.980,76.377,95.015,5203.484,12.146,0.9730,77.0,-0.007,72.0,0.541,34.1,104.8,112,75.3,5.50,777,4.53,6.01,541.059,2724.30,0.029,0.0486,36.9092,6.57,6.93,37.1,32.8,0.817,261,213,124,1.12,1.195,0.0435,0.0435,0.988,1034,1034,15,1,152,6.9,117.0,114.4,36.0,37.1,115,37.3,113,38.5,88.6,40.4,37.3,44.6,4.40,4.40,5.05,-3.85,0.032756,1.70007344,0.209867,5.89084032
331.00,1,300.980,1,300.980,76.399,95.015,5202.531,12.146,0.9730,76.9,0.202,72.0,0.541,34.1,87.7,112,75.3,5.50,776,4.41,6.01,541.059,2276.78,0.029,0.0486,36.9092,6.57,4.62,37.1,32.8,0.817,261,213,92,0.93,0.612,0.0435,0.0435,0.988,1034,1034,15,1,116,36.5,114.2,111.5,38.3,39.4,114,38.4,111,39.6,88.6,40.4,37.3,44.6,4.40,4.40,4.00,-2.85,0.032759,1.70292819,0.209905,5.90075055
332.00,1,301.980,1,301.980,76.444,94.999,5201.580,12.146,0.9731,76.9,0.007,71.9,0.541,34.1,77.7,112,75.3,5.50,776,4.39,6.01,541.059,2242.90,0.029,0.0486,36.9092,6.57,4.92,37.1,32.8,0.815,258,210,72,0.82,0.242,0.0435,0.0435,0.988,1033,1033,15,1,115,37.0,112.8,110.1,39.3,40.4,113,39.5,110,40.6,88.7,40.3,37.3,44.6,4.40,4.40,3.32,-2.20,0.032761,1.70578152,0.209956,5.91065993
333.00,1,302.980,1,302.980,76.467,95.000,5200.627,12.146,0.9732,77.0,-0.050,71.9,0.541,34.1,112.2,112,75.3,5.50,776,4.48,6.00,541.059,2280.97,0.029,0.0486,36.9223,6.57,5.65,37.1,32.8,0.816,259,212,137,1.22,1.414,0.0435,0.0435,0.988,1033,1033,15,1,129,25.4,111.6,109.0,40.2,41.2,111,40.5,109,41.5,88.7,40.3,37.3,44.6,4.40,4.40,4.92,-3.42,0.032760,1.70863389,0.209993,5.92057031
334.00,1,303.980,1,303.980,76.490,95.001,5199.673,12.146,0.9731,76.9,0.080,71.9,0.540,34.1,96.5,112,75.3,5.50,776,4.48,6.00,541.289,2704.05,0.029,0.0486,36.9223,6.57,7.68,37.1,32.8,0.817,261,213,108,1.03,0.913,0.0435,0.0435,0.988,1033,1033,15,1,160,0.3,117.5,114.8,35.4,36.6,115,37.3,112,38.6,88.7,40.3,37.3,44.6,4.40,4.40,4.64,-4.27,0.032760,1.71148855,0.210023,5.93048354
335.00,1,304.980,1,304.980,76.514,95.006,5198.722,12.146,0.9730,76.9,-0.026,71.9,0.540,34.1,81.2,112,75.3,5.50,776,4.37,6.00,541.289,2706.92,0.029,0.0486,36.9223,6.57,6.79,37.1,32.8,0.816,261,213,80,0.85,0.388,0.0435,0.0435,0.987,1034,1034,15,1,149,9.4,116.8,114.1,36.2,37.3,115,37.3,113,38.6,88.6,40.4,37.3,44.6,4.40,4.40,3.68,-2.77,0.032763,1.71434289,0.210068,5.94039590
336.00,1,305.980,1,305.980,76.561,95.007,5197.770,12.146,0.9730,76.9,-0.090,71.9,0.540,34.1,101.9,112,75.3,5.50,776,4.43,6.00,541.289,2263.08,0.029,0.0486,36.9223,6.57,4.74,37.1,32.8,0.814,256,209,117,1.12,1.023,0.0435,0.0435,0.987,1034,1034,15,1,115,36.7,114.2,111.5,38.3,39.5,114,38.4,111,39.6,88.7,40.4,37.3,44.6,4.41,4.41,4.02,-2.99,0.032766,1.71719531,0.210118,5.95030801
337.00,1,306.980,1,306.980,76.585,94.989,5196.816,12.146,0.9731,77.0,-0.018,71.8,0.540,34.1,106.5,112,75.4,5.50,776,4.52,6.00,541.289,2242.90,0.029,0.0486,36.9223,6.57,4.92,37.1,32.8,0.817,261,213,127,1.14,1.250,0.0435,0.0435,0.987,1033,1033,15,1,115,37.0,112.7,110.0,39.4,40.5,113,39.6,110,40.7,88.7,40.3,37.3,44.6,4.41,4.41,5.06,-3.42,0.032766,1.72004881,0.210146,5.96022279
338.00,1,307.980,1,307.980,76.609,94.993,5195.863,12.146,0.9732,76.9,0.202,71.9,0.540,34.1,89.1,112,75.3,5.51,775,4.41,6.00,541.289,2304.55,0.029,0.0486,36.9194,6.57,5.84,37.1,32.8,0.817,261,213,95,0.94,0.657,0.0435,0.0435,0.987,1033,1033,15,1,139,17.5,111.7,109.1,40.1,41.1,111,40.5,108,41.6,88.7,40.2,37.3,44.6,4.41,4.41,4.07,-2.80,0.032766,1.72290379,0.210183,5.97013867
339.00,1,308.980,1,308.980,76.658,95.001,5194.913,12.146,0.9731,76.9,0.058,71.8,0.540,34.1,75.4,112,75.4,5.51,775,4.38,6.00,541.482,2721.40,0.029,0.0486,36.9194,6.58,7.73,37.1,32.8,0.815,260,212,69,0.79,0.191,0.0436,0.0436,0.987,1033,1033,15,1,160,0.3,117.8,115.1,35.2,36.4,115,37.1,113,38.4,88.7,40.3,37.3,44.6,4.41,4.41,3.46,-3.31,0.032767,1.72575745,0.210234,5.98005371
340.00,1,309.980,1,309.980,76.682,95.002,5193.960,12.146,0.9730,76.9,-0.052,71.8,0.540,34.1,111.8,112,75.4,5.51,775,4.47,6.00,541.482,2687.51,0.029,0.0486,36.9194,6.58,6.64,37.1,32.8,0.816,259,211,136,1.21,1.393,0.0436,0.0436,0.987,1034,1034,15,1,145,12.2,116.6,114.0,36.3,37.5,115,37.4,113,38.6,88.6,40.4,37.3,44.6,4.41,4.41,4.94,-3.87,0.032770,1.72860979,0.210273,5.98996949
341.00,1,310.980,1,310.980,76.707,95.001,5193.006,12.146,0.9730,76.9,0.054,71.8,0.540,34.1,98.1,112,75.4,5.51,775,4.48,6.00,541.482,2254.86,0.029,0.0486,36.9194,6.58,4.81,37.1,32.8,0.817,261,214,111,1.04,0.965,0.0436,0.0436,0.987,1033,1033,15,1,115,36.8,114.1,111.3,38.4,39.6,114,38.5,111,39.7,88.7,40.4,37.2,44.6,4.41,4.41,4.60,-3.24,0.032772,1.73146445,0.210302,5.99988840
342.00,1,311.980,1,311.980,76.731,94.998,5192.054,12.146,0.9731,76.9,0.005,71.8,0.540,34.1,82.5,112,75.4,5.51,775,4.37,6.00,541.482,2242.89,0.029,0.0486,36.9194,6.58,4.92,37.1,32.8,0.816,261,213,82,0.87,0.430,0.0436,0.0436,0.986,1033,1033,15,1,115,37.0,112.6,110.0,39.5,40.6,112,39.7,110,40.8,88.7,40.3,37.2,44.6,4.41,4.41,3.71,-2.44,0.032773,1.73431913,0.210346,6.00980663
343.00,1,312.980,1,312.980,76.780,94.986,5191.103,12.146,0.9731,76.9,-0.076,71.8,0.540,34.1,97.7,112,75.4,5.51,775,4.41,5.99,541.482,2330.35,0.029,0.0486,36.9060,6.58,6.01,37.1,32.8,0.814,256,209,109,1.07,0.873,0.0436,0.0436,0.986,1033,1033,15,1,146,11.3,112.1,109.5,39.8,40.8,111,40.4,109,41.5,88.7,40.3,37.2,44.6,4.41,4.41,3.79,-2.86,0.032773,1.73717190,0.210397,6.01972454
344.00,1,313.980,1,313.980,76.804,94.987,5190.149,12.146,0.9730,77.0,-0.029,71.7,0.540,34.1,108.3,112,75.4,5.51,775,4.50,5.99,541.694,2736.94,0.029,0.0486,36.9060,6.58,7.76,37.1,32.8,0.817,261,214,131,1.16,1.306,0.0436,0.0436,0.986,1033,1033,15,1,160,0.3,117.9,115.2,35.1,36.3,116,37.0,113,38.3,88.7,40.4,37.2,44.6,4.41,4.41,5.29,-4.74,0.032773,1.74002529,0.210426,6.02964486
345.00,1,314.980,1,314.980,76.829,94.988,5189.196,12.146,0.9730,76.9,0.198,71.7,0.540,34.1,90.5,112,75.4,5.51,774,4.41,5.99,541.694,2666.17,0.029,0.0486,36.9060,6.58,6.49,37.1,32.8,0.817,261,214,98,0.96,0.704,0.0436,0.0436,0.986,1034,1034,15,1,142,15.1,116.4,113.7,36.6,37.7,115,37.5,112,38.7,88.6,40.4,37.2,44.6,4.41,4.41,4.17,-3.12,0.032776,1.74288036,0.210462,6.03956671
346.00,1,315.980,1,315.980,76.878,94.987,5188.245,12.146,0.9730,76.9,0.041,71.7,0.540,34.1,76.5,112,75.4,5.51,774,4.36,5.99,541.694,2249.97,0.029,0.0486,36.9060,6.58,4.85,37.1,32.8,0.816,261,213,71,0.80,0.227,0.0436,0.0436,0.986,1033,1033,15,1,115,36.9,114.0,111.3,38.4,39.6,114,38.5,111,39.7,88.6,40.4,37.2,44.6,4.41,4.41,3.41,-2.38,0.032779,1.74573432,0.210511,6.04948771
347.00,1,316.980,1,316.980,76.903,94.973,5187.293,12.146,0.9731,76.9,0.668,71.7,0.540,34.1,111.0,112,75.4,5.51,774,4.45,5.99,541.694,2242.89,0.029,0.0486,36.9060,6.58,4.92,37.1,32.8,0.815,259,211,135,1.21,1.356,0.0436,0.0436,0.986,1033,1033,15,1,115,37.0,112.6,109.9,39.5,40.6,112,39.7,110,40.8,88.7,40.3,37.2,44.6,4.42,4.42,4.71,-3.28,0.032780,1.74858677,0.210553,6.05940916
348.00,1,317.980,1,317.980,76.928,94.974,5186.339,12.146,0.9731,76.9,0.045,71.7,0.540,34.1,99.7,112,75.4,5.51,774,4.49,5.99,541.926,2357.49,0.029,0.0486,36.9170,6.58,6.18,37.1,32.8,0.817,262,214,115,1.06,1.017,0.0436,0.0436,0.985,1033,1033,15,1,151,7.0,112.4,109.8,39.5,40.5,111,40.4,109,41.4,88.7,40.3,37.2,44.6,4.42,4.42,4.74,-3.52,0.032779,1.75144140,0.210582,6.06933375
349.00,1,318.980,1,318.980,76.953,94.976,5185.388,12.146,0.9731,76.9,-0.004,71.7,0.540,34.1,83.7,112,75.4,5.51,774,4.37,5.99,541.926,2750.48,0.029,0.0486,36.9170,6.58,7.77,37.1,32.8,0.816,261,213,85,0.88,0.472,0.0436,0.0436,0.985,1033,1033,15,1,160,0.3,118.1,115.4,35.0,36.2,116,36.9,113,38.2,88.7,40.3,37.2,44.6,4.42,4.42,3.89,-3.53,0.032780,1.75429625,0.210625,6.07925789
350.00,1,319.980,1,319.980,77.003,94.984,5184.437,12.146,0.9730,76.9,-0.081,71.6,0.540,34.1,92.8,112,75.4,5.52,774,4.40,5.98,541.926,2643.03,0.029,0.0486,36.9170,6.58,6.33,37.1,32.8,0.814,256,208,100,1.01,0.704,0.0436,0.0436,0.985,1034,1034,15,1,138,18.0,116.2,113.5,36.7,37.8,115,37.5,112,38.7,88.6,40.4,37.2,44.6,4.42,4.42,3.66,-2.82,0.032783,1.75714922,0.210677,6.08918155
351.00,1,320.980,1,320.980,77.029,94.983,5183.483,12.146,0.9730,77.0,-0.030,71.6,0.540,34.1,110.1,112,75.4,5.52,773,4.49,5.98,541.926,2247.08,0.029,0.0486,36.9170,6.58,4.88,37.1,32.8,0.817,261,213,134,1.18,1.357,0.0436,0.0436,0.985,1033,1033,15,1,115,36.9,113.9,111.2,38.5,39.7,114,38.6,111,39.8,88.7,40.3,37.2,44.6,4.42,4.42,5.16,-3.72,0.032785,1.76000246,0.210707,6.09910730
352.00,1,321.980,1,321.980,77.053,94.965,5182.530,12.146,0.9731,76.9,0.191,71.6,0.540,34.1,92.0,112,75.4,5.51,773,4.42,5.98,541.926,2242.89,0.029,0.0486,36.9170,6.58,4.92,37.1,32.8,0.817,262,214,100,0.97,0.752,0.0436,0.0436,0.985,1033,1033,15,1,115,37.0,112.5,109.8,39.6,40.7,112,39.8,110,40.9,88.7,40.3,37.2,44.6,4.42,4.42,4.22,-2.76,0.032785,1.76285767,0.210741,6.10903496
353.00,1,322.980,1,322.980,77.104,94.972,5181.579,12.195,0.9731,76.9,0.008,71.6,0.540,34.1,77.7,112,75.4,5.52,773,4.35,5.98,542.117,2394.83,0.029,0.0486,36.9133,6.61,6.38,37.1,32.8,0.816,261,213,74,0.81,0.264,0.0437,0.0437,0.984,1033,1033,15,1,156,3.6,113.0,110.4,39.0,40.1,112,40.2,109,41.2,88.7,40.2,37.2,44.6,4.42,4.42,3.54,-2.92,0.032786,1.76571197,0.210790,6.11896168
354.00,1,323.980,1,323.980,77.129,94.977,5180.628,12.195,0.9730,76.9,0.668,71.6,0.540,34.1,109.7,112,75.4,5.52,773,4.43,5.98,542.117,2765.26,0.029,0.0486,36.9133,6.61,7.78,37.1,32.8,0.815,259,211,132,1.19,1.303,0.0437,0.0437,0.984,1033,1033,15,1,160,0.3,118.3,115.6,34.8,36.1,116,36.7,113,38.0,88.7,40.4,37.2,44.6,4.42,4.42,4.73,-4.23,0.032787,1.76856449,0.210834,6.12888862
355.00,1,324.980,1,324.980,77.154,94.979,5179.674,12.195,0.9729,77.0,0.021,71.6,0.539,34.1,101.3,112,75.4,5.52,773,4.50,5.98,542.117,2609.63,0.029,0.0486,36.9133,6.61,6.11,37.1,32.8,0.817,262,214,118,1.08,1.071,0.0437,0.0437,0.984,1034,1034,15,1,134,21.7,115.9,113.3,37.0,38.1,115,37.6,112,38.8,88.6,40.4,37.2,44.6,4.42,4.42,4.84,-3.60,0.032789,1.77141898,0.210862,6.13881871
356.00,1,325.980,1,325.980,77.179,94.977,5178.722,12.195,0.9730,76.9,0.070,71.5,0.539,34.1,85.1,112,75.4,5.52,773,4.37,5.98,542.117,2244.97,0.029,0.0486,36.9133,6.61,4.90,37.1,32.8,0.816,262,214,87,0.89,0.515,0.0437,0.0437,0.984,1033,1033,15,1,115,36.9,113.8,111.1,38.6,39.7,114,38.7,111,39.9,88.6,40.3,37.2,44.6,4.42,4.42,3.86,-2.67,0.032791,1.77427408,0.210904,6.14874879
357.00,1,326.980,1,326.980,77.228,94.966,5177.772,12.195,0.9731,76.9,-0.061,71.5,0.539,34.1,87.4,112,75.4,5.52,773,4.38,5.98,542.117,2242.89,0.029,0.0486,36.9133,6.61,4.92,37.1,32.8,0.814,257,209,90,0.95,0.526,0.0437,0.0437,0.984,1033,1033,15,1,115,36.9,112.5,109.8,39.6,40.7,112,39.8,110,40.9,88.7,40.3,37.2,44.6,4.42,4.42,3.44,-2.30,0.032792,1.77712747,0.210956,6.15867829
358.00,1,327.980,1,327.980,77.253,94.962,5176.818,12.195,0.9731,76.9,-0.038,71.5,0.539,34.1,111.6,112,75.4,5.52,772,4.47,5.98,542.322,2432.75,0.029,0.0485,36.8854,6.61,6.58,37.1,32.8,0.816,261,213,137,1.20,1.395,0.0437,0.0437,0.984,1033,1033,15,1,158,1.9,113.7,111.0,38.5,39.6,112,39.9,109,41.0,88.7,40.3,37.2,44.6,4.43,4.43,5.19,-4.35,0.032791,1.77998067,0.210988,6.16860957
359.00,1,328.980,1,328.980,77.277,94.964,5175.865,12.195,0.9730,76.9,0.161,71.5,0.539,34.1,93.4,112,75.4,5.52,772,4.42,5.98,542.322,2776.19,0.029,0.0485,36.8854,6.61,7.76,37.1,32.8,0.817,262,214,103,0.99,0.801,0.0437,0.0437,0.983,1033,1033,15,1,160,0.3,118.3,115.7,34.8,36.0,116,36.7,113,38.0,88.7,40.3,37.2,44.6,4.43,4.43,4.40,-3.72,0.032792,1.78283592,0.211022,6.17854318
360.00,1,329.980,1,329.980,77.326,94.964,5174.914,12.195,0.9730,76.9,-0.032,71.5,0.539,34.1,78.8,112,75.4,5.53,772,4.33,5.97,542.322,2573.65,0.029,0.0485,36.8854,6.61,5.88,37.1,32.8,0.816,261,213,76,0.82,0.303,0.0437,0.0437,0.983,1034,1034,15,1,130,24.9,115.7,113.0,37.1,38.3,115,37.6,112,38.9,88.6,40.4,37.2,44.6,4.43,4.43,3.55,-2.62,0.032795,1.78569041,0.211069,6.18847587
361.00,1,330.980,1,330.980,77.351,94.963,5173.963,12.195,0.9730,76.9,0.174,71.4,0.539,34.1,107.7,112,75.4,5.53,772,4.42,5.98,542.322,2243.92,0.029,0.0485,36.8854,6.61,4.91,37.1,32.8,0.815,258,210,129,1.17,1.227,0.0437,0.0437,0.983,1033,1033,15,1,115,36.9,113.8,111.1,38.6,39.8,114,38.7,111,39.9,88.7,40.3,37.2,44.6,4.43,4.43,4.42,-3.22,0.032797,1.78854305,0.211116,6.19840864
362.00,1,331.980,1,331.980,77.375,94.951,5173.009,12.195,0.9731,76.9,0.017,71.4,0.539,34.1,103.0,112,75.4,5.53,772,4.50,5.97,542.322,2242.89,0.029,0.0485,36.8854,6.61,4.92,37.1,32.8,0.817,262,214,121,1.10,1.125,0.0437,0.0437,0.983,1033,1033,15,1,115,36.9,112.3,109.7,39.8,40.8,112,39.9,109,41.0,88.7,40.2,37.1,44.6,4.43,4.43,4.89,-3.21,0.032797,1.79139742,0.211144,6.20834444
363.00,1,332.980,1,332.980,77.400,94.951,5172.057,12.195,0.9731,76.9,0.136,71.4,0.539,34.1,86.4,112,75.4,5.53,772,4.37,5.97,542.534,2470.63,0.029,0.0485,36.8850,6.62,6.76,37.1,32.8,0.816,262,214,90,0.91,0.558,0.0437,0.0437,0.983,1033,1033,15,1,159,1.1,114.3,111.6,38.0,39.1,112,39.6,110,40.7,88.7,40.2,37.1,44.6,4.43,4.43,4.05,-3.62,0.032796,1.79425265,0.211184,6.21828056
364.00,1,333.980,1,333.980,77.450,94.957,5171.107,12.195,0.9731,76.9,-0.046,71.4,0.539,34.1,82.1,112,75.4,5.53,772,4.37,5.97,542.534,2783.04,0.029,0.0485,36.8850,6.62,7.72,37.1,32.8,0.814,257,210,80,0.88,0.360,0.0437,0.0437,0.983,1033,1033,15,1,160,0.3,118.4,115.7,34.8,36.0,116,36.6,113,37.9,88.7,40.3,37.1,44.6,4.43,4.43,3.43,-2.88,0.032798,1.79710620,0.211236,6.22821598
365.00,1,334.980,1,334.980,77.474,94.959,5170.154,12.195,0.9730,76.9,-0.036,71.4,0.539,34.1,112.1,112,75.4,5.53,771,4.46,5.97,542.534,2535.53,0.029,0.0485,36.8850,6.62,5.66,37.1,32.8,0.816,261,213,137,1.21,1.403,0.0437,0.0437,0.982,1034,1034,15,1,126,27.7,115.6,112.9,37.3,38.5,115,37.7,112,38.9,88.6,40.4,37.1,44.6,4.43,4.43,5.13,-3.91,0.032800,1.79995911,0.211270,6.23815280
366.00,1,335.980,1,335.980,77.499,94.959,5169.201,12.195,0.9730,76.9,0.132,71.4,0.539,34.1,94.9,112,75.4,5.53,771,4.43,5.97,542.534,2243.40,0.029,0.0485,36.8850,6.62,4.91,37.1,32.8,0.817,262,214,106,1.00,0.849,0.0438,0.0438,0.982,1033,1033,15,1,115,36.9,113.6,110.9,38.8,39.9,113,38.9,111,40.0,88.7,40.3,37.1,44.6,4.43,4.43,4.41,-3.03,0.032802,1.80281430,0.211302,6.24809226
367.00,1,336.980,1,336.980,77.523,94.933,5168.250,12.195,0.9731,76.9,-0.044,71.3,0.539,34.1,80.0,112,75.4,5.53,771,4.33,5.97,542.534,2242.89,0.029,0.0485,36.8850,6.62,4.92,37.1,32.8,0.816,262,213,78,0.84,0.342,0.0438,0.0438,0.983,1033,1033,15,1,115,36.9,112.3,109.6,39.8,40.9,112,40.0,109,41.1,88.7,40.2,37.1,44.6,4.43,4.43,3.58,-2.31,0.032802,1.80566896,0.211349,6.25803079
368.00,1,337.980,1,337.980,77.573,94.949,5167.299,12.195,0.9731,76.9,-0.069,71.3,0.539,34.1,105.1,112,75.4,5.53,771,4.40,5.97,542.694,2508.02,0.029,0.0485,36.8803,6.62,6.94,37.1,32.8,0.814,258,210,124,1.14,1.130,0.0438,0.0438,0.982,1033,1033,15,1,159,0.7,114.9,112.3,37.5,38.6,113,39.2,110,40.3,88.7,40.2,37.1,44.6,4.44,4.44,4.33,-4.06,0.032802,1.80852167,0.211397,6.26796919
369.00,1,338.980,1,338.980,77.598,94.956,5166.345,12.195,0.9730,76.9,-0.001,71.3,0.539,34.1,104.7,112,75.4,5.53,771,4.49,5.97,542.694,2785.75,0.029,0.0485,36.8803,6.62,7.65,37.1,32.8,0.817,262,214,124,1.11,1.180,0.0438,0.0438,0.982,1033,1033,15,1,160,0.3,118.4,115.7,34.8,36.1,116,36.7,113,38.0,88.6,40.3,37.1,44.6,4.44,4.44,5.08,-4.02,0.032803,1.81137576,0.211425,6.27791047
370.00,1,339.980,1,339.980,77.623,94.957,5165.393,12.195,0.9730,76.9,0.184,71.3,0.539,34.1,87.8,112,75.5,5.53,771,4.37,5.96,542.694,2495.66,0.029,0.0485,36.8803,6.62,5.43,37.1,32.8,0.816,262,214,93,0.92,0.603,0.0438,0.0438,0.982,1034,1034,15,1,124,30.1,115.3,112.6,37.5,38.7,115,37.8,112,39.0,88.6,40.4,37.1,44.6,4.44,4.44,4.02,-2.94,0.032805,1.81423101,0.211464,6.28785250
371.00,1,340.980,1,340.980,77.671,94.953,5164.443,12.195,0.9730,76.9,0.016,71.3,0.539,34.1,77.7,112,75.5,5.54,770,4.35,5.96,542.694,2243.15,0.029,0.0485,36.8803,6.62,4.92,37.1,32.8,0.814,259,211,73,0.82,0.236,0.0438,0.0438,0.981,1033,1033,15,1,115,36.9,113.6,110.9,38.8,39.9,113,38.9,111,40.1,88.7,40.3,37.1,44.6,4.44,4.44,3.33,-2.28,0.032808,1.81708484,0.211515,6.29779382
372.00,1,341.980,1,341.980,77.695,94.944,5163.491,12.195,0.9731,76.9,-0.040,71.2,0.539,34.1,112.0,112,75.5,5.54,770,4.44,5.96,542.694,2242.89,0.029,0.0485,36.8803,6.62,4.92,37.1,32.8,0.816,261,213,137,1.21,1.395,0.0438,0.0438,0.981,1033,1033,15,1,115,36.9,112.2,109.6,39.9,40.9,112,40.1,109,41.1,88.7,40.2,37.1,44.6,4.44,4.44,4.94,-3.36,0.032807,1.81993772,0.211552,6.30773624
373.00,1,342.980,1,342.980,77.719,94.939,5162.538,12.195,0.9731,76.9,0.098,71.2,0.539,34.1,96.5,112,75.5,5.54,770,4.44,5.96,542.856,2544.53,0.029,0.0485,36.8601,6.62,7.10,37.1,32.8,0.817,263,214,109,1.02,0.901,0.0438,0.0438,0.981,1033,1033,15,1,159,0.5,115.4,112.8,37.1,38.2,113,38.9,111,40.0,88.7,40.2,37.1,44.6,4.44,4.44,4.66,-4.26,0.032806,1.82279288,0.211583,6.31768161
374.00,1,343.980,1,343.980,77.743,94.940,5161.587,12.195,0.9730,76.9,-0.035,71.2,0.539,34.1,81.3,112,75.5,5.54,770,4.33,5.96,542.856,2784.23,0.029,0.0485,36.8601,6.62,7.57,37.1,32.8,0.816,262,214,81,0.85,0.382,0.0438,0.0438,0.981,1033,1033,15,1,160,0.4,118.3,115.6,34.9,36.1,116,36.8,113,38.1,88.7,40.3,37.1,44.6,4.44,4.44,3.69,-2.85,0.032808,1.82564769,0.211628,6.32762618
375.00,1,344.980,1,344.980,77.790,94.940,5160.636,12.195,0.9730,76.9,-0.090,71.2,0.539,34.1,101.8,112,75.5,5.54,770,4.39,5.96,542.856,2454.49,0.029,0.0485,36.8601,6.62,5.20,37.1,32.8,0.814,258,210,117,1.11,1.006,0.0438,0.0438,0.981,1034,1034,15,1,121,32.0,115.2,112.5,37.6,38.8,115,37.8,112,39.1,88.6,40.3,37.1,44.6,4.44,4.44,4.06,-3.09,0.032811,1.82850052,0.211679,6.33757056
376.00,1,345.980,1,345.980,77.814,94.939,5159.683,12.195,0.9731,76.9,-0.022,71.2,0.538,34.1,106.4,112,75.5,5.54,770,4.48,5.96,542.856,2243.02,0.029,0.0485,36.8601,6.62,4.92,37.1,32.8,0.817,263,214,127,1.13,1.234,0.0438,0.0438,0.981,1033,1033,15,1,115,36.9,113.5,110.8,38.9,40.0,113,39.0,111,40.2,88.7,40.3,37.1,44.6,4.44,4.44,5.10,-3.54,0.032812,1.83135444,0.211707,6.34751765
377.00,1,346.980,1,346.980,77.838,94.928,5158.731,12.195,0.9731,76.9,0.200,71.2,0.538,34.1,89.1,112,75.5,5.54,770,4.37,5.96,542.856,2242.89,0.029,0.0485,36.8601,6.62,4.92,37.1,32.8,0.816,262,214,95,0.94,0.648,0.0438,0.0438,0.981,1033,1033,15,1,115,36.9,112.1,109.4,40.0,41.0,112,40.2,109,41.3,88.7,40.2,37.1,44.6,4.44,4.44,4.06,-2.60,0.032812,1.83420983,0.211745,6.35746586
378.00,1,347.980,1,347.980,77.885,94.927,5157.781,12.195,0.9731,76.9,0.060,71.1,0.538,34.1,75.5,112,75.5,5.54,769,4.34,5.96,543.027,2579.72,0.029,0.0485,36.8617,6.62,7.25,37.1,32.8,0.815,262,213,70,0.78,0.186,0.0439,0.0439,0.980,1033,1033,15,1,159,0.4,116.0,113.4,36.6,37.8,114,38.5,111,39.7,88.7,40.2,37.1,44.6,4.44,4.44,3.50,-3.45,0.032813,1.83706389,0.211795,6.36741325
379.00,1,348.980,1,348.980,77.910,94.932,5156.829,12.195,0.9730,76.9,-0.079,71.1,0.538,34.1,111.6,112,75.5,5.54,769,4.42,5.96,543.027,2778.42,0.029,0.0485,36.8617,6.62,7.46,37.1,32.8,0.815,260,212,137,1.20,1.373,0.0439,0.0439,0.980,1033,1033,15,1,159,0.7,118.2,115.5,35.1,36.3,116,36.8,113,38.1,88.6,40.3,37.1,44.6,4.45,4.45,4.98,-3.99,0.032814,1.83991660,0.211835,6.37736138
380.00,1,349.980,1,349.980,77.934,94.935,5155.876,12.195,0.9730,76.9,0.069,71.1,0.538,34.1,97.7,112,75.5,5.54,769,4.43,5.95,543.027,2412.49,0.029,0.0485,36.8617,6.62,4.98,37.1,32.8,0.816,263,215,111,1.03,0.939,0.0439,0.0439,0.980,1034,1034,15,1,120,33.5,115.0,112.3,37.8,39.0,115,38.0,112,39.2,88.6,40.3,37.1,44.6,4.45,4.45,4.61,-3.33,0.032816,1.84277173,0.211864,6.38731267
381.00,1,350.980,1,350.980,77.958,95.354,5154.924,12.195,0.9730,76.9,-0.035,70.8,0.536,34.1,81.2,112,75.6,5.52,769,4.32,5.95,543.027,2242.95,0.029,0.0485,36.8617,6.62,4.92,37.1,32.8,0.816,262,214,80,0.85,0.379,0.0439,0.0439,0.989,1033,1033,15,1,115,36.9,113.4,110.7,39.0,40.1,113,39.1,110,40.3,88.7,40.3,37.1,44.6,4.45,4.45,3.65,-2.46,0.032818,1.84562805,0.211907,6.39726414
382.00,1,351.980,1,351.980,77.963,95.744,5153.973,12.195,0.9731,76.9,0.174,70.2,0.533,34.1,108.6,113,76.5,5.47,769,4.40,5.93,543.027,2242.89,0.029,0.0485,36.8617,6.62,4.92,37.1,32.8,0.815,259,211,130,1.18,1.255,0.0439,0.0439,1.002,1033,1033,15,1,115,36.9,112.0,109.4,40.0,41.1,112,40.2,109,41.3,88.7,40.2,37.0,44.6,4.45,4.45,4.40,-2.99,0.032818,1.84848428,0.211951,6.40721791
383.00,1,352.980,1,352.980,77.935,95.620,5153.020,12.195,0.9731,76.9,0.021,70.1,0.533,34.1,100.8,113,76.5,5.47,769,4.46,5.92,543.160,2613.26,0.029,0.0485,36.8679,6.62,7.39,37.1,32.8,0.817,263,215,116,1.07,1.049,0.0439,0.0439,1.002,1033,1033,15,1,159,0.4,116.5,113.8,36.3,37.4,114,38.2,111,39.4,88.7,40.2,37.0,44.6,4.45,4.45,4.95,-4.55,0.032818,1.85134353,0.211976,6.41717864
384.00,1,353.980,1,353.980,77.894,95.443,5152.069,12.195,0.9730,76.9,-0.004,70.1,0.533,34.1,83.5,112,76.3,5.46,769,4.33,5.92,543.160,2768.37,0.029,0.0485,36.8679,6.62,7.33,37.1,32.8,0.816,262,214,84,0.88,0.455,0.0439,0.0439,1.001,1033,1033,15,1,158,1.5,117.9,115.2,35.3,36.5,116,37.0,113,38.3,88.6,40.3,37.0,44.6,4.45,4.45,3.82,-2.92,0.032820,1.85420328,0.212016,6.42714329
385.00,1,354.980,1,354.980,77.801,94.297,5151.120,12.195,0.9729,76.9,-0.081,70.8,0.538,34.1,92.0,111,75.1,5.51,768,4.37,5.93,543.160,2370.08,0.029,0.0485,36.8679,6.62,4.76,37.1,32.8,0.813,257,209,98,1.00,0.663,0.0439,0.0439,0.980,1034,1034,15,1,118,34.7,114.9,112.2,37.9,39.1,115,38.0,112,39.3,88.6,40.3,37.0,44.6,4.45,4.45,3.65,-2.72,0.032823,1.85705899,0.212067,6.43711002
386.00,1,355.980,1,355.980,77.781,94.157,5150.168,12.195,0.9731,76.9,-0.030,70.9,0.539,34.1,109.2,111,74.8,5.51,768,4.46,5.93,543.160,2242.92,0.029,0.0485,36.8679,6.62,4.92,37.1,32.8,0.816,262,214,133,1.17,1.309,0.0439,0.0439,0.977,1033,1033,15,1,115,36.9,113.3,110.6,39.1,40.2,113,39.2,110,40.4,88.6,40.2,37.0,44.6,4.45,4.45,5.16,-3.61,0.032823,1.85991236,0.212097,6.44707927
387.00,1,356.980,1,356.980,77.785,94.197,5149.217,12.195,0.9731,76.9,0.191,70.9,0.539,34.1,91.4,111,74.8,5.51,768,4.39,5.93,543.160,2242.89,0.029,0.0485,36.8679,6.62,4.92,37.1,32.8,0.816,263,215,100,0.96,0.719,0.0439,0.0439,0.978,1033,1033,15,1,115,36.9,111.8,109.2,40.2,41.2,112,40.4,109,41.4,88.7,40.2,37.0,44.6,4.45,4.45,4.22,-2.69,0.032823,1.86276593,0.212133,6.45704869
388.00,1,357.980,1,357.980,77.851,94.479,5148.267,12.195,0.9731,76.9,0.008,70.8,0.538,34.1,77.4,111,75.0,5.51,768,4.32,5.93,543.301,2644.81,0.029,0.0485,36.8614,6.63,7.50,37.1,32.8,0.815,262,214,74,0.80,0.247,0.0439,0.0439,0.980,1033,1033,15,1,160,0.3,116.9,114.3,35.9,37.1,115,37.8,112,39.0,88.7,40.2,37.0,44.6,4.45,4.45,3.61,-3.57,0.032824,1.86561777,0.212181,6.46701400
389.00,1,358.980,1,358.980,77.904,94.628,5147.316,12.195,0.9729,76.9,0.668,70.8,0.538,34.1,109.3,112,75.2,5.52,768,4.40,5.93,543.301,2754.18,0.029,0.0485,36.8614,6.63,7.18,37.1,32.8,0.815,260,212,132,1.18,1.276,0.0439,0.0439,0.982,1034,1034,15,1,156,3.1,117.7,115.0,35.5,36.7,116,37.0,113,38.3,88.6,40.3,37.0,44.6,4.45,4.45,4.68,-3.80,0.032825,1.86846771,0.212226,6.47697583
390.00,1,359.980,1,359.980,77.962,94.754,5146.363,12.195,0.9729,76.9,0.021,70.8,0.538,34.1,100.8,112,75.3,5.52,768,4.45,5.93,543.301,2327.67,0.029,0.0485,36.8614,6.63,4.55,37.1,32.8,0.816,263,215,117,1.06,1.043,0.0439,0.0439,0.982,1034,1034,15,1,117,35.6,114.7,112.0,38.0,39.2,115,38.2,112,39.4,88.6,40.3,37.0,44.6,4.45,4.45,4.81,-3.51,0.032828,1.87132009,0.212255,6.48693740
391.00,1,360.980,1,360.980,78.023,95.269,5145.411,12.195,0.9730,76.9,-0.004,70.5,0.535,34.1,83.8,112,75.5,5.50,768,4.32,5.93,543.301,2242.91,0.029,0.0485,36.8614,6.63,4.92,37.1,32.8,0.816,263,214,85,0.87,0.465,0.0440,0.0440,0.991,1033,1033,15,1,115,36.9,113.1,110.5,39.2,40.3,113,39.3,110,40.5,88.6,40.3,37.0,44.6,4.45,4.45,3.77,-2.58,0.032829,1.87417474,0.212296,6.49689677
392.00,1,361.980,1,361.980,78.096,95.784,5144.460,12.195,0.9731,76.9,-0.090,69.9,0.532,34.1,102.8,113,76.6,5.46,767,4.37,5.91,543.301,2250.89,0.029,0.0485,36.8677,6.63,5.24,37.1,32.8,0.814,258,210,119,1.12,1.043,0.0440,0.0440,1.005,1033,1033,15,1,117,35.8,111.7,109.2,40.2,41.2,111,40.4,109,41.4,88.7,40.2,37.0,44.6,4.46,4.46,4.00,-2.85,0.032830,1.87702981,0.212345,6.50685587
393.00,1,362.980,1,362.980,78.099,95.683,5143.507,12.195,0.9730,76.9,-0.001,69.9,0.532,34.1,104.3,113,76.6,5.46,767,4.47,5.91,543.469,2673.96,0.029,0.0485,36.8677,6.63,7.60,37.1,32.8,0.816,263,215,123,1.11,1.163,0.0440,0.0440,1.004,1033,1033,15,1,160,0.3,117.3,114.6,35.6,36.8,115,37.5,112,38.8,88.6,40.3,37.0,44.6,4.46,4.46,5.14,-4.78,0.032830,1.87988770,0.212370,6.51682020
394.00,1,363.980,1,363.980,78.082,95.517,5142.555,12.195,0.9729,76.9,0.136,69.8,0.532,34.1,85.9,112,76.4,5.45,767,4.33,5.90,543.469,2735.91,0.029,0.0485,36.8677,6.63,7.01,37.1,32.8,0.816,263,214,89,0.90,0.536,0.0440,0.0440,1.003,1034,1034,15,1,153,5.6,117.3,114.7,35.8,37.0,116,37.1,113,38.4,88.6,40.3,37.0,44.6,4.46,4.46,3.94,-3.04,0.032832,1.88274734,0.212408,6.52678871
395.00,1,364.980,1,364.980,78.016,95.173,5141.606,12.195,0.9729,76.9,-0.081,69.8,0.533,34.1,93.3,112,76.1,5.44,767,4.35,5.90,543.469,2288.43,0.029,0.0485,36.8677,6.63,4.52,37.1,32.8,0.813,257,209,101,1.02,0.710,0.0440,0.0440,1.001,1034,1034,15,1,116,36.3,114.5,111.9,38.1,39.3,114,38.2,112,39.4,88.6,40.3,37.0,44.6,4.46,4.46,3.68,-2.83,0.032836,1.88560487,0.212458,6.53676024
396.00,1,365.980,1,365.980,77.978,95.029,5140.654,12.195,0.9730,76.9,-0.022,69.7,0.533,34.1,107.1,112,76.0,5.44,767,4.45,5.89,543.469,2242.90,0.029,0.0485,36.8677,6.63,4.92,37.1,32.8,0.816,263,215,129,1.14,1.252,0.0440,0.0440,1.000,1033,1033,15,1,115,36.9,113.0,110.4,39.3,40.4,113,39.4,110,40.5,88.6,40.2,37.0,44.6,4.46,4.46,5.12,-3.60,0.032836,1.88846220,0.212484,6.54673751
397.00,1,366.980,1,366.980,77.941,94.930,5139.703,12.195,0.9731,76.9,0.200,69.7,0.533,34.1,88.2,112,75.9,5.43,767,4.35,5.89,543.469,2274.00,0.029,0.0485,36.8818,6.63,5.58,37.1,32.8,0.816,263,215,93,0.93,0.610,0.0440,0.0440,1.000,1033,1033,15,1,126,28.0,111.7,109.1,40.2,41.2,111,40.5,109,41.5,88.6,40.2,37.0,44.6,4.46,4.46,4.04,-2.75,0.032836,1.89132066,0.212520,6.55671877
398.00,1,367.980,1,367.980,77.883,94.413,5138.754,12.195,0.9730,76.9,0.016,70.0,0.535,34.1,77.0,111,75.7,5.45,766,4.33,5.89,543.605,2700.43,0.029,0.0485,36.8818,6.63,7.68,37.1,32.8,0.814,260,212,72,0.81,0.206,0.0440,0.0440,0.992,1033,1033,15,1,160,0.3,117.6,115.0,35.3,36.6,115,37.2,113,38.5,88.6,40.2,37.0,44.6,4.46,4.46,3.44,-3.43,0.032837,1.89417661,0.212569,6.56670047
399.00,1,368.980,1,368.980,77.875,94.013,5137.803,12.195,0.9729,76.9,-0.040,70.3,0.537,34.1,110.9,111,74.9,5.48,766,4.42,5.90,543.605,2713.77,0.029,0.0485,36.8818,6.63,6.83,37.1,32.8,0.815,261,213,136,1.19,1.340,0.0440,0.0440,0.982,1034,1034,15,1,149,8.7,117.1,114.4,36.0,37.2,116,37.2,113,38.5,88.5,40.4,37.0,44.6,4.46,4.46,5.07,-4.05,0.032839,1.89702906,0.212607,6.57668233
400.00,1,369.980,1,369.980,77.894,93.993,5136.851,12.195,0.9729,76.9,0.098,70.4,0.538,34.1,95.7,111,74.7,5.49,766,4.41,5.90,543.605,2265.84,0.029,0.0485,36.8818,6.63,4.71,37.1,32.8,0.816,263,215,108,1.01,0.861,0.0440,0.0440,0.980,1034,1034,15,1,116,36.6,114.3,111.6,38.3,39.4,114,38.4,111,39.6,88.5,40.3,37.0,44.6,4.46,4.46,4.51,-3.28,0.032841,1.89988163,0.212639,6.58666420
401.00,1,370.980,1,370.980,77.937,94.128,5135.901,12.195,0.9730,76.9,-0.035,70.5,0.538,34.1,80.6,111,74.8,5.49,766,4.30,5.90,543.605,2242.90,0.029,0.0485,36.8818,6.63,4.92,37.1,32.8,0.815,263,214,80,0.84,0.350,0.0440,0.0440,0.981,1033,1033,15,1,115,36.9,112.9,110.3,39.3,40.4,113,39.5,110,40.6,88.6,40.3,37.0,44.6,4.46,4.46,3.64,-2.49,0.032842,1.90273303,0.212685,6.59664091
402.00,1,371.980,1,371.980,78.066,95.298,5134.951,12.195,0.9730,76.9,0.174,69.7,0.533,34.1,108.3,112,76.0,5.44,766,4.38,5.89,543.605,2304.90,0.029,0.0485,36.8748,6.63,5.84,37.1,32.8,0.814,260,211,130,1.17,1.237,0.0441,0.0441,1.002,1033,1033,15,1,139,17.4,111.9,109.4,40.0,41.0,111,40.4,109,41.5,88.6,40.2,37.0,44.6,4.47,4.47,4.41,-3.30,0.032842,1.90558399,0.212731,6.60661397
403.00,1,372.980,1,372.980,78.118,95.491,5133.997,12.195,0.9729,76.9,0.021,69.6,0.532,34.1,100.9,112,76.4,5.44,766,4.44,5.89,543.767,2723.87,0.029,0.0485,36.8748,6.63,7.74,37.1,32.8,0.816,263,215,117,1.06,1.046,0.0441,0.0441,1.006,1033,1033,15,1,160,0.3,117.9,115.2,35.2,36.4,116,37.1,113,38.3,88.6,40.3,37.0,44.6,4.47,4.47,4.91,-4.50,0.032843,1.90843910,0.212757,6.61658841
404.00,1,373.980,1,373.980,78.152,95.504,5133.046,12.195,0.9729,76.9,-0.004,69.5,0.532,34.1,83.5,112,76.4,5.43,766,4.31,5.89,543.767,2687.96,0.029,0.0485,36.8748,6.63,6.64,37.1,32.8,0.816,263,214,85,0.87,0.451,0.0441,0.0441,1.006,1034,1034,15,1,145,12.4,116.7,114.1,36.3,37.5,116,37.3,113,38.6,88.5,40.4,37.0,44.6,4.47,4.47,3.79,-2.91,0.032846,1.91129632,0.212799,6.62656268
405.00,1,374.980,1,374.980,78.175,95.311,5132.096,12.195,0.9729,76.9,-0.090,69.5,0.532,34.1,102.3,112,76.3,5.43,765,4.36,5.88,543.767,2254.36,0.029,0.0485,36.8748,6.63,4.81,37.1,32.8,0.814,258,210,118,1.11,1.017,0.0441,0.0441,1.004,1033,1033,15,1,115,36.8,114.3,111.6,38.3,39.5,114,38.4,111,39.6,88.5,40.3,37.0,44.6,4.47,4.47,4.07,-3.11,0.032849,1.91415221,0.212847,6.63653794
406.00,1,375.980,1,375.980,78.171,95.168,5131.143,12.195,0.9730,76.9,-0.001,69.4,0.532,34.1,103.8,112,76.2,5.43,765,4.46,5.88,543.767,2242.89,0.029,0.0485,36.8748,6.63,4.92,37.1,32.8,0.816,263,215,122,1.10,1.139,0.0441,0.0441,1.004,1033,1033,15,1,115,36.9,112.8,110.1,39.4,40.5,113,39.6,110,40.7,88.6,40.2,37.0,44.6,4.47,4.47,4.96,-3.41,0.032850,1.91700945,0.212874,6.64651830
407.00,1,376.980,1,376.980,78.162,95.073,5130.193,12.195,0.9730,76.9,0.136,69.5,0.532,34.1,85.6,112,76.1,5.43,765,4.32,5.88,543.767,2339.78,0.029,0.0486,36.8957,6.63,6.08,37.1,32.8,0.816,263,215,89,0.90,0.522,0.0441,0.0441,1.002,1033,1033,15,1,148,9.5,112.3,109.7,39.7,40.7,111,40.4,109,41.5,88.6,40.2,37.0,44.6,4.47,4.47,3.93,-2.97,0.032850,1.91986768,0.212913,6.65650146
408.00,1,377.980,1,377.980,78.141,94.938,5129.244,12.195,0.9729,76.9,-0.081,69.4,0.532,34.1,93.1,112,75.9,5.43,765,4.34,5.87,543.911,2744.02,0.029,0.0486,36.8957,6.63,7.78,37.1,32.8,0.813,258,210,101,1.01,0.700,0.0441,0.0441,1.002,1033,1033,15,1,160,0.3,118.2,115.5,35.0,36.2,116,36.8,113,38.1,88.6,40.3,37.0,44.6,4.47,4.47,3.79,-3.64,0.032851,1.92272355,0.212963,6.66648559
409.00,1,378.980,1,378.980,78.133,94.896,5128.291,12.195,0.9728,76.9,-0.022,69.4,0.532,34.1,107.0,112,75.9,5.42,765,4.44,5.87,543.911,2658.75,0.029,0.0486,36.8957,6.63,6.43,37.1,32.8,0.816,263,215,129,1.14,1.243,0.0441,0.0441,1.002,1034,1034,15,1,140,16.3,116.4,113.8,36.6,37.7,115,37.4,113,38.7,88.5,40.4,37.0,44.6,4.47,4.47,5.19,-4.03,0.032853,1.92557932,0.212991,6.67647336
410.00,1,379.980,1,379.980,78.128,94.868,5127.340,12.195,0.9729,76.9,0.200,69.4,0.532,34.1,88.2,112,75.9,5.42,765,4.33,5.87,543.911,2248.60,0.029,0.0486,36.8957,6.63,4.87,37.1,32.8,0.816,263,215,94,0.93,0.608,0.0441,0.0441,1.002,1033,1033,15,1,115,36.9,114.1,111.4,38.5,39.6,114,38.6,111,39.7,88.5,40.3,36.9,44.6,4.47,4.47,4.06,-2.91,0.032855,1.92843656,0.213027,6.68646335
411.00,1,380.980,1,380.980,78.129,94.839,5126.391,12.195,0.9729,76.9,-0.046,69.3,0.532,34.1,82.5,112,75.8,5.41,765,4.32,5.86,543.911,2242.89,0.029,0.0486,36.8957,6.63,4.92,37.1,32.8,0.814,259,210,81,0.88,0.363,0.0441,0.0441,1.003,1033,1033,15,1,115,36.9,112.7,110.1,39.5,40.6,112,39.7,110,40.8,88.6,40.3,36.9,44.6,4.47,4.47,3.39,-2.35,0.032857,1.93129192,0.213077,6.69645260
412.00,1,381.980,1,381.980,78.135,94.838,5125.440,12.195,0.9730,76.9,-0.038,69.3,0.532,34.1,110.6,112,75.8,5.41,764,4.42,5.86,544.076,2376.73,0.029,0.0485,36.8881,6.64,6.29,37.1,32.8,0.816,262,214,135,1.18,1.348,0.0441,0.0441,1.003,1033,1033,15,1,154,5.0,112.8,110.3,39.2,40.3,112,40.2,109,41.3,88.6,40.2,36.9,44.6,4.47,4.47,5.16,-4.12,0.032856,1.93414647,0.213108,6.70644334
413.00,1,382.980,1,382.980,78.144,94.846,5124.488,12.195,0.9729,76.9,0.191,69.3,0.532,34.1,91.1,112,75.8,5.41,764,4.35,5.86,544.076,2760.65,0.029,0.0485,36.8881,6.64,7.79,37.1,32.8,0.816,263,215,99,0.96,0.704,0.0441,0.0441,1.003,1033,1033,15,1,160,0.3,118.3,115.6,34.9,36.1,116,36.8,113,38.1,88.5,40.3,36.9,44.6,4.47,4.47,4.31,-3.87,0.032857,1.93700306,0.213142,6.71643595
414.00,1,383.980,1,383.980,78.171,94.867,5123.539,12.195,0.9728,76.8,0.060,69.2,0.532,34.1,75.9,112,75.9,5.41,764,4.31,5.86,544.076,2626.45,0.029,0.0485,36.8881,6.64,6.21,37.1,32.8,0.815,263,214,71,0.78,0.192,0.0442,0.0442,1.004,1034,1034,15,1,136,20.1,116.2,113.5,36.8,38.0,115,37.5,113,38.7,88.5,40.4,36.9,44.6,4.47,4.47,3.41,-2.62,0.032860,1.93985832,0.213190,6.72642693
415.00,1,384.980,1,384.980,78.188,94.876,5122.588,12.195,0.9729,76.9,-0.040,69.2,0.532,34.1,111.6,112,75.9,5.41,764,4.40,5.86,544.076,2245.72,0.029,0.0485,36.8881,6.64,4.89,37.1,32.8,0.815,262,213,137,1.20,1.366,0.0442,0.0442,1.004,1033,1033,15,1,115,36.9,114.0,111.3,38.5,39.7,114,38.6,111,39.8,88.5,40.3,36.9,44.6,4.48,4.48,5.03,-3.75,0.032862,1.94271220,0.213227,6.73641817
416.00,1,385.980,1,385.980,78.207,94.860,5121.636,12.195,0.9730,76.9,0.132,69.1,0.531,34.1,94.0,112,75.9,5.41,764,4.37,5.86,544.076,2242.89,0.029,0.0485,36.8881,6.64,4.92,37.1,32.8,0.816,264,215,104,0.99,0.804,0.0442,0.0442,1.004,1033,1033,15,1,115,37.0,112.5,109.9,39.6,40.7,112,39.8,110,40.9,88.6,40.2,36.9,44.6,4.48,4.48,4.36,-2.94,0.032863,1.94556852,0.213258,6.74641168
417.00,1,386.980,1,386.980,78.248,94.890,5120.686,12.195,0.9730,76.8,0.008,69.1,0.531,34.1,78.2,112,75.9,5.41,764,4.29,5.85,544.272,2414.62,0.029,0.0486,36.9059,6.64,6.49,37.1,32.8,0.815,263,214,75,0.81,0.268,0.0442,0.0442,1.004,1033,1033,15,1,157,2.6,113.4,110.9,38.7,39.8,112,40.0,109,41.1,88.6,40.2,36.9,44.6,4.48,4.48,3.59,-3.14,0.032863,1.94842414,0.213305,6.75640350
418.00,1,387.980,1,387.980,78.270,94.902,5119.736,12.195,0.9728,76.9,0.017,69.1,0.531,34.1,110.6,112,75.9,5.41,763,4.38,5.85,544.272,2773.46,0.029,0.0486,36.9059,6.64,7.78,37.1,32.8,0.815,261,213,135,1.19,1.321,0.0442,0.0442,1.004,1033,1033,15,1,160,0.3,118.4,115.8,34.8,36.0,116,36.6,113,38.0,88.5,40.4,36.9,44.6,4.48,4.48,4.93,-4.39,0.032864,1.95127789,0.213347,6.76639505
419.00,1,388.980,1,388.980,78.293,94.907,5118.783,12.195,0.9728,76.9,0.069,69.1,0.531,34.1,97.1,112,76.0,5.41,763,4.40,5.85,544.272,2591.39,0.029,0.0486,36.9059,6.64,5.99,37.1,32.8,0.816,264,215,110,1.02,0.908,0.0442,0.0442,1.004,1034,1034,15,1,132,23.6,115.9,113.2,37.0,38.2,115,37.6,112,38.9,88.5,40.4,36.9,44.6,4.48,4.48,4.59,-3.47,0.032867,1.95413399,0.213376,6.77638945
420.00,1,389.980,1,389.980,78.316,94.909,5117.834,12.195,0.9728,76.8,-0.035,69.1,0.531,34.1,80.6,112,76.0,5.41,763,4.28,5.85,544.272,2244.30,0.029,0.0486,36.9059,6.64,4.91,37.1,32.8,0.815,263,215,79,0.84,0.348,0.0442,0.0442,1.004,1033,1033,15,1,115,36.9,113.9,111.2,38.6,39.8,114,38.7,111,39.9,88.5,40.3,36.9,44.6,4.48,4.48,3.63,-2.60,0.032869,1.95699002,0.213420,6.78638265
421.00,1,390.980,1,390.980,78.361,94.900,5116.884,12.195,0.9729,76.9,0.174,69.1,0.531,34.1,107.6,112,76.0,5.41,763,4.36,5.85,544.272,2242.89,0.029,0.0486,36.9059,6.64,4.92,37.1,32.8,0.814,260,212,129,1.16,1.205,0.0442,0.0442,1.004,1033,1033,15,1,115,36.9,112.5,109.9,39.7,40.8,112,39.9,110,41.0,88.5,40.2,36.9,44.6,4.48,4.48,4.42,-3.15,0.032870,1.95984402,0.213467,6.79637542
422.00,1,391.980,1,391.980,78.384,94.896,5115.931,12.195,0.9729,76.9,0.021,69.1,0.531,34.1,100.3,112,76.0,5.41,763,4.42,5.85,544.443,2452.79,0.029,0.0485,36.8930,6.64,6.68,37.1,32.8,0.816,264,215,116,1.06,1.015,0.0442,0.0442,1.004,1033,1033,15,1,158,1.4,114.0,111.4,38.2,39.3,112,39.7,110,40.9,88.6,40.2,36.9,44.6,4.48,4.48,4.89,-4.20,0.032870,1.96269993,0.213494,6.80637123
423.00,1,392.980,1,392.980,78.407,94.897,5114.981,12.195,0.9728,76.8,-0.004,69.0,0.531,34.1,83.1,112,76.0,5.41,763,4.29,5.85,544.443,2782.32,0.029,0.0485,36.8930,6.64,7.75,37.1,32.8,0.815,263,215,84,0.86,0.430,0.0442,0.0442,1.004,1033,1033,15,1,160,0.3,118.5,115.8,34.8,36.0,116,36.7,113,38.0,88.5,40.3,36.9,44.6,4.48,4.48,3.83,-3.28,0.032871,1.96555631,0.213536,6.81636662
424.00,1,393.980,1,393.980,78.454,94.897,5114.032,12.195,0.9728,76.9,-0.090,69.0,0.531,34.1,101.9,112,76.0,5.41,763,4.34,5.85,544.443,2553.97,0.029,0.0485,36.8930,6.64,5.76,37.1,32.8,0.814,259,211,118,1.10,0.997,0.0443,0.0443,1.003,1034,1034,15,1,128,26.6,115.7,113.1,37.2,38.4,115,37.6,112,38.9,88.5,40.4,36.9,44.6,4.48,4.48,4.11,-3.25,0.032874,1.96841055,0.213586,6.82636132
425.00,1,394.980,1,394.980,78.478,94.896,5113.079,12.195,0.9729,76.9,-0.001,69.0,0.531,34.1,103.5,112,76.0,5.42,762,4.44,5.85,544.443,2243.59,0.029,0.0485,36.8930,6.64,4.91,37.1,32.8,0.816,264,215,122,1.09,1.124,0.0443,0.0443,1.003,1033,1033,15,1,115,37.0,113.7,111.1,38.7,39.9,114,38.8,111,40.0,88.5,40.3,36.9,44.6,4.48,4.48,4.98,-3.56,0.032876,1.97126600,0.213613,6.83635880
426.00,1,395.980,1,395.980,78.501,94.875,5112.129,12.195,0.9729,76.8,0.136,69.0,0.531,34.1,85.6,112,76.0,5.41,762,4.30,5.84,544.443,2242.89,0.029,0.0485,36.8930,6.64,4.92,37.1,32.8,0.815,264,215,89,0.89,0.516,0.0443,0.0443,1.003,1033,1033,15,1,115,37.0,112.3,109.7,39.8,40.9,112,40.0,109,41.1,88.5,40.2,36.9,44.6,4.49,4.49,3.89,-2.61,0.032877,1.97412266,0.213653,6.84635674
427.00,1,396.980,1,396.980,78.550,94.885,5111.180,12.245,0.9729,76.9,-0.081,69.0,0.531,34.1,93.1,112,76.0,5.42,762,4.32,5.84,544.645,2500.03,0.029,0.0486,36.9072,6.67,6.91,37.1,32.8,0.813,258,210,101,1.00,0.693,0.0443,0.0443,1.003,1033,1033,15,1,159,0.7,114.8,112.2,37.6,38.7,113,39.3,110,40.4,88.5,40.3,36.9,44.6,4.49,4.49,3.78,-3.67,0.032877,1.97697736,0.213704,6.85635368
428.00,1,397.980,1,397.980,78.575,94.890,5110.228,12.245,0.9728,76.9,-0.022,69.0,0.531,34.1,107.0,112,76.0,5.42,762,4.42,5.84,544.645,2787.50,0.029,0.0486,36.9072,6.67,7.68,37.1,32.8,0.816,264,215,129,1.13,1.237,0.0443,0.0443,1.003,1033,1033,15,1,160,0.3,118.5,115.8,34.8,36.0,116,36.7,113,38.0,88.5,40.4,36.9,44.6,4.49,4.49,5.22,-4.27,0.032878,1.97983235,0.213733,6.86635280
429.00,1,398.980,1,398.980,78.600,94.892,5109.277,12.245,0.9728,76.8,0.200,68.9,0.531,34.1,88.3,112,76.0,5.42,762,4.31,5.84,544.645,2504.54,0.029,0.0486,36.9072,6.67,5.47,37.1,32.8,0.816,264,215,94,0.92,0.607,0.0443,0.0443,1.003,1034,1034,15,1,124,29.7,115.4,112.8,37.4,38.6,115,37.8,112,39.0,88.4,40.4,36.9,44.6,4.49,4.49,4.07,-3.06,0.032881,1.98268912,0.213770,6.87635326
430.00,1,399.980,1,399.980,78.650,94.889,5108.328,12.245,0.9728,76.8,-0.046,68.9,0.531,34.1,82.6,112,76.0,5.42,762,4.30,5.84,544.645,2243.18,0.029,0.0486,36.9072,6.67,4.92,37.1,32.8,0.813,259,211,82,0.88,0.361,0.0443,0.0443,1.002,1033,1033,15,1,115,36.9,113.7,111.0,38.8,39.9,114,38.9,111,40.1,88.5,40.3,36.9,44.6,4.49,4.49,3.40,-2.46,0.032883,1.98554432,0.213821,6.88635262
431.00,1,400.980,1,400.980,78.674,94.881,5107.376,12.245,0.9730,76.9,-0.038,68.9,0.531,34.1,110.6,112,76.0,5.42,762,4.40,5.84,544.645,2242.89,0.029,0.0486,36.9072,6.67,4.92,37.1,32.8,0.816,263,215,135,1.18,1.341,0.0443,0.0443,1.002,1033,1033,15,1,115,36.9,112.3,109.6,39.9,40.9,112,40.1,109,41.2,88.5,40.2,36.9,44.6,4.49,4.49,5.10,-3.54,0.032883,1.98839898,0.213853,6.89635349
432.00,1,401.980,1,401.980,78.699,94.877,5106.425,12.245,0.9729,76.8,0.191,68.9,0.531,34.1,91.1,112,76.0,5.42,761,4.33,5.84,544.818,2546.03,0.029,0.0485,36.8768,6.67,7.11,37.1,32.8,0.816,264,215,99,0.95,0.701,0.0443,0.0443,1.002,1033,1033,15,1,159,0.5,115.5,112.9,37.0,38.2,113,38.8,111,40.0,88.5,40.2,36.9,44.6,4.49,4.49,4.36,-4.11,0.032883,1.99125587,0.213887,6.90635653
433.00,1,402.980,1,402.980,78.748,94.879,5105.476,12.245,0.9728,76.8,0.060,68.9,0.531,34.1,76.0,112,76.0,5.42,761,4.28,5.83,544.818,2786.06,0.029,0.0485,36.8768,6.67,7.57,37.1,32.8,0.815,263,215,71,0.78,0.191,0.0443,0.0443,1.002,1033,1033,15,1,160,0.4,118.4,115.7,34.9,36.1,116,36.7,113,38.1,88.5,40.3,36.8,44.6,4.49,4.49,3.42,-2.72,0.032885,1.99411150,0.213937,6.91635842
434.00,1,403.980,1,403.980,78.774,94.879,5104.525,12.245,0.9728,76.9,-0.040,68.8,0.531,34.1,111.5,112,76.0,5.42,761,4.38,5.83,544.818,2452.91,0.029,0.0485,36.8768,6.67,5.19,37.1,32.8,0.815,262,214,137,1.19,1.358,0.0443,0.0443,1.002,1034,1034,15,1,121,32.1,115.3,112.6,37.6,38.8,115,37.8,112,39.1,88.5,40.3,36.8,44.6,4.49,4.49,5.07,-3.92,0.032887,1.99696576,0.213974,6.92636108
435.00,1,404.980,1,404.980,78.799,94.878,5103.573,12.245,0.9729,76.8,0.132,68.8,0.530,34.1,94.0,112,76.0,5.42,761,4.35,5.84,544.818,2243.01,0.029,0.0485,36.8768,6.67,4.92,37.1,32.8,0.816,264,216,105,0.98,0.798,0.0443,0.0443,1.002,1033,1033,15,1,115,36.9,113.5,110.8,38.9,40.0,113,39.0,111,40.2,88.5,40.3,36.8,44.6,4.49,4.49,4.37,-3.07,0.032888,1.99982250,0.214005,6.93636660
436.00,1,405.980,1,405.980,78.849,94.864,5102.624,12.245,0.9729,76.8,0.008,68.8,0.530,34.1,78.3,112,76.0,5.42,761,4.27,5.83,544.818,2242.89,0.029,0.0485,36.8768,6.67,4.92,37.1,32.8,0.815,264,215,75,0.81,0.265,0.0444,0.0444,1.001,1033,1033,15,1,115,36.9,112.1,109.5,40.0,41.0,112,40.2,109,41.2,88.5,40.2,36.8,44.6,4.49,4.49,3.49,-2.33,0.032889,2.00267854,0.214052,6.94637096
437.00,1,406.980,1,406.980,78.874,94.867,5101.674,12.245,0.9729,76.9,0.017,68.8,0.530,34.1,110.5,112,76.0,5.42,761,4.36,5.83,545.006,2589.96,0.029,0.0485,36.8777,6.67,7.30,37.1,32.8,0.815,262,213,135,1.18,1.311,0.0444,0.0444,1.001,1033,1033,15,1,159,0.4,116.2,113.6,36.5,37.7,114,38.3,111,39.5,88.5,40.3,36.8,44.6,4.50,4.50,4.94,-4.73,0.032888,2.00553270,0.214095,6.95637548
438.00,1,407.980,1,407.980,78.900,94.872,5100.722,12.245,0.9728,76.9,0.069,68.8,0.530,34.1,97.1,112,76.0,5.43,760,4.37,5.83,545.006,2777.89,0.029,0.0485,36.8777,6.67,7.43,37.1,32.8,0.816,264,216,110,1.02,0.901,0.0444,0.0444,1.001,1033,1033,15,1,159,0.9,118.2,115.5,35.1,36.3,116,36.9,113,38.2,88.5,40.3,36.8,44.6,4.50,4.50,4.60,-3.62,0.032890,2.00838913,0.214124,6.96638319
439.00,1,408.980,1,408.980,78.925,94.874,5099.772,12.245,0.9728,76.8,-0.035,68.8,0.530,34.1,80.6,112,76.0,5.43,760,4.26,5.83,545.006,2400.03,0.029,0.0485,36.8777,6.67,4.91,37.1,32.8,0.815,264,215,80,0.83,0.344,0.0444,0.0444,1.001,1034,1034,15,1,119,33.9,115.1,112.3,37.8,39.0,115,38.0,112,39.2,88.4,40.4,36.8,44.6,4.50,4.50,3.65,-2.72,0.032893,2.01124541,0.214168,6.97638996
440.00,1,409.980,1,409.980,78.976,94.869,5098.823,12.245,0.9729,76.9,0.271,68.7,0.530,34.1,107.5,111,76.0,5.43,760,4.34,5.83,545.006,2242.94,0.029,0.0485,36.8777,6.67,4.92,37.1,32.8,0.814,261,212,129,1.15,1.195,0.0444,0.0444,1.001,1033,1033,15,1,115,36.9,113.5,110.8,39.0,40.1,113,39.1,111,40.3,88.5,40.2,36.8,44.6,4.50,4.50,4.46,-3.29,0.032894,2.01409964,0.214215,6.98639650
441.00,1,410.980,1,410.980,79.001,94.864,5097.871,12.245,0.9730,76.9,0.034,68.7,0.530,34.1,100.2,111,76.0,5.43,760,4.40,5.83,545.006,2242.89,0.029,0.0485,36.8777,6.67,4.92,37.1,32.8,0.816,264,216,116,1.05,1.007,0.0444,0.0444,1.001,1033,1033,15,1,115,36.9,112.0,109.4,40.1,41.1,112,40.3,109,41.4,88.6,40.2,36.8,44.6,4.50,4.50,4.75,-3.15,0.032893,2.01695576,0.214243,6.99640620
442.00,1,411.980,1,411.980,79.027,94.861,5096.921,12.245,0.9729,76.8,-0.022,68.7,0.530,34.1,83.1,111,76.0,5.43,760,4.27,5.83,545.151,2631.14,0.029,0.0485,36.8592,6.68,7.46,37.1,32.8,0.815,264,215,84,0.86,0.426,0.0444,0.0444,1.001,1033,1033,15,1,159,0.3,116.8,114.2,36.0,37.2,115,37.9,112,39.2,88.5,40.2,36.8,44.6,4.50,4.50,3.91,-3.86,0.032894,2.01981236,0.214285,7.00641557
443.00,1,412.980,1,412.980,79.077,94.864,5095.972,12.245,0.9728,76.9,-0.090,68.7,0.530,34.1,101.8,111,76.0,5.43,760,4.32,5.82,545.151,2763.09,0.029,0.0485,36.8592,6.68,7.26,37.1,32.8,0.813,260,211,118,1.10,0.988,0.0444,0.0444,1.000,1033,1033,15,1,157,2.3,117.9,115.3,35.3,36.5,116,36.9,113,38.2,88.5,40.3,36.8,44.6,4.50,4.50,4.14,-3.38,0.032896,2.02266677,0.214335,7.01642431
444.00,1,413.980,1,413.980,79.102,94.864,5095.020,12.245,0.9728,76.9,0.006,68.7,0.530,34.1,103.5,111,76.0,5.43,760,4.42,5.82,545.151,2346.72,0.029,0.0485,36.8592,6.68,4.64,37.1,32.8,0.816,265,216,123,1.09,1.117,0.0444,0.0444,1.000,1034,1034,15,1,118,35.2,114.9,112.2,37.9,39.1,115,38.1,112,39.3,88.5,40.3,36.8,44.6,4.50,4.50,5.01,-3.71,0.032898,2.02552233,0.214362,7.02643584
445.00,1,414.980,1,414.980,79.127,94.862,5094.070,12.245,0.9729,76.8,0.076,68.7,0.530,34.1,85.7,111,76.0,5.43,759,4.28,5.83,545.151,2242.91,0.029,0.0485,36.8592,6.68,4.92,37.1,32.8,0.815,264,216,89,0.89,0.512,0.0444,0.0444,1.000,1033,1033,15,1,115,36.9,113.3,110.6,39.1,40.2,113,39.3,110,40.4,88.5,40.2,36.8,44.7,4.50,4.50,3.90,-2.72,0.032899,2.02837913,0.214402,7.03644791
446.00,1,415.980,1,415.980,79.177,94.849,5093.121,12.245,0.9730,76.8,-0.089,68.6,0.530,34.1,93.0,111,76.0,5.43,759,4.30,5.82,545.151,2247.10,0.029,0.0485,36.8577,6.68,5.15,37.1,32.8,0.813,259,210,101,1.00,0.685,0.0445,0.0445,1.000,1033,1033,15,1,116,36.6,111.9,109.3,40.1,41.2,112,40.3,109,41.4,88.5,40.2,36.8,44.7,4.50,4.50,3.63,-2.56,0.032899,2.03123396,0.214453,7.04645899
447.00,1,416.980,1,416.980,79.203,94.850,5092.169,12.245,0.9729,76.9,-0.018,68.6,0.530,34.1,106.9,111,76.0,5.43,759,4.40,5.82,545.308,2668.82,0.029,0.0485,36.8577,6.68,7.59,37.1,32.8,0.816,265,216,129,1.13,1.228,0.0445,0.0445,1.000,1033,1033,15,1,160,0.3,117.3,114.7,35.6,36.8,115,37.5,112,38.8,88.5,40.3,36.8,44.7,4.50,4.50,5.31,-4.95,0.032899,2.03408905,0.214482,7.05647225
448.00,1,417.980,1,417.980,79.228,94.855,5091.219,12.245,0.9728,76.8,0.193,68.6,0.530,34.1,88.3,111,76.0,5.44,759,4.29,5.82,545.308,2741.81,0.029,0.0485,36.8577,6.68,7.06,37.1,32.8,0.815,265,216,94,0.92,0.602,0.0445,0.0445,0.999,1034,1034,15,1,154,5.0,117.5,114.9,35.7,36.9,116,37.1,113,38.4,88.5,40.3,36.8,44.7,4.50,4.50,4.08,-3.19,0.032901,2.03694588,0.214519,7.06648685
449.00,1,418.980,1,418.980,79.279,94.857,5090.270,12.245,0.9728,76.8,-0.049,68.6,0.530,34.1,82.5,111,76.1,5.44,759,4.28,5.82,545.308,2294.90,0.029,0.0485,36.8577,6.68,4.47,37.1,32.8,0.813,260,211,82,0.87,0.355,0.0445,0.0445,0.999,1034,1034,15,1,116,36.2,114.7,112.0,38.0,39.2,115,38.2,112,39.4,88.5,40.3,36.8,44.7,4.50,4.50,3.42,-2.58,0.032904,2.03980109,0.214570,7.07650033
450.00,1,419.980,1,419.980,79.304,94.842,5089.319,12.245,0.9729,76.9,-0.034,68.5,0.530,34.1,110.5,111,76.1,5.43,759,4.38,5.82,545.308,2242.90,0.029,0.0485,36.8577,6.68,4.92,37.1,32.8,0.815,264,215,135,1.17,1.332,0.0445,0.0445,0.999,1033,1033,15,1,115,36.9,113.2,110.5,39.2,40.3,113,39.3,110,40.5,88.5,40.2,36.8,44.7,4.51,4.51,5.13,-3.68,0.032904,2.04265575,0.214603,7.08651529
451.00,1,420.980,1,420.980,79.329,94.844,5088.368,12.245,0.9730,76.8,0.206,68.5,0.530,34.1,91.1,111,76.0,5.44,759,4.31,5.82,545.308,2274.14,0.029,0.0485,36.8517,6.68,5.58,37.1,32.8,0.816,265,216,99,0.95,0.695,0.0445,0.0445,0.999,1033,1033,15,1,126,27.9,111.8,109.3,40.1,41.2,111,40.4,109,41.5,88.5,40.2,36.8,44.7,4.51,4.51,4.20,-2.89,0.032904,2.04551266,0.214637,7.09653241
452.00,1,421.980,1,421.980,79.379,94.850,5087.419,12.245,0.9729,76.8,0.060,68.5,0.530,34.1,76.1,111,76.1,5.44,758,4.26,5.82,545.431,2702.37,0.029,0.0485,36.8517,6.68,7.69,37.1,32.8,0.814,264,215,71,0.78,0.189,0.0445,0.0445,0.999,1033,1033,15,1,160,0.3,117.8,115.1,35.3,36.5,116,37.2,113,38.5,88.5,40.2,36.8,44.7,4.51,4.51,3.51,-3.48,0.032905,2.04836836,0.214686,7.10654835
453.00,1,422.980,1,422.980,79.404,94.851,5086.469,12.245,0.9728,76.9,-0.031,68.5,0.530,34.1,111.4,111,76.1,5.44,758,4.36,5.81,545.431,2714.39,0.029,0.0485,36.8517,6.68,6.83,37.1,32.8,0.815,263,214,137,1.19,1.349,0.0445,0.0445,0.999,1034,1034,15,1,149,8.9,117.2,114.6,36.0,37.1,116,37.1,113,38.4,88.4,40.3,36.8,44.7,4.51,4.51,5.10,-4.08,0.032907,2.05122268,0.214724,7.11656507
454.00,1,423.980,1,423.980,79.429,94.850,5085.517,12.245,0.9728,76.8,0.158,68.5,0.530,34.1,94.0,111,76.1,5.44,758,4.33,5.81,545.431,2265.02,0.029,0.0485,36.8517,6.68,4.72,37.1,32.8,0.816,265,216,105,0.98,0.793,0.0445,0.0445,0.998,1034,1034,15,1,116,36.6,114.5,111.8,38.2,39.4,114,38.3,112,39.5,88.5,40.3,36.7,44.7,4.51,4.51,4.38,-3.22,0.032909,2.05407945,0.214755,7.12658465
455.00,1,424.980,1,424.980,79.478,94.837,5084.568,12.245,0.9729,76.8,0.008,68.5,0.529,34.1,78.3,111,76.1,5.44,758,4.25,5.81,545.431,2242.90,0.029,0.0485,36.8517,6.68,4.92,37.1,32.8,0.815,265,216,76,0.81,0.262,0.0445,0.0445,0.998,1033,1033,15,1,115,36.9,113.1,110.4,39.3,40.4,113,39.5,110,40.6,88.5,40.2,36.7,44.7,4.51,4.51,3.50,-2.42,0.032910,2.05693559,0.214802,7.13660312
456.00,1,425.980,1,425.980,79.502,94.835,5083.619,12.245,0.9730,76.9,-0.009,68.5,0.529,34.1,110.4,111,76.1,5.44,758,4.34,5.81,545.431,2313.64,0.029,0.0485,36.8426,6.68,5.91,37.1,32.8,0.814,262,214,135,1.18,1.301,0.0446,0.0446,0.998,1033,1033,15,1,142,15.0,112.2,109.6,39.8,40.9,112,40.4,109,41.4,88.5,40.2,36.7,44.7,4.51,4.51,4.76,-3.57,0.032910,2.05978988,0.214844,7.14662179
457.00,1,426.980,1,426.980,79.527,94.834,5082.667,12.245,0.9729,76.9,0.086,68.4,0.529,34.1,97.0,111,76.1,5.44,758,4.35,5.81,545.567,2731.15,0.029,0.0485,36.8426,6.68,7.76,37.1,32.8,0.816,265,216,111,1.01,0.895,0.0446,0.0446,0.998,1033,1033,15,1,160,0.3,118.1,115.5,35.0,36.3,116,36.9,113,38.2,88.5,40.3,36.7,44.7,4.51,4.51,4.70,-4.33,0.032910,2.06264644,0.214874,7.15664368
458.00,1,427.980,1,427.980,79.552,94.838,5081.718,12.245,0.9728,76.8,-0.042,68.4,0.529,34.1,80.7,111,76.1,5.44,758,4.24,5.81,545.567,2681.24,0.029,0.0485,36.8426,6.68,6.58,37.1,32.8,0.815,265,216,80,0.83,0.341,0.0446,0.0446,0.998,1034,1034,15,1,144,13.6,116.8,114.2,36.3,37.5,116,37.3,113,38.5,88.4,40.3,36.7,44.7,4.51,4.51,3.66,-2.83,0.032912,2.06550283,0.214918,7.16666466
459.00,1,428.980,1,428.980,79.601,94.839,5080.769,12.245,0.9728,76.9,0.271,68.4,0.529,34.1,107.4,111,76.1,5.45,757,4.32,5.81,545.567,2252.20,0.029,0.0485,36.8426,6.68,4.83,37.1,32.8,0.814,261,213,129,1.15,1.184,0.0446,0.0446,0.998,1033,1033,15,1,116,36.8,114.4,111.7,38.3,39.4,114,38.4,112,39.6,88.5,40.3,36.7,44.7,4.51,4.51,4.49,-3.43,0.032915,2.06835714,0.214965,7.17668541
460.00,1,429.980,1,429.980,79.625,94.815,5079.817,12.245,0.9729,76.9,0.034,68.3,0.529,34.1,100.2,111,76.1,5.44,757,4.38,5.81,545.567,2242.89,0.029,0.0485,36.8426,6.68,4.92,37.1,32.8,0.816,265,216,116,1.05,1.000,0.0446,0.0446,0.998,1033,1033,15,1,115,36.9,112.9,110.3,39.4,40.5,113,39.6,110,40.7,88.5,40.2,36.7,44.7,4.51,4.51,4.77,-3.27,0.032915,2.07121335,0.214993,7.18670931
461.00,1,430.980,1,430.980,79.650,94.824,5078.868,12.245,0.9730,76.8,-0.022,68.4,0.529,34.1,83.1,111,76.1,5.45,757,4.25,5.81,545.676,2358.55,0.029,0.0485,36.8474,6.68,6.19,37.1,32.8,0.815,265,216,85,0.86,0.423,0.0446,0.0446,0.997,1033,1033,15,1,152,6.8,112.7,110.2,39.4,40.4,112,40.3,109,41.3,88.5,40.2,36.7,44.7,4.52,4.52,3.82,-3.02,0.032915,2.07407009,0.215035,7.19673287
462.00,1,431.980,1,431.980,79.700,94.836,5077.919,12.245,0.9729,76.9,-0.090,68.4,0.529,34.1,101.7,111,76.1,5.45,757,4.30,5.81,545.676,2754.63,0.029,0.0485,36.8474,6.68,7.80,37.1,32.8,0.813,260,212,118,1.09,0.979,0.0446,0.0446,0.997,1033,1033,15,1,160,0.3,118.5,115.8,34.8,36.1,116,36.7,113,38.0,88.5,40.3,36.7,44.7,4.52,4.52,4.21,-3.96,0.032916,2.07692467,0.215084,7.20675577
463.00,1,432.980,1,432.980,79.724,94.837,5076.967,12.245,0.9728,76.9,0.006,68.3,0.529,34.1,103.5,111,76.1,5.45,757,4.39,5.80,545.676,2642.91,0.029,0.0485,36.8474,6.68,6.32,37.1,32.8,0.816,265,217,123,1.08,1.109,0.0446,0.0446,0.997,1034,1034,15,1,138,18.4,116.5,113.8,36.6,37.8,116,37.4,113,38.6,88.4,40.3,36.7,44.7,4.52,4.52,5.03,-3.87,0.032918,2.07978040,0.215112,7.21678146
464.00,1,433.980,1,433.980,79.749,94.836,5076.017,12.245,0.9728,76.8,0.076,68.3,0.529,34.1,85.7,111,76.1,5.45,757,4.26,5.80,545.676,2246.78,0.029,0.0485,36.8474,6.68,4.88,37.1,32.8,0.815,265,216,89,0.89,0.508,0.0446,0.0446,0.997,1033,1033,15,1,115,36.8,114.2,111.5,38.4,39.6,114,38.5,111,39.7,88.4,40.3,36.7,44.7,4.52,4.52,3.92,-2.83,0.032921,2.08263738,0.215152,7.22680768
465.00,1,434.980,1,434.980,79.797,94.824,5075.069,12.245,0.9729,76.8,-0.089,68.3,0.529,34.1,92.9,111,76.1,5.45,756,4.28,5.80,545.676,2242.89,0.029,0.0485,36.8474,6.68,4.92,37.1,32.8,0.813,260,211,101,1.00,0.678,0.0446,0.0446,0.997,1033,1033,15,1,115,36.9,112.8,110.2,39.5,40.6,113,39.6,110,40.8,88.5,40.2,36.7,44.7,4.52,4.52,3.65,-2.60,0.032922,2.08549245,0.215203,7.23683299
466.00,1,435.980,1,435.980,79.820,94.820,5074.118,12.245,0.9729,76.9,-0.018,68.3,0.529,34.1,106.9,111,76.1,5.45,756,4.38,5.80,545.798,2405.73,0.029,0.0485,36.8316,6.68,6.45,37.1,32.8,0.816,265,216,129,1.12,1.219,0.0446,0.0446,0.996,1033,1033,15,1,156,3.0,113.5,110.9,38.8,39.9,112,40.0,109,41.1,88.5,40.2,36.7,44.7,4.52,4.52,5.21,-4.27,0.032921,2.08834781,0.215232,7.24686052
467.00,1,436.980,1,436.980,79.844,94.821,5073.168,12.245,0.9728,76.8,0.193,68.3,0.529,34.1,88.3,111,76.1,5.45,756,4.27,5.80,545.798,2772.35,0.029,0.0485,36.8316,6.68,7.79,37.1,32.8,0.815,266,216,94,0.92,0.597,0.0447,0.0447,0.996,1033,1033,15,1,160,0.3,118.6,115.9,34.7,36.0,116,36.6,114,37.9,88.5,40.3,36.7,44.7,4.52,4.52,4.15,-3.67,0.032922,2.09120493,0.215269,7.25688942
468.00,1,437.980,1,437.980,79.892,94.822,5072.220,12.245,0.9728,76.8,-0.049,68.3,0.529,34.1,82.5,111,76.1,5.45,756,4.26,5.80,545.798,2600.04,0.029,0.0485,36.8316,6.68,6.04,37.1,32.8,0.813,261,212,82,0.87,0.350,0.0447,0.0447,0.996,1034,1034,15,1,132,22.9,116.2,113.5,36.9,38.0,116,37.4,113,38.7,88.4,40.3,36.7,44.7,4.52,4.52,3.44,-2.68,0.032925,2.09406039,0.215320,7.26691724
469.00,1,438.980,1,438.980,79.916,94.821,5071.269,12.245,0.9728,76.9,-0.034,68.2,0.529,34.1,110.4,111,76.1,5.45,756,4.36,5.80,545.798,2244.51,0.029,0.0485,36.8316,6.68,4.90,37.1,32.8,0.815,265,216,136,1.17,1.322,0.0447,0.0447,0.996,1033,1033,15,1,115,36.9,114.1,111.4,38.5,39.7,114,38.6,111,39.8,88.5,40.2,36.7,44.7,4.52,4.52,5.17,-3.82,0.032927,2.09691529,0.215352,7.27694656
470.00,1,439.980,1,439.980,79.940,94.799,5070.318,12.245,0.9729,76.8,0.206,68.2,0.529,34.1,91.1,111,76.1,5.45,756,4.29,5.80,545.798,2242.89,0.029,0.0485,36.8316,6.68,4.92,37.1,32.8,0.815,266,217,100,0.95,0.690,0.0447,0.0447,0.996,1033,1033,15,1,115,36.9,112.6,110.0,39.6,40.7,112,39.8,110,40.9,88.5,40.2,36.7,44.7,4.52,4.52,4.20,-2.85,0.032927,2.09977245,0.215387,7.28697804
471.00,1,440.980,1,440.980,79.988,94.811,5069.370,12.245,0.9729,76.8,0.060,68.2,0.529,34.1,76.1,111,76.1,5.46,756,4.24,5.80,545.939,2453.53,0.029,0.0485,36.8429,6.68,6.69,37.1,32.7,0.814,265,216,71,0.78,0.186,0.0447,0.0447,0.995,1033,1033,15,1,158,1.4,114.3,111.7,38.1,39.2,112,39.6,110,40.7,88.5,40.2,36.7,44.7,4.52,4.52,3.50,-3.24,0.032927,2.10262842,0.215436,7.29700833
472.00,1,441.980,1,441.980,80.013,94.817,5068.419,12.245,0.9728,76.9,-0.031,68.2,0.529,34.1,111.7,111,76.1,5.46,755,4.34,5.80,545.939,2783.84,0.029,0.0485,36.8429,6.68,7.76,37.1,32.7,0.815,264,215,138,1.18,1.351,0.0447,0.0447,0.995,1033,1033,15,1,160,0.3,118.7,116.0,34.7,35.9,116,36.5,114,37.9,88.4,40.3,36.6,44.7,4.53,4.53,5.20,-4.47,0.032928,2.10548309,0.215473,7.30703943
473.00,1,442.980,1,442.980,80.037,95.259,5067.468,12.245,0.9727,76.8,0.181,68.0,0.527,34.1,92.6,112,76.1,5.44,755,4.29,5.79,545.939,2553.37,0.029,0.0485,36.8429,6.68,5.75,37.1,32.7,0.815,266,217,102,0.96,0.740,0.0447,0.0447,1.003,1034,1034,15,1,128,26.7,115.8,113.2,37.2,38.3,115,37.6,113,38.9,88.4,40.3,36.6,44.7,4.53,4.53,4.30,-3.26,0.032931,2.10834135,0.215502,7.31707406
474.00,1,443.980,1,443.980,80.040,95.693,5066.520,12.245,0.9728,76.8,0.002,67.3,0.524,34.1,79.4,112,77.2,5.39,755,4.25,5.77,545.939,2243.57,0.029,0.0485,36.8429,6.68,4.91,37.1,32.7,0.814,263,214,76,0.83,0.271,0.0447,0.0447,1.018,1033,1033,15,1,115,36.9,114.0,111.3,38.6,39.8,114,38.7,111,39.9,88.4,40.3,36.6,44.7,4.53,4.53,3.42,-2.46,0.032933,2.11120070,0.215549,7.32710987
475.00,1,444.980,1,444.980,80.011,95.554,5065.569,12.245,0.9729,76.9,-0.034,67.2,0.524,34.1,110.1,112,77.2,5.38,755,4.35,5.76,545.939,2242.89,0.029,0.0485,36.8429,6.68,4.92,37.1,32.7,0.815,265,216,134,1.17,1.318,0.0447,0.0447,1.018,1033,1033,15,1,115,36.9,112.5,109.9,39.7,40.8,112,39.9,110,41.0,88.5,40.2,36.6,44.7,4.53,4.53,5.15,-3.58,0.032933,2.11406058,0.215579,7.33715084
476.00,1,445.980,1,445.980,79.966,95.368,5064.619,12.245,0.9729,76.8,0.213,67.2,0.524,34.1,89.4,112,77.0,5.37,755,4.27,5.76,546.051,2500.91,0.029,0.0485,36.8336,6.69,6.91,37.1,32.7,0.815,266,217,96,0.93,0.632,0.0447,0.0447,1.017,1033,1033,15,1,159,0.7,114.9,112.3,37.6,38.7,113,39.3,110,40.4,88.5,40.2,36.6,44.7,4.53,4.53,4.28,-3.94,0.032933,2.11692297,0.215611,7.34719848
477.00,1,446.980,1,446.980,79.865,94.177,5063.672,12.245,0.9728,76.8,0.002,67.8,0.528,34.1,77.6,111,75.7,5.42,755,4.25,5.77,546.051,2788.89,0.029,0.0485,36.8336,6.69,7.68,37.1,32.7,0.813,263,214,73,0.81,0.204,0.0448,0.0448,0.995,1033,1033,15,1,160,0.3,118.6,116.0,34.7,36.0,116,36.6,114,37.9,88.4,40.3,36.6,44.7,4.53,4.53,3.42,-2.81,0.032935,2.11978184,0.215661,7.35724800
478.00,1,447.980,1,447.980,79.841,94.034,5062.723,12.245,0.9727,76.9,-0.039,68.0,0.529,34.1,110.4,110,75.4,5.43,755,4.34,5.77,546.051,2503.69,0.029,0.0485,36.8336,6.69,5.46,37.1,32.7,0.815,264,215,135,1.17,1.304,0.0448,0.0448,0.992,1034,1034,15,1,124,29.8,115.6,112.9,37.4,38.6,115,37.7,112,39.0,88.3,40.3,36.6,44.7,4.53,4.53,5.17,-4.01,0.032937,2.12263684,0.215695,7.36729932
479.00,1,448.980,1,448.980,79.840,94.077,5061.773,12.245,0.9728,76.8,0.181,68.0,0.529,34.1,91.9,111,75.4,5.43,754,4.30,5.77,546.051,2243.17,0.029,0.0485,36.8336,6.69,4.92,37.1,32.7,0.815,266,217,101,0.96,0.711,0.0448,0.0448,0.993,1033,1033,15,1,115,36.9,113.8,111.1,38.8,39.9,114,38.9,111,40.1,88.4,40.2,36.6,44.7,4.53,4.53,4.30,-3.04,0.032939,2.12549230,0.215728,7.37735158
480.00,1,449.980,1,449.980,79.897,94.328,5060.825,12.245,0.9728,76.8,0.025,67.9,0.529,34.1,76.9,111,75.6,5.43,754,4.23,5.77,546.051,2242.89,0.029,0.0485,36.8336,6.69,4.92,37.1,32.7,0.814,266,216,73,0.79,0.208,0.0448,0.0448,0.995,1033,1033,15,1,115,36.9,112.4,109.8,39.8,40.9,112,40.0,109,41.1,88.4,40.2,36.6,44.7,4.53,4.53,3.44,-2.31,0.032940,2.12834593,0.215776,7.38739950
481.00,1,450.980,1,450.980,79.946,94.474,5059.876,12.245,0.9728,76.9,-0.065,67.9,0.528,34.1,110.7,111,75.8,5.43,754,4.32,5.77,546.185,2547.01,0.029,0.0485,36.8550,6.69,7.12,37.1,32.7,0.814,264,215,136,1.17,1.308,0.0448,0.0448,0.997,1033,1033,15,1,159,0.5,115.7,113.1,37.0,38.1,114,38.8,111,39.9,88.4,40.2,36.6,44.7,4.53,4.53,5.08,-4.75,0.032939,2.13119776,0.215816,7.39744408
482.00,1,451.980,1,451.980,80.003,94.602,5058.925,12.245,0.9727,76.8,0.117,67.9,0.528,34.1,95.1,111,75.9,5.43,754,4.30,5.77,546.185,2787.27,0.029,0.0485,36.8550,6.69,7.58,37.1,32.7,0.815,266,217,107,0.99,0.821,0.0448,0.0448,0.998,1033,1033,15,1,160,0.4,118.5,115.8,34.9,36.1,116,36.7,113,38.0,88.4,40.3,36.6,44.7,4.53,4.53,4.49,-3.55,0.032941,2.13405239,0.215846,7.40748811
483.00,1,452.980,1,452.980,80.110,95.622,5057.976,12.245,0.9727,76.8,0.025,67.2,0.524,34.1,78.4,112,77.0,5.38,754,4.22,5.76,546.185,2451.88,0.029,0.0485,36.8550,6.69,5.18,37.1,32.7,0.814,266,216,76,0.80,0.263,0.0448,0.0448,1.018,1034,1034,15,1,121,32.2,115.4,112.7,37.6,38.8,115,37.8,112,39.1,88.3,40.3,36.6,44.7,4.53,4.53,3.52,-2.64,0.032944,2.13690837,0.215892,7.41752906
484.00,1,453.980,1,453.980,80.134,95.697,5057.025,12.245,0.9728,76.9,-0.031,67.0,0.523,34.1,111.9,112,77.3,5.37,754,4.32,5.75,546.185,2243.01,0.029,0.0485,36.8550,6.69,4.92,37.1,32.7,0.815,264,215,138,1.19,1.361,0.0448,0.0448,1.021,1033,1033,15,1,115,36.9,113.7,111.0,38.9,40.0,113,39.0,111,40.2,88.4,40.2,36.6,44.7,4.54,4.54,5.07,-3.71,0.032946,2.13976545,0.215928,7.42757114
485.00,1,454.980,1,454.980,80.136,95.593,5056.075,12.245,0.9729,76.8,0.181,67.0,0.523,34.1,92.3,112,77.3,5.37,753,4.27,5.75,546.185,2242.89,0.029,0.0485,36.8550,6.69,4.92,37.1,32.7,0.815,266,217,101,0.96,0.727,0.0448,0.0448,1.021,1033,1033,15,1,115,36.9,112.2,109.6,40.0,41.0,112,40.2,109,41.3,88.4,40.2,36.6,44.7,4.54,4.54,4.26,-2.83,0.032946,2.14262677,0.215958,7.43761858
486.00,1,455.980,1,455.980,80.088,95.252,5055.127,12.245,0.9728,76.8,0.002,66.9,0.523,34.1,79.0,112,76.9,5.36,753,4.23,5.74,546.304,2591.07,0.029,0.0485,36.8438,6.69,7.31,37.1,32.7,0.813,263,214,76,0.82,0.253,0.0449,0.0449,1.018,1033,1033,15,1,159,0.4,116.3,113.7,36.5,37.6,114,38.3,111,39.5,88.4,40.2,36.6,44.7,4.54,4.54,3.56,-3.58,0.032947,2.14548743,0.216005,7.44766847
487.00,1,456.980,1,456.980,80.050,95.098,5054.177,12.245,0.9726,76.9,-0.034,66.9,0.524,34.1,109.6,111,76.8,5.36,753,4.34,5.74,546.304,2778.95,0.029,0.0485,36.8438,6.69,7.43,37.1,32.7,0.815,266,216,134,1.16,1.294,0.0449,0.0449,1.017,1033,1033,15,1,159,0.9,118.3,115.6,35.1,36.3,116,36.8,113,38.1,88.3,40.3,36.6,44.7,4.54,4.54,5.27,-4.23,0.032949,2.14834689,0.216036,7.45772366
488.00,1,457.980,1,457.980,80.010,94.969,5053.228,12.245,0.9726,76.8,0.213,66.9,0.524,34.1,88.9,111,76.6,5.35,753,4.25,5.73,546.304,2398.79,0.029,0.0485,36.8438,6.69,4.90,37.1,32.7,0.815,266,217,95,0.92,0.609,0.0449,0.0449,1.016,1034,1034,15,1,119,34.0,115.1,112.4,37.8,39.0,115,38.0,112,39.2,88.3,40.3,36.6,44.7,4.54,4.54,4.13,-3.07,0.032951,2.15120809,0.216068,7.46778446
489.00,1,458.980,1,458.980,79.933,94.337,5052.281,12.245,0.9727,76.8,-0.049,67.0,0.525,34.1,81.8,111,76.5,5.36,753,4.24,5.74,546.304,2242.94,0.029,0.0485,36.8438,6.69,4.92,37.1,32.7,0.813,261,213,80,0.86,0.318,0.0449,0.0449,1.009,1033,1033,15,1,115,36.9,113.5,110.8,39.0,40.1,113,39.1,111,40.3,88.3,40.3,36.6,44.7,4.54,4.54,3.41,-2.44,0.032954,2.15406667,0.216117,7.47784641
490.00,1,459.980,1,459.980,79.914,93.891,5051.332,12.245,0.9728,76.9,-0.034,67.5,0.528,34.1,109.3,110,75.5,5.39,753,4.34,5.74,546.304,2242.89,0.029,0.0485,36.8438,6.69,4.92,37.1,32.7,0.815,265,216,134,1.16,1.270,0.0449,0.0449,0.997,1033,1033,15,1,115,36.9,112.1,109.5,40.1,41.1,112,40.3,109,41.4,88.4,40.2,36.6,44.7,4.54,4.54,5.12,-3.51,0.032953,2.15692190,0.216150,7.48790964
491.00,1,460.980,1,460.980,79.921,93.850,5050.382,12.245,0.9728,76.8,0.206,67.6,0.528,34.1,90.3,110,75.3,5.40,753,4.27,5.75,546.450,2632.35,0.029,0.0485,36.8708,6.69,7.47,37.1,32.7,0.815,266,217,99,0.94,0.653,0.0449,0.0449,0.995,1033,1033,15,1,159,0.3,116.9,114.2,36.0,37.2,115,37.9,112,39.2,88.4,40.2,36.6,44.7,4.54,4.54,4.37,-4.20,0.032953,2.15977690,0.216185,7.49797256
492.00,1,461.980,1,461.980,80.008,94.153,5049.435,12.245,0.9726,76.8,0.060,67.6,0.528,34.1,75.7,111,75.5,5.41,752,4.23,5.75,546.450,2763.96,0.029,0.0485,36.8708,6.69,7.26,37.1,32.7,0.814,266,216,71,0.77,0.165,0.0449,0.0449,0.997,1033,1033,15,1,157,2.3,118.0,115.3,35.3,36.5,116,36.9,113,38.2,88.3,40.3,36.6,44.7,4.54,4.54,3.43,-2.70,0.032955,2.16262942,0.216234,7.50803017
493.00,1,462.980,1,462.980,80.076,94.769,5048.485,12.245,0.9726,76.9,-0.039,67.4,0.526,34.1,111.3,111,75.7,5.40,752,4.33,5.74,546.450,2345.32,0.029,0.0485,36.8708,6.69,4.63,37.1,32.7,0.815,265,216,137,1.17,1.337,0.0449,0.0449,1.006,1034,1034,15,1,117,35.3,114.9,112.2,37.9,39.1,115,38.1,112,39.3,88.3,40.3,36.6,44.7,4.54,4.54,5.19,-3.95,0.032958,2.16548107,0.216269,7.51808429
494.00,1,463.980,1,463.980,80.142,95.340,5047.534,12.245,0.9727,76.8,0.206,66.9,0.523,34.1,91.0,112,76.8,5.36,752,4.25,5.74,546.450,2242.91,0.029,0.0485,36.8708,6.69,4.92,37.1,32.7,0.815,267,217,99,0.94,0.681,0.0449,0.0449,1.019,1033,1033,15,1,115,36.9,113.3,110.6,39.1,40.2,113,39.3,110,40.4,88.3,40.2,36.6,44.7,4.54,4.54,4.19,-2.92,0.032959,2.16833789,0.216301,7.52813833
495.00,1,464.980,1,464.980,80.220,95.466,5046.586,12.245,0.9728,76.8,-0.049,66.7,0.522,34.1,83.6,112,77.2,5.35,752,4.23,5.73,546.450,2247.11,0.029,0.0485,36.8572,6.69,5.15,37.1,32.7,0.813,262,213,84,0.88,0.381,0.0449,0.0449,1.023,1033,1033,15,1,116,36.6,111.9,109.3,40.1,41.2,112,40.4,109,41.4,88.4,40.2,36.6,44.7,4.54,4.54,3.44,-2.38,0.032960,2.17119561,0.216350,7.53819058
496.00,1,465.980,1,465.980,80.231,95.362,5045.635,12.245,0.9727,76.9,-0.028,66.7,0.522,34.1,108.1,112,77.1,5.35,752,4.34,5.73,546.584,2670.12,0.029,0.0485,36.8572,6.69,7.60,37.1,32.7,0.815,266,217,131,1.13,1.250,0.0450,0.0450,1.022,1033,1033,15,1,160,0.3,117.4,114.7,35.6,36.8,115,37.5,112,38.8,88.3,40.3,36.5,44.7,4.55,4.55,5.36,-4.99,0.032960,2.17405412,0.216379,7.54824601
497.00,1,466.980,1,466.980,80.228,95.236,5044.686,12.245,0.9726,76.8,0.193,66.7,0.523,34.1,87.8,111,77.0,5.35,752,4.23,5.72,546.584,2742.48,0.029,0.0485,36.8572,6.69,7.06,37.1,32.7,0.815,267,217,93,0.91,0.571,0.0450,0.0450,1.020,1034,1034,15,1,154,5.1,117.6,114.9,35.7,36.9,116,37.1,113,38.4,88.3,40.3,36.5,44.7,4.55,4.55,4.07,-3.17,0.032963,2.17691515,0.216414,7.55830575
498.00,1,467.980,1,467.980,80.199,94.997,5043.739,12.245,0.9726,76.8,-0.089,66.7,0.523,34.1,93.4,111,76.7,5.35,752,4.25,5.72,546.584,2293.59,0.029,0.0485,36.8572,6.69,4.48,37.1,32.7,0.813,261,212,102,1.00,0.686,0.0450,0.0450,1.018,1034,1034,15,1,116,36.2,114.8,112.0,38.1,39.3,115,38.2,112,39.4,88.3,40.3,36.5,44.7,4.55,4.55,3.76,-2.89,0.032967,2.17977412,0.216463,7.56836712
499.00,1,468.980,1,468.980,80.180,94.896,5042.788,12.245,0.9727,76.9,-0.007,66.6,0.523,34.1,104.2,111,76.6,5.34,751,4.35,5.72,546.584,2242.90,0.029,0.0485,36.8572,6.69,4.92,37.1,32.7,0.815,267,217,124,1.09,1.119,0.0450,0.0450,1.018,1033,1033,15,1,115,36.9,113.2,110.5,39.2,40.4,113,39.4,110,40.5,88.3,40.2,36.5,44.7,4.55,4.55,5.05,-3.53,0.032967,2.18263314,0.216490,7.57843346
500.00,1,469.980,1,469.980,80.162,94.827,5041.840,12.245,0.9728,76.8,0.076,66.6,0.523,34.1,84.9,111,76.6,5.34,751,4.22,5.71,546.584,2274.24,0.029,0.0485,36.8725,6.69,5.58,37.1,32.7,0.815,267,217,88,0.88,0.469,0.0450,0.0450,1.018,1033,1033,15,1,126,27.9,111.8,109.2,40.2,41.2,111,40.4,109,41.5,88.3,40.2,36.5,44.7,4.55,4.55,3.89,-2.69,0.032967,2.18549322,0.216527,7.58850258
501.00,1,470.980,1,470.980,80.134,94.751,5040.893,12.245,0.9727,76.8,-0.090,66.6,0.523,34.1,101.8,111,76.5,5.33,751,4.26,5.71,546.703,2703.77,0.029,0.0485,36.8725,6.69,7.70,37.1,32.7,0.813,262,213,118,1.09,0.970,0.0450,0.0450,1.018,1033,1033,15,1,160,0.3,117.8,115.2,35.3,36.5,116,37.2,113,38.5,88.3,40.3,36.5,44.7,4.55,4.55,4.29,-4.18,0.032968,2.18835057,0.216574,7.59857193
502.00,1,471.980,1,471.980,80.125,94.736,5039.942,12.245,0.9725,76.9,0.021,66.5,0.523,34.1,100.8,111,76.5,5.33,751,4.34,5.71,546.703,2714.84,0.029,0.0485,36.8725,6.69,6.83,37.1,32.7,0.815,267,218,118,1.05,1.004,0.0450,0.0450,1.018,1034,1034,15,1,149,9.0,117.2,114.5,36.0,37.2,116,37.2,113,38.5,88.2,40.4,36.5,44.7,4.55,4.55,4.90,-3.79,0.032970,2.19120876,0.216600,7.60864491
503.00,1,472.980,1,472.980,80.121,94.729,5038.994,12.245,0.9725,76.8,-0.022,66.5,0.523,34.1,82.3,111,76.5,5.33,751,4.20,5.70,546.703,2264.45,0.029,0.0485,36.8725,6.69,4.72,37.1,32.7,0.814,267,217,83,0.85,0.383,0.0450,0.0450,1.019,1034,1034,15,1,116,36.7,114.5,111.8,38.2,39.4,114,38.3,112,39.5,88.2,40.3,36.5,44.7,4.55,4.55,3.76,-2.77,0.032973,2.19406747,0.216640,7.61871794
504.00,1,473.980,1,473.980,80.125,94.718,5038.046,12.245,0.9727,76.8,0.271,66.4,0.523,34.1,107.2,111,76.5,5.32,751,4.27,5.70,546.703,2242.90,0.029,0.0485,36.8725,6.69,4.92,37.1,32.7,0.813,263,214,129,1.14,1.165,0.0450,0.0450,1.020,1033,1033,15,1,115,36.9,113.1,110.4,39.3,40.4,113,39.5,110,40.6,88.3,40.2,36.5,44.7,4.55,4.55,4.52,-3.28,0.032975,2.19692369,0.216685,7.62879008
505.00,1,474.980,1,474.980,80.133,94.729,5037.096,12.245,0.9727,76.8,0.065,66.4,0.523,34.1,97.6,111,76.5,5.32,750,4.31,5.70,546.703,2313.87,0.029,0.0485,36.8874,6.69,5.91,37.1,32.7,0.815,267,218,112,1.02,0.897,0.0451,0.0451,1.020,1033,1033,15,1,142,15.0,112.1,109.5,39.9,41.0,111,40.5,109,41.5,88.3,40.2,36.5,44.7,4.55,4.55,4.66,-3.33,0.032974,2.19978174,0.216711,7.63886496
506.00,1,475.980,1,475.980,80.157,94.757,5036.148,12.245,0.9726,76.8,-0.032,66.4,0.522,34.1,80.0,111,76.5,5.32,750,4.19,5.70,546.854,2732.63,0.029,0.0485,36.8874,6.70,7.77,37.1,32.7,0.814,267,217,79,0.82,0.304,0.0451,0.0451,1.020,1033,1033,15,1,160,0.3,118.1,115.4,35.1,36.3,116,36.9,113,38.2,88.3,40.3,36.5,44.7,4.55,4.55,3.74,-3.56,0.032975,2.20263972,0.216754,7.64893829
507.00,1,476.980,1,476.980,80.172,94.768,5035.200,12.245,0.9725,76.9,-0.009,66.4,0.522,34.1,110.1,111,76.5,5.32,750,4.29,5.70,546.854,2681.45,0.029,0.0485,36.8874,6.70,6.58,37.1,32.7,0.814,264,215,134,1.17,1.272,0.0451,0.0451,1.021,1034,1034,15,1,143,13.7,116.8,114.2,36.3,37.5,116,37.3,113,38.6,88.2,40.4,36.5,44.7,4.56,4.56,4.94,-3.94,0.032978,2.20549552,0.216795,7.65901086
508.00,1,477.980,1,477.980,80.189,94.777,5034.250,12.245,0.9725,76.8,0.117,66.3,0.522,34.1,94.6,111,76.5,5.32,750,4.28,5.70,546.854,2251.94,0.029,0.0485,36.8874,6.70,4.84,37.1,32.7,0.815,267,218,106,0.98,0.796,0.0451,0.0451,1.021,1033,1033,15,1,116,36.8,114.3,111.6,38.4,39.5,114,38.5,111,39.7,88.2,40.3,36.5,44.7,4.56,4.56,4.46,-3.23,0.032981,2.20835374,0.216824,7.66908590
509.00,1,478.980,1,478.980,80.226,94.780,5033.302,12.245,0.9726,76.8,0.025,66.3,0.522,34.1,77.7,111,76.6,5.32,750,4.20,5.70,546.854,2242.89,0.029,0.0485,36.8874,6.70,4.92,37.1,32.7,0.814,267,217,74,0.79,0.228,0.0451,0.0451,1.021,1033,1033,15,1,115,36.9,112.9,110.2,39.4,40.6,113,39.6,110,40.7,88.2,40.3,36.5,44.7,4.56,4.56,3.49,-2.40,0.032982,2.21121142,0.216870,7.67915910
510.00,1,479.980,1,479.980,80.246,94.780,5032.353,12.245,0.9727,76.9,-0.031,66.3,0.522,34.1,110.9,111,76.6,5.32,750,4.30,5.69,546.994,2358.95,0.029,0.0485,36.8809,6.70,6.19,37.1,32.7,0.814,265,216,136,1.17,1.311,0.0451,0.0451,1.021,1033,1033,15,1,152,6.8,112.7,110.1,39.4,40.5,112,40.3,109,41.4,88.3,40.2,36.5,44.7,4.56,4.56,5.08,-3.99,0.032982,2.21406746,0.216907,7.68923228
511.00,1,480.980,1,480.980,80.266,94.785,5031.404,12.245,0.9726,76.8,0.181,66.3,0.522,34.1,91.7,111,76.6,5.32,750,4.25,5.69,546.994,2756.19,0.029,0.0485,36.8809,6.70,7.80,37.1,32.7,0.815,267,218,101,0.95,0.697,0.0451,0.0451,1.021,1033,1033,15,1,160,0.3,118.3,115.7,34.9,36.1,116,36.8,113,38.1,88.2,40.3,36.5,44.7,4.56,4.56,4.38,-3.97,0.032983,2.21692599,0.216939,7.69930774
512.00,1,481.980,1,481.980,80.309,94.790,5030.457,12.245,0.9725,76.8,0.002,66.3,0.522,34.1,78.8,111,76.6,5.32,749,4.21,5.69,546.994,2642.87,0.029,0.0485,36.8809,6.70,6.31,37.1,32.7,0.813,264,215,76,0.82,0.238,0.0451,0.0451,1.021,1034,1034,15,1,138,18.6,116.4,113.8,36.6,37.8,116,37.4,113,38.7,88.2,40.4,36.5,44.7,4.56,4.56,3.44,-2.67,0.032986,2.21978328,0.216987,7.70938145
513.00,1,482.980,1,482.980,80.331,94.790,5029.507,12.245,0.9725,76.9,-0.034,66.2,0.522,34.1,109.3,111,76.6,5.32,749,4.31,5.69,546.994,2246.67,0.029,0.0485,36.8809,6.70,4.88,37.1,32.7,0.815,266,217,134,1.15,1.273,0.0451,0.0451,1.021,1033,1033,15,1,115,36.9,114.2,111.4,38.4,39.6,114,38.5,111,39.8,88.2,40.3,36.5,44.7,4.56,4.56,5.21,-3.86,0.032988,2.22263966,0.217019,7.71945610
514.00,1,483.980,1,483.980,80.353,94.768,5028.558,12.245,0.9726,76.8,0.213,66.2,0.522,34.1,88.9,111,76.6,5.32,749,4.22,5.69,546.994,2242.89,0.029,0.0485,36.8809,6.70,4.92,37.1,32.7,0.815,267,218,96,0.92,0.602,0.0451,0.0451,1.021,1033,1033,15,1,115,36.9,112.7,110.1,39.6,40.7,112,39.7,110,40.9,88.2,40.2,36.5,44.7,4.56,4.56,4.11,-2.80,0.032989,2.22549838,0.217054,7.72953255
515.00,1,484.980,1,484.980,80.399,94.780,5027.611,12.295,0.9727,76.8,-0.060,66.2,0.522,34.1,88.1,111,76.6,5.32,749,4.22,5.69,547.175,2415.87,0.029,0.0486,36.8950,6.73,6.50,37.1,32.7,0.812,261,212,92,0.93,0.510,0.0452,0.0452,1.021,1033,1033,15,1,157,2.5,113.6,111.0,38.6,39.7,112,39.9,109,41.0,88.2,40.2,36.5,44.7,4.56,4.56,3.64,-3.24,0.032990,2.22835538,0.217103,7.73960740
516.00,1,485.980,1,485.980,80.422,94.786,5026.661,12.295,0.9725,76.9,-0.018,66.2,0.522,34.1,105.8,111,76.6,5.32,749,4.32,5.69,547.175,2776.68,0.029,0.0486,36.8950,6.73,7.80,37.1,32.7,0.815,267,218,127,1.10,1.166,0.0452,0.0452,1.021,1033,1033,15,1,160,0.3,118.6,115.9,34.7,36.0,116,36.6,114,37.9,88.2,40.3,36.5,44.7,4.56,4.56,5.26,-4.55,0.032990,2.23121228,0.217132,7.74968407
517.00,1,486.980,1,486.980,80.446,94.788,5025.712,12.295,0.9725,76.8,0.143,66.2,0.522,34.1,86.3,111,76.6,5.32,749,4.20,5.69,547.175,2590.61,0.029,0.0486,36.8950,6.73,5.98,37.1,32.7,0.815,267,218,91,0.89,0.512,0.0452,0.0452,1.020,1034,1034,15,1,131,23.8,116.0,113.4,37.0,38.2,115,37.5,113,38.8,88.1,40.4,36.5,44.7,4.56,4.56,3.99,-3.04,0.032993,2.23407102,0.217169,7.75976182
518.00,1,487.980,1,487.980,80.494,94.784,5024.765,12.295,0.9725,76.8,-0.082,66.1,0.522,34.1,97.9,111,76.6,5.32,749,4.23,5.69,547.175,2244.22,0.029,0.0486,36.8950,6.73,4.91,37.1,32.7,0.812,262,213,111,1.04,0.829,0.0452,0.0452,1.020,1033,1033,15,1,115,36.9,114.0,111.3,38.5,39.7,114,38.6,111,39.8,88.2,40.3,36.5,44.7,4.56,4.56,3.94,-2.95,0.032996,2.23692770,0.217219,7.76983830
519.00,1,488.980,1,488.980,80.517,94.771,5023.814,12.295,0.9726,76.9,0.006,66.1,0.522,34.1,102.4,111,76.6,5.32,748,4.33,5.68,547.175,2242.89,0.029,0.0486,36.8950,6.73,4.92,37.1,32.7,0.815,267,218,121,1.07,1.055,0.0452,0.0452,1.020,1033,1033,15,1,115,36.9,112.6,109.9,39.7,40.8,112,39.9,110,41.0,88.2,40.2,36.5,44.7,4.57,4.57,4.95,-3.36,0.032996,2.23978524,0.217246,7.77991734
520.00,1,489.980,1,489.980,80.541,94.768,5022.866,12.295,0.9727,76.8,0.009,66.1,0.522,34.1,83.7,111,76.6,5.32,748,4.19,5.68,547.339,2473.37,0.029,0.0485,36.8758,6.73,6.79,37.1,32.7,0.814,267,218,86,0.86,0.425,0.0452,0.0452,1.020,1033,1033,15,1,159,1.0,114.5,111.9,37.9,39.0,113,39.5,110,40.6,88.2,40.2,36.5,44.7,4.57,4.57,3.95,-3.61,0.032996,2.24264396,0.217286,7.78999663
521.00,1,490.980,1,490.980,80.590,94.772,5021.919,12.295,0.9725,76.8,-0.016,66.1,0.522,34.1,104.9,111,76.6,5.33,748,4.25,5.68,547.339,2788.10,0.029,0.0485,36.8758,6.73,7.74,37.1,32.7,0.813,263,214,124,1.11,1.073,0.0452,0.0452,1.020,1033,1033,15,1,160,0.3,118.7,116.0,34.7,35.9,116,36.5,114,37.9,88.2,40.3,36.4,44.7,4.57,4.57,4.46,-3.84,0.032997,2.24550032,0.217333,7.80007496
522.00,1,491.980,1,491.980,80.615,94.773,5020.969,12.295,0.9725,76.8,0.034,66.1,0.521,34.1,99.2,111,76.6,5.33,748,4.30,5.68,547.339,2533.12,0.029,0.0485,36.8758,6.73,5.63,37.1,32.7,0.815,268,218,115,1.03,0.946,0.0452,0.0452,1.020,1034,1034,15,1,126,28.1,115.7,113.0,37.3,38.5,115,37.7,112,38.9,88.1,40.4,36.4,44.7,4.57,4.57,4.78,-3.61,0.033000,2.24835830,0.217360,7.81015636
523.00,1,492.980,1,492.980,80.640,94.773,5020.021,12.295,0.9725,76.8,-0.036,66.1,0.521,34.1,81.2,111,76.6,5.33,748,4.17,5.68,547.339,2243.35,0.029,0.0485,36.8758,6.73,4.92,37.1,32.7,0.814,267,218,81,0.83,0.342,0.0452,0.0452,1.020,1033,1033,15,1,115,36.9,113.8,111.1,38.7,39.9,114,38.8,111,40.0,88.2,40.3,36.4,44.7,4.57,4.57,3.69,-2.63,0.033002,2.25121675,0.217402,7.82023714
524.00,1,493.980,1,493.980,80.689,94.763,5019.073,12.295,0.9726,76.8,0.668,66.0,0.521,34.1,108.8,111,76.6,5.33,748,4.26,5.68,547.339,2242.89,0.029,0.0485,36.8758,6.73,4.92,37.1,32.7,0.814,264,215,132,1.15,1.220,0.0453,0.0453,1.019,1033,1033,15,1,115,36.9,112.5,109.8,39.8,40.9,112,40.0,110,41.1,88.2,40.2,36.4,44.7,4.57,4.57,4.67,-3.31,0.033002,2.25407302,0.217446,7.83031750
525.00,1,494.980,1,494.980,80.714,94.760,5018.123,12.295,0.9726,76.8,0.086,66.0,0.521,34.1,96.1,111,76.6,5.33,748,4.27,5.68,547.478,2529.76,0.029,0.0485,36.8619,6.73,7.05,37.1,32.7,0.815,268,218,109,0.99,0.841,0.0453,0.0453,1.019,1033,1033,15,1,159,0.6,115.4,112.8,37.2,38.4,113,39.0,111,40.1,88.2,40.2,36.4,44.7,4.57,4.57,4.70,-4.31,0.033001,2.25693148,0.217474,7.84040102
526.00,1,495.980,1,495.980,80.765,94.764,5017.176,12.295,0.9725,76.8,0.008,66.0,0.521,34.1,78.9,111,76.6,5.33,747,4.17,5.68,547.478,2790.05,0.029,0.0485,36.8619,6.73,7.63,37.1,32.7,0.814,267,218,77,0.80,0.263,0.0453,0.0453,1.019,1033,1033,15,1,160,0.3,118.6,115.9,34.8,36.0,116,36.7,113,38.0,88.2,40.3,36.4,44.7,4.57,4.57,3.60,-2.86,0.033003,2.25978961,0.217519,7.85048338
527.00,1,496.980,1,496.980,80.791,94.764,5016.227,12.295,0.9725,76.8,-0.065,66.0,0.521,34.1,110.6,111,76.6,5.33,747,4.27,5.68,547.478,2471.81,0.029,0.0485,36.8619,6.73,5.28,37.1,32.7,0.814,265,216,136,1.17,1.290,0.0453,0.0453,1.019,1034,1034,15,1,122,31.4,115.5,112.8,37.5,38.7,115,37.7,112,39.0,88.1,40.3,36.4,44.7,4.57,4.57,5.04,-3.92,0.033006,2.26264579,0.217559,7.86056587
528.00,1,497.980,1,497.980,80.816,94.763,5015.277,12.295,0.9726,76.8,0.158,66.0,0.521,34.1,93.1,111,76.6,5.33,747,4.24,5.68,547.478,2243.05,0.029,0.0485,36.8619,6.73,4.92,37.1,32.7,0.815,268,218,104,0.96,0.739,0.0453,0.0453,1.019,1033,1033,15,1,115,36.9,113.7,111.0,38.8,40.0,113,39.0,111,40.1,88.2,40.3,36.4,44.7,4.57,4.57,4.36,-3.08,0.033007,2.26550450,0.217589,7.87065128
529.00,1,498.980,1,498.980,80.867,94.748,5014.331,12.295,0.9726,76.8,0.060,65.9,0.521,34.1,76.6,111,76.6,5.33,747,4.18,5.67,547.478,2242.89,0.029,0.0485,36.8619,6.73,4.92,37.1,32.7,0.814,267,217,73,0.78,0.189,0.0453,0.0453,1.018,1033,1033,15,1,115,36.9,112.3,109.7,39.9,41.0,112,40.1,109,41.2,88.2,40.2,36.4,44.7,4.57,4.57,3.43,-2.30,0.033008,2.26836229,0.217637,7.88073526
530.00,1,499.980,1,499.980,80.893,94.751,5013.381,12.295,0.9726,76.9,-0.039,65.9,0.521,34.1,110.5,111,76.6,5.33,747,4.28,5.67,547.634,2583.59,0.029,0.0485,36.8631,6.73,7.28,37.1,32.7,0.814,266,217,136,1.16,1.297,0.0453,0.0453,1.018,1033,1033,15,1,159,0.4,116.2,113.6,36.5,37.7,114,38.4,111,39.6,88.2,40.2,36.4,44.7,4.57,4.57,5.31,-4.95,0.033007,2.27121870,0.217672,7.89081998
531.00,1,500.980,1,500.980,80.919,94.757,5012.432,12.295,0.9725,76.8,0.206,65.9,0.521,34.1,90.3,111,76.6,5.33,747,4.21,5.67,547.634,2782.27,0.029,0.0485,36.8631,6.73,7.47,37.1,32.7,0.815,268,218,98,0.93,0.644,0.0453,0.0453,1.018,1033,1033,15,1,159,0.7,118.3,115.6,35.0,36.3,116,36.8,113,38.1,88.1,40.3,36.4,44.7,4.57,4.57,4.23,-3.34,0.033009,2.27407750,0.217705,7.90090702
532.00,1,501.980,1,501.980,80.971,94.758,5011.486,12.295,0.9725,76.8,-0.049,65.9,0.521,34.1,83.0,111,76.7,5.34,746,4.19,5.67,547.634,2408.22,0.029,0.0485,36.8631,6.73,4.95,37.1,32.7,0.812,263,214,83,0.87,0.349,0.0454,0.0454,1.018,1034,1034,15,1,119,33.7,115.2,112.5,37.7,38.9,115,37.9,112,39.1,88.1,40.3,36.4,44.7,4.58,4.58,3.49,-2.65,0.033012,2.27693481,0.217754,7.91099259
533.00,1,502.980,1,502.980,80.997,94.757,5010.536,12.295,0.9726,76.9,-0.028,65.9,0.521,34.1,107.4,111,76.7,5.34,746,4.30,5.67,547.634,2242.95,0.029,0.0485,36.8631,6.73,4.92,37.1,32.7,0.815,268,218,131,1.12,1.212,0.0454,0.0454,1.018,1033,1033,15,1,115,36.9,113.5,110.8,38.9,40.1,113,39.1,111,40.3,88.2,40.2,36.4,44.7,4.58,4.58,5.20,-3.73,0.033013,2.27979161,0.217785,7.92107969
534.00,1,503.980,1,503.980,81.022,94.748,5009.587,12.295,0.9726,76.8,0.193,65.9,0.521,34.1,87.6,111,76.7,5.34,746,4.19,5.67,547.634,2242.89,0.029,0.0485,36.8631,6.73,4.92,37.1,32.7,0.814,268,218,93,0.90,0.551,0.0454,0.0454,1.018,1033,1033,15,1,115,36.9,112.1,109.5,40.0,41.1,112,40.3,109,41.3,88.2,40.2,36.4,44.7,4.58,4.58,4.03,-2.68,0.033013,2.28265055,0.217821,7.93116837
535.00,1,504.980,1,504.980,81.073,94.746,5008.641,12.295,0.9726,76.8,-0.089,65.8,0.521,34.1,93.2,111,76.7,5.34,746,4.21,5.67,547.762,2633.61,0.029,0.0485,36.8436,6.73,7.47,37.1,32.7,0.812,262,213,102,0.99,0.666,0.0454,0.0454,1.017,1033,1033,15,1,159,0.3,117.0,114.3,36.0,37.2,115,37.8,112,39.1,88.2,40.2,36.4,44.7,4.58,4.58,3.89,-3.91,0.033013,2.28550749,0.217870,7.94125565
536.00,1,505.980,1,505.980,81.099,94.747,5007.691,12.295,0.9725,76.9,0.001,65.8,0.521,34.1,104.0,111,76.7,5.34,746,4.31,5.67,547.762,2764.85,0.029,0.0485,36.8436,6.73,7.26,37.1,32.7,0.815,268,218,124,1.08,1.102,0.0454,0.0454,1.017,1033,1033,15,1,157,2.4,118.0,115.3,35.3,36.5,116,36.9,113,38.2,88.1,40.3,36.4,44.7,4.58,4.58,5.12,-4.03,0.033015,2.28836474,0.217898,7.95134519
537.00,1,506.980,1,506.980,81.125,94.747,5006.743,12.295,0.9725,76.8,0.015,65.8,0.521,34.1,85.0,111,76.7,5.34,746,4.17,5.66,547.762,2343.86,0.029,0.0485,36.8436,6.73,4.62,37.1,32.7,0.814,268,218,88,0.87,0.463,0.0454,0.0454,1.017,1034,1034,15,1,117,35.3,114.9,112.2,37.9,39.1,115,38.0,112,39.3,88.1,40.3,36.4,44.7,4.58,4.58,3.91,-2.90,0.033018,2.29122352,0.217937,7.96143543
538.00,1,507.980,1,507.980,81.176,94.721,5005.796,12.295,0.9726,76.8,-0.074,65.7,0.521,34.1,101.6,111,76.7,5.34,746,4.22,5.66,547.762,2242.91,0.029,0.0485,36.8436,6.73,4.92,37.1,32.7,0.812,263,214,118,1.08,0.953,0.0454,0.0454,1.017,1033,1033,15,1,115,36.9,113.4,110.7,39.0,40.2,113,39.2,111,40.3,88.2,40.2,36.4,44.7,4.58,4.58,4.14,-3.04,0.033019,2.29408007,0.217985,7.97152452
539.00,1,508.980,1,508.980,81.202,94.730,5004.846,12.295,0.9726,76.9,0.024,65.8,0.521,34.1,100.7,111,76.7,5.34,745,4.29,5.66,547.762,2250.97,0.029,0.0485,36.8510,6.73,5.25,37.1,32.7,0.815,268,219,118,1.04,0.992,0.0454,0.0454,1.017,1033,1033,15,1,117,35.8,111.9,109.3,40.1,41.2,112,40.4,109,41.4,88.2,40.2,36.4,44.7,4.58,4.58,4.84,-3.28,0.033018,2.29693788,0.218013,7.98161641
540.00,1,509.980,1,509.980,81.228,94.736,5003.898,12.295,0.9726,76.8,-0.035,65.8,0.521,34.1,82.5,111,76.7,5.34,745,4.16,5.66,547.912,2678.56,0.029,0.0485,36.8510,6.74,7.63,37.1,32.7,0.814,268,218,84,0.84,0.379,0.0454,0.0454,1.017,1033,1033,15,1,160,0.3,117.5,114.9,35.5,36.7,115,37.4,112,38.7,88.2,40.2,36.3,44.7,4.58,4.58,3.89,-3.80,0.033019,2.29979649,0.218054,7.99170808
541.00,1,510.980,1,510.980,81.280,94.745,5002.951,12.295,0.9724,76.8,0.407,65.7,0.520,34.1,107.1,111,76.7,5.34,745,4.23,5.66,547.912,2738.06,0.029,0.0485,36.8510,6.74,7.01,37.1,32.7,0.813,264,215,129,1.13,1.148,0.0455,0.0455,1.016,1034,1034,15,1,153,5.8,117.6,114.9,35.7,36.9,116,37.0,113,38.3,88.1,40.3,36.3,44.7,4.58,4.58,4.63,-3.75,0.033021,2.30265279,0.218099,8.00179901
542.00,1,511.980,1,511.980,81.306,94.744,5002.001,12.295,0.9725,76.8,0.073,65.7,0.520,34.1,97.6,111,76.7,5.34,745,4.26,5.66,547.912,2284.59,0.029,0.0485,36.8510,6.74,4.55,37.1,32.7,0.815,268,219,112,1.01,0.886,0.0455,0.0455,1.016,1034,1034,15,1,116,36.3,114.7,112.0,38.1,39.3,115,38.2,112,39.4,88.1,40.3,36.3,44.7,4.58,4.58,4.66,-3.45,0.033023,2.30551107,0.218127,8.01189312
543.00,1,512.980,1,512.980,81.356,94.730,5001.054,12.295,0.9726,76.8,-0.032,65.7,0.520,34.1,80.1,111,76.7,5.34,745,4.14,5.66,547.912,2242.90,0.029,0.0485,36.8510,6.74,4.92,37.1,32.7,0.814,268,218,79,0.81,0.298,0.0455,0.0455,1.016,1033,1033,15,1,115,36.9,113.2,110.5,39.2,40.3,113,39.3,110,40.5,88.2,40.2,36.3,44.7,4.58,4.58,3.63,-2.52,0.033025,2.30836949,0.218171,8.02198633
544.00,1,513.980,1,513.980,81.381,94.727,5000.106,12.295,0.9726,76.8,-0.088,65.7,0.520,34.1,109.8,111,76.7,5.35,745,4.24,5.66,547.912,2289.26,0.029,0.0485,36.8396,6.74,5.73,37.1,32.7,0.814,266,216,134,1.16,1.253,0.0455,0.0455,1.016,1033,1033,15,1,133,22.4,112.0,109.4,40.0,41.1,112,40.4,109,41.4,88.2,40.2,36.3,44.7,4.59,4.59,4.82,-3.52,0.033024,2.31122582,0.218213,8.03207938
545.00,1,514.980,1,514.980,81.407,94.726,4999.157,12.295,0.9725,76.8,0.145,65.7,0.520,34.1,94.6,111,76.7,5.35,745,4.23,5.66,548.036,2717.27,0.029,0.0485,36.8396,6.74,7.74,37.1,32.7,0.815,269,219,106,0.97,0.784,0.0455,0.0455,1.016,1033,1033,15,1,160,0.3,118.0,115.3,35.1,36.4,116,37.0,113,38.3,88.2,40.2,36.3,44.7,4.59,4.59,4.59,-4.27,0.033024,2.31408451,0.218242,8.04217552
546.00,1,515.980,1,515.980,81.457,94.732,4998.210,12.295,0.9724,76.8,0.050,65.7,0.520,34.1,77.8,111,76.7,5.35,744,4.16,5.65,548.036,2702.48,0.029,0.0485,36.8396,6.74,6.73,37.1,32.7,0.813,268,218,75,0.79,0.223,0.0455,0.0455,1.016,1034,1034,15,1,147,10.9,117.1,114.5,36.1,37.3,116,37.1,113,38.4,88.1,40.3,36.3,44.7,4.59,4.59,3.53,-2.74,0.033027,2.31694255,0.218288,8.05227037
547.00,1,516.980,1,516.980,81.483,94.731,4997.261,12.295,0.9725,76.8,-0.034,65.6,0.520,34.1,110.7,111,76.7,5.35,744,4.26,5.65,548.036,2257.76,0.029,0.0485,36.8396,6.74,4.78,37.1,32.7,0.814,266,217,136,1.16,1.292,0.0455,0.0455,1.015,1033,1033,15,1,116,36.7,114.5,111.8,38.2,39.4,114,38.3,112,39.5,88.1,40.3,36.3,44.7,4.59,4.59,5.12,-3.87,0.033029,2.31979894,0.218326,8.06236569
548.00,1,517.980,1,517.980,81.508,94.723,4996.312,12.295,0.9726,76.8,0.204,65.6,0.520,34.1,91.7,111,76.7,5.35,744,4.21,5.65,548.036,2242.89,0.029,0.0485,36.8396,6.74,4.92,37.1,32.7,0.814,269,219,101,0.94,0.685,0.0455,0.0455,1.015,1033,1033,15,1,115,36.9,113.0,110.4,39.3,40.5,113,39.5,110,40.7,88.2,40.2,36.3,44.7,4.59,4.59,4.28,-2.94,0.033030,2.32265790,0.218358,8.07246368
549.00,1,518.980,1,518.980,81.558,94.719,4995.366,12.295,0.9726,76.8,-0.005,65.6,0.520,34.1,78.8,111,76.7,5.35,744,4.17,5.65,548.036,2340.80,0.029,0.0485,36.8354,6.74,6.09,37.1,32.7,0.813,265,216,76,0.81,0.229,0.0455,0.0455,1.015,1033,1033,15,1,149,9.4,112.6,110.0,39.5,40.6,112,40.3,109,41.4,88.2,40.2,36.3,44.7,4.59,4.59,3.45,-2.69,0.033030,2.32551567,0.218406,8.08256023
550.00,1,519.980,1,519.980,81.583,94.722,4994.417,12.295,0.9725,76.8,-0.034,65.6,0.520,34.1,109.1,111,76.7,5.35,744,4.27,5.65,548.139,2748.75,0.029,0.0485,36.8354,6.74,7.80,37.1,32.7,0.814,268,218,134,1.14,1.255,0.0456,0.0456,1.015,1033,1033,15,1,160,0.3,118.4,115.7,34.9,36.1,116,36.7,113,38.1,88.1,40.3,36.3,44.7,4.59,4.59,5.36,-4.86,0.033030,2.32837242,0.218439,8.09265793
551.00,1,520.980,1,520.980,81.608,94.723,4993.468,12.295,0.9724,76.8,0.207,65.6,0.520,34.1,88.9,111,76.7,5.35,744,4.18,5.65,548.139,2658.94,0.029,0.0485,36.8354,6.74,6.42,37.1,32.7,0.814,269,219,96,0.91,0.592,0.0456,0.0456,1.015,1034,1034,15,1,140,16.7,116.6,114.0,36.5,37.7,116,37.3,113,38.6,88.1,40.3,36.3,44.7,4.59,4.59,4.15,-3.19,0.033033,2.33123144,0.218473,8.10275762
552.00,1,521.980,1,521.980,81.658,94.721,4992.522,12.295,0.9725,76.8,-0.059,65.6,0.520,34.1,88.0,111,76.7,5.35,743,4.18,5.65,548.139,2248.13,0.029,0.0485,36.8354,6.74,4.87,37.1,32.7,0.812,263,213,92,0.93,0.496,0.0456,0.0456,1.015,1033,1033,15,1,116,36.8,114.4,111.6,38.3,39.5,114,38.4,111,39.6,88.1,40.3,36.3,44.7,4.59,4.59,3.59,-2.69,0.033036,2.33408876,0.218523,8.11285590
553.00,1,522.980,1,522.980,81.682,94.705,4991.573,12.295,0.9726,76.8,-0.023,65.5,0.520,34.1,105.6,111,76.7,5.35,743,4.28,5.65,548.139,2242.89,0.029,0.0485,36.8354,6.74,4.92,37.1,32.7,0.815,269,219,127,1.09,1.148,0.0456,0.0456,1.015,1033,1033,15,1,115,36.9,112.9,110.2,39.5,40.6,113,39.6,110,40.8,88.2,40.2,36.3,44.7,4.59,4.59,5.14,-3.57,0.033036,2.33694601,0.218552,8.12295607
554.00,1,523.980,1,523.980,81.707,94.707,4990.625,12.295,0.9726,76.8,0.081,65.5,0.520,34.1,86.3,111,76.7,5.35,743,4.16,5.65,548.264,2397.14,0.029,0.0485,36.8401,6.74,6.41,37.1,32.7,0.814,269,219,91,0.88,0.502,0.0456,0.0456,1.014,1033,1033,15,1,156,3.5,113.4,110.8,38.9,40.0,112,40.0,109,41.1,88.2,40.2,36.3,44.7,4.59,4.59,4.05,-3.37,0.033036,2.33980511,0.218590,8.13305738
555.00,1,524.980,1,524.980,81.757,94.714,4989.678,12.295,0.9725,76.8,-0.090,65.5,0.520,34.1,97.7,111,76.7,5.36,743,4.19,5.65,548.264,2772.04,0.029,0.0485,36.8401,6.74,7.81,37.1,32.7,0.812,263,214,111,1.03,0.812,0.0456,0.0456,1.014,1033,1033,15,1,160,0.3,118.7,116.0,34.7,35.9,116,36.5,114,37.9,88.1,40.3,36.3,44.7,4.60,4.60,4.07,-3.73,0.033037,2.34266205,0.218639,8.14315738
556.00,1,525.980,1,525.980,81.782,94.716,4988.729,12.295,0.9724,76.8,0.018,65.5,0.520,34.1,102.3,111,76.7,5.36,743,4.29,5.65,548.264,2608.47,0.029,0.0485,36.8401,6.74,6.08,37.1,32.7,0.815,269,219,121,1.06,1.039,0.0456,0.0456,1.014,1034,1034,15,1,133,22.3,116.3,113.6,36.8,38.0,116,37.4,113,38.7,88.1,40.3,36.3,44.7,4.60,4.60,5.02,-3.83,0.033039,2.34551979,0.218666,8.15325996
557.00,1,526.980,1,526.980,81.807,94.716,4987.781,12.295,0.9725,76.8,-0.025,65.5,0.520,34.1,83.8,111,76.7,5.36,743,4.15,5.64,548.264,2244.73,0.029,0.0485,36.8401,6.74,4.90,37.1,32.7,0.814,269,219,86,0.85,0.417,0.0456,0.0456,1.014,1033,1033,15,1,115,36.9,114.1,111.4,38.5,39.7,114,38.6,111,39.8,88.1,40.3,36.3,44.7,4.60,4.60,3.84,-2.76,0.033042,2.34837877,0.218706,8.16336282
558.00,1,527.980,1,527.980,81.856,94.706,4986.835,12.295,0.9726,76.8,0.071,65.4,0.520,34.1,104.6,111,76.7,5.36,743,4.21,5.64,548.264,2242.89,0.029,0.0485,36.8401,6.74,4.92,37.1,32.7,0.812,264,215,124,1.10,1.053,0.0457,0.0457,1.014,1033,1033,15,1,115,36.9,112.8,110.1,39.5,40.7,113,39.7,110,40.9,88.1,40.2,36.2,44.7,4.60,4.60,4.33,-3.10,0.033042,2.35123552,0.218753,8.17346473
559.00,1,528.980,1,528.980,81.880,94.702,4985.885,12.295,0.9726,76.8,0.047,65.4,0.520,34.1,99.1,111,76.7,5.36,742,4.26,5.64,548.368,2454.82,0.029,0.0485,36.8251,6.74,6.70,37.1,32.7,0.815,269,219,115,1.02,0.931,0.0457,0.0457,1.013,1033,1033,15,1,158,1.4,114.3,111.7,38.1,39.2,112,39.6,110,40.8,88.1,40.2,36.2,44.7,4.60,4.60,4.89,-4.20,0.033042,2.35409391,0.218781,8.18356972
560.00,1,529.980,1,529.980,81.904,94.704,4984.938,12.295,0.9725,76.8,-0.040,65.4,0.520,34.1,81.3,111,76.7,5.36,742,4.13,5.64,548.368,2786.48,0.029,0.0485,36.8251,6.74,7.77,37.1,32.7,0.814,269,219,82,0.83,0.335,0.0457,0.0457,1.013,1033,1033,15,1,160,0.3,118.7,116.0,34.6,35.9,116,36.5,114,37.8,88.1,40.3,36.2,44.7,4.60,4.60,3.76,-3.21,0.033043,2.35695270,0.218823,8.19367412
561.00,1,530.980,1,530.980,81.953,94.704,4983.991,12.295,0.9724,76.8,0.668,65.4,0.520,34.1,108.6,111,76.7,5.36,742,4.22,5.64,548.368,2552.32,0.029,0.0485,36.8251,6.74,5.74,37.1,32.7,0.813,266,216,132,1.14,1.200,0.0457,0.0457,1.013,1034,1034,15,1,128,26.9,115.9,113.2,37.1,38.3,115,37.5,113,38.8,88.0,40.3,36.2,44.7,4.60,4.60,4.80,-3.78,0.033046,2.35980924,0.218867,8.20377811
562.00,1,531.980,1,531.980,81.977,94.703,4983.041,12.295,0.9725,76.8,0.114,65.4,0.519,34.1,96.0,111,76.7,5.36,742,4.23,5.64,548.368,2243.54,0.029,0.0485,36.8251,6.74,4.91,37.1,32.7,0.814,269,219,109,0.99,0.827,0.0457,0.0457,1.013,1033,1033,15,1,115,36.9,113.9,111.3,38.6,39.8,114,38.7,111,39.9,88.1,40.2,36.2,44.7,4.60,4.60,4.56,-3.25,0.033048,2.36266803,0.218895,8.21388528
563.00,1,532.980,1,532.980,82.026,94.686,4982.095,12.295,0.9725,76.8,0.007,65.4,0.519,34.1,79.0,111,76.7,5.36,742,4.13,5.64,548.368,2242.89,0.029,0.0485,36.8251,6.74,4.92,37.1,32.7,0.813,269,219,77,0.80,0.256,0.0457,0.0457,1.012,1033,1033,15,1,115,36.9,112.6,109.9,39.7,40.8,112,39.9,110,41.0,88.1,40.2,36.2,44.7,4.60,4.60,3.56,-2.41,0.033049,2.36552657,0.218940,8.22399127
564.00,1,533.980,1,533.980,82.051,94.694,4981.147,12.295,0.9725,76.8,-0.043,65.4,0.519,34.1,110.4,111,76.7,5.36,742,4.23,5.64,548.498,2511.86,0.029,0.0485,36.8365,6.74,6.97,37.1,32.7,0.814,267,217,136,1.16,1.270,0.0457,0.0457,1.013,1033,1033,15,1,159,0.7,115.2,112.6,37.4,38.5,113,39.1,110,40.2,88.1,40.2,36.2,44.7,4.60,4.60,5.13,-4.68,0.033048,2.36838319,0.218980,8.23409738
565.00,1,534.980,1,534.980,82.076,94.701,4980.198,12.295,0.9724,76.8,0.174,65.4,0.519,34.1,93.1,111,76.7,5.36,742,4.20,5.64,548.498,2791.50,0.029,0.0485,36.8365,6.74,7.67,37.1,32.7,0.814,269,219,104,0.95,0.728,0.0457,0.0457,1.012,1033,1033,15,1,160,0.3,118.6,116.0,34.7,36.0,116,36.6,114,37.9,88.0,40.3,36.2,44.7,4.60,4.60,4.42,-3.54,0.033049,2.37124228,0.219011,8.24420636
566.00,1,535.980,1,535.980,82.125,94.702,4979.252,12.295,0.9724,76.8,0.058,65.3,0.519,34.1,76.8,111,76.8,5.36,741,4.14,5.64,548.498,2491.90,0.029,0.0485,36.8365,6.74,5.39,37.1,32.7,0.813,269,219,73,0.77,0.183,0.0457,0.0457,1.012,1034,1034,15,1,123,30.5,115.6,112.9,37.4,38.6,115,37.7,112,38.9,88.0,40.3,36.2,44.7,4.60,4.60,3.47,-2.62,0.033053,2.37410049,0.219057,8.25431398
567.00,1,536.980,1,536.980,82.149,94.700,4978.304,12.295,0.9725,76.8,-0.031,65.3,0.519,34.1,110.3,111,76.8,5.37,741,4.24,5.64,548.498,2243.12,0.029,0.0485,36.8365,6.74,4.92,37.1,32.7,0.814,268,218,136,1.15,1.277,0.0458,0.0458,1.012,1033,1033,15,1,115,36.9,113.8,111.1,38.7,39.9,114,38.8,111,40.0,88.1,40.2,36.2,44.7,4.61,4.61,5.18,-3.79,0.033054,2.37695740,0.219093,8.26442242
568.00,1,537.980,1,537.980,82.173,94.688,4977.355,12.295,0.9725,76.8,0.214,65.3,0.519,34.1,90.3,111,76.8,5.36,741,4.18,5.63,548.498,2242.89,0.029,0.0485,36.8365,6.74,4.92,37.1,32.7,0.814,270,219,99,0.92,0.632,0.0458,0.0458,1.012,1033,1033,15,1,115,36.9,112.4,109.7,39.8,40.9,112,40.0,109,41.2,88.1,40.2,36.2,44.7,4.61,4.61,4.19,-2.81,0.033054,2.37981680,0.219126,8.27453323
569.00,1,538.980,1,538.980,82.221,95.044,4976.409,12.295,0.9725,76.8,-0.059,64.9,0.516,34.1,89.2,111,76.8,5.33,741,4.16,5.62,548.606,2566.79,0.029,0.0485,36.8261,6.75,7.21,37.1,32.7,0.812,264,214,94,0.94,0.531,0.0458,0.0458,1.022,1033,1033,15,1,159,0.4,116.0,113.4,36.7,37.9,114,38.5,111,39.7,88.1,40.2,36.2,44.7,4.61,4.61,3.77,-3.76,0.033055,2.38267485,0.219174,8.28464270
570.00,1,539.980,1,539.980,82.235,95.425,4975.460,12.295,0.9724,76.8,0.001,64.4,0.514,34.1,103.8,111,77.5,5.30,741,4.27,5.61,548.606,2786.81,0.029,0.0485,36.8261,6.75,7.53,37.1,32.7,0.815,269,220,124,1.07,1.086,0.0458,0.0458,1.033,1033,1033,15,1,159,0.5,118.5,115.8,34.9,36.1,116,36.7,113,38.0,88.0,40.3,36.2,44.7,4.61,4.61,5.11,-4.04,0.033056,2.38553472,0.219201,8.29475583
571.00,1,540.980,1,540.980,82.232,95.468,4974.512,12.295,0.9723,76.8,-0.025,64.3,0.513,34.1,83.5,111,77.7,5.29,741,4.13,5.61,548.606,2428.73,0.029,0.0485,36.8261,6.75,5.05,37.1,32.7,0.814,269,219,85,0.85,0.406,0.0458,0.0458,1.036,1034,1034,15,1,120,33.1,115.3,112.6,37.6,38.8,115,37.8,112,39.1,88.0,40.3,36.2,44.7,4.61,4.61,3.84,-2.87,0.033059,2.38839784,0.219238,8.30487236
572.00,1,541.980,1,541.980,82.177,95.211,4973.566,12.295,0.9725,76.8,0.668,64.2,0.513,34.1,108.5,111,77.6,5.27,741,4.21,5.60,548.606,2242.97,0.029,0.0485,36.8261,6.75,4.92,37.1,32.7,0.813,266,216,131,1.14,1.195,0.0458,0.0458,1.035,1033,1033,15,1,115,36.9,113.6,111.0,38.9,40.0,113,39.0,111,40.2,88.0,40.2,36.2,44.7,4.61,4.61,4.73,-3.49,0.033061,2.39125935,0.219280,8.31499181
573.00,1,542.980,1,542.980,82.133,94.678,4972.617,12.295,0.9725,76.8,0.114,64.6,0.516,34.1,95.4,111,77.4,5.30,740,4.22,5.60,548.606,2242.89,0.029,0.0485,36.8261,6.75,4.92,37.1,32.7,0.814,270,220,108,0.98,0.802,0.0458,0.0458,1.024,1033,1033,15,1,115,36.9,112.2,109.5,40.0,41.1,112,40.2,109,41.3,88.1,40.2,36.2,44.7,4.61,4.61,4.54,-3.02,0.033061,2.39412211,0.219307,8.32511782
574.00,1,543.980,1,543.980,82.074,94.002,4971.672,12.295,0.9725,76.8,0.007,65.0,0.519,34.1,78.4,110,76.2,5.34,740,4.13,5.61,548.699,2618.32,0.029,0.0485,36.8357,6.75,7.42,37.1,32.7,0.813,269,219,76,0.79,0.229,0.0458,0.0458,1.009,1033,1033,15,1,159,0.3,116.7,114.1,36.1,37.3,114,38.0,112,39.3,88.1,40.2,36.2,44.7,4.61,4.61,3.71,-3.68,0.033061,2.39698197,0.219352,8.33524413
575.00,1,544.980,1,544.980,82.074,94.017,4970.725,12.295,0.9723,76.8,-0.043,65.1,0.519,34.1,109.7,110,76.1,5.34,740,4.22,5.61,548.699,2772.42,0.029,0.0485,36.8357,6.75,7.34,37.1,32.7,0.813,267,217,135,1.15,1.238,0.0459,0.0459,1.009,1033,1033,15,1,158,1.7,118.2,115.5,35.2,36.4,116,36.8,113,38.1,87.9,40.3,36.2,44.7,4.61,4.61,5.11,-4.13,0.033063,2.39983768,0.219391,8.34536991
576.00,1,545.980,1,545.980,82.093,94.108,4969.777,12.295,0.9723,76.8,0.174,65.0,0.519,34.1,92.7,110,76.2,5.34,740,4.19,5.61,548.699,2364.30,0.029,0.0485,36.8357,6.75,4.72,37.1,32.7,0.814,270,220,103,0.95,0.707,0.0459,0.0459,1.010,1034,1034,15,1,118,34.9,115.0,112.3,37.8,39.1,115,38.0,112,39.2,87.9,40.3,36.2,44.7,4.61,4.61,4.40,-3.25,0.033066,2.40269466,0.219422,8.35549623
577.00,1,546.980,1,546.980,82.171,94.331,4968.832,12.295,0.9724,76.8,0.058,65.0,0.519,34.1,76.5,110,76.4,5.34,740,4.14,5.61,548.699,2242.92,0.029,0.0485,36.8357,6.75,4.92,37.1,32.7,0.813,269,219,73,0.77,0.172,0.0459,0.0459,1.013,1033,1033,15,1,115,36.9,113.5,110.8,39.0,40.2,113,39.1,111,40.3,88.0,40.2,36.1,44.7,4.61,4.61,3.46,-2.42,0.033068,2.40555040,0.219469,8.36561795
578.00,1,547.980,1,547.980,82.223,94.449,4967.883,12.295,0.9725,76.8,-0.031,65.0,0.519,34.1,110.1,110,76.5,5.34,740,4.23,5.61,548.699,2244.37,0.029,0.0485,36.8451,6.75,5.04,37.1,32.7,0.814,268,219,136,1.14,1.268,0.0459,0.0459,1.013,1033,1033,15,1,115,36.8,112.0,109.4,40.1,41.2,112,40.3,109,41.4,88.0,40.2,36.1,44.8,4.62,4.62,5.15,-3.58,0.033067,2.40840500,0.219504,8.37573715
579.00,1,548.980,1,548.980,82.279,94.905,4966.935,12.295,0.9724,76.8,0.207,64.6,0.515,34.1,88.8,111,76.7,5.31,739,4.15,5.61,548.821,2665.16,0.029,0.0485,36.8451,6.75,7.59,37.1,32.7,0.814,270,220,96,0.90,0.580,0.0459,0.0459,1.024,1033,1033,15,1,160,0.3,117.3,114.7,35.7,36.9,115,37.5,112,38.8,88.0,40.2,36.1,44.8,4.62,4.62,4.26,-4.09,0.033067,2.41126343,0.219537,8.38585627
580.00,1,549.980,1,549.980,82.355,95.459,4965.989,12.295,0.9723,76.8,-0.090,64.0,0.512,34.1,98.8,111,77.8,5.27,739,4.17,5.59,548.821,2748.52,0.029,0.0485,36.8451,6.75,7.10,37.1,32.7,0.812,264,214,112,1.04,0.845,0.0459,0.0459,1.038,1034,1034,15,1,155,4.5,117.7,115.1,35.5,36.7,116,37.0,113,38.3,87.9,40.3,36.1,44.8,4.62,4.62,4.07,-3.29,0.033070,2.41412232,0.219584,8.39597370
581.00,1,550.980,1,550.980,82.364,95.397,4965.039,12.295,0.9723,76.8,0.024,64.0,0.512,34.1,100.3,111,77.8,5.27,739,4.24,5.59,548.821,2300.37,0.029,0.0485,36.8451,6.75,4.43,37.1,32.7,0.814,270,220,117,1.03,0.967,0.0459,0.0459,1.039,1034,1034,15,1,116,36.1,114.8,112.1,38.0,39.2,115,38.1,112,39.4,87.9,40.3,36.1,44.8,4.62,4.62,4.86,-3.57,0.033073,2.41698397,0.219610,8.40609566
582.00,1,551.980,1,551.980,82.335,95.103,4964.092,12.295,0.9724,76.8,-0.032,63.9,0.512,34.1,80.8,111,77.5,5.26,739,4.11,5.58,548.821,2242.90,0.029,0.0485,36.8451,6.75,4.92,37.1,32.7,0.813,270,219,81,0.82,0.314,0.0459,0.0459,1.037,1033,1033,15,1,115,36.9,113.2,110.6,39.2,40.3,113,39.3,110,40.5,88.0,40.2,36.1,44.8,4.62,4.62,3.68,-2.56,0.033075,2.41984716,0.219650,8.41622038
583.00,1,552.980,1,552.980,82.307,94.959,4963.146,12.295,0.9724,76.8,-0.043,63.9,0.512,34.1,110.4,111,77.4,5.26,739,4.21,5.58,548.821,2274.41,0.029,0.0485,36.8493,6.75,5.59,37.1,32.7,0.813,267,218,135,1.16,1.266,0.0460,0.0460,1.035,1033,1033,15,1,126,27.8,111.9,109.3,40.1,41.2,112,40.4,109,41.5,88.0,40.2,36.1,44.8,4.62,4.62,4.99,-3.57,0.033075,2.42270816,0.219689,8.42634836
584.00,1,553.980,1,553.980,82.276,94.838,4962.198,12.295,0.9724,76.8,0.204,63.9,0.513,34.1,90.8,111,77.3,5.26,739,4.16,5.58,548.930,2706.13,0.029,0.0485,36.8493,6.75,7.71,37.1,32.7,0.814,270,220,99,0.93,0.645,0.0460,0.0460,1.035,1033,1033,15,1,160,0.3,117.8,115.2,35.3,36.5,116,37.2,113,38.5,88.0,40.2,36.1,44.8,4.62,4.62,4.40,-4.14,0.033075,2.42557117,0.219718,8.43648229
585.00,1,554.980,1,554.980,82.216,94.678,4961.253,12.295,0.9722,76.8,-0.059,63.8,0.513,34.1,88.5,110,77.1,5.25,739,4.15,5.57,548.930,2715.60,0.029,0.0485,36.8493,6.75,6.83,37.1,32.7,0.812,264,214,93,0.93,0.501,0.0460,0.0460,1.035,1034,1034,15,1,149,9.2,117.3,114.6,35.9,37.1,116,37.1,113,38.4,87.9,40.3,36.1,44.8,4.62,4.62,3.69,-2.94,0.033078,2.42843197,0.219765,8.44661703
586.00,1,555.980,1,555.980,82.192,94.630,4960.305,12.295,0.9723,76.8,0.001,63.8,0.513,34.1,102.8,110,77.1,5.24,738,4.26,5.57,548.930,2263.56,0.029,0.0485,36.8493,6.75,4.73,37.1,32.7,0.814,270,220,122,1.06,1.043,0.0460,0.0460,1.035,1034,1034,15,1,116,36.6,114.5,111.8,38.2,39.4,114,38.3,112,39.5,87.9,40.3,36.1,44.8,4.62,4.62,5.07,-3.73,0.033081,2.43129213,0.219792,8.45675538
587.00,1,556.980,1,556.980,82.173,94.600,4959.358,12.295,0.9723,76.8,-0.025,63.8,0.513,34.1,83.2,110,77.0,5.24,738,4.12,5.56,548.930,2242.90,0.029,0.0485,36.8493,6.75,4.92,37.1,32.7,0.814,270,220,85,0.85,0.389,0.0460,0.0460,1.035,1033,1033,15,1,115,36.9,113.0,110.4,39.3,40.4,113,39.5,110,40.6,87.9,40.2,36.1,44.8,4.62,4.62,3.83,-2.64,0.033082,2.43415315,0.219830,8.46689497
588.00,1,557.980,1,557.980,82.160,93.840,4958.413,12.295,0.9724,76.8,0.071,64.5,0.518,34.1,103.6,110,76.2,5.30,738,4.18,5.58,548.930,2323.01,0.029,0.0485,36.8544,6.75,5.98,37.1,32.7,0.812,265,215,122,1.09,1.002,0.0460,0.0460,1.015,1033,1033,15,1,144,12.8,112.3,109.7,39.7,40.8,112,40.3,109,41.4,87.9,40.2,36.1,44.8,4.62,4.62,4.35,-3.33,0.033082,2.43700982,0.219877,8.47703232
589.00,1,558.980,1,558.980,82.183,93.808,4957.465,12.295,0.9723,76.8,0.047,64.6,0.518,34.1,98.3,110,76.0,5.31,738,4.23,5.58,549.034,2740.20,0.029,0.0485,36.8544,6.75,7.79,37.1,32.7,0.814,270,220,114,1.01,0.889,0.0460,0.0460,1.013,1033,1033,15,1,160,0.3,118.2,115.6,35.0,36.2,116,36.8,113,38.2,87.9,40.3,36.1,44.8,4.62,4.62,4.91,-4.44,0.033082,2.43986589,0.219905,8.48716969
590.00,1,559.980,1,559.980,82.290,94.432,4956.519,12.295,0.9722,76.8,-0.032,64.2,0.515,34.1,80.6,110,76.2,5.29,738,4.10,5.58,549.034,2674.40,0.029,0.0485,36.8544,6.75,6.52,37.1,32.7,0.813,270,220,81,0.81,0.302,0.0460,0.0460,1.024,1034,1034,15,1,142,14.9,116.8,114.1,36.4,37.6,116,37.3,113,38.6,87.8,40.4,36.1,44.8,4.62,4.62,3.72,-2.87,0.033085,2.44272131,0.219948,8.49730223
591.00,1,560.980,1,560.980,82.355,94.972,4955.572,12.295,0.9723,76.8,-0.043,63.8,0.512,34.1,110.7,111,77.2,5.26,738,4.21,5.57,549.034,2250.19,0.029,0.0485,36.8544,6.75,4.85,37.1,32.7,0.813,268,218,136,1.15,1.273,0.0461,0.0461,1.036,1033,1033,15,1,116,36.8,114.4,111.6,38.3,39.5,114,38.4,111,39.6,87.9,40.3,36.1,44.8,4.63,4.63,5.07,-3.82,0.033088,2.44557613,0.219988,8.50743121
592.00,1,561.980,1,561.980,82.410,95.147,4954.623,12.295,0.9723,76.8,0.204,63.7,0.512,34.1,91.3,111,77.5,5.25,738,4.16,5.57,549.034,2242.89,0.029,0.0485,36.8544,6.75,4.92,37.1,32.7,0.814,270,220,101,0.93,0.662,0.0461,0.0461,1.040,1033,1033,15,1,115,36.9,112.8,110.2,39.5,40.6,113,39.6,110,40.8,87.9,40.2,36.1,44.8,4.63,4.63,4.26,-2.92,0.033089,2.44843579,0.220018,8.51756113
593.00,1,562.980,1,562.980,82.477,95.140,4953.677,12.295,0.9724,76.8,-0.059,63.6,0.511,34.1,88.9,111,77.6,5.25,737,4.14,5.57,549.182,2378.42,0.029,0.0485,36.8636,6.75,6.31,37.1,32.7,0.812,264,215,94,0.93,0.515,0.0461,0.0461,1.040,1033,1033,15,1,154,4.8,113.0,110.5,39.1,40.2,112,40.2,109,41.3,87.9,40.2,36.1,44.8,4.63,4.63,3.68,-3.08,0.033089,2.45129561,0.220066,8.52768944
594.00,1,563.980,1,563.980,82.491,95.059,4952.729,12.295,0.9722,76.8,0.001,63.6,0.511,34.1,103.2,111,77.6,5.25,737,4.25,5.56,549.182,2766.34,0.029,0.0485,36.8636,6.75,7.82,37.1,32.7,0.814,270,220,123,1.06,1.056,0.0461,0.0461,1.039,1033,1033,15,1,160,0.3,118.5,115.8,34.8,36.0,116,36.6,113,38.0,87.9,40.3,36.1,44.8,4.63,4.63,5.17,-4.54,0.033090,2.45415621,0.220094,8.53782118
595.00,1,564.980,1,564.980,82.497,94.966,4951.782,12.295,0.9721,76.8,-0.025,63.6,0.512,34.1,83.1,111,77.5,5.25,737,4.10,5.56,549.182,2625.88,0.029,0.0485,36.8636,6.75,6.19,37.1,32.7,0.813,270,220,85,0.84,0.386,0.0461,0.0461,1.038,1034,1034,15,1,135,20.6,116.3,113.6,36.7,37.9,116,37.4,113,38.7,87.8,40.4,36.1,44.8,4.63,4.63,3.85,-2.94,0.033093,2.45701849,0.220132,8.54795550
596.00,1,565.980,1,565.980,82.492,94.797,4950.836,12.295,0.9722,76.8,0.668,63.6,0.512,34.1,108.6,110,77.3,5.25,737,4.19,5.56,549.182,2245.45,0.029,0.0485,36.8636,6.75,4.90,37.1,32.7,0.813,267,217,132,1.14,1.188,0.0461,0.0461,1.037,1033,1033,15,1,115,36.9,114.2,111.4,38.4,39.6,114,38.5,111,39.8,87.8,40.3,36.1,44.8,4.63,4.63,4.80,-3.61,0.033096,2.45987827,0.220175,8.55809109
597.00,1,566.980,1,566.980,82.487,94.716,4949.888,12.295,0.9723,76.8,0.145,63.5,0.512,34.1,93.6,110,77.2,5.24,737,4.17,5.55,549.182,2242.89,0.029,0.0485,36.8636,6.75,4.92,37.1,32.7,0.814,270,220,105,0.96,0.735,0.0461,0.0461,1.037,1033,1033,15,1,115,36.9,112.7,110.0,39.6,40.7,112,39.8,110,40.9,87.9,40.2,36.1,44.8,4.63,4.63,4.43,-3.01,0.033096,2.46273999,0.220203,8.56823156
598.00,1,567.980,1,567.980,82.481,94.641,4948.943,12.295,0.9723,76.8,-0.005,63.5,0.512,34.1,79.3,110,77.1,5.24,737,4.12,5.55,549.317,2436.06,0.029,0.0485,36.8744,6.75,6.61,37.1,32.7,0.812,267,217,77,0.81,0.231,0.0461,0.0461,1.036,1033,1033,15,1,158,1.8,113.9,111.3,38.4,39.5,112,39.8,110,40.9,87.9,40.2,36.0,44.8,4.63,4.63,3.57,-3.21,0.033097,2.46560050,0.220249,8.57837188
599.00,1,568.980,1,568.980,82.481,94.625,4947.995,12.295,0.9722,76.8,-0.022,63.5,0.512,34.1,106.2,110,77.1,5.24,736,4.23,5.55,549.317,2783.79,0.029,0.0485,36.8744,6.75,7.79,37.1,32.7,0.814,270,220,128,1.10,1.146,0.0462,0.0462,1.036,1033,1033,15,1,160,0.3,118.6,115.9,34.7,35.9,116,36.5,114,37.9,87.8,40.3,36.0,44.8,4.63,4.63,5.33,-4.55,0.033098,2.46845971,0.220280,8.58851429
600.00,1,569.980,1,569.980,82.485,94.615,4947.048,12.295,0.9721,76.7,0.081,63.5,0.512,34.1,85.4,110,77.1,5.24,736,4.11,5.55,549.317,2571.24,0.029,0.0485,36.8744,6.75,5.85,37.1,32.7,0.814,270,220,89,0.87,0.460,0.0462,0.0462,1.036,1034,1034,15,1,129,25.6,115.9,113.2,37.1,38.3,115,37.5,113,38.8,87.8,40.4,36.0,44.8,4.63,4.63,3.99,-3.03,0.033101,2.47132072,0.220316,8.59865849
601.00,1,570.980,1,570.980,82.501,94.609,4946.103,12.295,0.9722,76.8,0.071,63.4,0.511,34.1,104.7,110,77.1,5.23,736,4.17,5.55,549.317,2243.79,0.029,0.0485,36.8744,6.75,4.91,37.1,32.7,0.812,266,216,124,1.10,1.040,0.0462,0.0462,1.037,1033,1033,15,1,115,36.9,114.0,111.3,38.6,39.8,114,38.7,111,39.9,87.8,40.3,36.0,44.8,4.63,4.63,4.43,-3.32,0.033104,2.47417923,0.220361,8.60880141
602.00,1,571.980,1,571.980,82.512,94.601,4945.155,12.295,0.9723,76.8,0.073,63.4,0.511,34.1,96.5,110,77.1,5.23,736,4.19,5.54,549.317,2242.89,0.029,0.0485,36.8744,6.75,4.92,37.1,32.7,0.814,271,220,110,0.99,0.830,0.0462,0.0462,1.037,1033,1033,15,1,115,36.9,112.5,109.8,39.7,40.8,112,39.9,110,41.0,87.9,40.2,36.0,44.8,4.63,4.63,4.62,-3.12,0.033104,2.47703933,0.220388,8.61894714
603.00,1,572.980,1,572.980,82.543,94.613,4944.209,12.295,0.9723,76.7,0.050,63.4,0.511,34.1,78.3,110,77.1,5.23,736,4.10,5.54,549.449,2493.64,0.029,0.0485,36.8724,6.76,6.89,37.1,32.7,0.813,270,220,76,0.79,0.222,0.0462,0.0462,1.038,1033,1033,15,1,159,0.8,114.8,112.2,37.6,38.8,113,39.3,110,40.5,87.9,40.2,36.0,44.8,4.64,4.64,3.68,-3.46,0.033104,2.47989923,0.220432,8.62909133
604.00,1,573.980,1,573.980,82.562,94.625,4943.262,12.295,0.9721,76.8,-0.031,63.4,0.511,34.1,109.6,110,77.1,5.23,736,4.21,5.54,549.449,2791.93,0.029,0.0485,36.8724,6.76,7.72,37.1,32.7,0.814,269,219,135,1.14,1.243,0.0462,0.0462,1.038,1033,1033,15,1,160,0.3,118.6,115.9,34.7,36.0,116,36.6,114,37.9,87.8,40.4,36.0,44.8,4.64,4.64,5.31,-4.39,0.033105,2.48275737,0.220467,8.63923553
605.00,1,574.980,1,574.980,82.582,94.634,4942.315,12.295,0.9721,76.7,0.207,63.3,0.511,34.1,88.1,110,77.2,5.23,736,4.13,5.54,549.449,2511.84,0.029,0.0485,36.8724,6.76,5.50,37.1,32.7,0.814,271,220,95,0.90,0.547,0.0462,0.0462,1.038,1034,1034,15,1,124,29.5,115.6,112.9,37.4,38.6,115,37.7,112,39.0,87.7,40.4,36.0,44.8,4.64,4.64,4.14,-3.11,0.033108,2.48561792,0.220500,8.64938141
606.00,1,575.980,1,575.980,82.625,94.645,4941.370,12.295,0.9722,76.8,-0.090,63.3,0.511,34.1,98.0,110,77.2,5.23,735,4.14,5.54,549.449,2243.21,0.029,0.0485,36.8724,6.76,4.92,37.1,32.7,0.812,265,215,111,1.03,0.804,0.0462,0.0462,1.038,1033,1033,15,1,115,36.9,113.8,111.1,38.7,39.9,114,38.8,111,40.0,87.8,40.3,36.0,44.8,4.64,4.64,4.01,-2.98,0.033111,2.48847650,0.220548,8.65952522
607.00,1,576.980,1,576.980,82.647,94.642,4940.421,12.295,0.9723,76.8,0.024,63.3,0.511,34.1,99.6,110,77.2,5.23,735,4.22,5.54,549.449,2242.89,0.029,0.0485,36.8724,6.76,4.92,37.1,32.7,0.814,271,220,116,1.02,0.932,0.0463,0.0463,1.038,1033,1033,15,1,115,36.9,112.3,109.7,39.9,41.0,112,40.1,109,41.2,87.8,40.2,36.0,44.8,4.64,4.64,4.83,-3.24,0.033111,2.49133605,0.220575,8.66967128
608.00,1,577.980,1,577.980,82.694,94.646,4939.475,12.346,0.9723,76.7,-0.032,63.3,0.511,34.1,80.6,110,77.2,5.23,735,4.08,5.53,549.578,2558.67,0.029,0.0485,36.8710,6.78,7.18,37.1,32.7,0.813,271,220,80,0.81,0.297,0.0463,0.0463,1.038,1033,1033,15,1,159,0.4,115.8,113.2,36.8,38.0,114,38.6,111,39.9,87.8,40.2,36.0,44.8,4.64,4.64,3.83,-3.70,0.033111,2.49419633,0.220617,8.67981655
609.00,1,578.980,1,578.980,82.718,94.650,4938.529,12.346,0.9721,76.8,-0.043,63.3,0.511,34.1,110.1,110,77.2,5.23,735,4.19,5.53,549.578,2789.23,0.029,0.0485,36.8710,6.78,7.56,37.1,32.7,0.813,268,218,135,1.15,1.244,0.0463,0.0463,1.038,1033,1033,15,1,159,0.5,118.5,115.8,34.9,36.1,116,36.7,113,38.0,87.7,40.4,36.0,44.8,4.64,4.64,5.15,-4.18,0.033113,2.49705442,0.220656,8.68996127
610.00,1,579.980,1,579.980,82.742,94.651,4937.581,12.346,0.9721,76.7,0.204,63.2,0.511,34.1,90.8,110,77.2,5.23,735,4.14,5.53,549.578,2438.50,0.029,0.0485,36.8710,6.78,5.10,37.1,32.7,0.814,271,220,100,0.92,0.636,0.0463,0.0463,1.038,1034,1034,15,1,120,32.8,115.3,112.5,37.6,38.8,115,37.8,112,39.1,87.7,40.4,36.0,44.8,4.64,4.64,4.29,-3.20,0.033116,2.49991504,0.220687,8.70010850
611.00,1,580.980,1,580.980,82.791,94.639,4936.636,12.346,0.9721,76.8,-0.059,63.2,0.511,34.1,88.5,110,77.2,5.23,735,4.12,5.53,549.578,2242.98,0.029,0.0485,36.8710,6.78,4.92,37.1,32.7,0.811,265,215,93,0.92,0.493,0.0463,0.0463,1.038,1033,1033,15,1,115,36.9,113.6,110.9,38.9,40.0,113,39.0,111,40.2,87.8,40.3,36.0,44.8,4.64,4.64,3.64,-2.65,0.033119,2.50277421,0.220735,8.71025392
612.00,1,581.980,1,581.980,82.815,94.640,4935.688,12.346,0.9723,76.8,0.001,63.2,0.511,34.1,102.8,110,77.2,5.23,735,4.23,5.53,549.578,2242.89,0.029,0.0485,36.8710,6.78,4.92,37.1,32.7,0.814,271,221,122,1.05,1.035,0.0463,0.0463,1.037,1033,1033,15,1,115,36.9,112.1,109.5,40.0,41.1,112,40.2,109,41.3,87.8,40.2,36.0,44.8,4.64,4.64,5.03,-3.38,0.033118,2.50563339,0.220764,8.72040121
613.00,1,582.980,1,582.980,82.840,94.642,4934.742,12.346,0.9722,76.7,-0.025,63.2,0.511,34.1,83.0,110,77.2,5.23,734,4.09,5.53,549.750,2619.31,0.029,0.0485,36.8655,6.79,7.42,37.1,32.7,0.813,271,220,85,0.84,0.376,0.0463,0.0463,1.037,1033,1033,15,1,159,0.3,116.7,114.0,36.1,37.4,114,38.0,112,39.3,87.8,40.2,36.0,44.8,4.64,4.64,3.97,-3.86,0.033118,2.50849406,0.220803,8.73054889
614.00,1,583.980,1,583.980,82.890,94.647,4933.796,12.346,0.9721,76.8,0.668,63.2,0.511,34.1,108.5,110,77.2,5.24,734,4.17,5.53,549.750,2773.21,0.029,0.0485,36.8655,6.79,7.34,37.1,32.7,0.813,268,217,132,1.13,1.176,0.0463,0.0463,1.037,1033,1033,15,1,158,1.7,118.1,115.4,35.2,36.4,116,36.8,113,38.2,87.7,40.4,36.0,44.8,4.65,4.65,4.88,-3.96,0.033120,2.51135231,0.220847,8.74069560
615.00,1,584.980,1,584.980,82.915,94.646,4932.848,12.346,0.9721,76.7,0.145,63.2,0.511,34.1,93.7,110,77.2,5.24,734,4.15,5.53,549.750,2363.18,0.029,0.0485,36.8655,6.79,4.71,37.1,32.7,0.814,271,221,105,0.95,0.729,0.0464,0.0464,1.037,1034,1034,15,1,118,34.9,115.0,112.3,37.9,39.1,115,38.0,112,39.3,87.7,40.3,36.0,44.8,4.65,4.65,4.46,-3.30,0.033123,2.51421281,0.220875,8.75084531
616.00,1,585.980,1,585.980,82.965,94.623,4931.903,12.346,0.9721,76.7,-0.005,63.1,0.510,34.1,79.3,110,77.2,5.23,734,4.10,5.53,549.750,2242.92,0.029,0.0485,36.8655,6.79,4.92,37.1,32.7,0.812,268,217,77,0.81,0.228,0.0464,0.0464,1.037,1033,1033,15,1,115,36.9,113.4,110.7,39.0,40.2,113,39.1,111,40.3,87.8,40.3,36.0,44.8,4.65,4.65,3.48,-2.46,0.033125,2.51707252,0.220922,8.76099352
617.00,1,586.980,1,586.980,82.990,94.628,4930.956,12.346,0.9723,76.8,-0.022,63.1,0.510,34.1,106.1,110,77.2,5.24,734,4.21,5.53,549.750,2247.15,0.029,0.0485,36.8617,6.79,5.15,37.1,32.7,0.814,271,221,129,1.09,1.139,0.0464,0.0464,1.036,1033,1033,15,1,116,36.6,111.9,109.3,40.1,41.2,112,40.3,109,41.4,87.8,40.2,36.0,44.8,4.65,4.65,5.17,-3.57,0.033124,2.51993130,0.220954,8.77114294
618.00,1,587.980,1,587.980,83.016,94.632,4930.009,12.346,0.9722,76.7,0.081,63.1,0.510,34.1,85.5,110,77.2,5.24,734,4.09,5.52,549.903,2673.54,0.029,0.0485,36.8617,6.79,7.62,37.1,32.7,0.813,271,221,90,0.86,0.458,0.0464,0.0464,1.036,1033,1033,15,1,160,0.3,117.4,114.8,35.6,36.8,115,37.5,112,38.7,87.8,40.2,35.9,44.8,4.65,4.65,4.10,-3.95,0.033124,2.52279215,0.220990,8.78129371
619.00,1,588.980,1,588.980,83.067,94.639,4929.064,12.346,0.9721,76.8,0.071,63.1,0.510,34.1,104.6,110,77.2,5.24,734,4.15,5.52,549.903,2744.21,0.029,0.0485,36.8617,6.79,7.06,37.1,32.7,0.812,266,216,124,1.09,1.032,0.0464,0.0464,1.036,1034,1034,15,1,154,5.2,117.6,115.0,35.6,36.8,116,37.0,113,38.3,87.7,40.3,35.9,44.8,4.65,4.65,4.51,-3.65,0.033127,2.52565062,0.221036,8.79144311
620.00,1,589.980,1,589.980,83.093,94.638,4928.116,12.346,0.9721,76.8,0.073,63.1,0.510,34.1,96.6,110,77.2,5.24,733,4.17,5.52,549.903,2290.56,0.029,0.0485,36.8617,6.79,4.50,37.1,32.7,0.814,271,221,111,0.98,0.825,0.0464,0.0464,1.036,1034,1034,15,1,116,36.3,114.7,112.0,38.0,39.3,115,38.2,112,39.4,87.7,40.3,35.9,44.8,4.65,4.65,4.65,-3.43,0.033129,2.52851080,0.221064,8.80159556
621.00,1,590.980,1,590.980,83.143,94.623,4927.170,12.346,0.9722,76.7,0.050,63.0,0.510,34.1,78.4,110,77.2,5.24,733,4.08,5.52,549.903,2242.90,0.029,0.0485,36.8617,6.79,4.92,37.1,32.7,0.813,271,220,76,0.79,0.220,0.0464,0.0464,1.036,1033,1033,15,1,115,36.9,113.2,110.5,39.2,40.3,113,39.3,110,40.5,87.8,40.2,35.9,44.8,4.65,4.65,3.56,-2.47,0.033131,2.53137095,0.221108,8.81174689
622.00,1,591.980,1,591.980,83.168,94.621,4926.224,12.346,0.9722,76.8,-0.031,63.0,0.510,34.1,109.6,110,77.2,5.24,733,4.19,5.52,549.903,2289.49,0.029,0.0485,36.8483,6.79,5.73,37.1,32.7,0.813,270,220,135,1.13,1.234,0.0465,0.0465,1.036,1033,1033,15,1,133,22.3,112.0,109.4,40.0,41.1,112,40.4,109,41.5,87.8,40.2,35.9,44.8,4.65,4.65,5.17,-3.71,0.033130,2.53422943,0.221144,8.82189869
623.00,1,592.980,1,592.980,83.194,94.621,4925.277,12.346,0.9722,76.7,0.207,63.0,0.510,34.1,88.1,110,77.2,5.24,733,4.10,5.52,550.033,2719.48,0.029,0.0485,36.8483,6.79,7.75,37.1,32.7,0.813,271,221,95,0.89,0.542,0.0465,0.0465,1.036,1033,1033,15,1,160,0.3,118.0,115.3,35.1,36.4,116,37.0,113,38.3,87.8,40.2,35.9,44.8,4.65,4.65,4.24,-3.98,0.033130,2.53709032,0.221178,8.83205264
624.00,1,593.980,1,593.980,83.245,94.627,4924.332,12.346,0.9720,76.8,-0.090,63.0,0.510,34.1,97.9,110,77.3,5.24,733,4.12,5.52,550.033,2703.03,0.029,0.0485,36.8483,6.79,6.73,37.1,32.7,0.811,265,215,111,1.02,0.796,0.0465,0.0465,1.035,1034,1034,15,1,147,11.1,117.1,114.4,36.0,37.3,116,37.1,113,38.4,87.7,40.3,35.9,44.8,4.65,4.65,4.08,-3.28,0.033133,2.53994913,0.221225,8.84220499
625.00,1,594.980,1,594.980,83.270,94.627,4923.384,12.346,0.9721,76.8,0.024,63.0,0.510,34.1,99.6,110,77.3,5.24,733,4.20,5.52,550.033,2257.23,0.029,0.0485,36.8483,6.79,4.79,37.1,32.7,0.814,272,221,116,1.02,0.925,0.0465,0.0465,1.035,1033,1033,15,1,116,36.7,114.4,111.7,38.2,39.4,114,38.3,112,39.5,87.7,40.3,35.9,44.8,4.65,4.65,4.86,-3.55,0.033135,2.54280885,0.221253,8.85235998
626.00,1,595.980,1,595.980,83.321,94.617,4922.438,12.346,0.9722,76.7,-0.032,62.9,0.510,34.1,80.7,110,77.3,5.24,732,4.06,5.52,550.033,2242.89,0.029,0.0485,36.8483,6.79,4.92,37.1,32.7,0.813,271,221,81,0.81,0.294,0.0465,0.0465,1.035,1033,1033,15,1,115,36.9,113.0,110.3,39.3,40.5,113,39.5,110,40.6,87.7,40.2,35.9,44.8,4.65,4.65,3.69,-2.54,0.033136,2.54566936,0.221294,8.86251456
627.00,1,596.980,1,596.980,83.346,94.614,4921.492,12.346,0.9722,76.8,-0.035,62.9,0.510,34.1,110.0,110,77.3,5.25,732,4.17,5.52,550.146,2350.51,0.029,0.0485,36.8365,6.79,6.15,37.1,32.7,0.813,269,219,135,1.14,1.233,0.0465,0.0465,1.035,1033,1033,15,1,150,7.9,112.7,110.1,39.4,40.5,112,40.2,109,41.3,87.8,40.2,35.9,44.8,4.66,4.66,5.05,-3.94,0.033135,2.54852771,0.221334,8.87266885
628.00,1,597.980,1,597.980,83.371,94.615,4920.545,12.346,0.9721,76.7,0.207,62.9,0.510,34.1,90.8,110,77.3,5.25,732,4.12,5.51,550.146,2755.49,0.029,0.0485,36.8365,6.79,7.82,37.1,32.7,0.813,272,221,100,0.92,0.631,0.0465,0.0465,1.035,1033,1033,15,1,160,0.3,118.4,115.7,34.8,36.1,116,36.7,113,38.0,87.7,40.3,35.9,44.8,4.66,4.66,4.38,-3.97,0.033136,2.55138851,0.221365,8.88282586
629.00,1,598.980,1,598.980,83.422,94.616,4919.600,12.346,0.9720,76.7,-0.067,62.9,0.510,34.1,88.4,110,77.3,5.25,732,4.10,5.51,550.146,2650.99,0.029,0.0485,36.8365,6.79,6.36,37.1,32.7,0.811,266,215,93,0.92,0.486,0.0465,0.0465,1.034,1034,1034,15,1,138,17.9,116.6,113.9,36.5,37.7,116,37.3,113,38.6,87.7,40.3,35.9,44.8,4.66,4.66,3.69,-2.92,0.033139,2.55424777,0.221413,8.89298122
630.00,1,599.980,1,599.980,83.447,94.616,4918.652,12.346,0.9721,76.8,0.003,62.9,0.510,34.1,102.8,110,77.3,5.25,732,4.21,5.51,550.146,2247.13,0.029,0.0485,36.8365,6.79,4.88,37.1,32.7,0.814,272,221,122,1.05,1.027,0.0466,0.0466,1.034,1033,1033,15,1,115,36.8,114.2,111.5,38.4,39.6,114,38.5,111,39.7,87.7,40.3,35.9,44.8,4.66,4.66,5.08,-3.69,0.033141,2.55710701,0.221442,8.90313856
631.00,1,600.980,1,600.980,83.473,94.602,4917.706,12.346,0.9722,76.7,-0.034,62.9,0.510,34.1,83.1,110,77.3,5.25,732,4.07,5.51,550.146,2242.89,0.029,0.0485,36.8365,6.79,4.92,37.1,32.7,0.813,272,221,85,0.84,0.372,0.0466,0.0466,1.035,1033,1033,15,1,115,36.9,112.8,110.1,39.5,40.6,113,39.7,110,40.8,87.7,40.2,35.9,44.8,4.66,4.66,3.82,-2.61,0.033142,2.55996778,0.221481,8.91329637
632.00,1,601.980,1,601.980,83.523,94.605,4916.761,12.346,0.9722,76.8,0.017,62.9,0.510,34.1,108.4,110,77.3,5.25,732,4.15,5.51,550.290,2417.20,0.029,0.0485,36.8396,6.79,6.51,37.1,32.7,0.812,268,218,132,1.13,1.165,0.0466,0.0466,1.034,1033,1033,15,1,157,2.5,113.7,111.1,38.6,39.7,112,39.9,109,41.0,87.8,40.2,35.9,44.8,4.66,4.66,4.85,-4.14,0.033141,2.56282617,0.221524,8.92345323
633.00,1,602.980,1,602.980,83.549,94.609,4915.813,12.346,0.9721,76.7,0.164,62.9,0.510,34.1,93.6,110,77.3,5.25,731,4.13,5.51,550.290,2780.11,0.029,0.0485,36.8396,6.79,7.81,37.1,32.7,0.814,272,221,105,0.95,0.723,0.0466,0.0466,1.034,1033,1033,15,1,160,0.3,118.6,116.0,34.7,35.9,116,36.5,114,37.9,87.7,40.3,35.9,44.8,4.66,4.66,4.54,-3.93,0.033142,2.56568676,0.221553,8.93361309
634.00,1,603.980,1,603.980,83.600,94.611,4914.869,12.346,0.9720,76.7,-0.010,62.8,0.510,34.1,79.3,110,77.3,5.25,731,4.08,5.51,550.290,2589.78,0.029,0.0485,36.8396,6.79,5.96,37.1,32.7,0.812,269,218,77,0.80,0.224,0.0466,0.0466,1.034,1034,1034,15,1,131,24.1,116.1,113.4,36.9,38.1,115,37.4,113,38.7,87.7,40.3,35.9,44.8,4.66,4.66,3.51,-2.70,0.033145,2.56854650,0.221600,8.94377144
635.00,1,604.980,1,604.980,83.625,94.609,4913.922,12.346,0.9721,76.8,-0.018,62.8,0.510,34.1,106.0,110,77.3,5.25,731,4.19,5.51,550.290,2244.14,0.029,0.0485,36.8396,6.79,4.91,37.1,32.7,0.814,272,221,129,1.08,1.130,0.0466,0.0466,1.034,1033,1033,15,1,115,36.9,114.0,111.3,38.5,39.7,114,38.6,111,39.8,87.7,40.2,35.9,44.8,4.66,4.66,5.24,-3.82,0.033147,2.57140535,0.221632,8.95393103
636.00,1,605.980,1,605.980,83.650,94.588,4912.975,12.346,0.9722,76.7,0.027,62.8,0.509,34.1,85.5,110,77.3,5.25,731,4.08,5.51,550.290,2242.89,0.029,0.0485,36.8396,6.79,4.92,37.1,32.7,0.813,272,221,90,0.86,0.452,0.0466,0.0466,1.034,1033,1033,15,1,115,36.9,112.6,109.9,39.6,40.8,112,39.8,110,41.0,87.7,40.2,35.8,44.8,4.66,4.66,3.96,-2.69,0.033148,2.57426632,0.221668,8.96409198
637.00,1,606.980,1,606.980,83.701,94.597,4912.030,12.346,0.9722,76.8,0.145,62.8,0.509,34.1,104.5,110,77.3,5.25,731,4.13,5.50,550.416,2484.70,0.029,0.0485,36.8421,6.80,6.85,37.1,32.7,0.812,267,217,124,1.09,1.023,0.0467,0.0467,1.033,1033,1033,15,1,159,0.9,114.8,112.1,37.7,38.8,113,39.3,110,40.5,87.7,40.2,35.8,44.8,4.66,4.66,4.54,-4.18,0.033147,2.57712496,0.221714,8.97425153
638.00,1,607.980,1,607.980,83.726,94.603,4911.083,12.346,0.9720,76.7,0.098,62.8,0.509,34.1,96.6,110,77.3,5.26,731,4.15,5.50,550.416,2792.25,0.029,0.0485,36.8421,6.80,7.74,37.1,32.7,0.814,272,221,111,0.98,0.818,0.0467,0.0467,1.033,1033,1033,15,1,160,0.3,118.7,116.0,34.6,35.9,116,36.5,114,37.9,87.7,40.3,35.8,44.8,4.67,4.67,4.71,-3.85,0.033148,2.57998525,0.221742,8.98441409
639.00,1,608.980,1,608.980,83.776,94.604,4910.138,12.346,0.9720,76.7,0.046,62.7,0.509,34.1,78.4,110,77.3,5.26,731,4.06,5.50,550.416,2521.48,0.029,0.0485,36.8421,6.80,5.56,37.1,32.7,0.812,272,221,76,0.78,0.217,0.0467,0.0467,1.033,1034,1034,15,1,125,29.0,115.7,113.0,37.2,38.5,115,37.6,113,38.9,87.6,40.3,35.8,44.8,4.67,4.67,3.59,-2.71,0.033152,2.58284546,0.221786,8.99457552
640.00,1,609.980,1,609.980,83.801,94.602,4909.191,12.346,0.9721,76.8,-0.037,62.7,0.509,34.1,109.5,110,77.3,5.26,730,4.17,5.50,550.416,2243.26,0.029,0.0485,36.8421,6.80,4.92,37.1,32.7,0.813,271,220,135,1.13,1.224,0.0467,0.0467,1.033,1033,1033,15,1,115,36.9,113.9,111.2,38.7,39.8,114,38.8,111,40.0,87.7,40.2,35.8,44.8,4.67,4.67,5.23,-3.83,0.033153,2.58570407,0.221822,9.00473745
641.00,1,610.980,1,610.980,83.826,94.589,4908.245,12.346,0.9722,76.7,0.157,62.7,0.509,34.1,88.1,110,77.3,5.26,730,4.09,5.50,550.416,2242.89,0.029,0.0485,36.8421,6.80,4.92,37.1,32.7,0.813,272,221,95,0.89,0.537,0.0467,0.0467,1.033,1033,1033,15,1,115,36.9,112.4,109.8,39.8,40.9,112,40.0,109,41.1,87.7,40.2,35.8,44.8,4.67,4.67,4.11,-2.77,0.033153,2.58856517,0.221856,9.01490154
642.00,1,611.980,1,611.980,83.875,94.587,4907.300,12.346,0.9721,76.7,-0.090,62.7,0.509,34.1,97.8,110,77.3,5.26,730,4.11,5.50,550.526,2550.28,0.029,0.0485,36.8332,6.80,7.14,37.2,32.7,0.811,266,216,111,1.02,0.787,0.0467,0.0467,1.032,1033,1033,15,1,159,0.5,115.8,113.1,36.9,38.1,114,38.7,111,39.9,87.7,40.2,35.8,44.8,4.67,4.67,4.15,-4.04,0.033154,2.59142424,0.221903,9.02506402
643.00,1,612.980,1,612.980,83.900,94.591,4906.352,12.346,0.9720,76.8,0.043,62.7,0.509,34.1,99.6,110,77.3,5.26,730,4.18,5.50,550.526,2791.27,0.029,0.0485,36.8332,6.80,7.59,37.2,32.7,0.814,272,222,116,1.01,0.917,0.0467,0.0467,1.032,1033,1033,15,1,159,0.4,118.5,115.8,34.8,36.1,116,36.6,113,38.0,87.6,40.3,35.8,44.8,4.67,4.67,4.91,-3.87,0.033155,2.59428414,0.221931,9.03522915
644.00,1,613.980,1,613.980,83.949,94.592,4905.407,12.346,0.9720,76.7,-0.032,62.7,0.509,34.1,80.7,110,77.3,5.26,730,4.04,5.50,550.526,2448.44,0.029,0.0485,36.8332,6.80,5.15,37.2,32.7,0.812,272,221,81,0.81,0.290,0.0468,0.0468,1.032,1034,1034,15,1,121,32.4,115.4,112.7,37.5,38.7,115,37.8,112,39.0,87.6,40.3,35.8,44.8,4.67,4.67,3.72,-2.78,0.033158,2.59714478,0.221972,9.04539386
645.00,1,614.980,1,614.980,83.974,94.591,4904.462,12.346,0.9721,76.8,-0.035,62.7,0.509,34.1,109.9,110,77.3,5.26,730,4.15,5.50,550.526,2243.00,0.029,0.0485,36.8332,6.80,4.92,37.2,32.7,0.813,270,219,135,1.13,1.223,0.0468,0.0468,1.032,1033,1033,15,1,115,36.9,113.7,111.0,38.8,40.0,114,38.9,111,40.1,87.7,40.2,35.8,44.8,4.67,4.67,5.07,-3.72,0.033160,2.60000331,0.222012,9.05555831
646.00,1,615.980,1,615.980,83.998,94.583,4903.515,12.346,0.9722,76.7,0.207,62.6,0.509,34.1,90.8,110,77.3,5.26,729,4.10,5.50,550.526,2242.89,0.029,0.0485,36.8332,6.80,4.92,37.2,32.7,0.813,272,222,100,0.92,0.624,0.0468,0.0468,1.032,1033,1033,15,1,115,36.9,112.2,109.6,39.9,41.0,112,40.1,109,41.3,87.7,40.2,35.8,44.8,4.67,4.67,4.27,-2.85,0.033159,2.60286440,0.222043,9.06572550
647.00,1,616.980,1,616.980,84.047,94.580,4902.570,12.346,0.9721,76.7,-0.067,62.6,0.509,34.1,88.4,110,77.3,5.26,729,4.09,5.49,550.625,2611.78,0.029,0.0485,36.8247,6.80,7.40,37.2,32.7,0.811,266,216,93,0.91,0.479,0.0468,0.0468,1.031,1033,1033,15,1,159,0.4,116.7,114.0,36.2,37.4,114,38.0,112,39.3,87.7,40.2,35.8,44.8,4.67,4.67,3.80,-3.79,0.033160,2.60572398,0.222091,9.07589104
648.00,1,617.980,1,617.980,84.071,94.582,4901.623,12.346,0.9720,76.8,0.003,62.6,0.509,34.1,102.7,110,77.3,5.26,729,4.19,5.49,550.625,2776.98,0.029,0.0485,36.8247,6.80,7.38,37.2,32.7,0.814,272,222,122,1.05,1.019,0.0468,0.0468,1.031,1033,1033,15,1,158,1.4,118.2,115.5,35.1,36.4,116,36.8,113,38.1,87.6,40.3,35.8,44.8,4.67,4.67,5.13,-4.03,0.033161,2.60858346,0.222120,9.08605857
649.00,1,618.980,1,618.980,84.095,94.582,4900.677,12.346,0.9720,76.7,-0.034,62.6,0.509,34.1,83.1,110,77.3,5.26,729,4.05,5.49,550.625,2373.08,0.029,0.0485,36.8247,6.80,4.76,37.2,32.7,0.813,272,221,85,0.83,0.367,0.0468,0.0468,1.031,1034,1034,15,1,118,34.7,115.1,112.4,37.8,39.0,115,37.9,112,39.2,87.6,40.3,35.8,44.8,4.67,4.67,3.85,-2.86,0.033165,2.61144444,0.222159,9.09622660
650.00,1,619.980,1,619.980,84.144,94.567,4899.732,12.346,0.9721,76.8,0.017,62.6,0.509,34.1,108.3,110,77.3,5.26,729,4.13,5.49,550.625,2242.92,0.029,0.0485,36.8247,6.80,4.92,37.2,32.7,0.812,269,218,132,1.12,1.155,0.0468,0.0468,1.031,1033,1033,15,1,115,36.9,113.5,110.8,38.9,40.1,113,39.1,111,40.3,87.7,40.2,35.8,44.8,4.68,4.68,4.80,-3.52,0.033166,2.61430309,0.222202,9.10639372
651.00,1,620.980,1,620.980,84.168,94.569,4898.785,12.346,0.9722,76.7,0.164,62.6,0.509,34.1,93.6,110,77.3,5.27,729,4.12,5.49,550.625,2244.38,0.029,0.0485,36.8305,6.80,5.04,37.2,32.7,0.813,273,222,105,0.95,0.716,0.0468,0.0468,1.031,1033,1033,15,1,115,36.8,112.0,109.4,40.1,41.2,112,40.3,109,41.4,87.7,40.2,35.8,44.8,4.68,4.68,4.44,-2.98,0.033166,2.61716400,0.222231,9.11656384
652.00,1,621.980,1,621.980,84.217,94.574,4897.841,12.346,0.9721,76.7,-0.010,62.5,0.509,34.1,79.3,110,77.3,5.27,729,4.07,5.49,550.757,2667.13,0.029,0.0485,36.8305,6.80,7.60,37.2,32.7,0.811,269,219,77,0.80,0.220,0.0469,0.0469,1.031,1033,1033,15,1,160,0.3,117.4,114.7,35.6,36.8,115,37.5,112,38.8,87.7,40.2,35.7,44.8,4.68,4.68,3.62,-3.59,0.033166,2.62002408,0.222278,9.12673245
653.00,1,622.980,1,622.980,84.241,94.576,4896.894,12.346,0.9719,76.8,-0.018,62.5,0.509,34.1,106.0,110,77.3,5.27,728,4.17,5.49,550.757,2749.59,0.029,0.0485,36.8305,6.80,7.10,37.2,32.7,0.813,273,222,129,1.08,1.121,0.0469,0.0469,1.030,1034,1034,15,1,154,4.6,117.7,115.0,35.5,36.7,116,36.9,113,38.3,87.6,40.3,35.7,44.8,4.68,4.68,5.31,-4.18,0.033168,2.62288318,0.222309,9.13690227
654.00,1,623.980,1,623.980,84.266,94.576,4895.948,12.346,0.9719,76.7,0.027,62.5,0.509,34.1,85.6,110,77.3,5.27,728,4.06,5.49,550.757,2298.43,0.029,0.0485,36.8305,6.80,4.44,37.2,32.7,0.813,273,222,90,0.86,0.448,0.0469,0.0469,1.030,1034,1034,15,1,116,36.1,114.8,112.1,38.0,39.2,115,38.1,112,39.4,87.6,40.3,35.7,44.8,4.68,4.68,3.99,-2.94,0.033171,2.62574442,0.222346,9.14707348
655.00,1,624.980,1,624.980,84.314,94.553,4895.004,12.346,0.9721,76.8,0.145,62.5,0.508,34.1,104.4,110,77.3,5.27,728,4.11,5.49,550.757,2242.90,0.029,0.0485,36.8305,6.80,4.92,37.2,32.7,0.811,268,217,124,1.08,1.012,0.0469,0.0469,1.031,1033,1033,15,1,115,36.9,113.3,110.6,39.1,40.3,113,39.2,110,40.4,87.6,40.2,35.7,44.8,4.68,4.68,4.44,-3.24,0.033173,2.62860337,0.222392,9.15724335
656.00,1,625.980,1,625.980,84.338,94.558,4894.056,12.346,0.9721,76.7,0.098,62.5,0.509,34.1,96.5,110,77.3,5.27,728,4.14,5.49,550.757,2281.87,0.029,0.0485,36.8351,6.80,5.66,37.2,32.7,0.813,273,222,111,0.98,0.811,0.0469,0.0469,1.030,1033,1033,15,1,130,25.0,111.9,109.3,40.0,41.1,112,40.4,109,41.5,87.7,40.2,35.7,44.8,4.68,4.68,4.65,-3.21,0.033172,2.63146402,0.222419,9.16741620
657.00,1,626.980,1,626.980,84.386,94.568,4893.112,12.346,0.9721,76.7,0.046,62.5,0.508,34.1,78.5,110,77.3,5.27,728,4.05,5.49,550.874,2714.41,0.029,0.0485,36.8351,6.80,7.74,37.2,32.7,0.812,273,221,77,0.78,0.213,0.0469,0.0469,1.030,1033,1033,15,1,160,0.3,118.0,115.3,35.1,36.4,116,37.0,113,38.3,87.6,40.2,35.7,44.8,4.68,4.68,3.69,-3.55,0.033173,2.63432458,0.222463,9.17758791
658.00,1,627.980,1,627.980,84.411,94.570,4892.166,12.346,0.9719,76.8,-0.037,62.5,0.508,34.1,109.4,110,77.3,5.27,728,4.15,5.48,550.874,2709.88,0.029,0.0485,36.8351,6.80,6.78,37.2,32.7,0.813,271,221,135,1.12,1.215,0.0469,0.0469,1.030,1034,1034,15,1,148,10.2,117.2,114.5,36.0,37.2,116,37.1,113,38.4,87.5,40.3,35.7,44.8,4.68,4.68,5.31,-4.20,0.033175,2.63718345,0.222499,9.18776008
659.00,1,628.980,1,628.980,84.435,94.569,4891.219,12.346,0.9719,76.7,0.157,62.4,0.508,34.1,88.2,110,77.3,5.27,728,4.07,5.48,550.874,2259.68,0.029,0.0485,36.8351,6.80,4.77,37.2,32.7,0.813,273,222,95,0.89,0.532,0.0470,0.0470,1.030,1033,1033,15,1,116,36.7,114.5,111.8,38.2,39.4,114,38.3,112,39.5,87.6,40.3,35.7,44.8,4.68,4.68,4.14,-3.03,0.033178,2.64004483,0.222533,9.19793445
660.00,1,629.980,1,629.980,84.482,94.554,4890.275,12.346,0.9721,76.7,-0.090,62.4,0.508,34.1,97.7,110,77.4,5.27,727,4.09,5.48,550.874,2242.89,0.029,0.0485,36.8351,6.80,4.92,37.2,32.7,0.811,267,216,111,1.01,0.778,0.0470,0.0470,1.030,1033,1033,15,1,115,36.9,113.1,110.4,39.3,40.4,113,39.4,110,40.6,87.6,40.2,35.7,44.8,4.68,4.68,4.02,-2.90,0.033179,2.64290424,0.222580,9.20810722
661.00,1,630.980,1,630.980,84.506,94.552,4889.328,12.346,0.9721,76.8,0.043,62.4,0.508,34.1,99.5,110,77.3,5.27,727,4.16,5.48,550.874,2341.48,0.029,0.0485,36.8281,6.80,6.10,37.2,32.7,0.813,273,222,116,1.01,0.909,0.0470,0.0470,1.029,1033,1033,15,1,149,9.3,112.5,109.9,39.5,40.6,112,40.3,109,41.4,87.6,40.2,35.7,44.8,4.68,4.68,4.90,-3.64,0.033178,2.64576456,0.222608,9.21828263
662.00,1,631.980,1,631.980,84.553,95.012,4888.383,12.346,0.9720,76.7,0.007,62.3,0.507,34.1,80.6,110,77.3,5.26,727,4.03,5.47,550.978,2751.92,0.029,0.0485,36.8281,6.80,7.82,37.2,32.7,0.812,273,222,81,0.80,0.282,0.0470,0.0470,1.036,1033,1033,15,1,160,0.3,118.4,115.7,34.8,36.1,116,36.7,113,38.0,87.6,40.2,35.7,44.8,4.69,4.69,3.78,-3.51,0.033179,2.64862575,0.222649,9.22845772
663.00,1,632.980,1,632.980,84.566,95.462,4887.437,12.346,0.9719,76.8,-0.037,61.8,0.504,34.1,109.5,111,78.3,5.22,727,4.14,5.46,550.978,2659.06,0.029,0.0485,36.8281,6.80,6.41,37.2,32.7,0.813,272,221,135,1.12,1.228,0.0470,0.0470,1.050,1034,1034,15,1,139,17.0,116.6,114.0,36.4,37.7,116,37.2,113,38.6,87.5,40.3,35.7,44.8,4.69,4.69,5.33,-4.18,0.033182,2.65148720,0.222683,9.23863475
664.00,1,633.980,1,633.980,84.557,95.509,4886.491,12.346,0.9719,76.7,0.091,61.6,0.504,34.1,86.8,111,78.5,5.21,727,4.04,5.45,550.978,2247.87,0.029,0.0485,36.8281,6.80,4.87,37.2,32.7,0.813,273,222,92,0.87,0.488,0.0470,0.0470,1.054,1033,1033,15,1,115,36.8,114.2,111.5,38.3,39.5,114,38.4,111,39.7,87.5,40.3,35.7,44.8,4.69,4.69,4.05,-2.93,0.033185,2.65435340,0.222714,9.24881733
665.00,1,634.980,1,634.980,84.480,95.206,4885.546,12.346,0.9720,76.8,0.668,61.4,0.503,34.1,106.6,110,78.3,5.19,727,4.10,5.44,550.978,2242.89,0.029,0.0485,36.8281,6.80,4.92,37.2,32.7,0.812,269,218,128,1.11,1.090,0.0470,0.0470,1.053,1033,1033,15,1,115,36.9,112.8,110.2,39.4,40.6,113,39.6,110,40.8,87.6,40.2,35.7,44.8,4.69,4.69,4.63,-3.33,0.033186,2.65721836,0.222756,9.25900311
666.00,1,635.980,1,635.980,84.423,94.555,4884.600,12.346,0.9720,76.7,0.129,61.5,0.505,34.1,94.3,110,78.2,5.20,727,4.11,5.45,551.074,2407.85,0.029,0.0485,36.8351,6.80,6.47,37.2,32.7,0.813,273,222,106,0.96,0.734,0.0471,0.0471,1.045,1033,1033,15,1,156,2.9,113.4,110.9,38.7,39.9,112,40.0,109,41.1,87.6,40.2,35.7,44.8,4.69,4.69,4.65,-3.80,0.033185,2.66008410,0.222784,9.26919615
667.00,1,636.980,1,636.980,84.340,93.771,4883.657,12.346,0.9719,76.7,0.060,62.2,0.508,34.1,76.6,109,76.7,5.24,726,4.05,5.46,551.074,2778.19,0.029,0.0485,36.8351,6.80,7.82,37.2,32.7,0.812,273,222,73,0.76,0.147,0.0471,0.0471,1.026,1033,1033,15,1,160,0.3,118.6,116.0,34.6,35.9,116,36.5,114,37.9,87.5,40.2,35.7,44.8,4.69,4.69,3.59,-3.20,0.033186,2.66294611,0.222828,9.27938963
668.00,1,637.980,1,637.980,84.332,93.787,4882.712,12.346,0.9718,76.8,-0.026,62.2,0.509,34.1,106.9,109,76.6,5.24,726,4.15,5.46,551.074,2598.83,0.029,0.0485,36.8351,6.80,6.02,37.2,32.7,0.813,273,222,130,1.09,1.136,0.0471,0.0471,1.026,1034,1034,15,1,132,23.4,116.1,113.5,36.9,38.1,115,37.4,113,38.7,87.5,40.3,35.7,44.8,4.69,4.69,5.33,-4.13,0.033189,2.66580410,0.222861,9.28958321
669.00,1,638.980,1,638.980,84.344,93.885,4881.767,12.346,0.9719,76.7,0.091,62.2,0.509,34.1,86.4,109,76.7,5.24,726,4.05,5.46,551.074,2244.36,0.029,0.0485,36.8351,6.80,4.91,37.2,32.7,0.813,273,222,92,0.87,0.467,0.0471,0.0471,1.027,1033,1033,15,1,115,36.9,114.0,111.3,38.5,39.7,114,38.6,111,39.8,87.5,40.3,35.7,44.8,4.69,4.69,4.07,-2.91,0.033191,2.66866300,0.222896,9.29977589
670.00,1,639.980,1,639.980,84.416,94.136,4880.823,12.346,0.9720,76.7,-0.076,62.1,0.508,34.1,101.1,109,76.9,5.24,726,4.09,5.46,551.074,2242.89,0.029,0.0485,36.8351,6.80,4.92,37.2,32.7,0.811,268,217,118,1.05,0.888,0.0471,0.0471,1.030,1033,1033,15,1,115,36.9,112.6,110.0,39.6,40.7,112,39.8,110,40.9,87.5,40.2,35.7,44.8,4.69,4.69,4.22,-3.02,0.033192,2.67151930,0.222943,9.30996336
671.00,1,640.980,1,640.980,84.467,94.252,4879.876,12.346,0.9720,76.7,0.071,62.1,0.508,34.1,97.8,110,77.1,5.25,726,4.14,5.46,551.165,2475.57,0.029,0.0485,36.8400,6.80,6.81,37.2,32.7,0.813,274,222,113,0.99,0.847,0.0471,0.0471,1.031,1033,1033,15,1,159,1.0,114.5,111.9,37.8,39.0,113,39.4,110,40.6,87.5,40.2,35.6,44.8,4.69,4.69,4.90,-4.25,0.033192,2.67437705,0.222970,9.32014985
672.00,1,641.980,1,641.980,84.583,94.895,4878.932,12.346,0.9719,76.7,0.046,62.0,0.506,34.1,79.4,110,77.3,5.24,726,4.03,5.45,551.165,2792.15,0.029,0.0485,36.8400,6.80,7.75,37.2,32.7,0.812,273,222,79,0.79,0.242,0.0471,0.0471,1.039,1033,1033,15,1,160,0.3,118.7,116.0,34.6,35.9,116,36.5,114,37.8,87.5,40.3,35.6,44.8,4.69,4.69,3.68,-3.06,0.033193,2.67723569,0.223013,9.33033217
673.00,1,642.980,1,642.980,84.631,95.405,4877.985,12.346,0.9718,76.8,-0.026,61.5,0.504,34.1,107.8,111,78.3,5.20,725,4.14,5.44,551.165,2531.19,0.029,0.0485,36.8400,6.80,5.61,37.2,32.7,0.813,273,222,132,1.10,1.175,0.0472,0.0472,1.053,1034,1034,15,1,126,28.4,115.7,113.0,37.2,38.4,115,37.6,112,38.9,87.4,40.3,35.6,44.8,4.70,4.70,5.33,-4.09,0.033197,2.68009547,0.223046,9.34051416
674.00,1,643.980,1,643.980,84.656,95.499,4877.039,12.346,0.9719,76.7,0.027,61.3,0.503,34.1,85.6,111,78.6,5.19,725,4.03,5.44,551.165,2243.32,0.029,0.0485,36.8400,6.80,4.92,37.2,32.7,0.813,273,222,90,0.86,0.445,0.0472,0.0472,1.057,1033,1033,15,1,115,36.9,113.8,111.1,38.7,39.9,114,38.8,111,40.0,87.5,40.3,35.6,44.8,4.70,4.70,3.97,-2.82,0.033199,2.68296039,0.223080,9.35069937
675.00,1,644.980,1,644.980,84.640,95.247,4876.094,12.346,0.9720,76.8,0.017,61.2,0.503,34.1,108.7,110,78.4,5.18,725,4.10,5.43,551.165,2242.89,0.029,0.0485,36.8400,6.80,4.92,37.2,32.7,0.812,270,219,132,1.12,1.165,0.0472,0.0472,1.056,1033,1033,15,1,115,36.9,112.4,109.8,39.8,40.9,112,39.9,109,41.1,87.5,40.2,35.6,44.8,4.70,4.70,4.83,-3.41,0.033200,2.68582448,0.223121,9.36088680
676.00,1,645.980,1,645.980,84.608,95.078,4875.148,12.346,0.9719,76.7,0.198,61.2,0.503,34.1,91.7,110,78.3,5.18,725,4.07,5.43,551.300,2541.72,0.029,0.0485,36.8544,6.81,7.11,37.2,32.7,0.813,274,222,101,0.93,0.644,0.0472,0.0472,1.054,1033,1033,15,1,159,0.5,115.5,112.9,37.0,38.2,113,38.8,111,40.0,87.5,40.2,35.6,44.8,4.70,4.70,4.50,-4.15,0.033200,2.68869116,0.223148,9.37108155
677.00,1,646.980,1,646.980,84.523,94.784,4874.205,12.346,0.9718,76.7,-0.072,61.2,0.503,34.1,93.9,110,78.0,5.17,725,4.06,5.42,551.300,2793.00,0.029,0.0485,36.8544,6.81,7.62,37.2,32.7,0.811,267,217,103,0.98,0.644,0.0472,0.0472,1.053,1033,1033,15,1,160,0.4,118.5,115.9,34.8,36.0,116,36.6,113,38.0,87.4,40.3,35.6,44.8,4.70,4.70,3.97,-3.23,0.033202,2.69155599,0.223193,9.38127892
678.00,1,647.980,1,647.980,84.478,94.673,4873.259,12.346,0.9717,76.8,0.043,61.1,0.503,34.1,98.9,110,77.8,5.16,725,4.14,5.42,551.300,2458.45,0.029,0.0485,36.8544,6.81,5.20,37.2,32.7,0.813,274,223,115,1.00,0.881,0.0472,0.0472,1.052,1034,1034,15,1,121,32.1,115.3,112.6,37.5,38.8,115,37.8,112,39.1,87.4,40.3,35.6,44.8,4.70,4.70,4.90,-3.66,0.033205,2.69442044,0.223219,9.39148226
679.00,1,648.980,1,648.980,84.408,93.602,4872.316,12.346,0.9718,76.7,-0.032,61.7,0.507,34.1,79.8,109,76.8,5.20,725,4.01,5.43,551.300,2243.02,0.029,0.0485,36.8544,6.81,4.92,37.2,32.7,0.812,273,222,79,0.80,0.246,0.0472,0.0472,1.032,1033,1033,15,1,115,36.9,113.6,110.9,38.8,40.0,113,39.0,111,40.2,87.4,40.3,35.6,44.8,4.70,4.70,3.71,-2.62,0.033207,2.69728338,0.223260,9.40168664
680.00,1,649.980,1,649.980,84.406,93.528,4871.372,12.346,0.9719,76.8,-0.035,61.8,0.508,34.1,108.7,109,76.5,5.22,724,4.12,5.43,551.300,2242.89,0.029,0.0485,36.8544,6.81,4.92,37.2,32.7,0.812,271,220,133,1.12,1.163,0.0473,0.0473,1.028,1033,1033,15,1,115,36.9,112.2,109.5,39.9,41.0,112,40.1,109,41.3,87.5,40.2,35.6,44.8,4.70,4.70,5.04,-3.52,0.033207,2.70014093,0.223299,9.41188926
681.00,1,650.980,1,650.980,84.430,93.625,4870.427,12.346,0.9719,76.7,0.207,61.9,0.508,34.1,90.1,109,76.5,5.22,724,4.07,5.43,551.430,2604.05,0.029,0.0485,36.8750,6.81,7.37,37.2,32.7,0.813,274,223,99,0.90,0.586,0.0473,0.0473,1.029,1033,1033,15,1,159,0.4,116.4,113.8,36.3,37.5,114,38.2,111,39.4,87.4,40.2,35.6,44.8,4.70,4.70,4.45,-4.20,0.033207,2.70299890,0.223331,9.42209091
682.00,1,651.980,1,651.980,84.539,93.965,4869.483,12.346,0.9717,76.7,-0.067,61.9,0.507,34.1,88.6,109,76.8,5.23,724,4.05,5.44,551.430,2780.48,0.029,0.0485,36.8750,6.81,7.41,37.2,32.7,0.810,267,217,94,0.91,0.473,0.0473,0.0473,1.031,1033,1033,15,1,159,1.2,118.2,115.5,35.0,36.3,116,36.8,113,38.1,87.4,40.3,35.6,44.8,4.70,4.70,3.75,-3.02,0.033209,2.70585457,0.223379,9.43228607
683.00,1,652.980,1,652.980,84.612,94.579,4868.536,12.346,0.9717,76.8,0.021,61.7,0.506,34.1,100.9,110,77.0,5.22,724,4.14,5.43,551.430,2383.08,0.029,0.0485,36.8750,6.81,4.81,37.2,32.7,0.813,274,223,119,1.02,0.946,0.0473,0.0473,1.040,1034,1034,15,1,118,34.5,115.0,112.3,37.8,39.0,115,37.9,112,39.2,87.4,40.3,35.6,44.8,4.70,4.70,4.98,-3.68,0.033212,2.70871141,0.223406,9.44247895
684.00,1,653.980,1,653.980,84.732,95.310,4867.591,12.346,0.9718,76.7,0.007,61.0,0.502,34.1,80.8,110,78.4,5.17,724,4.01,5.42,551.430,2242.93,0.029,0.0485,36.8750,6.81,4.92,37.2,32.7,0.812,274,222,81,0.80,0.284,0.0473,0.0473,1.059,1033,1033,15,1,115,36.9,113.4,110.7,39.0,40.2,113,39.1,110,40.3,87.4,40.3,35.6,44.8,4.70,4.70,3.69,-2.59,0.033214,2.71157253,0.223446,9.45266964
685.00,1,654.980,1,654.980,84.762,95.291,4866.645,12.346,0.9719,76.8,-0.037,61.0,0.502,34.1,109.1,110,78.5,5.17,724,4.12,5.42,551.430,2242.89,0.029,0.0485,36.8750,6.81,4.92,37.2,32.7,0.813,273,222,134,1.11,1.204,0.0473,0.0473,1.059,1033,1033,15,1,115,36.9,111.9,109.3,40.1,41.2,112,40.3,109,41.4,87.5,40.2,35.6,44.8,4.71,4.71,5.22,-3.58,0.033214,2.71443440,0.223480,9.46286077
686.00,1,655.980,1,655.980,84.773,95.189,4865.700,12.346,0.9718,76.7,0.091,61.0,0.502,34.1,86.5,110,78.4,5.17,724,4.02,5.41,551.567,2660.51,0.029,0.0485,36.8695,6.81,7.58,37.2,32.7,0.812,274,223,92,0.87,0.471,0.0473,0.0473,1.058,1033,1033,15,1,160,0.3,117.2,114.5,35.7,37.0,115,37.6,112,38.9,87.4,40.2,35.6,44.8,4.71,4.71,4.18,-4.00,0.033215,2.71730009,0.223514,9.47305625
687.00,1,656.980,1,656.980,84.755,94.927,4864.756,12.346,0.9717,76.7,0.668,60.9,0.502,34.1,106.9,110,78.2,5.17,723,4.08,5.41,551.567,2754.77,0.029,0.0485,36.8695,6.81,7.14,37.2,32.7,0.811,270,219,129,1.10,1.091,0.0474,0.0474,1.055,1034,1034,15,1,155,4.0,117.7,115.0,35.5,36.7,116,36.9,113,38.3,87.3,40.4,35.6,44.8,4.71,4.71,4.79,-3.87,0.033218,2.72016379,0.223556,9.48325362
688.00,1,657.980,1,657.980,84.734,94.805,4863.810,12.346,0.9717,76.7,0.164,60.9,0.502,34.1,92.9,110,78.0,5.16,723,4.07,5.41,551.567,2307.51,0.029,0.0485,36.8695,6.81,4.44,37.2,32.7,0.813,274,223,104,0.94,0.679,0.0474,0.0474,1.054,1034,1034,15,1,116,36.0,114.7,112.0,38.0,39.3,115,38.1,112,39.4,87.3,40.3,35.6,44.8,4.71,4.71,4.46,-3.27,0.033221,2.72302927,0.223583,9.49345739
689.00,1,658.980,1,658.980,84.685,94.606,4862.867,12.346,0.9718,76.7,-0.067,60.9,0.503,34.1,88.8,110,77.8,5.15,723,4.04,5.40,551.567,2242.90,0.029,0.0485,36.8695,6.81,4.92,37.2,32.7,0.811,268,217,94,0.92,0.480,0.0474,0.0474,1.054,1033,1033,15,1,115,36.9,113.2,110.5,39.1,40.3,113,39.3,110,40.5,87.4,40.3,35.6,44.8,4.71,4.71,3.72,-2.67,0.033223,2.72589318,0.223628,9.50366247
690.00,1,659.980,1,659.980,84.663,94.546,4861.921,12.346,0.9718,76.8,0.021,60.9,0.503,34.1,100.2,110,77.8,5.15,723,4.13,5.40,551.567,2274.63,0.029,0.0485,36.8840,6.81,5.59,37.2,32.7,0.813,274,223,117,1.01,0.917,0.0474,0.0474,1.054,1033,1033,15,1,126,27.8,111.8,109.2,40.1,41.2,111,40.4,109,41.5,87.4,40.2,35.6,44.8,4.71,4.71,4.94,-3.39,0.033222,2.72875653,0.223655,9.51387182
691.00,1,660.980,1,660.980,84.629,94.483,4860.978,12.346,0.9718,76.7,0.007,60.8,0.503,34.1,80.0,109,77.7,5.15,723,4.00,5.39,551.699,2709.17,0.029,0.0485,36.8840,6.81,7.73,37.2,32.7,0.812,274,222,79,0.80,0.250,0.0474,0.0474,1.054,1033,1033,15,1,160,0.3,117.8,115.1,35.2,36.5,116,37.1,113,38.4,87.4,40.3,35.6,44.8,4.71,4.71,3.81,-3.64,0.033223,2.73162028,0.223695,9.52408237
692.00,1,661.980,1,661.980,84.618,94.470,4860.033,12.346,0.9716,76.8,-0.037,60.8,0.502,34.1,108.3,109,77.7,5.14,723,4.12,5.39,551.699,2716.56,0.029,0.0485,36.8840,6.81,6.82,37.2,32.7,0.813,273,222,132,1.11,1.168,0.0474,0.0474,1.055,1034,1034,15,1,149,9.4,117.1,114.5,36.0,37.2,116,37.1,113,38.4,87.3,40.4,35.6,44.8,4.71,4.71,5.35,-4.22,0.033226,2.73448158,0.223728,9.53429360
693.00,1,662.980,1,662.980,84.612,94.463,4859.088,12.346,0.9716,76.7,0.091,60.8,0.502,34.1,86.0,109,77.7,5.14,722,4.02,5.39,551.699,2262.52,0.029,0.0485,36.8840,6.81,4.74,37.2,32.7,0.812,274,223,91,0.86,0.448,0.0474,0.0474,1.055,1034,1034,15,1,116,36.7,114.4,111.7,38.2,39.4,114,38.3,112,39.5,87.3,40.4,35.6,44.8,4.71,4.71,4.05,-2.97,0.033229,2.73734495,0.223761,9.54450690
694.00,1,663.980,1,663.980,84.613,94.453,4858.145,12.346,0.9718,76.7,0.668,60.7,0.502,34.1,106.5,109,77.7,5.13,722,4.08,5.39,551.699,2242.89,0.029,0.0485,36.8840,6.81,4.92,37.2,32.7,0.811,270,219,128,1.10,1.072,0.0475,0.0475,1.056,1033,1033,15,1,115,36.9,112.9,110.3,39.3,40.5,113,39.5,110,40.6,87.3,40.2,35.5,44.8,4.71,4.71,4.69,-3.39,0.033230,2.74020575,0.223804,9.55471835
695.00,1,664.980,1,664.980,84.619,94.461,4857.199,12.346,0.9718,76.7,0.164,60.7,0.502,34.1,92.7,109,77.7,5.13,722,4.06,5.39,551.699,2332.56,0.029,0.0485,36.8932,6.81,6.04,37.2,32.7,0.813,274,223,103,0.93,0.669,0.0475,0.0475,1.056,1033,1033,15,1,147,10.9,112.2,109.7,39.7,40.8,111,40.4,109,41.5,87.4,40.2,35.5,44.8,4.71,4.71,4.47,-3.29,0.033229,2.74306837,0.223831,9.56493206
696.00,1,665.980,1,665.980,84.640,94.486,4856.256,12.346,0.9717,76.7,-0.067,60.6,0.502,34.1,88.7,109,77.7,5.13,722,4.04,5.38,551.838,2748.26,0.029,0.0485,36.8932,6.81,7.82,37.2,32.7,0.810,268,217,94,0.91,0.476,0.0475,0.0475,1.057,1033,1033,15,1,160,0.3,118.2,115.6,34.9,36.1,116,36.7,113,38.1,87.3,40.3,35.5,44.9,4.71,4.71,3.85,-3.64,0.033231,2.74592974,0.223876,9.57514333
697.00,1,666.980,1,666.980,84.655,94.498,4855.310,12.346,0.9715,76.8,0.021,60.6,0.502,34.1,100.2,109,77.8,5.13,722,4.12,5.38,551.838,2667.02,0.029,0.0485,36.8932,6.81,6.46,37.2,32.7,0.813,274,223,117,1.01,0.914,0.0475,0.0475,1.057,1034,1034,15,1,140,16.2,116.5,113.9,36.5,37.7,116,37.3,113,38.6,87.2,40.4,35.5,44.9,4.72,4.72,4.99,-3.82,0.033234,2.74879106,0.223903,9.58535585
698.00,1,667.980,1,667.980,84.690,94.514,4854.367,12.346,0.9716,76.7,0.007,60.6,0.502,34.1,80.0,109,77.8,5.13,722,4.00,5.38,551.838,2248.71,0.029,0.0485,36.8932,6.81,4.87,37.2,32.7,0.812,274,223,80,0.80,0.252,0.0475,0.0475,1.058,1033,1033,15,1,115,36.9,114.2,111.4,38.3,39.6,114,38.4,111,39.7,87.2,40.4,35.5,44.9,4.72,4.72,3.70,-2.68,0.033237,2.75165340,0.223944,9.59556741
699.00,1,668.980,1,668.980,84.709,94.508,4853.422,12.346,0.9717,76.8,-0.037,60.6,0.502,34.1,108.3,109,77.8,5.13,722,4.11,5.38,551.838,2242.89,0.029,0.0485,36.8932,6.81,4.92,37.2,32.7,0.813,273,222,133,1.10,1.167,0.0475,0.0475,1.058,1033,1033,15,1,115,37.0,112.7,110.0,39.5,40.6,112,39.7,110,40.8,87.3,40.2,35.5,44.9,4.72,4.72,5.25,-3.70,0.033238,2.75451387,0.223979,9.60577825
700.00,1,669.980,1,669.980,84.729,94.512,4852.477,12.346,0.9718,76.7,0.091,60.6,0.502,34.1,86.1,109,77.8,5.13,721,4.01,5.38,551.985,2398.59,0.029,0.0486,36.8994,6.81,6.42,37.2,32.7,0.812,274,223,91,0.86,0.450,0.0475,0.0475,1.058,1033,1033,15,1,156,3.4,113.2,110.6,38.9,40.0,112,40.1,109,41.2,87.3,40.2,35.5,44.9,4.72,4.72,4.12,-3.39,0.033238,2.75737676,0.224013,9.61599040
701.00,1,670.980,1,670.980,84.772,94.525,4851.534,12.346,0.9716,76.7,0.668,60.5,0.502,34.1,106.5,109,77.8,5.13,721,4.07,5.38,551.985,2776.28,0.029,0.0486,36.8994,6.81,7.83,37.2,32.7,0.811,270,219,128,1.10,1.071,0.0476,0.0476,1.058,1033,1033,15,1,160,0.3,118.5,115.8,34.7,36.0,116,36.5,113,37.9,87.2,40.4,35.5,44.9,4.72,4.72,4.85,-4.33,0.033239,2.76023729,0.224056,9.62620052
702.00,1,671.980,1,671.980,84.795,94.530,4850.588,12.346,0.9715,76.7,0.164,60.5,0.502,34.1,92.8,109,77.8,5.13,721,4.05,5.38,551.985,2607.75,0.028,0.0486,36.8994,6.81,6.07,37.2,32.7,0.813,274,223,104,0.93,0.670,0.0476,0.0476,1.058,1034,1034,15,1,133,22.7,116.0,113.4,36.9,38.1,115,37.5,113,38.8,87.2,40.4,35.5,44.9,4.72,4.72,4.47,-3.39,0.033242,2.76309982,0.224084,9.63641311
703.00,1,672.980,1,672.980,84.841,94.531,4849.645,12.346,0.9716,76.7,-0.067,60.5,0.501,34.1,88.8,109,77.8,5.13,721,4.03,5.38,551.985,2244.61,0.029,0.0486,36.8994,6.81,4.90,37.2,32.7,0.810,268,217,94,0.91,0.474,0.0476,0.0476,1.058,1033,1033,15,1,115,36.9,114.0,111.3,38.5,39.7,114,38.6,111,39.8,87.2,40.3,35.5,44.9,4.72,4.72,3.73,-2.76,0.033245,2.76596134,0.224130,9.64662374
704.00,1,673.980,1,673.980,84.864,94.521,4848.699,12.346,0.9717,76.8,0.021,60.5,0.501,34.1,100.2,109,77.8,5.13,721,4.11,5.37,551.985,2242.89,0.029,0.0486,36.8994,6.81,4.92,37.2,32.7,0.813,274,223,117,1.01,0.912,0.0476,0.0476,1.058,1033,1033,15,1,115,37.0,112.5,109.8,39.7,40.8,112,39.8,110,41.0,87.3,40.2,35.5,44.9,4.72,4.72,4.94,-3.35,0.033245,2.76882298,0.224158,9.65683618
705.00,1,674.980,1,674.980,84.912,94.518,4847.755,12.346,0.9717,76.7,0.007,60.5,0.501,34.1,80.1,109,77.8,5.13,721,3.99,5.37,552.140,2466.50,0.029,0.0486,36.9015,6.82,6.76,37.2,32.7,0.812,274,223,80,0.79,0.251,0.0476,0.0476,1.057,1033,1033,15,1,158,1.1,114.3,111.7,38.0,39.2,112,39.6,110,40.7,87.3,40.2,35.5,44.9,4.72,4.72,3.80,-3.44,0.033246,2.77168564,0.224198,9.66704824
706.00,1,675.980,1,675.980,84.936,94.522,4846.811,12.346,0.9715,76.8,-0.037,60.5,0.501,34.1,108.3,109,77.8,5.13,721,4.10,5.37,552.140,2792.03,0.029,0.0486,36.9015,6.82,7.77,37.2,32.7,0.813,273,222,133,1.10,1.164,0.0476,0.0476,1.057,1033,1033,15,1,160,0.3,118.6,115.9,34.7,35.9,116,36.5,113,37.9,87.2,40.4,35.5,44.9,4.72,4.72,5.39,-4.52,0.033247,2.77454634,0.224234,9.67726017
707.00,1,676.980,1,676.980,84.960,94.524,4845.866,12.346,0.9715,76.7,0.091,60.4,0.501,34.1,86.1,109,77.8,5.14,720,4.00,5.37,552.140,2540.74,0.028,0.0486,36.9015,6.82,5.66,37.2,32.7,0.812,275,223,91,0.86,0.448,0.0476,0.0476,1.057,1034,1034,15,1,126,27.9,115.6,112.9,37.2,38.4,115,37.6,112,38.9,87.2,40.4,35.5,44.9,4.72,4.72,4.07,-3.07,0.033250,2.77740943,0.224268,9.68747395
708.00,1,677.980,1,677.980,85.010,94.522,4844.922,12.346,0.9716,76.7,0.668,60.4,0.501,34.1,106.5,109,77.9,5.14,720,4.06,5.37,552.140,2243.40,0.029,0.0486,36.9015,6.82,4.91,37.2,32.7,0.811,270,219,128,1.09,1.067,0.0477,0.0477,1.057,1033,1033,15,1,115,36.9,113.8,111.0,38.7,39.9,114,38.8,111,40.0,87.2,40.3,35.5,44.9,4.73,4.73,4.72,-3.51,0.033253,2.78027025,0.224311,9.69768617
709.00,1,678.980,1,678.980,85.034,94.511,4843.977,12.346,0.9717,76.7,0.164,60.4,0.501,34.1,92.8,109,77.9,5.13,720,4.04,5.37,552.140,2242.89,0.029,0.0486,36.9015,6.82,4.92,37.2,32.7,0.813,275,223,104,0.93,0.667,0.0477,0.0477,1.057,1033,1033,15,1,115,37.0,112.2,109.6,39.8,40.9,112,40.0,109,41.2,87.3,40.2,35.5,44.9,4.73,4.73,4.43,-2.98,0.033253,2.78313311,0.224340,9.70790122
710.00,1,679.980,1,679.980,85.084,94.507,4843.034,12.397,0.9717,76.7,-0.067,60.4,0.501,34.1,88.7,109,77.8,5.14,720,4.02,5.37,552.299,2542.48,0.029,0.0486,36.9011,6.85,7.11,37.2,32.7,0.810,268,217,94,0.91,0.471,0.0477,0.0477,1.057,1033,1033,15,1,159,0.5,115.5,112.8,37.0,38.2,113,38.8,111,40.0,87.3,40.3,35.5,44.9,4.73,4.73,3.85,-3.74,0.033253,2.78599489,0.224386,9.71811455
711.00,1,680.980,1,680.980,85.110,94.511,4842.088,12.397,0.9715,76.8,0.021,60.4,0.501,34.1,100.1,109,77.9,5.14,720,4.11,5.37,552.299,2793.97,0.029,0.0486,36.9011,6.85,7.62,37.2,32.7,0.813,275,223,117,1.01,0.909,0.0477,0.0477,1.056,1033,1033,15,1,160,0.4,118.4,115.7,34.8,36.1,116,36.7,113,38.0,87.2,40.4,35.5,44.9,4.73,4.73,5.00,-3.94,0.033255,2.78885664,0.224413,9.72832988
712.00,1,681.980,1,681.980,85.161,94.512,4841.145,12.397,0.9715,76.7,0.007,60.3,0.501,34.1,80.1,109,77.9,5.14,720,3.98,5.37,552.299,2457.67,0.028,0.0486,36.9011,6.85,5.20,37.2,32.7,0.812,275,223,80,0.79,0.250,0.0477,0.0477,1.056,1034,1034,15,1,121,32.1,115.3,112.5,37.5,38.8,115,37.8,112,39.1,87.2,40.4,35.5,44.9,4.73,4.73,3.71,-2.78,0.033258,2.79171940,0.224454,9.73854498
713.00,1,682.980,1,682.980,85.187,94.510,4840.200,12.397,0.9716,76.7,-0.037,60.3,0.501,34.1,108.3,109,77.9,5.14,720,4.09,5.37,552.299,2243.02,0.029,0.0486,36.9011,6.85,4.92,37.2,32.7,0.812,274,222,133,1.10,1.159,0.0477,0.0477,1.056,1033,1033,15,1,115,36.9,113.5,110.8,38.8,40.0,113,39.0,111,40.2,87.2,40.3,35.5,44.9,4.73,4.73,5.28,-3.83,0.033260,2.79458028,0.224490,9.74876005
714.00,1,683.980,1,683.980,85.213,94.502,4839.255,12.397,0.9717,76.7,0.091,60.3,0.501,34.1,86.1,109,77.9,5.14,719,3.99,5.36,552.299,2242.89,0.029,0.0486,36.9011,6.85,4.92,37.2,32.7,0.812,275,223,91,0.86,0.446,0.0478,0.0478,1.056,1033,1033,15,1,115,36.9,112.0,109.4,40.0,41.1,112,40.2,109,41.3,87.3,40.2,35.4,44.9,4.73,4.73,4.03,-2.69,0.033260,2.79744360,0.224524,9.75897701
715.00,1,684.980,1,684.980,85.265,94.497,4838.312,12.397,0.9716,76.7,0.668,60.3,0.501,34.1,106.4,109,77.9,5.14,719,4.05,5.36,552.460,2613.45,0.029,0.0485,36.8844,6.85,7.41,37.2,32.7,0.811,271,220,128,1.09,1.063,0.0478,0.0478,1.056,1033,1033,15,1,159,0.4,116.5,113.9,36.2,37.4,114,38.1,112,39.3,87.2,40.3,35.4,44.9,4.73,4.73,4.87,-4.63,0.033260,2.80030454,0.224568,9.76919240
716.00,1,685.980,1,685.980,85.291,94.501,4837.366,12.397,0.9715,76.7,0.164,60.3,0.501,34.1,92.8,109,77.9,5.14,719,4.04,5.36,552.460,2778.38,0.029,0.0485,36.8844,6.85,7.38,37.2,32.7,0.812,275,223,104,0.93,0.664,0.0478,0.0478,1.056,1033,1033,15,1,158,1.4,118.0,115.4,35.1,36.4,116,36.8,113,38.2,87.2,40.4,35.4,44.9,4.73,4.73,4.48,-3.51,0.033262,2.80316740,0.224596,9.77941062
717.00,1,686.980,1,686.980,85.344,94.502,4836.424,12.397,0.9715,76.7,-0.067,60.3,0.501,34.1,88.7,109,77.9,5.14,719,4.01,5.36,552.460,2371.20,0.029,0.0485,36.8844,6.85,4.75,37.2,32.7,0.810,269,218,94,0.91,0.469,0.0478,0.0478,1.056,1034,1034,15,1,118,34.8,115.0,112.2,37.8,39.0,115,37.9,112,39.2,87.2,40.4,35.4,44.9,4.73,4.73,3.76,-2.87,0.033265,2.80602917,0.224642,9.78962711
718.00,1,687.980,1,687.980,85.370,94.501,4835.478,12.397,0.9716,76.7,0.021,60.2,0.501,34.1,100.1,109,77.9,5.14,719,4.10,5.36,552.460,2242.92,0.029,0.0485,36.8844,6.85,4.92,37.2,32.7,0.813,275,223,117,1.01,0.906,0.0478,0.0478,1.055,1033,1033,15,1,115,36.9,113.3,110.6,39.0,40.2,113,39.2,110,40.4,87.2,40.3,35.4,44.9,4.73,4.73,4.95,-3.46,0.033266,2.80889102,0.224670,9.79984561
719.00,1,688.980,1,688.980,85.422,94.490,4834.535,12.397,0.9717,76.7,0.007,60.2,0.501,34.1,80.1,109,77.9,5.14,719,3.97,5.36,552.460,2247.17,0.029,0.0485,36.8733,6.85,5.15,37.2,32.7,0.812,275,223,80,0.79,0.248,0.0478,0.0478,1.055,1033,1033,15,1,116,36.6,111.8,109.2,40.1,41.2,112,40.3,109,41.4,87.2,40.2,35.4,44.9,4.73,4.73,3.67,-2.50,0.033266,2.81175390,0.224710,9.81006386
720.00,1,689.980,1,689.980,85.449,94.488,4833.590,12.397,0.9716,76.7,-0.037,60.2,0.501,34.1,108.2,109,77.9,5.14,718,4.08,5.36,552.610,2676.38,0.029,0.0485,36.8733,6.85,7.63,37.2,32.7,0.812,274,223,133,1.10,1.155,0.0478,0.0478,1.055,1033,1033,15,1,160,0.3,117.4,114.7,35.5,36.8,115,37.4,112,38.7,87.2,40.3,35.4,44.9,4.74,4.74,5.45,-5.03,0.033266,2.81461478,0.224746,9.82028204
721.00,1,690.980,1,690.980,85.475,94.492,4832.646,12.397,0.9715,76.7,0.091,60.2,0.501,34.1,86.1,109,77.9,5.15,718,3.99,5.36,552.610,2745.64,0.029,0.0485,36.8733,6.85,7.06,37.2,32.7,0.812,275,223,91,0.86,0.444,0.0479,0.0479,1.055,1034,1034,15,1,153,5.4,117.5,114.8,35.6,36.9,116,37.0,113,38.3,87.1,40.4,35.4,44.9,4.74,4.74,4.08,-3.17,0.033268,2.81747799,0.224780,9.83050210
722.00,1,691.980,1,691.980,85.528,94.493,4831.703,12.397,0.9715,76.7,0.668,60.2,0.500,34.1,106.4,109,77.9,5.15,718,4.04,5.35,552.610,2288.20,0.029,0.0485,36.8733,6.85,4.52,37.2,32.7,0.811,271,220,128,1.09,1.059,0.0479,0.0479,1.055,1034,1034,15,1,116,36.3,114.7,111.9,38.0,39.3,115,38.1,112,39.4,87.2,40.3,35.4,44.9,4.74,4.74,4.75,-3.66,0.033271,2.82033886,0.224824,9.84072059
723.00,1,692.980,1,692.980,85.554,94.491,4830.757,12.397,0.9716,76.7,0.164,60.2,0.500,34.1,92.8,109,77.9,5.15,718,4.03,5.35,552.610,2242.90,0.029,0.0485,36.8733,6.85,4.92,37.2,32.7,0.812,275,224,104,0.93,0.662,0.0479,0.0479,1.055,1033,1033,15,1,115,36.9,113.0,110.4,39.2,40.4,113,39.4,110,40.6,87.2,40.2,35.4,44.9,4.74,4.74,4.44,-3.08,0.033272,2.82320176,0.224852,9.85094191
724.00,1,693.980,1,693.980,85.607,94.481,4829.815,12.397,0.9717,76.7,-0.067,60.1,0.500,34.1,88.7,109,77.9,5.15,718,4.00,5.35,552.610,2297.91,0.029,0.0485,36.8668,6.85,5.80,37.2,32.7,0.810,269,218,94,0.91,0.466,0.0479,0.0479,1.054,1033,1033,15,1,136,19.5,111.9,109.4,39.9,41.0,111,40.4,109,41.5,87.2,40.2,35.4,44.9,4.74,4.74,3.72,-2.73,0.033272,2.82606359,0.224898,9.86116152
725.00,1,694.980,1,694.980,85.633,94.483,4828.869,12.397,0.9716,76.7,0.021,60.1,0.500,34.1,100.1,109,77.9,5.15,718,4.09,5.35,552.795,2728.37,0.029,0.0485,36.8668,6.85,7.78,37.2,32.7,0.813,275,224,118,1.00,0.903,0.0479,0.0479,1.054,1033,1033,15,1,160,0.3,118.0,115.3,35.0,36.3,116,36.9,113,38.3,87.2,40.3,35.4,44.9,4.74,4.74,5.09,-4.60,0.033272,2.82892539,0.224926,9.87138311
726.00,1,695.980,1,695.980,85.686,94.484,4827.926,12.397,0.9715,76.7,0.007,60.1,0.500,34.1,80.1,109,77.9,5.15,718,3.97,5.35,552.795,2696.88,0.029,0.0485,36.8668,6.85,6.67,37.2,32.7,0.811,275,223,80,0.79,0.247,0.0479,0.0479,1.054,1034,1034,15,1,145,12.3,116.9,114.2,36.1,37.4,116,37.1,113,38.5,87.1,40.4,35.4,44.9,4.74,4.74,3.72,-2.87,0.033274,2.83178814,0.224967,9.88160446
727.00,1,696.980,1,696.980,85.712,94.484,4826.981,12.397,0.9715,76.7,-0.037,60.1,0.500,34.1,108.2,109,77.9,5.15,717,4.08,5.35,552.795,2254.33,0.029,0.0485,36.8668,6.85,4.81,37.2,32.7,0.812,274,223,133,1.09,1.151,0.0480,0.0480,1.054,1033,1033,15,1,115,36.8,114.3,111.6,38.2,39.4,114,38.3,111,39.6,87.1,40.3,35.4,44.9,4.74,4.74,5.30,-3.97,0.033277,2.83464895,0.225003,9.89182576
728.00,1,697.980,1,697.980,85.738,94.474,4826.037,12.397,0.9716,76.7,0.037,60.1,0.500,34.1,86.1,109,77.9,5.15,717,3.98,5.35,552.795,2242.89,0.029,0.0485,36.8668,6.85,4.92,37.2,32.7,0.812,275,224,91,0.85,0.442,0.0480,0.0480,1.054,1033,1033,15,1,115,36.9,112.8,110.2,39.4,40.5,113,39.5,110,40.7,87.2,40.2,35.4,44.9,4.74,4.74,4.04,-2.78,0.033278,2.83751221,0.225037,9.90204896
729.00,1,698.980,1,698.980,85.790,94.472,4825.094,12.397,0.9717,76.7,0.668,60.1,0.500,34.1,106.3,109,77.9,5.15,717,4.04,5.35,552.964,2370.14,0.029,0.0485,36.8635,6.85,6.27,37.2,32.7,0.811,271,220,128,1.09,1.055,0.0480,0.0480,1.053,1033,1033,15,1,153,5.6,112.8,110.3,39.2,40.3,112,40.2,109,41.3,87.2,40.2,35.4,44.9,4.74,4.74,4.73,-3.83,0.033277,2.84037312,0.225081,9.91227058
730.00,1,699.980,1,699.980,85.817,94.476,4824.149,12.397,0.9715,76.7,0.192,60.0,0.500,34.1,92.8,109,77.9,5.15,717,4.02,5.35,552.964,2766.90,0.029,0.0485,36.8635,6.85,7.84,37.2,32.7,0.812,276,224,104,0.92,0.659,0.0480,0.0480,1.053,1033,1033,15,1,160,0.3,118.4,115.7,34.7,36.0,116,36.6,113,38.0,87.2,40.3,35.4,44.9,4.74,4.74,4.55,-4.04,0.033277,2.84323596,0.225109,9.92249502
731.00,1,700.980,1,700.980,85.869,94.477,4823.206,12.397,0.9714,76.7,-0.067,60.0,0.500,34.1,88.7,109,77.9,5.15,717,4.00,5.35,552.964,2634.14,0.029,0.0485,36.8635,6.85,6.24,37.2,32.7,0.810,269,218,94,0.90,0.463,0.0480,0.0480,1.053,1034,1034,15,1,136,20.1,116.4,113.7,36.6,37.8,116,37.3,113,38.6,87.1,40.4,35.4,44.9,4.74,4.74,3.78,-2.97,0.033281,2.84609768,0.225155,9.93271776
732.00,1,701.980,1,701.980,85.895,94.476,4822.261,12.397,0.9715,76.7,0.033,60.0,0.500,34.1,100.1,109,77.9,5.15,717,4.08,5.34,552.964,2245.73,0.029,0.0485,36.8635,6.85,4.89,37.2,32.7,0.812,276,224,117,1.00,0.899,0.0480,0.0480,1.053,1033,1033,15,1,115,36.9,114.1,111.4,38.4,39.6,114,38.5,111,39.8,87.1,40.3,35.3,44.9,4.75,4.75,4.97,-3.58,0.033283,2.84895945,0.225183,9.94294251
733.00,1,702.980,1,702.980,85.947,94.462,4821.318,12.397,0.9716,76.7,-0.001,60.0,0.500,34.1,80.1,109,77.9,5.16,717,3.96,5.34,552.964,2242.89,0.029,0.0485,36.8635,6.85,4.92,37.2,32.7,0.811,276,224,80,0.79,0.245,0.0481,0.0481,1.053,1033,1033,15,1,115,36.9,112.6,110.0,39.5,40.7,112,39.7,110,40.9,87.2,40.2,35.3,44.9,4.75,4.75,3.69,-2.52,0.033283,2.85182227,0.225224,9.95316701
734.00,1,703.980,1,703.980,85.973,94.464,4820.374,12.397,0.9716,76.7,-0.033,60.0,0.500,34.1,108.2,109,77.9,5.16,716,4.07,5.34,553.121,2447.62,0.029,0.0485,36.8620,6.86,6.67,37.2,32.7,0.812,275,223,133,1.09,1.148,0.0481,0.0481,1.052,1032,1032,15,1,158,1.5,114.0,111.4,38.2,39.3,112,39.7,110,40.8,87.2,40.2,35.3,44.9,4.75,4.75,5.37,-4.57,0.033282,2.85468313,0.225260,9.96339145
735.00,1,704.980,1,704.980,85.999,94.469,4819.429,12.397,0.9715,76.7,0.037,60.0,0.500,34.1,86.2,109,77.9,5.16,716,3.97,5.34,553.121,2789.94,0.029,0.0485,36.8620,6.86,7.80,37.2,32.7,0.812,276,224,91,0.85,0.440,0.0481,0.0481,1.052,1033,1033,15,1,160,0.3,118.6,115.9,34.6,35.9,116,36.5,114,37.8,87.1,40.3,35.3,44.9,4.75,4.75,4.12,-3.49,0.033283,2.85754636,0.225294,9.97361778
736.00,1,705.980,1,705.980,86.050,94.470,4818.487,12.397,0.9714,76.7,0.668,59.9,0.500,34.1,106.3,109,77.9,5.16,716,4.03,5.34,553.121,2560.15,0.029,0.0485,36.8620,6.86,5.78,37.2,32.7,0.811,272,220,128,1.08,1.051,0.0481,0.0481,1.052,1034,1034,15,1,128,26.6,115.9,113.2,37.0,38.3,115,37.5,113,38.8,87.1,40.4,35.3,44.9,4.75,4.75,4.79,-3.77,0.033287,2.86040722,0.225337,9.98384257
737.00,1,706.980,1,706.980,86.076,94.469,4817.541,12.397,0.9715,76.7,0.192,59.9,0.500,34.1,92.7,109,77.9,5.16,716,4.01,5.34,553.121,2243.59,0.029,0.0485,36.8620,6.86,4.91,37.2,32.7,0.812,276,224,104,0.92,0.656,0.0481,0.0481,1.052,1033,1033,15,1,115,36.9,113.8,111.1,38.6,39.8,114,38.7,111,39.9,87.1,40.3,35.3,44.9,4.75,4.75,4.46,-3.18,0.033288,2.86327010,0.225366,9.99407022
738.00,1,707.980,1,707.980,86.127,94.451,4816.599,12.397,0.9716,76.7,-0.067,59.9,0.500,34.1,88.7,109,77.9,5.16,716,3.99,5.34,553.121,2242.89,0.029,0.0485,36.8620,6.86,4.92,37.2,32.7,0.810,270,218,94,0.90,0.460,0.0481,0.0481,1.052,1033,1033,15,1,115,36.9,112.4,109.8,39.7,40.8,112,39.9,110,41.0,87.2,40.2,35.3,44.9,4.75,4.75,3.71,-2.60,0.033289,2.86613193,0.225412,10.00429615
739.00,1,708.980,1,708.980,86.153,94.456,4815.654,12.397,0.9716,76.7,0.033,59.9,0.500,34.1,100.1,109,77.9,5.16,716,4.07,5.34,553.267,2524.51,0.029,0.0485,36.8608,6.86,7.04,37.2,32.7,0.812,276,224,118,1.00,0.896,0.0481,0.0481,1.052,1033,1033,15,1,159,0.6,115.2,112.6,37.2,38.4,113,39.0,110,40.2,87.2,40.2,35.3,44.9,4.75,4.75,5.11,-4.54,0.033288,2.86899376,0.225440,10.01452407
740.00,1,709.980,1,709.980,86.204,94.464,4814.711,12.397,0.9715,76.7,-0.001,59.9,0.499,34.1,80.2,109,77.9,5.16,716,3.95,5.34,553.267,2796.09,0.029,0.0485,36.8608,6.86,7.67,37.2,32.7,0.811,276,224,80,0.79,0.243,0.0482,0.0482,1.051,1033,1033,15,1,160,0.3,118.6,115.9,34.7,36.0,116,36.5,113,37.9,87.1,40.3,35.3,44.9,4.75,4.75,3.74,-2.96,0.033290,2.87185657,0.225481,10.02475176
741.00,1,710.980,1,710.980,86.229,94.463,4813.767,12.397,0.9714,76.7,-0.033,59.9,0.499,34.1,108.2,109,77.9,5.16,715,4.06,5.34,553.267,2478.23,0.029,0.0485,36.8608,6.86,5.31,37.2,32.7,0.812,275,223,133,1.09,1.144,0.0482,0.0482,1.051,1034,1034,15,1,122,31.3,115.4,112.7,37.4,38.6,115,37.7,112,39.0,87.1,40.3,35.3,44.9,4.75,4.75,5.34,-4.10,0.033293,2.87471744,0.225516,10.03497943
742.00,1,711.980,1,711.980,86.254,94.461,4812.823,12.397,0.9715,76.7,0.037,59.9,0.499,34.1,86.1,109,77.9,5.16,715,3.96,5.34,553.267,2243.06,0.029,0.0485,36.8608,6.86,4.92,37.2,32.7,0.812,276,224,91,0.85,0.437,0.0482,0.0482,1.051,1033,1033,15,1,115,36.9,113.6,110.9,38.8,40.0,113,38.9,111,40.1,87.1,40.3,35.3,44.9,4.75,4.75,4.05,-2.87,0.033294,2.87758077,0.225551,10.04520904
743.00,1,712.980,1,712.980,86.304,94.442,4811.880,12.397,0.9716,76.7,0.668,59.8,0.499,34.1,106.3,109,77.9,5.16,715,4.02,5.33,553.267,2242.89,0.029,0.0485,36.8608,6.86,4.92,37.2,32.7,0.811,272,220,128,1.08,1.046,0.0482,0.0482,1.051,1033,1033,15,1,115,36.9,112.2,109.6,39.8,41.0,112,40.1,109,41.2,87.2,40.2,35.3,44.9,4.76,4.76,4.68,-3.31,0.033294,2.88044176,0.225594,10.05543709
744.00,1,713.980,1,713.980,86.329,94.447,4810.935,12.397,0.9716,76.7,0.192,59.8,0.499,34.1,92.8,109,77.9,5.16,715,4.01,5.33,553.404,2597.17,0.029,0.0485,36.8589,6.86,7.35,37.2,32.7,0.812,276,224,104,0.92,0.654,0.0482,0.0482,1.051,1033,1033,15,1,159,0.4,116.3,113.7,36.4,37.6,114,38.2,111,39.5,87.2,40.2,35.3,44.9,4.76,4.76,4.61,-4.30,0.033294,2.88330472,0.225623,10.06566796
745.00,1,714.980,1,714.980,86.380,94.455,4809.993,12.397,0.9714,76.7,-0.067,59.8,0.499,34.1,88.6,109,78.0,5.17,715,3.98,5.33,553.404,2784.70,0.029,0.0485,36.8589,6.86,7.45,37.2,32.7,0.810,270,219,94,0.90,0.457,0.0482,0.0482,1.051,1033,1033,15,1,159,1.0,118.3,115.6,35.0,36.2,116,36.7,113,38.1,87.1,40.3,35.3,44.9,4.76,4.76,3.80,-3.06,0.033296,2.88616657,0.225669,10.07589716
746.00,1,715.980,1,715.980,86.405,94.454,4809.048,12.397,0.9714,76.7,0.033,59.8,0.499,34.1,100.1,109,78.0,5.17,715,4.07,5.33,553.404,2392.02,0.029,0.0485,36.8589,6.86,4.85,37.2,32.7,0.812,276,224,118,1.00,0.893,0.0483,0.0483,1.050,1034,1034,15,1,119,34.2,115.1,112.3,37.7,39.0,115,37.9,112,39.2,87.1,40.3,35.3,44.9,4.76,4.76,4.99,-3.70,0.033299,2.88902845,0.225697,10.08612838
747.00,1,716.980,1,716.980,86.454,94.432,4808.105,12.397,0.9715,76.7,-0.001,59.7,0.499,34.1,80.2,109,78.0,5.16,714,3.94,5.33,553.404,2242.93,0.029,0.0485,36.8589,6.86,4.92,37.2,32.7,0.811,276,224,80,0.79,0.241,0.0483,0.0483,1.051,1033,1033,15,1,115,36.9,113.4,110.7,38.9,40.1,113,39.1,111,40.3,87.1,40.3,35.3,44.9,4.76,4.76,3.70,-2.60,0.033301,2.89189141,0.225737,10.09635943
748.00,1,717.980,1,717.980,86.478,94.434,4807.161,12.397,0.9716,76.7,-0.033,59.8,0.499,34.1,108.1,109,77.9,5.17,714,4.05,5.33,553.404,2242.89,0.029,0.0485,36.8589,6.86,4.92,37.2,32.7,0.812,275,224,133,1.09,1.139,0.0483,0.0483,1.050,1033,1033,15,1,115,36.9,112.0,109.3,40.0,41.2,112,40.3,109,41.4,87.2,40.2,35.2,44.9,4.76,4.76,5.24,-3.61,0.033300,2.89475243,0.225773,10.10659043
749.00,1,718.980,1,718.980,86.503,94.437,4806.217,12.397,0.9716,76.7,0.037,59.7,0.499,34.1,86.2,109,77.9,5.17,714,3.96,5.33,553.535,2662.47,0.029,0.0485,36.8563,6.86,7.59,37.2,32.7,0.812,277,224,91,0.85,0.436,0.0483,0.0483,1.050,1033,1033,15,1,160,0.3,117.2,114.5,35.6,36.9,115,37.5,112,38.9,87.1,40.2,35.2,44.9,4.76,4.76,4.19,-4.00,0.033300,2.89761583,0.225807,10.11682334
750.00,1,719.980,1,719.980,86.552,94.444,4805.274,12.397,0.9714,76.7,0.668,59.7,0.499,34.1,106.2,109,78.0,5.17,714,4.01,5.33,553.535,2755.91,0.029,0.0485,36.8563,6.86,7.15,37.2,32.7,0.811,272,221,128,1.08,1.043,0.0483,0.0483,1.050,1034,1034,15,1,155,4.1,117.7,115.1,35.4,36.7,116,36.9,113,38.2,87.0,40.4,35.2,44.9,4.76,4.76,4.82,-3.89,0.033303,2.90047685,0.225851,10.12705472
751.00,1,720.980,1,720.980,86.577,94.443,4804.330,12.397,0.9714,76.7,0.192,59.7,0.499,34.1,92.8,109,78.0,5.17,714,4.00,5.33,553.535,2305.23,0.029,0.0485,36.8563,6.86,4.43,37.2,32.6,0.812,277,225,104,0.92,0.651,0.0483,0.0483,1.050,1034,1034,15,1,116,36.1,114.7,112.0,38.0,39.2,115,38.1,112,39.4,87.0,40.3,35.2,44.9,4.76,4.76,4.47,-3.28,0.033305,2.90333987,0.225879,10.13728897
752.00,1,721.980,1,721.980,86.625,94.425,4803.388,12.397,0.9715,76.7,-0.067,59.7,0.499,34.1,88.6,109,78.0,5.17,714,3.98,5.33,553.535,2242.90,0.029,0.0485,36.8563,6.86,4.92,37.2,32.6,0.810,270,219,94,0.90,0.454,0.0484,0.0484,1.050,1033,1033,15,1,115,36.9,113.2,110.5,39.1,40.3,113,39.2,110,40.4,87.1,40.2,35.2,44.9,4.76,4.76,3.74,-2.68,0.033307,2.90620189,0.225925,10.14752155
753.00,1,722.980,1,722.980,86.649,94.425,4802.443,12.397,0.9716,76.7,0.033,59.7,0.499,34.1,100.0,109,78.0,5.17,714,4.06,5.33,553.535,2282.14,0.029,0.0485,36.8529,6.86,5.67,37.2,32.6,0.812,277,225,118,1.00,0.889,0.0484,0.0484,1.049,1033,1033,15,1,130,24.9,111.8,109.2,40.0,41.1,111,40.4,109,41.5,87.1,40.2,35.2,44.9,4.76,4.76,4.96,-3.43,0.033306,2.90906393,0.225953,10.15775612
754.00,1,723.980,1,723.980,86.698,94.431,4801.500,12.397,0.9715,76.7,-0.001,59.7,0.499,34.1,80.2,109,78.0,5.17,713,3.94,5.32,553.659,2717.47,0.029,0.0485,36.8529,6.86,7.76,37.2,32.6,0.811,277,224,80,0.79,0.240,0.0484,0.0484,1.049,1033,1033,15,1,160,0.3,117.9,115.3,35.1,36.4,116,37.0,113,38.3,87.1,40.2,35.2,44.9,4.76,4.76,3.82,-3.63,0.033307,2.91192695,0.225994,10.16799048
755.00,1,724.980,1,724.980,86.722,94.433,4800.556,12.397,0.9713,76.7,-0.033,59.7,0.499,34.1,108.1,109,78.0,5.17,713,4.05,5.32,553.659,2710.74,0.029,0.0485,36.8529,6.86,6.77,37.2,32.6,0.812,276,224,133,1.09,1.136,0.0484,0.0484,1.049,1034,1034,15,1,147,10.5,117.1,114.4,36.0,37.2,116,37.1,113,38.4,87.0,40.4,35.2,44.9,4.77,4.77,5.37,-4.24,0.033309,2.91478799,0.226030,10.17822481
756.00,1,725.980,1,725.980,86.746,94.433,4799.612,12.397,0.9714,76.7,0.037,59.6,0.499,34.1,86.2,109,78.0,5.17,713,3.95,5.32,553.659,2258.80,0.029,0.0485,36.8529,6.86,4.77,37.2,32.6,0.811,277,225,91,0.85,0.434,0.0484,0.0484,1.049,1033,1033,15,1,116,36.7,114.4,111.7,38.2,39.4,114,38.2,112,39.5,87.0,40.3,35.2,44.9,4.77,4.77,4.07,-2.97,0.033312,2.91765147,0.226064,10.18846108
757.00,1,726.980,1,726.980,86.794,94.418,4798.670,12.397,0.9715,76.7,0.668,59.6,0.499,34.1,106.2,109,78.0,5.17,713,4.01,5.32,553.659,2242.89,0.029,0.0485,36.8529,6.86,4.92,37.2,32.6,0.811,273,221,128,1.08,1.038,0.0484,0.0484,1.049,1033,1033,15,1,115,36.9,113.0,110.3,39.3,40.4,113,39.4,110,40.6,87.1,40.2,35.2,44.9,4.77,4.77,4.72,-3.41,0.033313,2.92051267,0.226107,10.19869581
758.00,1,727.980,1,727.980,86.818,94.417,4797.725,12.397,0.9716,76.7,0.192,59.6,0.499,34.1,92.7,109,78.0,5.17,713,3.99,5.32,553.778,2351.47,0.029,0.0485,36.8491,6.87,6.16,37.2,32.6,0.812,277,225,104,0.92,0.648,0.0484,0.0484,1.048,1033,1033,15,1,150,7.8,112.5,110.0,39.4,40.5,112,40.3,109,41.4,87.1,40.2,35.2,44.9,4.77,4.77,4.51,-3.42,0.033312,2.92337586,0.226136,10.20893337
759.00,1,728.980,1,728.980,86.866,94.422,4796.784,12.397,0.9715,76.7,-0.067,59.6,0.499,34.1,88.6,109,78.0,5.18,713,3.97,5.32,553.778,2759.57,0.029,0.0485,36.8491,6.87,7.84,37.2,32.6,0.810,270,219,94,0.90,0.451,0.0485,0.0485,1.048,1033,1033,15,1,160,0.3,118.4,115.7,34.7,36.0,116,36.6,113,38.0,87.1,40.3,35.2,44.9,4.77,4.77,3.86,-3.60,0.033313,2.92623794,0.226182,10.21916925
760.00,1,729.980,1,729.980,86.890,94.423,4795.839,12.397,0.9713,76.7,0.033,59.6,0.498,34.1,100.0,109,78.0,5.18,713,4.05,5.32,553.778,2651.00,0.029,0.0485,36.8491,6.87,6.35,37.2,32.6,0.812,277,225,118,1.00,0.887,0.0485,0.0485,1.048,1034,1034,15,1,138,18.3,116.5,113.8,36.5,37.7,116,37.3,113,38.6,87.0,40.4,35.2,44.9,4.77,4.77,5.01,-3.83,0.033316,2.92910000,0.226210,10.22940714
761.00,1,730.980,1,730.980,86.938,94.422,4794.896,12.397,0.9714,76.7,-0.001,59.6,0.498,34.1,80.2,109,78.0,5.18,712,3.93,5.32,553.778,2246.85,0.029,0.0485,36.8491,6.87,4.88,37.2,32.6,0.811,277,225,80,0.79,0.238,0.0485,0.0485,1.048,1033,1033,15,1,115,36.9,114.2,111.4,38.3,39.6,114,38.4,111,39.7,87.0,40.3,35.2,44.9,4.77,4.77,3.72,-2.69,0.033319,2.93196313,0.226251,10.23964485
762.00,1,731.980,1,731.980,86.962,94.411,4793.952,12.397,0.9715,76.7,-0.033,59.5,0.498,34.1,107.4,109,78.0,5.18,712,4.04,5.32,553.778,2242.89,0.029,0.0485,36.8491,6.87,4.92,37.2,32.6,0.812,277,225,132,1.08,1.118,0.0485,0.0485,1.048,1033,1033,15,1,115,36.9,112.7,110.0,39.5,40.6,112,39.6,110,40.8,87.1,40.2,35.2,44.9,4.77,4.77,5.30,-3.73,0.033319,2.93482446,0.226286,10.24988259
763.00,1,732.980,1,732.980,86.985,94.704,4793.009,12.397,0.9715,76.7,-0.014,59.0,0.494,34.1,84.7,109,78.0,5.13,712,3.93,5.31,553.893,2428.49,0.029,0.0485,36.8455,6.87,6.58,37.2,32.6,0.811,277,225,89,0.83,0.385,0.0485,0.0485,1.061,1032,1032,15,1,157,2.0,113.7,111.1,38.4,39.6,112,39.8,109,41.0,87.1,40.2,35.2,44.9,4.77,4.77,4.06,-3.48,0.033319,2.93768904,0.226320,10.26012271
764.00,1,733.980,1,733.980,87.004,95.120,4792.066,12.397,0.9713,76.7,-0.032,58.5,0.491,34.1,109.8,110,78.9,5.09,712,4.02,5.29,553.893,2786.58,0.029,0.0485,36.8455,6.87,7.82,37.2,32.6,0.811,275,223,135,1.11,1.175,0.0485,0.0485,1.074,1033,1033,15,1,160,0.3,118.6,115.9,34.6,35.9,116,36.4,114,37.8,87.0,40.3,35.1,44.9,4.77,4.77,5.33,-4.60,0.033320,2.94055318,0.226357,10.27036377
765.00,1,734.980,1,734.980,86.991,95.055,4791.122,12.397,0.9713,76.7,0.098,58.4,0.491,34.1,87.0,110,78.9,5.08,712,3.94,5.29,553.893,2579.29,0.029,0.0485,36.8455,6.87,5.89,37.2,32.6,0.811,277,225,93,0.86,0.460,0.0486,0.0486,1.075,1034,1034,15,1,129,25.3,115.9,113.2,37.0,38.2,115,37.5,113,38.8,86.9,40.4,35.1,44.9,4.77,4.77,4.14,-3.13,0.033323,2.94342095,0.226388,10.28061028
766.00,1,735.980,1,735.980,86.932,94.803,4790.180,12.397,0.9714,76.7,-0.008,58.4,0.491,34.1,107.5,109,78.7,5.07,712,4.01,5.29,553.893,2243.87,0.029,0.0485,36.8455,6.87,4.91,37.2,32.6,0.811,273,222,130,1.09,1.087,0.0486,0.0486,1.074,1033,1033,15,1,115,36.9,113.9,111.2,38.5,39.7,114,38.6,111,39.9,87.0,40.3,35.1,44.9,4.77,4.77,4.92,-3.67,0.033326,2.94628678,0.226428,10.29085888
767.00,1,736.980,1,736.980,86.892,94.367,4789.236,12.397,0.9715,76.7,0.204,58.9,0.496,34.1,90.8,109,78.5,5.11,711,3.98,5.29,553.893,2242.89,0.029,0.0485,36.8455,6.87,4.92,37.2,32.6,0.812,277,225,100,0.90,0.580,0.0486,0.0486,1.060,1033,1033,15,1,115,36.9,112.4,109.8,39.7,40.8,112,39.9,109,41.0,87.0,40.2,35.1,44.9,4.77,4.77,4.36,-2.95,0.033325,2.94915362,0.226457,10.30111312
768.00,1,737.980,1,737.980,86.841,93.768,4788.295,12.397,0.9714,76.7,-0.076,59.3,0.498,34.1,92.7,108,77.4,5.15,711,3.97,5.29,554.006,2506.04,0.029,0.0485,36.8628,6.87,6.95,37.2,32.6,0.809,271,219,102,0.94,0.574,0.0486,0.0486,1.046,1033,1033,15,1,159,0.7,115.0,112.3,37.4,38.6,113,39.1,110,40.3,87.0,40.2,35.1,44.9,4.78,4.78,4.04,-3.81,0.033325,2.95201641,0.226502,10.31136647
769.00,1,738.980,1,738.980,86.841,93.776,4787.351,12.397,0.9713,76.7,0.059,59.3,0.499,34.1,97.9,108,77.4,5.15,711,4.03,5.29,554.006,2796.96,0.029,0.0485,36.8628,6.87,7.72,37.2,32.6,0.812,277,225,114,0.97,0.810,0.0486,0.0486,1.046,1033,1033,15,1,160,0.3,118.6,115.9,34.6,35.9,116,36.5,114,37.9,86.9,40.3,35.1,44.9,4.78,4.78,4.93,-3.93,0.033327,2.95487752,0.226529,10.32162107
770.00,1,739.980,1,739.980,86.888,93.949,4786.410,12.397,0.9712,76.7,0.054,59.3,0.498,34.1,78.7,109,77.5,5.15,711,3.93,5.29,554.006,2498.79,0.029,0.0485,36.8628,6.87,5.42,37.2,32.6,0.811,277,225,77,0.77,0.186,0.0486,0.0486,1.048,1034,1034,15,1,123,30.4,115.5,112.8,37.3,38.6,115,37.6,112,38.9,86.9,40.4,35.1,44.9,4.78,4.78,3.67,-2.76,0.033330,2.95773808,0.226571,10.33187246
771.00,1,740.980,1,740.980,86.929,94.052,4785.466,12.397,0.9714,76.7,-0.024,59.3,0.498,34.1,106.0,109,77.6,5.15,711,4.04,5.30,554.006,2243.13,0.029,0.0485,36.8628,6.87,4.92,37.2,32.6,0.812,277,225,129,1.06,1.070,0.0487,0.0487,1.048,1033,1033,15,1,115,36.9,113.7,111.0,38.7,39.9,114,38.8,111,40.1,87.0,40.3,35.1,44.9,4.78,4.78,5.33,-3.86,0.033332,2.96059673,0.226605,10.34212106
772.00,1,741.980,1,741.980,86.977,94.139,4784.523,12.397,0.9714,76.7,-0.014,59.3,0.498,34.1,84.4,109,77.8,5.15,711,3.92,5.30,554.006,2242.89,0.029,0.0485,36.8628,6.87,4.92,37.2,32.6,0.811,278,225,88,0.83,0.369,0.0487,0.0487,1.049,1033,1033,15,1,115,36.9,112.2,109.5,39.8,41.0,112,40.0,109,41.2,87.0,40.2,35.1,44.9,4.78,4.78,3.96,-2.66,0.033332,2.96345797,0.226641,10.35236799
773.00,1,742.980,1,742.980,87.076,94.939,4783.580,12.397,0.9714,76.7,-0.032,58.4,0.491,34.1,109.7,110,78.6,5.08,711,4.02,5.28,554.125,2580.19,0.029,0.0485,36.8575,6.87,7.28,37.2,32.6,0.811,275,223,135,1.10,1.170,0.0487,0.0487,1.074,1033,1033,15,1,159,0.4,116.1,113.4,36.5,37.8,114,38.4,111,39.7,87.0,40.3,35.1,44.9,4.78,4.78,5.35,-4.92,0.033332,2.96631873,0.226679,10.36261220
774.00,1,743.980,1,743.980,87.110,95.060,4782.636,12.397,0.9712,76.7,0.098,58.2,0.490,34.1,87.2,110,78.9,5.07,710,3.93,5.28,554.125,2789.84,0.029,0.0485,36.8575,6.87,7.51,37.2,32.6,0.811,278,225,93,0.86,0.463,0.0487,0.0487,1.077,1033,1033,15,1,159,0.7,118.3,115.6,34.9,36.2,116,36.7,113,38.1,86.9,40.4,35.1,44.9,4.78,4.78,4.15,-3.26,0.033334,2.96918416,0.226710,10.37285894
775.00,1,744.980,1,744.980,87.130,94.951,4781.694,12.397,0.9712,76.7,-0.008,58.2,0.490,34.1,108.2,110,78.9,5.07,710,4.00,5.27,554.125,2413.10,0.029,0.0485,36.8575,6.87,4.96,37.2,32.6,0.811,274,222,132,1.10,1.108,0.0487,0.0487,1.077,1034,1034,15,1,119,33.7,115.1,112.4,37.6,38.9,115,37.8,112,39.1,86.9,40.3,35.1,44.9,4.78,4.78,5.00,-3.86,0.033338,2.97204878,0.226751,10.38310600
776.00,1,745.980,1,745.980,87.121,94.839,4780.750,12.397,0.9713,76.7,0.202,58.2,0.490,34.1,89.4,109,78.8,5.07,710,3.95,5.27,554.125,2242.95,0.029,0.0485,36.8575,6.87,4.92,37.2,32.6,0.811,278,225,97,0.88,0.534,0.0487,0.0487,1.076,1033,1033,15,1,115,36.9,113.4,110.7,38.9,40.1,113,39.1,110,40.3,86.9,40.3,35.1,44.9,4.78,4.78,4.27,-3.00,0.033340,2.97491615,0.226780,10.39335851
777.00,1,746.980,1,746.980,87.084,94.612,4779.808,12.397,0.9714,76.7,0.214,58.1,0.490,34.1,104.5,109,78.5,5.06,710,3.98,5.27,554.125,2242.89,0.029,0.0485,36.8575,6.87,4.92,37.2,32.6,0.810,273,221,124,1.06,0.970,0.0488,0.0488,1.075,1033,1033,15,1,115,36.9,112.0,109.3,40.0,41.1,112,40.2,109,41.4,86.9,40.2,35.1,44.9,4.78,4.78,4.55,-3.19,0.033340,2.97778149,0.226823,10.40361222
778.00,1,747.980,1,747.980,87.062,94.527,4778.864,12.397,0.9713,76.7,0.192,58.1,0.490,34.1,91.9,109,78.4,5.06,710,3.97,5.26,554.247,2647.73,0.029,0.0485,36.8740,6.87,7.54,37.2,32.6,0.812,278,225,102,0.91,0.612,0.0488,0.0488,1.074,1033,1033,15,1,160,0.3,116.9,114.3,35.8,37.1,115,37.7,112,39.0,86.9,40.3,35.1,44.9,4.78,4.78,4.58,-4.28,0.033339,2.98064800,0.226849,10.41387122
779.00,1,748.980,1,748.980,87.020,94.413,4777.923,12.397,0.9712,76.7,-0.090,58.1,0.490,34.1,98.1,109,78.3,5.05,710,3.97,5.26,554.247,2765.18,0.029,0.0485,36.8740,6.87,7.23,37.2,32.6,0.810,271,220,112,1.00,0.749,0.0488,0.0488,1.074,1034,1034,15,1,156,3.1,117.8,115.1,35.3,36.6,116,36.8,113,38.2,86.8,40.4,35.1,44.9,4.79,4.79,4.26,-3.44,0.033342,2.98351257,0.226893,10.42413042
780.00,1,749.980,1,749.980,87.004,94.377,4776.979,12.397,0.9712,76.7,0.126,58.0,0.490,34.1,94.6,109,78.3,5.05,710,3.99,5.25,554.247,2325.95,0.029,0.0485,36.8740,6.87,4.52,37.2,32.6,0.812,278,225,107,0.94,0.699,0.0488,0.0488,1.074,1034,1034,15,1,117,35.7,114.7,112.0,37.9,39.2,115,38.1,112,39.3,86.8,40.4,35.1,44.9,4.79,4.79,4.64,-3.40,0.033345,2.98637755,0.226919,10.43439338
781.00,1,750.980,1,750.980,86.982,94.321,4776.039,12.397,0.9713,76.7,-0.067,57.9,0.490,34.1,89.1,109,78.3,5.04,709,3.95,5.25,554.247,2242.91,0.029,0.0485,36.8740,6.87,4.92,37.2,32.6,0.809,271,219,95,0.90,0.458,0.0488,0.0488,1.076,1033,1033,15,1,115,36.9,113.2,110.5,39.1,40.3,113,39.2,110,40.4,86.9,40.3,35.1,44.9,4.79,4.79,3.80,-2.73,0.033347,2.98924158,0.226963,10.44465543
782.00,1,751.980,1,751.980,86.978,94.317,4775.095,12.397,0.9713,76.7,0.059,57.9,0.490,34.1,97.4,109,78.2,5.04,709,4.01,5.25,554.247,2267.94,0.029,0.0485,36.8885,6.87,5.52,37.2,32.6,0.812,278,226,112,0.97,0.792,0.0488,0.0488,1.076,1033,1033,15,1,123,30.3,111.7,109.1,40.1,41.2,111,40.4,109,41.5,86.9,40.2,35.1,44.9,4.79,4.79,4.82,-3.29,0.033346,2.99210535,0.226989,10.45491956
783.00,1,752.980,1,752.980,86.981,94.328,4774.154,12.397,0.9713,76.6,-0.012,57.9,0.490,34.1,80.3,109,78.3,5.04,709,3.93,5.25,554.378,2705.67,0.029,0.0485,36.8885,6.87,7.73,37.2,32.6,0.810,274,222,79,0.80,0.210,0.0489,0.0489,1.076,1033,1033,15,1,160,0.3,117.7,115.0,35.2,36.5,115,37.1,113,38.5,86.9,40.3,35.1,44.9,4.79,4.79,3.73,-3.60,0.033347,2.99496915,0.227031,10.46518239
784.00,1,753.980,1,753.980,86.988,94.337,4773.210,12.397,0.9711,76.7,0.021,57.9,0.490,34.1,100.5,109,78.3,5.04,709,4.03,5.25,554.378,2723.78,0.028,0.0485,36.8885,6.87,6.87,37.2,32.6,0.812,278,226,118,1.00,0.891,0.0489,0.0489,1.077,1034,1034,15,1,149,8.7,117.1,114.5,35.9,37.1,116,37.1,113,38.4,86.8,40.4,35.1,44.9,4.79,4.79,5.10,-3.93,0.033350,2.99783193,0.227060,10.47544590
785.00,1,754.980,1,754.980,87.011,94.354,4772.268,12.397,0.9711,76.6,0.054,57.8,0.490,34.1,79.4,109,78.3,5.03,709,3.92,5.24,554.378,2265.03,0.029,0.0485,36.8885,6.87,4.72,37.2,32.6,0.811,278,225,79,0.78,0.205,0.0489,0.0489,1.077,1034,1034,15,1,116,36.7,114.4,111.7,38.1,39.4,114,38.2,112,39.5,86.8,40.4,35.0,44.9,4.79,4.79,3.70,-2.72,0.033353,3.00069585,0.227099,10.48570867
786.00,1,755.980,1,755.980,87.025,94.340,4771.325,12.397,0.9713,76.7,-0.020,57.8,0.490,34.1,103.6,109,78.3,5.03,709,4.04,5.24,554.378,2242.90,0.029,0.0485,36.8885,6.87,4.92,37.2,32.6,0.812,278,225,124,1.03,0.990,0.0489,0.0489,1.078,1033,1033,15,1,115,37.0,112.9,110.2,39.3,40.5,113,39.5,110,40.7,86.8,40.2,35.0,44.9,4.79,4.79,5.24,-3.65,0.033354,3.00355818,0.227131,10.49597100
787.00,1,756.980,1,756.980,87.061,94.367,4770.383,12.397,0.9713,76.6,-0.032,57.8,0.490,34.1,81.7,109,78.3,5.03,709,3.90,5.24,554.378,2333.15,0.029,0.0486,36.8998,6.87,6.05,37.2,32.6,0.811,278,225,83,0.80,0.278,0.0489,0.0489,1.078,1033,1033,15,1,147,10.8,112.2,109.6,39.7,40.8,111,40.4,109,41.5,86.9,40.2,35.0,44.9,4.79,4.79,3.85,-2.89,0.033354,3.00642238,0.227169,10.50623345
788.00,1,757.980,1,757.980,87.080,94.380,4769.440,12.397,0.9711,76.7,-0.033,57.8,0.490,34.1,106.9,109,78.3,5.03,708,4.02,5.24,554.525,2751.31,0.029,0.0486,36.8998,6.87,7.83,37.2,32.6,0.812,278,225,130,1.07,1.090,0.0489,0.0489,1.078,1033,1033,15,1,160,0.3,118.2,115.5,34.8,36.1,116,36.7,113,38.1,86.8,40.4,35.0,44.9,4.79,4.79,5.48,-4.89,0.033355,3.00928446,0.227204,10.51649473
789.00,1,758.980,1,758.980,87.101,94.388,4768.498,12.397,0.9710,76.6,-0.014,57.8,0.490,34.1,84.1,109,78.4,5.03,708,3.91,5.24,554.525,2667.24,0.028,0.0486,36.8998,6.87,6.45,37.2,32.6,0.811,278,225,87,0.82,0.356,0.0490,0.0490,1.078,1034,1034,15,1,140,16.5,116.5,113.8,36.4,37.7,116,37.3,113,38.6,86.7,40.4,35.0,44.9,4.79,4.79,4.00,-3.06,0.033358,3.01214882,0.227239,10.52675708
790.00,1,759.980,1,759.980,87.145,94.394,4767.556,12.397,0.9711,76.7,-0.032,57.8,0.490,34.1,108.9,109,78.4,5.03,708,4.00,5.24,554.525,2248.41,0.029,0.0486,36.8998,6.87,4.87,37.2,32.6,0.811,276,223,134,1.10,1.132,0.0490,0.0490,1.078,1033,1033,15,1,115,36.9,114.1,111.4,38.3,39.6,114,38.4,111,39.7,86.8,40.3,35.0,44.9,4.80,4.80,5.23,-3.91,0.033361,3.01501093,0.227278,10.53701784
791.00,1,760.980,1,760.980,87.167,94.372,4766.613,12.397,0.9712,76.6,0.098,57.7,0.489,34.1,86.6,109,78.4,5.03,708,3.92,5.24,554.525,2242.89,0.029,0.0486,36.8998,6.87,4.92,37.2,32.6,0.811,278,226,92,0.85,0.435,0.0490,0.0490,1.079,1033,1033,15,1,115,37.0,112.6,110.0,39.5,40.7,112,39.7,110,40.9,86.8,40.3,35.0,44.9,4.80,4.80,4.11,-2.81,0.033362,3.01787547,0.227310,10.54728046
792.00,1,761.980,1,761.980,87.213,94.388,4765.671,12.397,0.9712,76.7,-0.008,57.7,0.489,34.1,107.7,109,78.4,5.03,708,3.98,5.24,554.689,2409.36,0.029,0.0486,36.9051,6.88,6.48,37.2,32.6,0.810,274,222,131,1.09,1.079,0.0490,0.0490,1.078,1032,1032,15,1,156,2.8,113.3,110.7,38.7,39.9,112,40.0,109,41.1,86.8,40.3,35.0,44.9,4.80,4.80,5.00,-4.18,0.033362,3.02073778,0.227352,10.55754120
793.00,1,762.980,1,762.980,87.237,94.394,4764.727,12.397,0.9711,76.6,0.202,57.7,0.489,34.1,89.2,109,78.4,5.03,708,3.93,5.24,554.689,2782.33,0.029,0.0486,36.9051,6.88,7.84,37.2,32.6,0.811,278,226,97,0.88,0.519,0.0490,0.0490,1.078,1033,1033,15,1,160,0.3,118.5,115.8,34.7,36.0,116,36.5,113,37.9,86.8,40.4,35.0,44.9,4.80,4.80,4.36,-3.77,0.033363,3.02360225,0.227381,10.56780429
794.00,1,763.980,1,763.980,87.285,94.396,4763.786,12.397,0.9710,76.7,0.214,57.7,0.489,34.1,104.3,109,78.4,5.04,707,3.96,5.23,554.689,2597.97,0.028,0.0486,36.9051,6.88,6.00,37.2,32.6,0.810,273,221,124,1.05,0.955,0.0490,0.0490,1.078,1034,1034,15,1,131,23.8,116.0,113.3,36.9,38.1,115,37.4,113,38.7,86.7,40.4,35.0,44.9,4.80,4.80,4.67,-3.69,0.033367,3.02646482,0.227425,10.57806547
795.00,1,764.980,1,764.980,87.309,94.394,4762.842,12.397,0.9711,76.6,0.192,57.7,0.489,34.1,91.8,109,78.4,5.04,707,3.95,5.23,554.689,2244.26,0.029,0.0486,36.9051,6.88,4.91,37.2,32.6,0.811,278,226,102,0.90,0.605,0.0491,0.0491,1.078,1033,1033,15,1,115,36.9,113.8,111.1,38.5,39.8,114,38.6,111,39.9,86.7,40.3,35.0,44.9,4.80,4.80,4.45,-3.18,0.033369,3.02932913,0.227453,10.58832924
796.00,1,765.980,1,765.980,87.357,94.378,4761.901,12.397,0.9712,76.7,-0.090,57.6,0.489,34.1,98.1,109,78.4,5.04,707,3.95,5.23,554.689,2242.89,0.029,0.0486,36.9051,6.88,4.92,37.2,32.6,0.809,272,220,112,0.99,0.741,0.0491,0.0491,1.077,1033,1033,15,1,115,37.0,112.4,109.8,39.6,40.8,112,39.8,110,41.0,86.8,40.3,35.0,44.9,4.80,4.80,4.16,-2.96,0.033370,3.03219219,0.227498,10.59859121
797.00,1,766.980,1,766.980,87.381,94.379,4760.958,12.448,0.9712,76.7,0.126,57.6,0.489,34.1,94.6,109,78.4,5.04,707,3.97,5.23,554.867,2497.05,0.029,0.0486,36.9048,6.91,6.91,37.2,32.6,0.811,278,226,107,0.93,0.695,0.0491,0.0491,1.077,1033,1033,15,1,159,0.8,114.7,112.1,37.6,38.8,113,39.3,110,40.5,86.8,40.3,35.0,44.9,4.80,4.80,4.76,-4.20,0.033369,3.03505622,0.227525,10.60885565
798.00,1,767.980,1,767.980,87.430,94.383,4760.017,12.448,0.9711,76.7,-0.067,57.6,0.489,34.1,89.1,109,78.4,5.04,707,3.93,5.23,554.867,2797.58,0.029,0.0486,36.9048,6.91,7.74,37.2,32.6,0.809,272,220,95,0.90,0.455,0.0491,0.0491,1.077,1033,1033,15,1,160,0.3,118.6,115.9,34.6,35.9,116,36.5,113,37.9,86.7,40.4,35.0,44.9,4.80,4.80,3.88,-3.22,0.033371,3.03791970,0.227570,10.61911860
799.00,1,768.980,1,768.980,87.455,94.382,4759.073,12.448,0.9710,76.7,0.059,57.6,0.489,34.1,97.5,109,78.4,5.04,707,3.99,5.23,554.867,2508.66,0.028,0.0486,36.9048,6.91,5.47,37.2,32.6,0.812,279,226,113,0.96,0.788,0.0491,0.0491,1.077,1034,1034,15,1,124,29.9,115.5,112.7,37.3,38.6,115,37.6,112,39.0,86.7,40.4,35.0,44.9,4.80,4.80,4.86,-3.64,0.033374,3.04078326,0.227597,10.62938361
800.00,1,769.980,1,769.980,87.504,94.372,4758.132,12.448,0.9711,76.6,-0.012,57.6,0.489,34.1,80.4,109,78.4,5.04,707,3.91,5.23,554.867,2243.17,0.029,0.0486,36.9048,6.91,4.92,37.2,32.6,0.810,275,223,79,0.79,0.208,0.0492,0.0492,1.077,1033,1033,15,1,115,36.9,113.6,110.9,38.7,39.9,113,38.8,111,40.1,86.7,40.3,35.0,44.9,4.80,4.80,3.62,-2.59,0.033377,3.04364722,0.227640,10.63964772
801.00,1,770.980,1,770.980,87.529,94.368,4757.188,12.448,0.9712,76.7,0.021,57.6,0.489,34.1,100.5,109,78.4,5.04,706,4.01,5.23,554.867,2242.89,0.029,0.0486,36.9048,6.91,4.92,37.2,32.6,0.812,279,226,118,0.99,0.885,0.0492,0.0492,1.077,1033,1033,15,1,115,36.9,112.1,109.5,39.9,41.0,112,40.1,109,41.2,86.8,40.2,35.0,45.0,4.80,4.80,5.04,-3.39,0.033376,3.04651043,0.227670,10.64991311
802.00,1,771.980,1,771.980,87.579,94.369,4756.247,12.448,0.9712,76.6,0.054,57.5,0.489,34.1,79.5,109,78.4,5.04,706,3.90,5.23,555.058,2581.01,0.029,0.0485,36.8878,6.91,7.28,37.2,32.6,0.810,279,226,79,0.77,0.203,0.0492,0.0492,1.076,1033,1033,15,1,159,0.4,116.0,113.4,36.5,37.8,114,38.4,111,39.7,86.8,40.2,35.0,45.0,4.80,4.80,3.83,-3.68,0.033376,3.04937483,0.227711,10.66017850
803.00,1,772.980,1,772.980,87.605,94.370,4755.304,12.448,0.9710,76.7,-0.020,57.5,0.489,34.1,103.6,109,78.4,5.04,706,4.02,5.22,555.058,2790.70,0.028,0.0485,36.8878,6.91,7.52,37.2,32.6,0.811,278,226,124,1.03,0.983,0.0492,0.0492,1.076,1033,1033,15,1,159,0.7,118.3,115.6,34.9,36.2,116,36.7,113,38.1,86.7,40.4,35.0,45.0,4.81,4.81,5.32,-4.19,0.033378,3.05223758,0.227743,10.67044423
804.00,1,773.980,1,773.980,87.655,94.369,4754.362,12.448,0.9710,76.6,-0.032,57.5,0.489,34.1,81.8,109,78.4,5.04,706,3.88,5.22,555.058,2412.21,0.028,0.0485,36.8878,6.91,4.95,37.2,32.6,0.811,279,226,83,0.80,0.275,0.0492,0.0492,1.076,1034,1034,15,1,119,33.7,115.1,112.3,37.6,38.9,115,37.8,112,39.1,86.7,40.4,34.9,45.0,4.81,4.81,3.85,-2.86,0.033381,3.05510219,0.227781,10.68071085
805.00,1,774.980,1,774.980,87.681,94.367,4753.419,12.448,0.9711,76.7,-0.033,57.5,0.489,34.1,106.8,109,78.4,5.04,706,4.00,5.22,555.058,2242.95,0.029,0.0485,36.8878,6.91,4.92,37.2,32.6,0.811,278,226,130,1.06,1.080,0.0492,0.0492,1.076,1033,1033,15,1,115,36.9,113.4,110.7,38.9,40.1,113,39.0,110,40.3,86.7,40.3,34.9,45.0,4.81,4.81,5.33,-3.84,0.033383,3.05796475,0.227817,10.69097698
806.00,1,775.980,1,775.980,87.706,94.360,4752.477,12.448,0.9712,76.6,-0.014,57.5,0.489,34.1,84.2,109,78.4,5.04,706,3.89,5.22,555.058,2242.89,0.029,0.0485,36.8878,6.91,4.92,37.2,32.6,0.811,279,226,88,0.82,0.351,0.0492,0.0492,1.076,1033,1033,15,1,115,36.9,111.9,109.2,40.0,41.2,112,40.3,109,41.4,86.8,40.2,34.9,45.0,4.81,4.81,3.96,-2.64,0.033383,3.06082960,0.227852,10.70124475
807.00,1,776.980,1,776.980,87.757,94.355,4751.535,12.448,0.9711,76.7,-0.032,57.5,0.489,34.1,108.8,109,78.4,5.04,706,3.98,5.22,555.248,2656.58,0.029,0.0485,36.8750,6.91,7.58,37.2,32.6,0.811,276,224,134,1.09,1.122,0.0493,0.0493,1.076,1033,1033,15,1,160,0.3,117.1,114.4,35.7,37.0,115,37.6,112,38.9,86.7,40.3,34.9,45.0,4.81,4.81,5.38,-4.98,0.033382,3.06369206,0.227891,10.71151136
808.00,1,777.980,1,777.980,87.783,94.358,4750.592,12.448,0.9710,76.6,0.098,57.5,0.489,34.1,86.6,109,78.4,5.04,705,3.90,5.22,555.248,2761.53,0.029,0.0485,36.8750,6.91,7.19,37.2,32.6,0.811,279,226,92,0.85,0.430,0.0493,0.0493,1.076,1034,1034,15,1,156,3.6,117.7,115.0,35.4,36.7,116,36.9,113,38.2,86.7,40.4,34.9,45.0,4.81,4.81,4.15,-3.23,0.033385,3.06655681,0.227923,10.72178015
809.00,1,778.980,1,778.980,87.834,94.360,4749.651,12.448,0.9710,76.7,-0.008,57.4,0.488,34.1,107.6,109,78.4,5.04,705,3.96,5.22,555.248,2313.95,0.029,0.0485,36.8750,6.91,4.46,37.2,32.6,0.810,275,223,131,1.08,1.069,0.0493,0.0493,1.075,1034,1034,15,1,117,35.9,114.7,112.0,37.9,39.2,115,38.0,112,39.3,86.7,40.3,34.9,45.0,4.81,4.81,5.01,-3.82,0.033388,3.06941927,0.227965,10.73204733
810.00,1,779.980,1,779.980,87.860,94.359,4748.708,12.448,0.9711,76.6,0.202,57.4,0.488,34.1,89.2,109,78.4,5.05,705,3.91,5.22,555.248,2242.90,0.029,0.0485,36.8750,6.91,4.92,37.2,32.6,0.811,279,226,97,0.87,0.512,0.0493,0.0493,1.075,1033,1033,15,1,115,36.9,113.1,110.4,39.1,40.3,113,39.3,110,40.5,86.7,40.3,34.9,45.0,4.81,4.81,4.28,-2.97,0.033389,3.07228394,0.227995,10.74231706
811.00,1,780.980,1,780.980,87.911,94.348,4747.767,12.448,0.9712,76.7,0.214,57.4,0.488,34.1,104.2,109,78.4,5.05,705,3.95,5.22,555.248,2282.31,0.029,0.0485,36.8667,6.91,5.67,37.2,32.6,0.810,274,222,124,1.05,0.944,0.0493,0.0493,1.075,1033,1033,15,1,130,24.9,111.8,109.2,40.0,41.1,111,40.3,109,41.5,86.8,40.2,34.9,45.0,4.81,4.81,4.57,-3.33,0.033388,3.07514672,0.228038,10.75258495
812.00,1,781.980,1,781.980,87.937,94.346,4746.824,12.448,0.9711,76.6,0.192,57.4,0.488,34.1,91.8,109,78.4,5.05,705,3.93,5.22,555.432,2719.43,0.029,0.0485,36.8667,6.91,7.77,37.2,32.6,0.811,279,226,102,0.90,0.598,0.0494,0.0494,1.075,1033,1033,15,1,160,0.3,117.9,115.2,35.1,36.4,116,37.0,113,38.3,86.7,40.3,34.9,45.0,4.81,4.81,4.57,-4.21,0.033388,3.07801109,0.228067,10.76285545
813.00,1,782.980,1,782.980,87.989,94.351,4745.883,12.448,0.9710,76.7,-0.090,57.4,0.488,34.1,98.0,109,78.4,5.05,705,3.93,5.21,555.432,2711.29,0.029,0.0485,36.8667,6.91,6.77,37.2,32.6,0.809,273,221,112,0.99,0.732,0.0494,0.0494,1.075,1034,1034,15,1,147,10.7,117.1,114.4,36.0,37.2,116,37.0,113,38.4,86.6,40.4,34.9,45.0,4.82,4.82,4.27,-3.41,0.033391,3.08087409,0.228111,10.77312417
814.00,1,783.980,1,783.980,88.014,94.351,4744.939,12.448,0.9710,76.6,0.126,57.4,0.488,34.1,94.6,109,78.4,5.05,705,3.95,5.21,555.432,2258.25,0.029,0.0485,36.8667,6.91,4.78,37.2,32.6,0.811,279,227,107,0.93,0.688,0.0494,0.0494,1.075,1033,1033,15,1,115,36.7,114.3,111.6,38.2,39.4,114,38.3,111,39.5,86.7,40.3,34.9,45.0,4.82,4.82,4.64,-3.38,0.033393,3.08373805,0.228139,10.78339536
815.00,1,784.980,1,784.980,88.066,94.342,4743.999,12.448,0.9711,76.6,-0.067,57.3,0.488,34.1,89.1,109,78.4,5.05,704,3.91,5.21,555.432,2242.89,0.029,0.0485,36.8667,6.91,4.92,37.2,32.6,0.809,272,220,95,0.89,0.447,0.0494,0.0494,1.074,1033,1033,15,1,115,36.9,112.9,110.2,39.3,40.5,113,39.4,110,40.7,86.7,40.2,34.9,45.0,4.82,4.82,3.80,-2.71,0.033395,3.08660155,0.228183,10.79366504
816.00,1,785.980,1,785.980,88.091,94.339,4743.055,12.448,0.9712,76.7,0.059,57.3,0.488,34.1,97.5,109,78.4,5.05,704,3.97,5.21,555.564,2361.40,0.029,0.0485,36.8622,6.92,6.22,37.2,32.6,0.811,279,227,113,0.96,0.780,0.0494,0.0494,1.074,1033,1033,15,1,152,6.5,112.6,110.0,39.3,40.4,112,40.2,109,41.4,86.7,40.2,34.9,45.0,4.82,4.82,4.89,-3.72,0.033393,3.08946514,0.228211,10.80393674
817.00,1,786.980,1,786.980,88.142,94.341,4742.115,12.448,0.9711,76.6,-0.012,57.3,0.488,34.1,80.4,109,78.4,5.05,704,3.90,5.21,555.564,2765.83,0.029,0.0485,36.8622,6.92,7.85,37.2,32.6,0.809,276,223,80,0.79,0.203,0.0494,0.0494,1.074,1033,1033,15,1,160,0.3,118.4,115.7,34.7,36.0,116,36.5,113,37.9,86.7,40.3,34.9,45.0,4.82,4.82,3.71,-3.40,0.033394,3.09232902,0.228254,10.81420751
818.00,1,787.980,1,787.980,88.168,94.343,4741.171,12.448,0.9709,76.7,0.021,57.3,0.488,34.1,100.5,109,78.4,5.05,704,4.00,5.21,555.564,2642.57,0.029,0.0485,36.8622,6.92,6.29,37.2,32.6,0.811,279,227,118,0.99,0.877,0.0495,0.0495,1.074,1034,1034,15,1,137,19.4,116.3,113.7,36.6,37.8,115,37.3,113,38.6,86.6,40.4,34.9,45.0,4.82,4.82,5.10,-3.89,0.033397,3.09519205,0.228284,10.82447952
819.00,1,788.980,1,788.980,88.219,94.342,4740.230,12.448,0.9710,76.6,0.054,57.3,0.488,34.1,79.6,109,78.5,5.05,704,3.88,5.21,555.564,2246.10,0.029,0.0485,36.8622,6.92,4.89,37.2,32.6,0.810,279,226,79,0.77,0.199,0.0495,0.0495,1.074,1033,1033,15,1,115,36.9,114.1,111.4,38.3,39.6,114,38.4,111,39.7,86.6,40.3,34.9,45.0,4.82,4.82,3.70,-2.67,0.033400,3.09805633,0.228325,10.83475156
820.00,1,789.980,1,789.980,88.244,94.331,4739.288,12.448,0.9712,76.7,-0.006,57.2,0.488,34.1,103.5,109,78.5,5.05,704,4.00,5.21,555.564,2242.89,0.029,0.0485,36.8622,6.92,4.92,37.2,32.6,0.811,279,227,124,1.02,0.974,0.0495,0.0495,1.074,1033,1033,15,1,115,36.9,112.6,109.9,39.5,40.7,112,39.7,110,40.9,86.7,40.2,34.8,45.0,4.82,4.82,5.25,-3.62,0.033400,3.10091908,0.228357,10.84502391
821.00,1,790.980,1,790.980,88.294,94.329,4738.346,12.448,0.9712,76.6,-0.032,57.2,0.488,34.1,81.8,109,78.5,5.05,703,3.86,5.21,555.693,2448.90,0.029,0.0485,36.8609,6.92,6.68,37.2,32.6,0.810,279,226,83,0.79,0.270,0.0495,0.0495,1.073,1032,1032,15,1,158,1.5,114.0,111.4,38.2,39.3,112,39.6,110,40.8,86.7,40.2,34.8,45.0,4.82,4.82,3.94,-3.47,0.033399,3.10378371,0.228395,10.85529715
822.00,1,791.980,1,791.980,88.320,94.333,4737.404,12.448,0.9710,76.7,-0.027,57.2,0.488,34.1,106.8,109,78.5,5.06,703,3.98,5.21,555.693,2792.73,0.029,0.0485,36.8609,6.92,7.81,37.2,32.6,0.811,279,226,130,1.06,1.071,0.0495,0.0495,1.073,1033,1033,15,1,160,0.3,118.6,115.9,34.5,35.9,116,36.4,114,37.8,86.6,40.4,34.8,45.0,4.82,4.82,5.46,-4.61,0.033400,3.10664617,0.228431,10.86556988
823.00,1,792.980,1,792.980,88.345,94.334,4736.462,12.448,0.9709,76.6,-0.037,57.2,0.488,34.1,84.2,109,78.5,5.06,703,3.87,5.21,555.693,2559.15,0.029,0.0485,36.8609,6.92,5.76,37.2,32.6,0.810,280,227,88,0.82,0.346,0.0495,0.0495,1.073,1034,1034,15,1,128,26.9,115.8,113.1,37.1,38.3,115,37.5,112,38.8,86.6,40.4,34.8,45.0,4.82,4.82,4.00,-3.03,0.033403,3.10951087,0.228466,10.87584427
824.00,1,793.980,1,793.980,88.395,94.333,4735.520,12.448,0.9710,76.7,-0.042,57.2,0.488,34.1,108.7,109,78.5,5.06,703,3.96,5.21,555.693,2243.56,0.029,0.0485,36.8609,6.92,4.91,37.2,32.6,0.810,277,225,133,1.08,1.112,0.0496,0.0496,1.073,1033,1033,15,1,115,36.9,113.8,111.1,38.6,39.8,114,38.7,111,39.9,86.7,40.3,34.8,45.0,4.83,4.83,5.23,-3.87,0.033406,3.11237329,0.228505,10.88611753
825.00,1,794.980,1,794.980,88.420,94.320,4734.578,12.448,0.9711,76.6,0.048,57.2,0.488,34.1,86.6,109,78.5,5.06,703,3.88,5.20,555.693,2242.89,0.029,0.0485,36.8609,6.92,4.92,37.2,32.6,0.811,280,227,92,0.84,0.424,0.0496,0.0496,1.073,1033,1033,15,1,115,36.9,112.3,109.7,39.7,40.9,112,39.9,109,41.1,86.7,40.2,34.8,45.0,4.83,4.83,4.12,-2.78,0.033405,3.11523812,0.228538,10.89639300
826.00,1,795.980,1,795.980,88.470,94.320,4733.637,12.448,0.9711,76.7,-0.083,57.2,0.488,34.1,107.5,109,78.5,5.06,703,3.95,5.20,555.821,2535.70,0.029,0.0485,36.8612,6.92,7.09,37.2,32.6,0.810,276,224,131,1.08,1.059,0.0496,0.0496,1.072,1033,1033,15,1,159,0.5,115.4,112.7,37.0,38.3,113,38.8,111,40.1,86.7,40.3,34.8,45.0,4.83,4.83,5.10,-4.67,0.033405,3.11810065,0.228579,10.90666687
827.00,1,796.980,1,796.980,88.495,94.324,4732.694,12.448,0.9710,76.6,0.172,57.2,0.488,34.1,89.2,109,78.5,5.06,703,3.90,5.20,555.821,2798.08,0.029,0.0485,36.8612,6.92,7.66,37.2,32.6,0.811,280,227,97,0.87,0.507,0.0496,0.0496,1.072,1033,1033,15,1,160,0.3,118.5,115.8,34.7,36.0,116,36.5,113,37.9,86.6,40.4,34.8,45.0,4.83,4.83,4.33,-3.41,0.033407,3.12096528,0.228609,10.91694327
828.00,1,797.980,1,797.980,88.545,94.326,4731.754,12.448,0.9709,76.7,0.324,57.1,0.487,34.1,104.1,109,78.5,5.06,702,3.93,5.20,555.821,2465.77,0.029,0.0485,36.8612,6.92,5.23,37.2,32.6,0.809,275,222,124,1.04,0.934,0.0496,0.0496,1.072,1034,1034,15,1,121,31.9,115.4,112.6,37.4,38.7,115,37.6,112,39.0,86.6,40.4,34.8,45.0,4.83,4.83,4.68,-3.64,0.033410,3.12382800,0.228653,10.92721789
829.00,1,798.980,1,798.980,88.570,94.325,4730.811,12.448,0.9710,76.6,0.205,57.1,0.487,34.1,91.8,109,78.5,5.06,702,3.91,5.20,555.821,2243.03,0.029,0.0485,36.8612,6.92,4.92,37.2,32.6,0.811,280,227,102,0.90,0.591,0.0497,0.0497,1.072,1033,1033,15,1,115,36.9,113.5,110.8,38.8,40.0,113,38.9,111,40.2,86.6,40.3,34.8,45.0,4.83,4.83,4.46,-3.14,0.033411,3.12669244,0.228681,10.93749518
830.00,1,799.980,1,799.980,88.619,94.310,4729.870,12.448,0.9711,76.6,-0.090,57.1,0.487,34.1,97.9,109,78.5,5.06,702,3.91,5.20,555.821,2242.89,0.029,0.0485,36.8612,6.92,4.92,37.2,32.6,0.809,273,221,112,0.98,0.722,0.0497,0.0497,1.072,1033,1033,15,1,115,36.9,112.1,109.5,39.9,41.0,112,40.1,109,41.2,86.7,40.2,34.8,45.0,4.83,4.83,4.17,-2.93,0.033412,3.12955560,0.228726,10.94777068
831.00,1,800.980,1,800.980,88.644,94.311,4728.927,12.448,0.9711,76.6,0.153,57.1,0.487,34.1,94.6,109,78.5,5.06,702,3.93,5.20,555.950,2616.57,0.029,0.0485,36.8622,6.92,7.43,37.2,32.6,0.811,280,227,107,0.93,0.681,0.0497,0.0497,1.072,1033,1033,15,1,159,0.3,116.5,113.9,36.1,37.4,114,38.0,112,39.3,86.7,40.2,34.8,45.0,4.83,4.83,4.79,-4.42,0.033411,3.13241969,0.228753,10.95804865
832.00,1,801.980,1,801.980,88.693,94.317,4727.987,12.448,0.9709,76.6,-0.069,57.1,0.487,34.1,89.0,109,78.5,5.06,702,3.89,5.20,555.950,2781.02,0.029,0.0485,36.8622,6.92,7.38,37.2,32.6,0.809,273,221,95,0.89,0.440,0.0497,0.0497,1.071,1033,1033,15,1,158,1.5,118.1,115.4,35.0,36.3,116,36.7,113,38.1,86.6,40.4,34.8,45.0,4.83,4.83,3.88,-3.11,0.033413,3.13528322,0.228798,10.96832514
833.00,1,802.980,1,802.980,88.718,94.317,4727.044,12.448,0.9709,76.7,0.074,57.1,0.487,34.1,97.4,109,78.5,5.06,702,3.96,5.20,555.950,2367.69,0.029,0.0485,36.8622,6.92,4.72,37.2,32.6,0.811,280,227,113,0.95,0.773,0.0497,0.0497,1.071,1034,1034,15,1,118,34.9,114.9,112.2,37.8,39.0,115,37.9,112,39.2,86.6,40.4,34.8,45.0,4.83,4.83,4.87,-3.59,0.033416,3.13814684,0.228826,10.97860366
834.00,1,803.980,1,803.980,88.766,94.297,4726.103,12.448,0.9710,76.6,-0.022,57.0,0.487,34.1,80.4,109,78.5,5.06,702,3.88,5.20,555.950,2242.92,0.029,0.0485,36.8622,6.92,4.92,37.2,32.6,0.809,277,224,80,0.79,0.197,0.0497,0.0497,1.071,1033,1033,15,1,115,36.9,113.3,110.6,39.0,40.2,113,39.1,110,40.3,86.6,40.3,34.8,45.0,4.83,4.83,3.63,-2.56,0.033418,3.14101089,0.228869,10.98888131
835.00,1,804.980,1,804.980,88.791,94.299,4725.161,12.448,0.9711,76.7,0.023,57.0,0.487,34.1,100.4,109,78.5,5.06,701,3.98,5.19,555.950,2251.14,0.029,0.0485,36.8630,6.92,5.26,37.2,32.6,0.811,280,227,118,0.99,0.868,0.0498,0.0498,1.071,1033,1033,15,1,117,35.8,111.8,109.1,40.1,41.2,111,40.3,109,41.5,86.7,40.2,34.8,45.0,4.83,4.83,5.05,-3.44,0.033417,3.14387414,0.228899,10.99916020
836.00,1,805.980,1,805.980,88.839,94.307,4724.220,12.448,0.9710,76.6,0.053,57.0,0.487,34.1,79.6,109,78.5,5.07,701,3.86,5.19,556.081,2687.07,0.029,0.0485,36.8630,6.92,7.68,37.2,32.6,0.810,280,227,79,0.77,0.194,0.0498,0.0498,1.071,1033,1033,15,1,160,0.3,117.5,114.8,35.4,36.7,115,37.3,112,38.6,86.6,40.2,34.7,45.0,4.83,4.83,3.83,-3.67,0.033417,3.14673860,0.228939,11.00943909
837.00,1,806.980,1,806.980,88.864,94.309,4723.278,12.448,0.9709,76.7,-0.006,57.0,0.487,34.1,103.5,109,78.5,5.07,701,3.98,5.19,556.081,2742.03,0.029,0.0485,36.8630,6.92,7.01,37.2,32.6,0.811,280,227,124,1.02,0.965,0.0498,0.0498,1.071,1034,1034,15,1,152,6.4,117.4,114.8,35.6,36.9,116,36.9,113,38.3,86.5,40.4,34.7,45.0,4.84,4.84,5.34,-4.15,0.033420,3.14960142,0.228972,11.01971831
838.00,1,807.980,1,807.980,88.912,94.307,4722.336,12.448,0.9709,76.6,-0.032,57.0,0.487,34.1,81.9,109,78.5,5.07,701,3.85,5.19,556.081,2278.73,0.029,0.0485,36.8630,6.92,4.60,37.2,32.6,0.810,280,227,83,0.79,0.266,0.0498,0.0498,1.070,1034,1034,15,1,116,36.5,114.6,111.8,38.0,39.3,114,38.1,112,39.4,86.5,40.4,34.7,45.0,4.84,4.84,3.85,-2.85,0.033423,3.15246617,0.229010,11.02999847
839.00,1,808.980,1,808.980,88.936,94.283,4721.395,12.448,0.9710,76.7,-0.027,56.9,0.487,34.1,106.7,109,78.5,5.06,701,3.96,5.19,556.081,2242.90,0.029,0.0485,36.8630,6.92,4.92,37.2,32.6,0.811,280,227,130,1.05,1.061,0.0498,0.0498,1.071,1033,1033,15,1,115,36.9,113.0,110.3,39.2,40.4,113,39.3,110,40.6,86.6,40.2,34.7,45.0,4.84,4.84,5.34,-3.80,0.033424,3.15532885,0.229045,11.04027813
840.00,1,809.980,1,809.980,88.960,94.289,4720.453,12.448,0.9711,76.6,-0.037,57.0,0.487,34.1,84.2,109,78.5,5.07,701,3.85,5.19,556.081,2315.52,0.029,0.0485,36.8628,6.92,5.94,37.2,32.6,0.810,280,227,88,0.82,0.341,0.0498,0.0498,1.070,1033,1033,15,1,142,14.6,112.0,109.5,39.8,40.9,111,40.3,109,41.5,86.6,40.2,34.7,45.0,4.84,4.84,4.00,-2.91,0.033423,3.15819382,0.229081,11.05055945
841.00,1,810.980,1,810.980,89.008,94.300,4719.512,12.448,0.9709,76.7,-0.042,57.0,0.487,34.1,108.7,109,78.5,5.07,700,3.95,5.19,556.215,2743.10,0.029,0.0485,36.8628,6.92,7.82,37.2,32.6,0.810,278,225,133,1.08,1.102,0.0499,0.0499,1.070,1033,1033,15,1,160,0.3,118.2,115.5,34.8,36.2,116,36.7,113,38.1,86.6,40.3,34.7,45.0,4.84,4.84,5.40,-4.88,0.033424,3.16105643,0.229120,11.06083960
842.00,1,811.980,1,811.980,89.033,94.301,4718.570,12.448,0.9708,76.6,0.048,56.9,0.487,34.1,86.7,109,78.5,5.07,700,3.87,5.19,556.215,2682.94,0.029,0.0485,36.8628,6.92,6.56,37.2,32.6,0.810,281,227,92,0.84,0.419,0.0499,0.0499,1.070,1034,1034,15,1,142,14.6,116.7,114.0,36.2,37.5,116,37.1,113,38.5,86.5,40.4,34.7,45.0,4.84,4.84,4.17,-3.19,0.033427,3.16392138,0.229152,11.07112199
843.00,1,812.980,1,812.980,89.080,94.299,4717.629,12.448,0.9709,76.7,-0.083,56.9,0.487,34.1,107.4,109,78.5,5.07,700,3.93,5.19,556.215,2250.46,0.029,0.0485,36.8628,6.92,4.85,37.2,32.6,0.810,277,224,131,1.07,1.048,0.0499,0.0499,1.070,1033,1033,15,1,115,36.8,114.3,111.5,38.2,39.5,114,38.3,111,39.6,86.5,40.3,34.7,45.0,4.84,4.84,5.02,-3.78,0.033430,3.16678410,0.229193,11.08140283
844.00,1,813.980,1,813.980,89.104,94.273,4716.687,12.448,0.9710,76.6,0.172,56.9,0.487,34.1,89.2,109,78.5,5.07,700,3.88,5.19,556.215,2242.89,0.029,0.0485,36.8628,6.92,4.92,37.2,32.6,0.810,281,228,97,0.87,0.500,0.0499,0.0499,1.070,1033,1033,15,1,115,36.9,112.7,110.0,39.4,40.6,112,39.6,110,40.8,86.6,40.2,34.7,45.0,4.84,4.84,4.29,-2.94,0.033430,3.16964901,0.229223,11.09168621
845.00,1,814.980,1,814.980,89.152,94.285,4715.747,12.448,0.9710,76.6,0.324,56.9,0.487,34.1,104.0,109,78.5,5.07,700,3.91,5.19,556.353,2400.25,0.029,0.0485,36.8616,6.93,6.44,37.2,32.6,0.809,276,223,124,1.04,0.924,0.0499,0.0499,1.069,1032,1032,15,1,156,3.3,113.3,110.7,38.8,39.9,112,40.0,109,41.1,86.6,40.2,34.7,45.0,4.84,4.84,4.67,-3.92,0.033430,3.17251202,0.229267,11.10196781
846.00,1,815.980,1,815.980,89.176,94.290,4714.804,12.448,0.9709,76.6,0.205,56.9,0.487,34.1,91.8,109,78.5,5.07,700,3.90,5.18,556.353,2781.17,0.029,0.0485,36.8616,6.93,7.85,37.2,32.6,0.811,281,228,102,0.89,0.585,0.0500,0.0500,1.069,1033,1033,15,1,160,0.3,118.5,115.8,34.6,35.9,116,36.5,113,37.9,86.5,40.3,34.7,45.0,4.84,4.84,4.55,-3.94,0.033431,3.17537665,0.229295,11.11225202
847.00,1,816.980,1,816.980,89.223,94.292,4713.864,12.448,0.9708,76.6,-0.090,56.9,0.487,34.1,97.8,109,78.5,5.07,700,3.89,5.18,556.353,2606.90,0.029,0.0485,36.8616,6.93,6.05,37.2,32.6,0.809,274,222,112,0.98,0.714,0.0500,0.0500,1.069,1034,1034,15,1,132,23.1,116.1,113.4,36.8,38.0,115,37.3,113,38.7,86.5,40.4,34.7,45.0,4.84,4.84,4.28,-3.37,0.033434,3.17823998,0.229340,11.12253451
848.00,1,817.980,1,817.980,89.247,94.290,4712.921,12.448,0.9709,76.6,0.153,56.9,0.486,34.1,94.5,109,78.5,5.07,699,3.92,5.18,556.353,2244.47,0.029,0.0485,36.8616,6.93,4.90,37.2,32.6,0.811,281,228,107,0.92,0.673,0.0500,0.0500,1.069,1033,1033,15,1,115,36.9,113.9,111.2,38.5,39.7,114,38.6,111,39.8,86.5,40.3,34.7,45.0,4.85,4.85,4.66,-3.33,0.033436,3.18110430,0.229367,11.13281950
849.00,1,818.980,1,818.980,89.293,94.273,4711.981,12.448,0.9710,76.6,-0.069,56.8,0.486,34.1,89.0,109,78.5,5.07,699,3.88,5.18,556.353,2242.89,0.029,0.0485,36.8616,6.93,4.92,37.2,32.6,0.808,274,222,95,0.89,0.432,0.0500,0.0500,1.069,1033,1033,15,1,115,36.9,112.5,109.8,39.6,40.7,112,39.7,110,40.9,86.6,40.2,34.7,45.0,4.85,4.85,3.81,-2.68,0.033437,3.18396815,0.229412,11.14310303
850.00,1,819.980,1,819.980,89.317,94.276,4711.039,12.448,0.9710,76.6,0.074,56.8,0.486,34.1,97.4,109,78.5,5.07,699,3.94,5.18,556.494,2488.36,0.029,0.0485,36.8592,6.93,6.88,37.2,32.6,0.811,281,228,113,0.95,0.765,0.0500,0.0500,1.069,1032,1032,15,1,159,0.9,114.6,112.0,37.7,38.9,113,39.3,110,40.5,86.6,40.2,34.7,45.0,4.85,4.85,4.99,-4.33,0.033436,3.18683208,0.229440,11.15338858
851.00,1,820.980,1,820.980,89.364,94.281,4710.099,12.448,0.9709,76.6,-0.022,56.8,0.486,34.1,80.4,109,78.5,5.08,699,3.86,5.18,556.494,2798.64,0.029,0.0485,36.8592,6.93,7.76,37.2,32.6,0.809,278,225,80,0.78,0.193,0.0501,0.0501,1.068,1033,1033,15,1,160,0.3,118.6,115.9,34.5,35.9,116,36.4,114,37.8,86.5,40.3,34.6,45.0,4.85,4.85,3.69,-3.04,0.033438,3.18969635,0.229483,11.16367325
852.00,1,821.980,1,821.980,89.387,94.280,4709.156,12.448,0.9708,76.7,0.023,56.8,0.486,34.1,100.4,109,78.5,5.08,699,3.96,5.18,556.494,2518.16,0.029,0.0485,36.8592,6.93,5.52,37.2,32.6,0.811,281,228,118,0.98,0.860,0.0501,0.0501,1.068,1034,1034,15,1,124,29.4,115.5,112.8,37.2,38.5,115,37.6,112,38.9,86.4,40.4,34.6,45.0,4.85,4.85,5.12,-3.84,0.033441,3.19255979,0.229512,11.17395919
853.00,1,822.980,1,822.980,89.433,94.267,4708.216,12.448,0.9708,76.6,0.053,56.8,0.486,34.1,79.6,109,78.5,5.08,699,3.85,5.18,556.494,2243.22,0.029,0.0485,36.8592,6.93,4.92,37.2,32.6,0.809,281,228,79,0.77,0.190,0.0501,0.0501,1.068,1033,1033,15,1,115,36.9,113.7,111.0,38.6,39.9,114,38.8,111,40.0,86.5,40.3,34.6,45.0,4.85,4.85,3.72,-2.64,0.033443,3.19542451,0.229553,11.18424518
854.00,1,823.980,1,823.980,89.456,94.266,4707.274,12.448,0.9710,76.7,-0.006,56.8,0.486,34.1,103.4,109,78.5,5.08,699,3.96,5.18,556.494,2242.89,0.029,0.0485,36.8592,6.93,4.92,37.2,32.6,0.811,281,228,124,1.01,0.956,0.0501,0.0501,1.068,1033,1033,15,1,115,36.9,112.2,109.5,39.8,41.0,112,40.0,109,41.2,86.5,40.2,34.6,45.0,4.85,4.85,5.26,-3.58,0.033443,3.19828769,0.229586,11.19453150
855.00,1,824.980,1,824.980,89.503,94.268,4706.333,12.448,0.9710,76.6,-0.032,56.7,0.486,34.1,81.9,109,78.5,5.08,698,3.83,5.18,556.641,2573.27,0.029,0.0485,36.8564,6.93,7.26,37.2,32.6,0.810,281,228,83,0.79,0.261,0.0501,0.0501,1.068,1033,1033,15,1,159,0.4,115.9,113.3,36.6,37.9,114,38.4,111,39.7,86.5,40.2,34.6,45.0,4.85,4.85,3.99,-3.78,0.033443,3.20115275,0.229624,11.20481873
856.00,1,825.980,1,825.980,89.526,94.269,4705.392,12.448,0.9708,76.7,-0.027,56.7,0.486,34.1,106.6,109,78.5,5.08,698,3.94,5.17,556.641,2793.96,0.029,0.0485,36.8564,6.93,7.55,37.2,32.6,0.810,281,228,130,1.05,1.051,0.0501,0.0501,1.068,1033,1033,15,1,159,0.6,118.3,115.7,34.8,36.1,116,36.6,113,38.0,86.4,40.4,34.6,45.0,4.85,4.85,5.45,-4.35,0.033445,3.20401566,0.229659,11.21510549
857.00,1,826.980,1,826.980,89.549,94.269,4704.450,12.448,0.9707,76.6,-0.037,56.7,0.486,34.1,84.2,109,78.5,5.08,698,3.84,5.17,556.641,2421.77,0.029,0.0485,36.8564,6.93,5.00,37.2,32.6,0.810,282,228,88,0.81,0.336,0.0502,0.0502,1.068,1034,1034,15,1,119,33.5,115.1,112.4,37.6,38.9,115,37.8,112,39.1,86.4,40.4,34.6,45.0,4.85,4.85,4.01,-2.98,0.033448,3.20688084,0.229694,11.22539391
858.00,1,827.980,1,827.980,89.595,94.741,4703.509,12.448,0.9709,76.7,-0.035,56.7,0.486,34.1,108.5,109,78.5,5.08,698,3.93,5.17,556.641,2242.96,0.029,0.0485,36.8564,6.93,4.92,37.2,32.6,0.810,280,227,133,1.07,1.105,0.0502,0.0502,1.074,1033,1033,15,1,115,36.9,113.4,110.7,38.9,40.1,113,39.0,111,40.2,86.5,40.2,34.6,45.0,4.85,4.85,5.35,-3.88,0.033450,3.20974452,0.229730,11.23568184
859.00,1,828.980,1,828.980,89.607,95.223,4702.567,12.448,0.9710,76.6,-0.037,56.1,0.483,34.1,84.4,109,79.5,5.03,698,3.83,5.15,556.641,2242.89,0.029,0.0485,36.8564,6.93,4.92,37.2,32.6,0.810,281,228,88,0.82,0.343,0.0502,0.0502,1.089,1033,1033,15,1,115,36.9,111.9,109.3,40.0,41.1,112,40.2,109,41.4,86.5,40.2,34.6,45.0,4.85,4.85,3.96,-2.64,0.033449,3.21261334,0.229763,11.24597407
860.00,1,829.980,1,829.980,89.568,95.190,4701.626,12.448,0.9708,76.7,-0.027,55.9,0.481,34.1,106.6,109,79.8,5.00,698,3.94,5.14,556.792,2650.18,0.029,0.0485,36.8545,6.93,7.56,37.2,32.6,0.811,281,228,129,1.05,1.055,0.0502,0.0502,1.095,1033,1033,15,1,160,0.3,117.0,114.3,35.8,37.0,115,37.7,112,39.0,86.4,40.3,34.6,45.0,4.86,4.86,5.55,-5.05,0.033449,3.21548234,0.229796,11.25626974
861.00,1,830.980,1,830.980,89.520,95.023,4700.686,12.448,0.9707,76.6,-0.044,55.8,0.481,34.1,82.8,109,79.6,5.00,698,3.83,5.13,556.792,2766.81,0.029,0.0485,36.8545,6.93,7.23,37.2,32.6,0.810,281,228,85,0.80,0.291,0.0502,0.0502,1.094,1034,1034,15,1,156,3.2,117.8,115.1,35.3,36.6,116,36.8,113,38.2,86.4,40.4,34.6,45.0,4.86,4.86,3.96,-3.07,0.033452,3.21835405,0.229829,11.26657205
862.00,1,831.980,1,831.980,89.404,93.696,4699.746,12.448,0.9707,76.7,-0.035,56.3,0.485,34.1,107.4,108,78.3,5.03,697,3.93,5.14,556.792,2323.13,0.029,0.0485,36.8545,6.93,4.50,37.2,32.6,0.810,279,226,131,1.07,1.055,0.0503,0.0503,1.070,1034,1034,15,1,117,35.8,114.7,112.0,37.9,39.2,115,38.0,112,39.3,86.4,40.3,34.6,45.0,4.86,4.86,5.37,-4.05,0.033455,3.22122084,0.229866,11.27687690
863.00,1,832.980,1,832.980,89.366,93.480,4698.806,12.448,0.9708,76.6,-0.017,56.5,0.486,34.1,84.7,108,77.9,5.05,697,3.84,5.15,556.792,2242.91,0.029,0.0485,36.8545,6.93,4.92,37.2,32.6,0.810,282,228,89,0.82,0.343,0.0503,0.0503,1.065,1033,1033,15,1,115,36.9,113.1,110.4,39.1,40.3,113,39.2,110,40.5,86.4,40.3,34.6,45.0,4.86,4.86,4.07,-2.83,0.033457,3.22408645,0.229899,11.28718446
864.00,1,833.980,1,833.980,89.353,93.525,4697.866,12.448,0.9709,76.7,-0.040,56.5,0.486,34.1,107.5,108,77.8,5.05,697,3.92,5.15,556.792,2275.03,0.029,0.0485,36.8727,6.93,5.60,37.2,32.6,0.810,279,226,131,1.07,1.043,0.0503,0.0503,1.065,1033,1033,15,1,126,27.6,111.7,109.1,40.1,41.2,111,40.3,109,41.5,86.4,40.2,34.6,45.0,4.86,4.86,5.10,-3.65,0.033456,3.22694729,0.229939,11.29748890
865.00,1,834.980,1,834.980,89.374,93.634,4696.925,12.448,0.9708,76.6,0.106,56.5,0.486,34.1,87.5,108,77.9,5.05,697,3.85,5.15,556.908,2714.81,0.029,0.0485,36.8727,6.93,7.76,37.2,32.6,0.810,282,228,94,0.85,0.434,0.0503,0.0503,1.067,1033,1033,15,1,160,0.3,117.8,115.1,35.1,36.4,116,37.0,113,38.4,86.4,40.3,34.6,45.0,4.86,4.86,4.35,-4.03,0.033456,3.22980924,0.229970,11.30779242
866.00,1,835.980,1,835.980,89.455,93.875,4695.985,12.448,0.9706,76.6,0.668,56.5,0.486,34.1,105.6,108,78.2,5.05,697,3.90,5.15,556.908,2718.35,0.028,0.0485,36.8727,6.93,6.82,37.2,32.6,0.809,278,225,127,1.05,0.971,0.0503,0.0503,1.069,1034,1034,15,1,148,9.9,117.1,114.4,35.9,37.2,116,37.0,113,38.4,86.3,40.4,34.6,45.0,4.86,4.86,4.93,-3.93,0.033460,3.23266883,0.230012,11.31809032
867.00,1,836.980,1,836.980,89.508,93.979,4695.043,12.448,0.9707,76.6,0.211,56.5,0.486,34.1,90.3,108,78.3,5.05,697,3.87,5.15,556.908,2260.68,0.029,0.0485,36.8727,6.93,4.76,37.2,32.6,0.810,282,229,100,0.87,0.528,0.0503,0.0503,1.070,1033,1033,15,1,115,36.7,114.3,111.6,38.1,39.4,114,38.2,111,39.5,86.3,40.4,34.6,45.0,4.86,4.86,4.40,-3.21,0.033463,3.23553071,0.230041,11.32838703
868.00,1,837.980,1,837.980,89.623,94.605,4694.103,12.448,0.9708,76.6,0.324,56.4,0.485,34.1,104.9,109,78.5,5.05,696,3.89,5.15,556.908,2242.89,0.029,0.0485,36.8727,6.93,4.92,37.2,32.6,0.809,277,224,126,1.04,0.949,0.0504,0.0504,1.077,1033,1033,15,1,115,36.9,112.8,110.2,39.3,40.5,113,39.4,110,40.6,86.4,40.2,34.5,45.0,4.86,4.86,4.69,-3.39,0.033464,3.23839204,0.230084,11.33867906
869.00,1,838.980,1,838.980,89.672,95.148,4693.160,12.448,0.9708,76.6,0.211,55.9,0.482,34.1,90.7,109,79.5,5.01,696,3.85,5.14,557.042,2352.34,0.029,0.0485,36.8741,6.93,6.17,37.2,32.6,0.810,282,229,100,0.88,0.544,0.0504,0.0504,1.093,1033,1033,15,1,151,7.7,112.4,109.8,39.4,40.6,111,40.3,109,41.4,86.4,40.2,34.5,45.0,4.86,4.86,4.41,-3.35,0.033464,3.24125840,0.230111,11.34897340
870.00,1,839.980,1,839.980,89.701,95.204,4692.220,12.448,0.9707,76.6,0.668,55.6,0.481,34.1,106.7,109,79.8,4.99,696,3.89,5.13,557.042,2763.29,0.029,0.0485,36.8741,6.93,7.86,37.2,32.6,0.809,278,225,129,1.06,1.016,0.0504,0.0504,1.098,1033,1033,15,1,160,0.3,118.3,115.6,34.7,36.0,116,36.6,113,38.0,86.3,40.4,34.5,45.0,4.87,4.87,5.05,-4.55,0.033465,3.24412607,0.230151,11.35926842
871.00,1,840.980,1,840.980,89.684,95.059,4691.278,12.448,0.9706,76.6,0.172,55.6,0.481,34.1,89.0,109,79.7,4.99,696,3.84,5.12,557.042,2651.01,0.028,0.0485,36.8741,6.93,6.34,37.2,32.6,0.810,282,228,96,0.86,0.486,0.0504,0.0504,1.097,1034,1034,15,1,137,18.6,116.3,113.6,36.5,37.8,115,37.3,113,38.6,86.3,40.4,34.5,45.0,4.87,4.87,4.32,-3.29,0.033468,3.24699709,0.230179,11.36957010
872.00,1,841.980,1,841.980,89.608,94.723,4690.339,12.448,0.9707,76.6,-0.083,55.6,0.481,34.1,107.5,109,79.4,4.98,696,3.90,5.11,557.042,2246.61,0.029,0.0485,36.8741,6.93,4.88,37.2,32.6,0.809,278,225,130,1.07,1.042,0.0504,0.0504,1.095,1033,1033,15,1,115,36.9,114.0,111.3,38.3,39.6,114,38.4,111,39.7,86.3,40.3,34.5,45.0,4.87,4.87,5.08,-3.80,0.033471,3.24986642,0.230218,11.37987510
873.00,1,842.980,1,842.980,89.559,94.554,4689.398,12.448,0.9707,76.6,0.106,55.5,0.481,34.1,87.3,108,79.2,4.97,696,3.84,5.11,557.042,2242.89,0.029,0.0485,36.8741,6.93,4.92,37.2,32.6,0.810,282,228,93,0.85,0.427,0.0505,0.0505,1.095,1033,1033,15,1,115,37.0,112.5,109.8,39.5,40.7,112,39.7,110,40.9,86.3,40.2,34.5,45.0,4.87,4.87,4.20,-2.86,0.033472,3.25273722,0.230246,11.39018705
874.00,1,843.980,1,843.980,89.461,93.860,4688.459,12.448,0.9707,76.6,-0.083,55.5,0.481,34.1,106.2,108,79.0,4.97,696,3.90,5.11,557.184,2439.85,0.029,0.0486,36.9028,6.94,6.64,37.2,32.6,0.809,278,225,128,1.06,0.993,0.0505,0.0505,1.087,1032,1032,15,1,158,1.7,113.8,111.2,38.3,39.5,112,39.7,109,40.9,86.3,40.3,34.5,45.0,4.87,4.87,5.08,-4.35,0.033471,3.25560436,0.230286,11.40050061
875.00,1,844.980,1,844.980,89.426,93.311,4687.519,12.448,0.9706,76.6,0.172,56.0,0.485,34.1,88.1,107,77.9,5.01,695,3.85,5.12,557.184,2792.47,0.029,0.0486,36.9028,6.94,7.83,37.2,32.6,0.810,282,229,95,0.85,0.450,0.0505,0.0505,1.071,1033,1033,15,1,160,0.3,118.5,115.8,34.6,35.9,116,36.4,113,37.8,86.3,40.4,34.5,45.0,4.87,4.87,4.38,-3.69,0.033472,3.25846981,0.230317,11.41081677
876.00,1,845.980,1,845.980,89.431,93.253,4686.580,12.448,0.9705,76.6,0.324,56.2,0.486,34.1,102.9,107,77.6,5.03,695,3.89,5.13,557.184,2568.46,0.028,0.0486,36.9028,6.94,5.81,37.2,32.6,0.809,278,225,122,1.02,0.871,0.0505,0.0505,1.067,1034,1034,15,1,128,26.3,115.8,113.1,37.0,38.3,115,37.4,112,38.8,86.2,40.4,34.5,45.0,4.87,4.87,4.73,-3.71,0.033476,3.26133013,0.230360,11.42112854
877.00,1,846.980,1,846.980,89.468,93.388,4685.639,12.448,0.9706,76.6,0.205,56.2,0.486,34.1,91.1,108,77.7,5.03,695,3.87,5.13,557.184,2243.66,0.029,0.0486,36.9028,6.94,4.91,37.2,32.6,0.810,283,229,101,0.88,0.547,0.0505,0.0505,1.068,1033,1033,15,1,115,36.9,113.7,111.0,38.6,39.8,114,38.7,111,40.0,86.2,40.3,34.5,45.0,4.87,4.87,4.49,-3.19,0.033478,3.26419050,0.230388,11.43143846
878.00,1,847.980,1,847.980,89.590,93.691,4684.700,12.448,0.9707,76.6,-0.090,56.2,0.485,34.1,98.1,108,78.0,5.03,695,3.87,5.13,557.184,2242.89,0.029,0.0486,36.9028,6.94,4.92,37.2,32.6,0.808,277,224,113,0.97,0.708,0.0506,0.0506,1.070,1033,1033,15,1,115,37.0,112.3,109.6,39.7,40.9,112,39.9,109,41.1,86.3,40.3,34.5,45.0,4.87,4.87,4.24,-3.01,0.033479,3.26704926,0.230433,11.44174140
879.00,1,848.980,1,848.980,89.666,94.313,4683.757,12.448,0.9707,76.6,0.182,56.2,0.485,34.1,93.1,108,78.2,5.04,695,3.87,5.13,557.349,2527.37,0.029,0.0486,36.9038,6.94,7.06,37.2,32.6,0.810,283,229,105,0.90,0.616,0.0506,0.0506,1.078,1033,1033,15,1,159,0.6,115.1,112.5,37.2,38.4,113,39.0,110,40.2,86.3,40.3,34.5,45.0,4.87,4.87,4.69,-4.21,0.033479,3.26991063,0.230460,11.45204244
880.00,1,849.980,1,849.980,89.791,95.109,4682.817,12.448,0.9705,76.6,-0.029,55.5,0.480,34.1,102.2,109,79.7,4.98,695,3.87,5.11,557.349,2800.16,0.028,0.0486,36.9038,6.94,7.69,37.2,32.6,0.808,277,224,120,1.01,0.853,0.0506,0.0506,1.099,1033,1033,15,1,160,0.3,118.5,115.8,34.7,36.0,116,36.5,113,37.9,86.2,40.4,34.5,45.0,4.87,4.87,4.61,-3.75,0.033481,3.27277464,0.230501,11.46234042
881.00,1,850.980,1,850.980,89.822,95.096,4681.875,12.448,0.9705,76.6,0.205,55.4,0.480,34.1,91.7,109,79.8,4.98,695,3.85,5.11,557.349,2475.37,0.028,0.0486,36.9038,6.94,5.28,37.2,32.6,0.810,283,229,102,0.89,0.573,0.0506,0.0506,1.100,1034,1034,15,1,122,31.6,115.2,112.5,37.5,38.7,115,37.7,112,39.0,86.2,40.4,34.5,45.0,4.87,4.87,4.48,-3.34,0.033485,3.27564292,0.230528,11.47264202
882.00,1,851.980,1,851.980,89.829,94.855,4680.936,12.448,0.9706,76.6,0.324,55.3,0.480,34.1,104.4,109,79.6,4.97,694,3.87,5.10,557.349,2243.05,0.029,0.0486,36.9038,6.94,4.92,37.2,32.6,0.809,278,225,124,1.04,0.927,0.0506,0.0506,1.098,1033,1033,15,1,115,37.0,113.4,110.7,38.8,40.0,113,38.9,111,40.2,86.2,40.3,34.5,45.0,4.88,4.88,4.72,-3.48,0.033487,3.27851136,0.230570,11.48294509
883.00,1,852.980,1,852.980,89.812,94.709,4679.994,12.448,0.9707,76.6,0.211,55.3,0.480,34.1,90.0,109,79.4,4.97,694,3.84,5.10,557.349,2242.89,0.029,0.0486,36.9038,6.94,4.92,37.2,32.6,0.810,283,229,98,0.87,0.513,0.0506,0.0506,1.097,1033,1033,15,1,115,37.0,111.9,109.3,40.0,41.1,112,40.2,109,41.3,86.3,40.2,34.5,45.0,4.88,4.88,4.36,-2.91,0.033487,3.28138175,0.230597,11.49325459
884.00,1,853.980,1,853.980,89.760,94.464,4679.055,12.500,0.9706,76.6,0.668,55.3,0.480,34.1,106.0,108,79.2,4.96,694,3.88,5.09,557.537,2618.03,0.029,0.0486,36.9085,6.97,7.44,37.2,32.6,0.809,279,225,127,1.05,0.980,0.0507,0.0507,1.095,1033,1033,15,1,159,0.3,116.5,113.8,36.1,37.4,114,38.0,111,39.3,86.2,40.3,34.4,45.0,4.88,4.88,5.06,-4.72,0.033487,3.28425002,0.230638,11.50356627
885.00,1,854.980,1,854.980,89.731,94.375,4678.114,12.500,0.9704,76.6,0.172,55.3,0.480,34.1,88.4,108,79.1,4.96,694,3.83,5.09,557.537,2782.24,0.028,0.0486,36.9085,6.97,7.39,37.2,32.6,0.810,283,229,95,0.86,0.460,0.0507,0.0507,1.095,1033,1033,15,1,158,1.5,117.9,115.3,35.1,36.4,116,36.8,113,38.2,86.2,40.4,34.4,45.0,4.88,4.88,4.33,-3.37,0.033489,3.28711937,0.230666,11.51388355
886.00,1,855.980,1,855.980,89.677,94.248,4677.175,12.500,0.9705,76.6,-0.083,55.2,0.480,34.1,107.1,108,79.0,4.95,694,3.89,5.09,557.537,2366.06,0.028,0.0486,36.9085,6.97,4.71,37.2,32.6,0.809,279,226,130,1.06,1.019,0.0507,0.0507,1.095,1034,1034,15,1,118,35.0,114.8,112.1,37.8,39.1,115,37.9,112,39.2,86.1,40.4,34.4,45.0,4.88,4.88,5.12,-3.91,0.033493,3.28998602,0.230705,11.52420147
887.00,1,856.980,1,856.980,89.656,94.208,4676.235,12.500,0.9706,76.6,0.106,55.2,0.480,34.1,87.1,108,78.9,4.95,694,3.82,5.09,557.537,2242.92,0.029,0.0486,36.9085,6.97,4.92,37.2,32.6,0.810,283,229,93,0.84,0.415,0.0507,0.0507,1.095,1033,1033,15,1,115,37.0,113.1,110.4,39.0,40.3,113,39.2,110,40.4,86.2,40.3,34.4,45.0,4.88,4.88,4.21,-2.94,0.033494,3.29285406,0.230734,11.53452310
888.00,1,857.980,1,857.980,89.625,94.154,4675.295,12.500,0.9706,76.6,-0.040,55.1,0.480,34.1,107.8,108,78.9,4.94,694,3.89,5.08,557.537,2256.06,0.029,0.0486,36.9093,6.97,5.35,37.2,32.6,0.809,280,227,131,1.07,1.046,0.0507,0.0507,1.096,1033,1033,15,1,118,34.5,111.6,109.0,40.1,41.3,111,40.3,109,41.5,86.2,40.3,34.4,45.0,4.88,4.88,5.15,-3.65,0.033494,3.29571944,0.230772,11.54484373
889.00,1,858.980,1,858.980,89.617,94.146,4674.355,12.500,0.9705,76.6,0.048,55.1,0.480,34.1,85.8,108,78.9,4.94,693,3.82,5.08,557.695,2695.80,0.029,0.0486,36.9093,6.97,7.71,37.2,32.6,0.810,283,229,91,0.83,0.374,0.0508,0.0508,1.097,1033,1033,15,1,160,0.3,117.5,114.8,35.3,36.6,115,37.2,112,38.6,86.2,40.3,34.4,45.0,4.88,4.88,4.27,-3.98,0.033494,3.29858647,0.230802,11.55516646
890.00,1,859.980,1,859.980,89.615,94.155,4673.416,12.500,0.9704,76.6,-0.042,55.1,0.480,34.1,108.0,108,78.9,4.94,693,3.90,5.07,557.695,2737.14,0.028,0.0486,36.9093,6.97,6.96,37.2,32.6,0.810,281,227,132,1.07,1.059,0.0508,0.0508,1.098,1034,1034,15,1,151,7.3,117.2,114.5,35.7,37.0,116,37.0,113,38.4,86.1,40.5,34.4,45.0,4.88,4.88,5.39,-4.27,0.033497,3.30145095,0.230839,11.56548730
891.00,1,860.980,1,860.980,89.620,94.162,4672.475,12.500,0.9704,76.6,-0.017,55.1,0.480,34.1,84.6,108,78.9,4.93,693,3.81,5.07,557.695,2272.27,0.028,0.0486,36.9093,6.97,4.66,37.2,32.6,0.809,283,229,88,0.82,0.336,0.0508,0.0508,1.098,1034,1034,15,1,116,36.6,114.4,111.6,38.1,39.4,114,38.2,111,39.5,86.1,40.4,34.4,45.0,4.88,4.88,4.07,-2.99,0.033500,3.30431742,0.230871,11.57580932
892.00,1,861.980,1,861.980,89.640,94.161,4671.536,12.500,0.9706,76.6,-0.035,55.0,0.480,34.1,107.2,108,78.9,4.93,693,3.90,5.07,557.695,2242.90,0.029,0.0486,36.9093,6.97,4.92,37.2,32.6,0.810,282,228,131,1.05,1.044,0.0508,0.0508,1.099,1033,1033,15,1,115,37.0,112.8,110.1,39.3,40.5,113,39.4,110,40.6,86.2,40.3,34.4,45.0,4.88,4.88,5.36,-3.82,0.033501,3.30718162,0.230907,11.58612926
893.00,1,862.980,1,862.980,89.654,94.174,4670.596,12.500,0.9706,76.6,-0.037,55.0,0.480,34.1,83.5,108,78.9,4.93,693,3.80,5.07,557.695,2333.89,0.029,0.0486,36.9198,6.97,6.06,37.2,32.6,0.809,284,230,86,0.80,0.298,0.0508,0.0508,1.099,1033,1033,15,1,147,10.6,112.1,109.5,39.6,40.8,111,40.3,109,41.5,86.2,40.3,34.4,45.0,4.88,4.88,4.02,-2.99,0.033501,3.31004790,0.230941,11.59644988
894.00,1,863.980,1,863.980,89.690,94.201,4669.656,12.500,0.9704,76.6,-0.027,55.0,0.480,34.1,105.6,108,79.0,4.93,693,3.91,5.07,557.865,2755.11,0.028,0.0486,36.9198,6.97,7.85,37.2,32.6,0.810,283,229,128,1.03,1.003,0.0509,0.0509,1.099,1033,1033,15,1,160,0.3,118.2,115.5,34.8,36.1,116,36.7,113,38.1,86.1,40.4,34.4,45.0,4.89,4.89,5.56,-4.91,0.033501,3.31291200,0.230976,11.60676870
895.00,1,864.980,1,864.980,89.732,94.219,4668.716,12.500,0.9703,76.6,-0.032,55.0,0.480,34.1,82.4,108,79.0,4.93,692,3.79,5.07,557.865,2667.51,0.028,0.0486,36.9198,6.97,6.45,37.2,32.6,0.809,284,230,84,0.79,0.261,0.0509,0.0509,1.100,1034,1034,15,1,140,16.8,116.4,113.7,36.4,37.7,115,37.2,113,38.6,86.0,40.5,34.4,45.1,4.89,4.89,3.95,-3.01,0.033505,3.31577813,0.231011,11.61708804
896.00,1,865.980,1,865.980,89.754,94.224,4667.776,12.500,0.9704,76.6,-0.018,54.9,0.479,34.1,104.0,108,79.0,4.93,692,3.91,5.07,557.865,2248.08,0.029,0.0486,36.9198,6.97,4.87,37.2,32.6,0.810,283,230,125,1.01,0.955,0.0509,0.0509,1.100,1033,1033,15,1,115,36.9,114.0,111.3,38.3,39.6,114,38.4,111,39.7,86.1,40.4,34.4,45.1,4.89,4.89,5.39,-3.93,0.033508,3.31864234,0.231045,11.62740615
897.00,1,866.980,1,866.980,89.801,94.217,4666.836,12.500,0.9705,76.6,0.001,54.9,0.479,34.1,81.2,108,79.0,4.93,692,3.80,5.07,557.865,2242.89,0.029,0.0486,36.9198,6.97,4.92,37.2,32.6,0.809,284,230,82,0.78,0.225,0.0509,0.0509,1.099,1033,1033,15,1,115,37.0,112.5,109.8,39.5,40.7,112,39.7,110,40.9,86.1,40.3,34.4,45.1,4.89,4.89,3.84,-2.63,0.033508,3.32150852,0.231082,11.63772468
898.00,1,867.980,1,867.980,89.825,94.223,4665.895,12.500,0.9705,76.6,-0.006,54.9,0.479,34.1,102.5,108,79.0,4.93,692,3.92,5.07,558.055,2430.43,0.029,0.0486,36.9203,6.98,6.60,37.2,32.6,0.810,284,230,122,1.00,0.906,0.0509,0.0509,1.100,1032,1032,15,1,157,2.0,113.5,110.9,38.5,39.6,112,39.8,109,41.0,86.1,40.3,34.4,45.1,4.89,4.89,5.37,-4.39,0.033508,3.32437295,0.231115,11.64804258
899.00,1,868.980,1,868.980,89.875,94.233,4664.956,12.500,0.9704,76.6,0.053,54.9,0.479,34.1,80.1,108,79.0,4.93,692,3.80,5.06,558.055,2791.29,0.029,0.0486,36.9203,6.98,7.85,37.2,32.6,0.809,284,230,80,0.77,0.190,0.0510,0.0510,1.099,1033,1033,15,1,160,0.3,118.5,115.8,34.6,35.9,116,36.4,113,37.8,86.1,40.4,34.4,45.1,4.89,4.89,3.85,-3.29,0.033509,3.32723903,0.231154,11.65836074
900.00,1,869.980,1,869.980,89.901,94.234,4664.015,12.500,0.9703,76.6,0.003,54.9,0.479,34.1,101.0,108,79.0,4.93,692,3.91,5.06,558.055,2577.96,0.028,0.0486,36.9203,6.98,5.87,37.2,32.6,0.810,284,230,119,0.98,0.857,0.0510,0.0510,1.099,1034,1034,15,1,129,25.7,115.7,113.0,37.0,38.3,115,37.5,112,38.8,86.0,40.5,34.4,45.1,4.89,4.89,5.22,-3.94,0.033512,3.33010361,0.231185,11.66867892
901.00,1,870.980,1,870.980,89.952,94.231,4663.076,12.500,0.9704,76.6,0.058,54.8,0.479,34.1,79.0,108,79.0,4.93,692,3.81,5.06,558.055,2243.80,0.029,0.0486,36.9203,6.98,4.91,37.2,32.6,0.809,284,230,78,0.75,0.155,0.0510,0.0510,1.099,1033,1033,15,1,115,37.0,113.7,111.0,38.6,39.8,114,38.7,111,39.9,86.0,40.4,34.4,45.1,4.89,4.89,3.72,-2.66,0.033515,3.33296961,0.231225,11.67899713
902.00,1,871.980,1,871.980,89.977,94.223,4662.136,12.500,0.9705,76.6,0.023,54.8,0.479,34.1,99.4,108,79.0,4.93,691,3.90,5.06,558.055,2242.89,0.029,0.0486,36.9203,6.98,4.92,37.2,32.6,0.810,284,230,116,0.96,0.808,0.0510,0.0510,1.099,1033,1033,15,1,115,37.0,112.2,109.5,39.7,40.9,112,39.9,109,41.1,86.1,40.3,34.3,45.1,4.89,4.89,5.06,-3.42,0.033515,3.33583454,0.231256,11.68931595
903.00,1,872.980,1,872.980,90.028,94.217,4661.197,12.500,0.9705,76.6,-0.022,54.8,0.479,34.1,80.9,108,79.0,4.93,691,3.81,5.06,558.265,2527.99,0.029,0.0486,36.9138,6.98,7.06,37.2,32.6,0.808,281,227,80,0.78,0.190,0.0510,0.0510,1.099,1033,1033,15,1,159,0.6,115.1,112.5,37.2,38.4,113,38.9,110,40.2,86.1,40.3,34.3,45.1,4.89,4.89,3.83,-3.60,0.033515,3.33870041,0.231297,11.69963442
904.00,1,873.980,1,873.980,90.054,94.219,4660.256,12.500,0.9703,76.6,0.042,54.8,0.479,34.1,98.0,108,79.0,4.94,691,3.89,5.06,558.265,2801.04,0.028,0.0486,36.9138,6.98,7.69,37.2,32.6,0.810,284,230,114,0.95,0.760,0.0510,0.0510,1.099,1033,1033,15,1,160,0.3,118.4,115.7,34.7,36.0,116,36.5,113,37.9,86.0,40.4,34.3,45.1,4.89,4.89,5.01,-3.93,0.033516,3.34156547,0.231326,11.70995402
905.00,1,874.980,1,874.980,90.107,94.219,4659.317,12.500,0.9703,76.6,-0.053,54.8,0.479,34.1,84.7,108,79.0,4.94,691,3.82,5.06,558.265,2474.76,0.028,0.0486,36.9138,6.98,5.28,37.2,32.6,0.808,279,225,87,0.83,0.290,0.0511,0.0511,1.099,1034,1034,15,1,122,31.6,115.2,112.5,37.4,38.7,115,37.7,112,39.0,86.0,40.4,34.3,45.1,4.90,4.90,3.80,-2.90,0.033520,3.34443105,0.231368,11.72027286
906.00,1,875.980,1,875.980,90.133,94.218,4658.376,12.500,0.9704,76.6,0.074,54.8,0.479,34.1,96.5,108,79.0,4.94,691,3.87,5.06,558.265,2243.05,0.029,0.0486,36.9138,6.98,4.92,37.2,32.6,0.810,284,230,111,0.93,0.712,0.0511,0.0511,1.098,1033,1033,15,1,115,37.0,113.4,110.7,38.8,40.1,113,38.9,110,40.2,86.0,40.3,34.3,45.1,4.90,4.90,4.86,-3.42,0.033522,3.34729637,0.231397,11.73059328
907.00,1,876.980,1,876.980,90.186,94.204,4657.437,12.500,0.9705,76.6,-0.069,54.7,0.479,34.1,89.3,108,79.0,4.94,691,3.82,5.06,558.265,2242.89,0.029,0.0486,36.9138,6.98,4.92,37.2,32.6,0.808,278,224,95,0.88,0.422,0.0511,0.0511,1.098,1033,1033,15,1,115,37.0,111.9,109.3,39.9,41.1,112,40.1,109,41.3,86.1,40.3,34.3,45.1,4.90,4.90,3.88,-2.69,0.033522,3.35016184,0.231440,11.74091257
908.00,1,877.980,1,877.980,90.213,94.204,4656.496,12.500,0.9704,76.6,0.114,54.7,0.479,34.1,95.1,108,79.0,4.94,691,3.86,5.05,558.440,2618.86,0.029,0.0486,36.9186,6.98,7.44,37.2,32.6,0.810,284,230,108,0.92,0.666,0.0511,0.0511,1.098,1033,1033,15,1,159,0.3,116.4,113.7,36.2,37.4,114,38.0,111,39.4,86.1,40.3,34.3,45.1,4.90,4.90,4.90,-4.47,0.033521,3.35302737,0.231468,11.75123370
909.00,1,878.980,1,878.980,90.267,94.210,4655.558,12.500,0.9703,76.6,-0.079,54.7,0.479,34.1,93.9,108,79.0,4.94,690,3.83,5.05,558.440,2782.94,0.028,0.0486,36.9186,6.98,7.39,37.2,32.6,0.808,278,224,104,0.93,0.562,0.0512,0.0512,1.098,1033,1033,15,1,158,1.6,118.0,115.3,35.1,36.4,116,36.7,113,38.1,86.0,40.4,34.3,45.1,4.90,4.90,4.17,-3.36,0.033524,3.35589255,0.231511,11.76155345
910.00,1,879.980,1,879.980,90.294,94.210,4654.617,12.500,0.9703,76.6,0.153,54.7,0.479,34.1,93.7,108,79.0,4.94,690,3.84,5.05,558.440,2365.13,0.028,0.0486,36.9186,6.98,4.70,37.2,32.6,0.810,285,230,106,0.90,0.621,0.0512,0.0512,1.098,1034,1034,15,1,118,35.0,114.7,112.0,37.8,39.1,115,37.9,112,39.3,86.0,40.4,34.3,45.1,4.90,4.90,4.67,-3.44,0.033527,3.35875824,0.231538,11.77187527
911.00,1,880.980,1,880.980,90.348,94.186,4653.678,12.500,0.9704,76.6,-0.090,54.6,0.478,34.1,97.9,108,79.1,4.94,690,3.83,5.05,558.440,2242.92,0.029,0.0486,36.9186,6.98,4.92,37.2,32.6,0.808,278,225,112,0.97,0.690,0.0512,0.0512,1.098,1033,1033,15,1,115,37.0,113.1,110.4,39.0,40.2,113,39.1,110,40.4,86.0,40.3,34.3,45.1,4.90,4.90,4.31,-3.15,0.033529,3.36162329,0.231582,11.78219554
912.00,1,881.980,1,881.980,90.375,94.191,4652.737,12.500,0.9705,76.6,0.182,54.7,0.479,34.1,92.4,108,79.0,4.94,690,3.83,5.05,558.440,2256.09,0.029,0.0486,36.9245,6.98,5.35,37.2,32.6,0.810,285,231,103,0.89,0.576,0.0512,0.0512,1.097,1033,1033,15,1,118,34.5,111.6,108.9,40.1,41.3,111,40.4,109,41.5,86.1,40.3,34.3,45.1,4.90,4.90,4.55,-3.10,0.033528,3.36448924,0.231609,11.79251800
913.00,1,882.980,1,882.980,90.430,94.202,4651.799,12.500,0.9703,76.6,-0.029,54.7,0.478,34.1,101.2,108,79.0,4.94,690,3.84,5.05,558.629,2696.81,0.029,0.0486,36.9245,6.98,7.72,37.2,32.6,0.808,279,226,118,1.00,0.801,0.0512,0.0512,1.097,1033,1033,15,1,160,0.3,117.5,114.8,35.3,36.6,115,37.2,112,38.6,86.0,40.4,34.3,45.1,4.90,4.90,4.69,-4.42,0.033528,3.36735410,0.231652,11.80283874
914.00,1,883.980,1,883.980,90.457,94.205,4650.858,12.500,0.9702,76.6,0.205,54.6,0.478,34.1,91.0,108,79.1,4.94,690,3.82,5.05,558.629,2737.57,0.028,0.0486,36.9245,6.98,6.96,37.2,32.6,0.809,285,231,101,0.88,0.533,0.0512,0.0512,1.097,1034,1034,15,1,151,7.4,117.2,114.5,35.8,37.0,116,37.0,113,38.4,85.9,40.5,34.3,45.1,4.90,4.90,4.51,-3.47,0.033531,3.37022019,0.231680,11.81316179
915.00,1,884.980,1,884.980,90.512,94.203,4649.919,12.500,0.9703,76.6,0.324,54.6,0.478,34.1,103.7,108,79.1,4.94,690,3.84,5.05,558.629,2271.78,0.028,0.0486,36.9245,6.98,4.66,37.2,32.6,0.808,280,226,123,1.02,0.888,0.0513,0.0513,1.097,1034,1034,15,1,116,36.6,114.4,111.6,38.1,39.3,114,38.1,111,39.5,86.0,40.4,34.3,45.1,4.90,4.90,4.77,-3.65,0.033534,3.37308490,0.231723,11.82348310
916.00,1,885.980,1,885.980,90.539,94.191,4648.978,12.500,0.9704,76.6,0.211,54.6,0.478,34.1,89.7,108,79.1,4.94,689,3.81,5.05,558.629,2242.90,0.029,0.0486,36.9245,6.98,4.92,37.2,32.6,0.809,285,231,98,0.86,0.490,0.0513,0.0513,1.097,1033,1033,15,1,115,37.0,112.8,110.1,39.3,40.5,113,39.4,110,40.7,86.0,40.3,34.2,45.1,4.91,4.91,4.38,-3.03,0.033535,3.37595125,0.231751,11.83380678
917.00,1,886.980,1,886.980,90.593,94.189,4648.040,12.500,0.9704,76.6,0.668,54.6,0.478,34.1,105.6,108,79.1,4.94,689,3.85,5.05,558.629,2334.11,0.029,0.0486,36.9196,6.98,6.06,37.2,32.6,0.808,281,227,127,1.04,0.954,0.0513,0.0513,1.096,1033,1033,15,1,147,10.6,112.1,109.5,39.6,40.8,111,40.3,109,41.5,86.0,40.3,34.2,45.1,4.91,4.91,4.91,-3.75,0.033535,3.37881592,0.231793,11.84412870
918.00,1,887.980,1,887.980,90.620,94.191,4647.099,12.500,0.9703,76.6,0.172,54.6,0.478,34.1,88.5,108,79.1,4.95,689,3.80,5.04,558.832,2756.22,0.029,0.0486,36.9196,6.99,7.86,37.2,32.6,0.809,285,231,96,0.85,0.448,0.0513,0.0513,1.096,1033,1033,15,1,160,0.3,118.1,115.4,34.8,36.1,116,36.7,113,38.1,86.0,40.4,34.2,45.1,4.91,4.91,4.42,-3.96,0.033535,3.38168238,0.231823,11.85445296
919.00,1,888.980,1,888.980,90.673,94.192,4646.160,12.500,0.9702,76.6,-0.083,54.6,0.478,34.1,106.9,108,79.1,4.95,689,3.85,5.04,558.832,2667.58,0.028,0.0486,36.9196,6.99,6.44,37.2,32.6,0.809,282,228,130,1.05,1.000,0.0513,0.0513,1.096,1034,1034,15,1,140,16.9,116.4,113.7,36.4,37.7,115,37.2,113,38.6,85.9,40.5,34.2,45.1,4.91,4.91,5.17,-4.08,0.033539,3.38454689,0.231863,11.86477553
920.00,1,889.980,1,889.980,90.700,94.191,4645.220,12.500,0.9702,76.6,0.106,54.5,0.478,34.1,87.2,108,79.1,4.95,689,3.79,5.04,558.832,2247.99,0.028,0.0486,36.9196,6.99,4.87,37.2,32.6,0.809,286,231,93,0.83,0.408,0.0514,0.0514,1.096,1033,1033,15,1,115,36.9,114.0,111.2,38.3,39.6,114,38.4,111,39.7,85.9,40.4,34.2,45.1,4.91,4.91,4.24,-3.06,0.033541,3.38741345,0.231894,11.87510037
921.00,1,890.980,1,890.980,90.753,94.180,4644.281,12.500,0.9704,76.6,-0.040,54.5,0.478,34.1,107.7,108,79.1,4.95,689,3.86,5.04,558.832,2242.89,0.029,0.0486,36.9196,6.99,4.92,37.2,32.6,0.809,282,228,131,1.06,1.029,0.0514,0.0514,1.096,1033,1033,15,1,115,37.0,112.5,109.8,39.5,40.7,112,39.7,110,40.9,86.0,40.3,34.2,45.1,4.91,4.91,5.20,-3.70,0.033542,3.39027801,0.231933,11.88542363
922.00,1,891.980,1,891.980,90.779,94.177,4643.341,12.500,0.9704,76.6,0.048,54.5,0.478,34.1,86.0,108,79.1,4.95,688,3.78,5.04,559.054,2430.87,0.029,0.0486,36.9168,6.99,6.60,37.2,32.6,0.809,286,231,91,0.82,0.367,0.0514,0.0514,1.096,1032,1032,15,1,157,2.0,113.5,110.9,38.4,39.6,112,39.8,109,41.0,86.0,40.3,34.2,45.1,4.91,4.91,4.25,-3.59,0.033541,3.39314471,0.231965,11.89574900
923.00,1,892.980,1,892.980,90.832,94.179,4642.402,12.500,0.9702,76.6,-0.042,54.5,0.478,34.1,107.9,108,79.1,4.95,688,3.86,5.04,559.054,2792.35,0.028,0.0486,36.9168,6.99,7.85,37.2,32.6,0.809,283,229,132,1.05,1.041,0.0514,0.0514,1.095,1033,1033,15,1,160,0.3,118.5,115.8,34.6,35.9,116,36.4,113,37.8,85.9,40.4,34.2,45.1,4.91,4.91,5.47,-4.66,0.033543,3.39600918,0.232004,11.90607296
924.00,1,893.980,1,893.980,90.859,94.180,4641.462,12.500,0.9701,76.6,-0.017,54.5,0.478,34.1,84.8,108,79.1,4.95,688,3.77,5.04,559.054,2577.66,0.028,0.0486,36.9168,6.99,5.87,37.2,32.6,0.809,286,231,89,0.81,0.328,0.0514,0.0514,1.095,1034,1034,15,1,129,25.8,115.7,113.0,37.0,38.3,115,37.5,112,38.8,85.9,40.5,34.2,45.1,4.91,4.91,4.10,-3.10,0.033546,3.39887581,0.232037,11.91639882
925.00,1,894.980,1,894.980,90.912,94.179,4640.523,12.500,0.9703,76.6,-0.033,54.5,0.478,34.1,107.1,108,79.1,4.95,688,3.87,5.04,559.054,2243.78,0.029,0.0486,36.9168,6.99,4.91,37.2,32.6,0.809,284,230,131,1.04,1.026,0.0515,0.0515,1.095,1033,1033,15,1,115,37.0,113.7,110.9,38.6,39.8,114,38.7,111,40.0,85.9,40.4,34.2,45.1,4.91,4.91,5.42,-3.97,0.033548,3.40174033,0.232074,11.92672352
926.00,1,895.980,1,895.980,90.938,94.165,4639.583,12.500,0.9703,76.6,-0.045,54.4,0.478,34.1,83.6,108,79.1,4.95,688,3.76,5.04,559.054,2242.89,0.029,0.0486,36.9168,6.99,4.92,37.2,32.6,0.809,286,231,87,0.80,0.290,0.0515,0.0515,1.095,1033,1033,15,1,115,37.0,112.2,109.5,39.7,40.9,112,39.9,109,41.1,85.9,40.3,34.2,45.1,4.91,4.91,4.00,-2.70,0.033549,3.40460707,0.232108,11.93704984
927.00,1,896.980,1,896.980,90.991,94.166,4638.643,12.500,0.9703,76.6,-0.023,54.4,0.478,34.1,105.5,108,79.1,4.95,688,3.87,5.04,559.237,2528.67,0.029,0.0486,36.9262,6.99,7.07,37.2,32.6,0.809,286,231,128,1.02,0.984,0.0515,0.0515,1.095,1033,1033,15,1,159,0.6,115.1,112.4,37.2,38.4,113,39.0,110,40.2,85.9,40.3,34.2,45.1,4.92,4.92,5.56,-4.89,0.033548,3.40747168,0.232144,11.94737525
928.00,1,897.980,1,897.980,91.044,94.173,4637.704,12.500,0.9702,76.6,-0.032,54.4,0.478,34.1,82.4,108,79.1,4.95,688,3.76,5.03,559.237,2802.00,0.028,0.0486,36.9262,6.99,7.69,37.2,32.6,0.809,286,232,84,0.78,0.252,0.0515,0.0515,1.094,1033,1033,15,1,160,0.3,118.4,115.7,34.7,36.0,116,36.5,113,37.9,85.9,40.4,34.2,45.1,4.92,4.92,3.97,-3.12,0.033550,3.41033831,0.232180,11.95770198
929.00,1,898.980,1,898.980,91.070,94.173,4636.764,12.500,0.9701,76.6,-0.020,54.4,0.478,34.1,103.9,108,79.1,4.95,687,3.88,5.03,559.237,2474.08,0.028,0.0486,36.9262,6.99,5.27,37.2,32.6,0.809,286,231,125,1.00,0.937,0.0515,0.0515,1.094,1034,1034,15,1,122,31.7,115.2,112.4,37.4,38.7,115,37.7,112,39.0,85.8,40.4,34.1,45.1,4.92,4.92,5.44,-4.10,0.033553,3.41320296,0.232214,11.96802816
930.00,1,899.980,1,899.980,91.122,94.146,4635.825,12.500,0.9702,76.6,0.004,54.3,0.477,34.1,81.3,108,79.1,4.95,687,3.76,5.03,559.237,2243.05,0.029,0.0486,36.9262,6.99,4.92,37.2,32.6,0.808,287,232,82,0.77,0.215,0.0516,0.0516,1.095,1033,1033,15,1,115,37.0,113.4,110.6,38.8,40.0,113,38.9,110,40.2,85.9,40.4,34.1,45.1,4.92,4.92,3.87,-2.73,0.033556,3.41606957,0.232252,11.97835533
931.00,1,900.980,1,900.980,91.148,94.153,4634.886,12.500,0.9703,76.6,0.001,54.4,0.478,34.1,102.4,108,79.1,4.96,687,3.88,5.03,559.237,2242.89,0.029,0.0486,36.9262,6.99,4.92,37.2,32.6,0.809,286,232,122,0.99,0.888,0.0516,0.0516,1.094,1033,1033,15,1,115,37.0,111.8,109.2,40.0,41.1,112,40.2,109,41.4,85.9,40.3,34.1,45.1,4.92,4.92,5.29,-3.57,0.033555,3.41893443,0.232285,11.98868228
932.00,1,901.980,1,901.980,91.200,94.165,4633.947,12.500,0.9703,76.6,0.061,54.4,0.477,34.1,80.2,108,79.1,4.96,687,3.77,5.03,559.436,2619.77,0.029,0.0486,36.9314,6.99,7.45,37.2,32.6,0.808,287,232,80,0.76,0.181,0.0516,0.0516,1.094,1033,1033,15,1,159,0.3,116.4,113.7,36.1,37.4,114,38.0,111,39.3,85.9,40.3,34.1,45.1,4.92,4.92,3.93,-3.74,0.033555,3.42180095,0.232324,11.99900982
933.00,1,902.980,1,902.980,91.226,94.168,4633.007,12.500,0.9701,76.6,0.022,54.3,0.477,34.1,100.9,108,79.1,4.96,687,3.88,5.03,559.436,2783.70,0.028,0.0486,36.9314,6.99,7.39,37.2,32.6,0.809,286,232,119,0.97,0.840,0.0516,0.0516,1.093,1033,1033,15,1,158,1.6,117.9,115.2,35.1,36.4,116,36.8,113,38.2,85.8,40.5,34.1,45.1,4.92,4.92,5.27,-4.09,0.033558,3.42466593,0.232355,12.00933758
934.00,1,903.980,1,903.980,91.278,94.166,4632.068,12.500,0.9701,76.6,0.045,54.3,0.477,34.1,79.1,108,79.1,4.96,687,3.77,5.03,559.436,2364.12,0.028,0.0486,36.9314,6.99,4.70,37.2,32.6,0.808,287,232,78,0.75,0.146,0.0517,0.0517,1.093,1034,1034,15,1,117,35.1,114.8,112.0,37.8,39.1,115,37.9,112,39.3,85.8,40.5,34.1,45.1,4.92,4.92,3.75,-2.77,0.033561,3.42753230,0.232395,12.01966553
935.00,1,904.980,1,904.980,91.303,94.160,4631.128,12.500,0.9702,76.6,0.033,54.3,0.477,34.1,99.4,108,79.1,4.96,687,3.86,5.03,559.436,2242.92,0.029,0.0486,36.9314,6.99,4.92,37.2,32.6,0.809,287,232,116,0.96,0.791,0.0517,0.0517,1.093,1033,1033,15,1,115,37.0,113.0,110.3,39.1,40.3,113,39.2,110,40.4,85.9,40.3,34.1,45.1,4.92,4.92,5.10,-3.56,0.033562,3.43039759,0.232426,12.02999420
936.00,1,905.980,1,905.980,91.353,94.151,4630.190,12.500,0.9703,76.6,-0.030,54.3,0.477,34.1,80.9,108,79.1,4.96,686,3.78,5.03,559.436,2256.13,0.029,0.0486,36.9269,6.99,5.35,37.2,32.6,0.808,283,229,81,0.77,0.180,0.0517,0.0517,1.093,1033,1033,15,1,118,34.5,111.5,108.9,40.1,41.3,111,40.4,109,41.5,85.9,40.3,34.1,45.1,4.92,4.92,3.71,-2.57,0.033563,3.43326390,0.232467,12.04032261
937.00,1,906.980,1,906.980,91.378,94.149,4629.250,12.500,0.9702,76.6,0.067,54.3,0.477,34.1,97.9,108,79.1,4.96,686,3.85,5.03,559.653,2697.85,0.029,0.0486,36.9269,7.00,7.72,37.2,32.6,0.809,287,232,114,0.94,0.744,0.0517,0.0517,1.093,1033,1033,15,1,160,0.3,117.4,114.7,35.3,36.6,115,37.2,112,38.6,85.8,40.4,34.1,45.1,4.92,4.92,5.14,-4.63,0.033562,3.43612942,0.232497,12.05065217
938.00,1,907.980,1,907.980,91.428,94.152,4628.312,12.500,0.9700,76.6,-0.058,54.3,0.477,34.1,84.7,108,79.1,4.96,686,3.78,5.03,559.653,2738.01,0.028,0.0486,36.9269,7.00,6.96,37.2,32.6,0.807,281,227,87,0.82,0.277,0.0517,0.0517,1.093,1034,1034,15,1,151,7.4,117.2,114.5,35.7,37.0,116,37.0,113,38.4,85.8,40.5,34.1,45.1,4.92,4.92,3.84,-3.02,0.033565,3.43899543,0.232539,12.06098103
939.00,1,908.980,1,908.980,91.453,94.152,4627.371,12.500,0.9701,76.6,0.098,54.3,0.477,34.1,96.5,108,79.1,4.96,686,3.83,5.02,559.653,2271.28,0.028,0.0486,36.9269,7.00,4.66,37.2,32.6,0.809,287,232,111,0.93,0.697,0.0517,0.0517,1.092,1034,1034,15,1,115,36.6,114.3,111.5,38.1,39.4,114,38.2,111,39.5,85.8,40.4,34.1,45.1,4.93,4.93,4.90,-3.58,0.033568,3.44186114,0.232568,12.07131144
940.00,1,909.980,1,909.980,91.502,94.140,4626.433,12.500,0.9702,76.6,-0.086,54.2,0.477,34.1,89.2,108,79.1,4.96,686,3.79,5.02,559.653,2242.90,0.029,0.0486,36.9269,7.00,4.92,37.2,32.6,0.807,280,226,95,0.87,0.407,0.0518,0.0518,1.092,1033,1033,15,1,115,37.0,112.8,110.1,39.3,40.5,113,39.4,110,40.7,85.8,40.3,34.1,45.1,4.93,4.93,3.93,-2.80,0.033570,3.44472707,0.232610,12.08164080
941.00,1,910.980,1,910.980,91.527,94.138,4625.493,12.500,0.9702,76.6,0.137,54.2,0.477,34.1,95.1,108,79.1,4.96,686,3.82,5.02,559.653,2334.32,0.029,0.0486,36.9314,7.00,6.06,37.2,32.6,0.809,287,232,108,0.91,0.651,0.0518,0.0518,1.092,1033,1033,15,1,147,10.6,112.0,109.4,39.7,40.8,111,40.4,109,41.5,85.8,40.3,34.0,45.1,4.93,4.93,4.81,-3.52,0.033569,3.44759310,0.232639,12.09197200
942.00,1,911.980,1,911.980,91.576,94.141,4624.555,12.500,0.9701,76.6,-0.090,54.2,0.477,34.1,93.7,108,79.1,4.96,686,3.79,5.02,559.839,2757.31,0.029,0.0486,36.9314,7.00,7.86,37.2,32.6,0.807,280,226,104,0.92,0.545,0.0518,0.0518,1.092,1033,1033,15,1,160,0.3,118.1,115.4,34.8,36.1,116,36.6,113,38.1,85.8,40.4,34.0,45.1,4.93,4.93,4.26,-3.93,0.033570,3.45045880,0.232682,12.10230185
943.00,1,912.980,1,912.980,91.601,94.142,4623.614,12.500,0.9700,76.6,0.176,54.2,0.477,34.1,93.7,108,79.1,4.96,685,3.81,5.02,559.839,2667.66,0.028,0.0486,36.9314,7.00,6.44,37.2,32.6,0.809,287,232,106,0.90,0.606,0.0518,0.0518,1.092,1034,1034,15,1,139,17.0,116.3,113.6,36.4,37.7,115,37.2,113,38.6,85.7,40.5,34.0,45.1,4.93,4.93,4.71,-3.58,0.033573,3.45332497,0.232709,12.11263378
944.00,1,913.980,1,913.980,91.651,94.141,4622.677,12.500,0.9700,76.6,-0.073,54.2,0.477,34.1,97.7,108,79.1,4.97,685,3.80,5.02,559.839,2247.91,0.028,0.0486,36.9314,7.00,4.87,37.2,32.6,0.807,281,227,111,0.96,0.672,0.0519,0.0519,1.092,1033,1033,15,1,115,36.9,114.0,111.2,38.3,39.6,114,38.4,111,39.7,85.7,40.4,34.0,45.1,4.93,4.93,4.36,-3.28,0.033576,3.45619051,0.232753,12.12296421
945.00,1,914.980,1,914.980,91.675,94.124,4621.736,12.500,0.9702,76.6,0.204,54.1,0.477,34.1,92.3,108,79.1,4.96,685,3.80,5.02,559.839,2242.89,0.029,0.0486,36.9314,7.00,4.92,37.2,32.6,0.809,288,233,103,0.88,0.562,0.0519,0.0519,1.092,1033,1033,15,1,115,37.0,112.4,109.7,39.5,40.7,112,39.7,109,40.9,85.8,40.3,34.0,45.1,4.93,4.93,4.58,-3.12,0.033577,3.45905700,0.232780,12.13329685
946.00,1,915.980,1,915.980,91.724,94.129,4620.799,12.500,0.9702,76.6,0.037,54.1,0.477,34.1,101.0,108,79.1,4.97,685,3.80,5.02,560.040,2431.32,0.029,0.0486,36.9437,7.00,6.60,37.2,32.6,0.807,282,227,118,0.99,0.781,0.0519,0.0519,1.091,1032,1032,15,1,157,2.0,113.5,110.9,38.4,39.6,112,39.8,109,41.0,85.8,40.3,34.0,45.1,4.93,4.93,4.62,-3.99,0.033577,3.46192244,0.232824,12.14362782
947.00,1,916.980,1,916.980,91.749,94.134,4619.858,12.500,0.9700,76.6,0.212,54.1,0.477,34.1,91.0,108,79.1,4.97,685,3.78,5.02,560.040,2793.47,0.028,0.0486,36.9437,7.00,7.86,37.2,32.6,0.809,288,233,101,0.87,0.520,0.0519,0.0519,1.091,1033,1033,15,1,160,0.3,118.4,115.7,34.6,35.9,116,36.4,113,37.9,85.7,40.4,34.0,45.1,4.93,4.93,4.58,-3.86,0.033578,3.46478909,0.232852,12.15396110
948.00,1,917.980,1,917.980,91.798,94.136,4618.920,12.500,0.9699,76.6,0.668,54.1,0.477,34.1,103.6,108,79.1,4.97,685,3.81,5.02,560.040,2577.34,0.028,0.0486,36.9437,7.00,5.86,37.2,32.6,0.807,283,228,123,1.01,0.868,0.0519,0.0519,1.091,1034,1034,15,1,129,25.9,115.7,113.0,37.0,38.3,115,37.4,112,38.8,85.7,40.5,34.0,45.1,4.93,4.93,4.84,-3.79,0.033581,3.46765435,0.232894,12.16429269
949.00,1,918.980,1,918.980,91.822,94.134,4617.980,12.500,0.9700,76.6,0.197,54.1,0.477,34.1,89.7,108,79.1,4.97,684,3.77,5.02,560.040,2243.77,0.028,0.0486,36.9437,7.00,4.91,37.2,32.6,0.809,288,233,98,0.85,0.477,0.0519,0.0519,1.091,1033,1033,15,1,115,37.0,113.6,110.9,38.6,39.9,113,38.7,111,40.0,85.7,40.4,34.0,45.1,4.93,4.93,4.42,-3.15,0.033584,3.47052123,0.232923,12.17462665
950.00,1,919.980,1,919.980,91.871,94.118,4617.042,12.500,0.9701,76.6,0.017,54.1,0.476,34.1,105.4,108,79.1,4.97,684,3.81,5.02,560.040,2242.89,0.029,0.0486,36.9437,7.00,4.92,37.2,32.6,0.808,283,229,127,1.03,0.933,0.0520,0.0520,1.090,1033,1033,15,1,115,37.0,112.1,109.4,39.7,40.9,112,39.9,109,41.1,85.8,40.3,34.0,45.1,4.94,4.94,4.93,-3.49,0.033584,3.47338648,0.232964,12.18495890
951.00,1,920.980,1,920.980,91.895,94.121,4616.102,12.552,0.9701,76.6,0.116,54.1,0.476,34.1,88.5,108,79.1,4.97,684,3.76,5.01,560.261,2538.92,0.029,0.0486,36.9472,7.03,7.11,37.2,32.6,0.808,288,233,96,0.84,0.436,0.0520,0.0520,1.090,1033,1033,15,1,159,0.5,115.2,112.5,37.1,38.3,113,38.9,110,40.1,85.7,40.3,34.0,45.1,4.94,4.94,4.48,-4.06,0.033584,3.47625357,0.232994,12.19529348
952.00,1,921.980,1,921.980,91.944,94.127,4615.164,12.552,0.9699,76.6,-0.072,54.1,0.476,34.1,106.7,108,79.1,4.97,684,3.82,5.01,560.261,2802.43,0.028,0.0486,36.9472,7.03,7.67,37.2,32.6,0.808,284,230,129,1.04,0.980,0.0520,0.0520,1.090,1033,1033,15,1,160,0.3,118.3,115.6,34.7,36.0,116,36.5,113,37.9,85.6,40.5,34.0,45.1,4.94,4.94,5.23,-4.22,0.033586,3.47911871,0.233035,12.20562640
953.00,1,922.980,1,922.980,91.968,94.127,4614.225,12.552,0.9699,76.6,0.059,54.1,0.476,34.1,87.2,108,79.1,4.97,684,3.75,5.01,560.261,2462.50,0.028,0.0486,36.9472,7.03,5.20,37.2,32.6,0.808,288,233,93,0.83,0.396,0.0520,0.0520,1.090,1034,1034,15,1,121,32.2,115.1,112.3,37.5,38.8,115,37.7,112,39.1,85.6,40.5,33.9,45.1,4.94,4.94,4.28,-3.18,0.033589,3.48198587,0.233065,12.21596161
954.00,1,923.980,1,923.980,92.015,94.123,4613.286,12.552,0.9700,76.6,-0.032,54.0,0.476,34.1,107.5,108,79.1,4.97,684,3.82,5.01,560.261,2243.02,0.029,0.0486,36.9472,7.03,4.92,37.2,32.6,0.808,285,230,131,1.04,1.009,0.0521,0.0521,1.090,1033,1033,15,1,115,37.0,113.3,110.6,38.8,40.1,113,38.9,110,40.2,85.7,40.3,33.9,45.1,4.94,4.94,5.27,-3.85,0.033591,3.48485104,0.233105,12.22629531
955.00,1,924.980,1,924.980,92.039,94.115,4612.347,12.552,0.9701,76.6,-0.010,54.0,0.476,34.1,86.0,108,79.1,4.97,684,3.75,5.01,560.261,2242.89,0.029,0.0486,36.9472,7.03,4.92,37.2,32.6,0.808,288,233,91,0.82,0.356,0.0521,0.0521,1.090,1033,1033,15,1,115,37.0,111.8,109.1,40.0,41.2,111,40.2,109,41.4,85.7,40.3,33.9,45.1,4.94,4.94,4.17,-2.79,0.033591,3.48771841,0.233137,12.23663115
956.00,1,925.980,1,925.980,92.086,94.109,4611.409,12.552,0.9700,76.6,-0.033,54.0,0.476,34.1,107.7,108,79.1,4.97,683,3.83,5.01,560.504,2637.55,0.029,0.0486,36.9299,7.04,7.52,37.2,32.6,0.808,286,231,132,1.04,1.021,0.0521,0.0521,1.090,1033,1033,15,1,159,0.3,116.6,113.9,35.9,37.2,114,37.8,112,39.2,85.7,40.4,33.9,45.1,4.94,4.94,5.53,-5.05,0.033591,3.49058357,0.233175,12.24696564
957.00,1,926.980,1,926.980,92.110,94.111,4610.470,12.552,0.9699,76.6,-0.038,54.0,0.476,34.1,84.8,108,79.1,4.97,683,3.74,5.01,560.504,2777.40,0.028,0.0486,36.9299,7.04,7.32,37.2,32.6,0.808,289,233,89,0.80,0.317,0.0521,0.0521,1.089,1034,1034,15,1,157,2.3,117.7,115.0,35.2,36.5,116,36.8,113,38.2,85.6,40.5,33.9,45.1,4.94,4.94,4.14,-3.21,0.033593,3.49345086,0.233208,12.25730205
958.00,1,927.980,1,927.980,92.157,94.112,4609.531,12.552,0.9699,76.6,-0.033,54.0,0.476,34.1,107.0,108,79.1,4.97,683,3.83,5.01,560.504,2340.97,0.028,0.0486,36.9299,7.04,4.58,37.2,32.6,0.808,287,232,130,1.03,1.006,0.0521,0.0521,1.089,1034,1034,15,1,117,35.5,114.6,111.9,37.8,39.2,114,38.0,112,39.3,85.6,40.4,33.9,45.1,4.94,4.94,5.49,-4.13,0.033596,3.49631597,0.233245,12.26763734
959.00,1,928.980,1,928.980,92.180,94.111,4608.592,12.552,0.9700,76.5,-0.045,54.0,0.476,34.1,83.6,108,79.2,4.98,683,3.73,5.01,560.504,2242.91,0.029,0.0486,36.9299,7.04,4.92,37.2,32.6,0.808,289,233,87,0.79,0.279,0.0521,0.0521,1.089,1033,1033,15,1,115,37.0,112.9,110.2,39.1,40.3,113,39.2,110,40.5,85.6,40.4,33.9,45.1,4.94,4.94,4.04,-2.81,0.033598,3.49918331,0.233280,12.27797431
960.00,1,929.980,1,929.980,92.227,94.098,4607.653,12.552,0.9701,76.6,-0.023,53.9,0.476,34.1,105.4,108,79.1,4.98,683,3.84,5.01,560.504,2275.32,0.029,0.0486,36.9271,7.04,5.61,37.2,32.6,0.809,288,233,128,1.01,0.965,0.0522,0.0522,1.089,1033,1033,15,1,126,27.5,111.5,108.9,40.1,41.2,111,40.4,109,41.6,85.7,40.3,33.9,45.1,4.95,4.95,5.43,-3.83,0.033597,3.50204855,0.233315,12.28831040
961.00,1,930.980,1,930.980,92.274,94.102,4606.715,12.552,0.9700,76.5,-0.032,53.9,0.476,34.1,82.5,108,79.1,4.98,683,3.72,5.00,560.702,2718.96,0.029,0.0486,36.9271,7.04,7.79,37.2,32.6,0.808,289,233,85,0.78,0.242,0.0522,0.0522,1.089,1033,1033,15,1,160,0.3,117.7,115.0,35.1,36.4,115,37.0,113,38.4,85.7,40.3,33.9,45.1,4.95,4.95,4.08,-3.79,0.033597,3.50491580,0.233351,12.29864784
962.00,1,931.980,1,931.980,92.298,94.104,4605.776,12.552,0.9698,76.6,-0.020,53.9,0.476,34.1,103.8,108,79.2,4.98,683,3.84,5.00,560.702,2719.65,0.028,0.0486,36.9271,7.04,6.82,37.2,32.6,0.809,289,233,125,1.00,0.918,0.0522,0.0522,1.089,1034,1034,15,1,148,10.2,116.9,114.2,35.9,37.2,116,37.0,113,38.4,85.6,40.5,33.9,45.1,4.95,4.95,5.50,-4.25,0.033600,3.50778101,0.233386,12.30898473
963.00,1,932.980,1,932.980,92.345,94.360,4604.838,12.552,0.9698,76.5,0.061,53.3,0.471,34.1,80.9,108,79.2,4.92,682,3.73,5.00,560.702,2259.52,0.028,0.0486,36.9271,7.04,4.77,37.2,32.6,0.808,289,234,81,0.76,0.194,0.0522,0.0522,1.104,1033,1033,15,1,115,36.8,114.2,111.4,38.1,39.4,114,38.2,111,39.6,85.6,40.4,33.9,45.1,4.95,4.95,3.88,-2.83,0.033603,3.51064823,0.233423,12.31932267
964.00,1,933.980,1,933.980,92.363,94.683,4603.898,12.552,0.9700,76.6,0.033,52.9,0.468,34.1,99.0,108,79.8,4.89,682,3.82,4.99,560.702,2242.89,0.029,0.0486,36.9271,7.04,4.92,37.2,32.6,0.809,289,234,115,0.95,0.771,0.0523,0.0523,1.115,1033,1033,15,1,115,37.0,112.6,109.9,39.4,40.6,112,39.5,110,40.8,85.6,40.3,33.9,45.1,4.95,4.95,5.09,-3.49,0.033604,3.51351569,0.233453,12.32966214
965.00,1,934.980,1,934.980,92.361,94.719,4602.960,12.552,0.9700,76.6,-0.086,52.8,0.468,34.1,90.3,108,80.0,4.88,682,3.76,4.98,560.903,2372.62,0.029,0.0486,36.9333,7.04,6.29,37.2,32.6,0.807,282,227,97,0.88,0.434,0.0523,0.0523,1.119,1033,1033,15,1,153,5.4,112.6,110.0,39.2,40.4,111,40.2,109,41.4,85.6,40.3,33.8,45.2,4.95,4.95,4.04,-3.28,0.033603,3.51638559,0.233494,12.34000351
966.00,1,935.980,1,935.980,92.342,94.631,4602.020,12.552,0.9699,76.6,0.176,52.8,0.468,34.1,93.1,108,80.0,4.87,682,3.78,4.98,560.903,2775.90,0.028,0.0486,36.9333,7.04,7.88,37.2,32.6,0.808,289,233,104,0.89,0.581,0.0523,0.0523,1.119,1033,1033,15,1,160,0.3,118.3,115.5,34.7,36.0,116,36.5,113,38.0,85.6,40.4,33.8,45.2,4.95,4.95,4.77,-4.14,0.033604,3.51925652,0.233520,12.35034981
967.00,1,936.980,1,936.980,92.282,94.417,4601.083,12.552,0.9697,76.6,0.668,52.7,0.468,34.1,103.4,108,79.8,4.86,682,3.79,4.97,560.903,2633.53,0.028,0.0486,36.9333,7.04,6.21,37.2,32.6,0.807,284,229,122,1.01,0.855,0.0523,0.0523,1.118,1034,1034,15,1,135,20.9,116.1,113.4,36.6,37.9,115,37.3,112,38.7,85.5,40.5,33.8,45.2,4.95,4.95,4.87,-3.83,0.033607,3.52212661,0.233560,12.36069816
968.00,1,937.980,1,937.980,92.246,94.056,4600.144,12.552,0.9698,76.5,0.197,53.3,0.473,34.1,89.2,108,79.7,4.91,682,3.76,4.97,560.903,2245.34,0.028,0.0486,36.9333,7.04,4.90,37.2,32.6,0.808,289,234,97,0.85,0.452,0.0523,0.0523,1.102,1033,1033,15,1,115,37.0,113.7,111.0,38.4,39.7,114,38.5,111,39.9,85.5,40.4,33.8,45.2,4.95,4.95,4.44,-3.18,0.033610,3.52499695,0.233588,12.37105139
969.00,1,938.980,1,938.980,92.198,93.487,4599.208,12.552,0.9699,76.6,0.017,53.7,0.476,34.1,104.7,107,78.6,4.95,682,3.80,4.98,560.903,2242.89,0.029,0.0486,36.9333,7.04,4.92,37.2,32.6,0.807,285,230,125,1.02,0.897,0.0524,0.0524,1.088,1033,1033,15,1,115,37.0,112.3,109.6,39.6,40.8,112,39.8,109,41.0,85.6,40.3,33.8,45.2,4.95,4.95,4.96,-3.53,0.033610,3.52786299,0.233629,12.38140343
970.00,1,939.980,1,939.980,92.197,93.477,4598.269,12.552,0.9699,76.5,0.116,53.7,0.476,34.1,87.9,107,78.6,4.95,681,3.75,4.98,561.116,2481.34,0.029,0.0486,36.9430,7.04,6.85,37.2,32.6,0.808,289,234,95,0.83,0.409,0.0524,0.0524,1.087,1032,1032,15,1,159,0.9,114.2,111.6,37.8,39.0,112,39.4,110,40.7,85.6,40.3,33.8,45.2,4.95,4.95,4.48,-3.91,0.033610,3.53072867,0.233659,12.39175649
971.00,1,940.980,1,940.980,92.236,93.612,4597.332,12.552,0.9697,76.6,-0.072,53.7,0.476,34.1,106.2,107,78.7,4.95,681,3.80,4.98,561.116,2802.74,0.028,0.0486,36.9430,7.04,7.80,37.2,32.6,0.807,286,231,128,1.03,0.951,0.0524,0.0524,1.088,1033,1033,15,1,160,0.3,118.5,115.7,34.5,35.9,116,36.4,113,37.8,85.5,40.5,33.8,45.2,4.96,4.96,5.28,-4.39,0.033611,3.53359122,0.233699,12.40210531
972.00,1,941.980,1,941.980,92.271,93.701,4596.393,12.552,0.9697,76.5,0.059,53.7,0.476,34.1,87.0,107,78.8,4.95,681,3.74,4.98,561.116,2526.12,0.028,0.0486,36.9430,7.04,5.56,37.2,32.6,0.808,290,234,93,0.82,0.379,0.0524,0.0524,1.089,1034,1034,15,1,124,29.3,115.4,112.6,37.2,38.5,115,37.6,112,38.9,85.4,40.5,33.8,45.2,4.96,4.96,4.30,-3.22,0.033615,3.53645543,0.233730,12.41245321
973.00,1,942.980,1,942.980,92.363,94.118,4595.455,12.552,0.9698,76.6,-0.033,53.1,0.470,34.1,107.9,108,79.0,4.90,681,3.81,4.98,561.116,2243.25,0.029,0.0486,36.9430,7.04,4.92,37.2,32.6,0.808,287,232,132,1.04,1.022,0.0524,0.0524,1.106,1033,1033,15,1,115,37.0,113.4,110.7,38.7,40.0,113,38.8,111,40.1,85.5,40.4,33.8,45.2,4.96,4.96,5.43,-3.97,0.033617,3.53931827,0.233767,12.42279684
974.00,1,943.980,1,943.980,92.444,94.643,4594.516,12.552,0.9699,76.5,-0.032,52.6,0.467,34.1,83.4,108,79.9,4.86,681,3.71,4.97,561.116,2242.89,0.029,0.0486,36.9430,7.04,4.92,37.2,32.6,0.808,290,234,86,0.78,0.268,0.0525,0.0525,1.121,1033,1033,15,1,115,37.0,111.9,109.2,39.9,41.1,112,40.1,109,41.3,85.5,40.3,33.8,45.2,4.96,4.96,4.01,-2.69,0.033617,3.54218544,0.233800,12.43314097
975.00,1,944.980,1,944.980,92.466,94.647,4593.577,12.552,0.9698,76.6,0.001,52.6,0.467,34.1,101.8,108,80.0,4.86,681,3.83,4.97,561.367,2586.18,0.029,0.0486,36.9406,7.05,7.32,37.2,32.6,0.808,289,234,121,0.97,0.854,0.0525,0.0525,1.122,1033,1033,15,1,159,0.4,115.8,113.1,36.5,37.8,114,38.4,111,39.7,85.5,40.4,33.8,45.2,4.96,4.96,5.48,-4.85,0.033617,3.54505298,0.233833,12.44348515
976.00,1,945.980,1,945.980,92.478,94.518,4592.639,12.552,0.9697,76.5,-0.030,52.5,0.467,34.1,81.7,108,79.9,4.86,680,3.74,4.96,561.367,2796.09,0.028,0.0486,36.9406,7.05,7.53,37.2,32.6,0.807,286,231,82,0.78,0.192,0.0525,0.0525,1.121,1033,1033,15,1,159,0.7,118.1,115.4,34.9,36.2,116,36.7,113,38.1,85.4,40.5,33.8,45.2,4.96,4.96,3.84,-3.03,0.033619,3.54792302,0.233872,12.45383150
977.00,1,946.980,1,946.980,92.471,94.431,4591.700,12.552,0.9696,76.6,0.098,52.5,0.467,34.1,95.7,108,79.8,4.86,680,3.79,4.96,561.367,2406.63,0.028,0.0486,36.9406,7.05,4.91,37.2,32.6,0.808,290,234,109,0.91,0.658,0.0525,0.0525,1.120,1034,1034,15,1,119,34.1,114.8,112.0,37.7,39.0,115,37.9,112,39.2,85.4,40.5,33.8,45.2,4.96,4.96,4.90,-3.61,0.033623,3.55079273,0.233900,12.46418140
978.00,1,947.980,1,947.980,92.444,94.247,4590.763,12.552,0.9698,76.6,-0.073,52.4,0.467,34.1,98.3,108,79.7,4.85,680,3.76,4.96,561.367,2242.94,0.029,0.0486,36.9406,7.05,4.92,37.2,32.6,0.807,283,228,112,0.96,0.676,0.0526,0.0526,1.120,1033,1033,15,1,115,37.0,113.1,110.4,38.9,40.2,113,39.1,110,40.4,85.4,40.4,33.8,45.2,4.96,4.96,4.42,-3.24,0.033625,3.55366216,0.233942,12.47453274
979.00,1,948.980,1,948.980,92.428,94.192,4589.824,12.552,0.9699,76.5,0.212,52.5,0.467,34.1,90.2,108,79.6,4.85,680,3.75,4.95,561.367,2244.42,0.029,0.0486,36.9672,7.05,5.04,37.2,32.6,0.808,290,234,99,0.86,0.479,0.0526,0.0526,1.119,1033,1033,15,1,115,37.0,111.5,108.9,40.1,41.3,111,40.4,109,41.6,85.5,40.3,33.8,45.2,4.96,4.96,4.48,-3.02,0.033624,3.55653200,0.233969,12.48488829
980.00,1,949.980,1,949.980,92.399,94.112,4588.887,12.552,0.9697,76.6,-0.072,52.4,0.467,34.1,106.8,107,79.5,4.84,680,3.79,4.95,561.579,2678.19,0.028,0.0486,36.9672,7.05,7.67,37.2,32.6,0.807,286,231,129,1.04,0.969,0.0526,0.0526,1.119,1033,1033,15,1,160,0.3,117.1,114.4,35.5,36.8,115,37.4,112,38.8,85.4,40.4,33.7,45.2,4.96,4.96,5.36,-4.93,0.033624,3.55939985,0.234008,12.49524389
981.00,1,950.980,1,950.980,92.388,94.084,4587.949,12.552,0.9696,76.5,-0.010,52.4,0.467,34.1,85.1,107,79.5,4.84,680,3.72,4.95,561.579,2755.57,0.028,0.0486,36.9672,7.05,7.10,37.2,32.6,0.808,290,234,89,0.81,0.318,0.0526,0.0526,1.119,1034,1034,15,1,154,5.2,117.3,114.6,35.6,36.9,116,36.9,113,38.3,85.3,40.5,33.7,45.2,4.96,4.96,4.21,-3.24,0.033627,3.56226904,0.234038,12.50560252
982.00,1,951.980,1,951.980,92.374,94.046,4587.011,12.552,0.9696,76.6,-0.023,52.4,0.467,34.1,104.3,107,79.4,4.84,680,3.82,4.94,561.579,2288.57,0.028,0.0486,36.9672,7.05,4.52,37.2,32.6,0.808,290,234,125,1.00,0.921,0.0526,0.0526,1.120,1034,1034,15,1,116,36.5,114.3,111.6,38.0,39.4,114,38.1,111,39.5,85.3,40.5,33.7,45.2,4.96,4.96,5.52,-4.12,0.033631,3.56513589,0.234073,12.51596056
983.00,1,952.980,1,952.980,92.372,94.021,4586.074,12.552,0.9697,76.5,0.061,52.3,0.467,34.1,80.5,107,79.4,4.83,679,3.72,4.94,561.579,2242.90,0.029,0.0486,36.9672,7.05,4.92,37.2,32.6,0.807,290,234,81,0.76,0.172,0.0527,0.0527,1.121,1033,1033,15,1,115,37.0,112.7,110.0,39.2,40.5,112,39.4,110,40.7,85.4,40.4,33.7,45.2,4.96,4.96,3.88,-2.68,0.033632,3.56800425,0.234109,12.52631970
984.00,1,953.980,1,953.980,92.375,94.017,4585.135,12.552,0.9698,76.6,0.033,52.3,0.467,34.1,98.2,107,79.4,4.83,679,3.81,4.94,561.579,2316.51,0.029,0.0487,36.9712,7.05,5.95,37.2,32.6,0.808,290,234,114,0.94,0.733,0.0527,0.0527,1.121,1033,1033,15,1,142,14.4,111.7,109.1,39.9,41.0,111,40.4,108,41.6,85.4,40.3,33.7,45.2,4.97,4.97,5.12,-3.64,0.033631,3.57087104,0.234139,12.53667878
985.00,1,954.980,1,954.980,92.391,94.025,4584.199,12.552,0.9697,76.5,-0.086,52.3,0.467,34.1,89.7,107,79.4,4.83,679,3.74,4.94,561.829,2749.44,0.028,0.0487,36.9712,7.05,7.86,37.2,32.6,0.806,283,228,96,0.87,0.404,0.0527,0.0527,1.121,1033,1033,15,1,160,0.3,118.0,115.2,34.9,36.2,116,36.7,113,38.2,85.4,40.4,33.7,45.2,4.97,4.97,4.15,-3.85,0.033632,3.57373822,0.234180,12.54703680
986.00,1,955.980,1,955.980,92.403,94.031,4583.260,12.552,0.9695,76.5,0.176,52.3,0.467,34.1,92.7,107,79.4,4.83,679,3.76,4.94,561.829,2683.82,0.028,0.0487,36.9712,7.05,6.55,37.2,32.6,0.808,290,235,104,0.88,0.557,0.0527,0.0527,1.121,1034,1034,15,1,141,15.2,116.4,113.7,36.3,37.6,115,37.2,112,38.6,85.3,40.5,33.7,45.2,4.97,4.97,4.72,-3.59,0.033636,3.57660535,0.234207,12.55739582
987.00,1,956.980,1,956.980,92.432,94.043,4582.323,12.552,0.9696,76.6,0.668,52.2,0.466,34.1,103.7,107,79.5,4.83,679,3.77,4.94,561.829,2249.74,0.028,0.0487,36.9712,7.05,4.86,37.2,32.6,0.807,285,230,123,1.01,0.855,0.0528,0.0528,1.122,1033,1033,15,1,115,37.0,113.9,111.2,38.3,39.6,114,38.4,111,39.7,85.3,40.4,33.7,45.2,4.97,4.97,4.89,-3.68,0.033639,3.57947163,0.234248,12.56775274
988.00,1,957.980,1,957.980,92.450,94.024,4581.384,12.552,0.9697,76.5,0.116,52.2,0.466,34.1,87.6,107,79.5,4.82,679,3.72,4.94,561.829,2242.89,0.029,0.0487,36.9712,7.05,4.92,37.2,32.6,0.808,290,235,94,0.83,0.393,0.0528,0.0528,1.123,1033,1033,15,1,115,37.0,112.3,109.6,39.5,40.7,112,39.7,109,40.9,85.4,40.4,33.7,45.2,4.97,4.97,4.33,-2.96,0.033640,3.58233940,0.234277,12.57811112
989.00,1,958.980,1,958.980,92.489,94.048,4580.447,12.552,0.9697,76.6,-0.033,52.2,0.466,34.1,107.4,107,79.5,4.83,679,3.80,4.93,562.066,2422.31,0.029,0.0487,36.9912,7.06,6.56,37.2,32.6,0.808,288,233,131,1.03,0.996,0.0528,0.0528,1.122,1032,1032,15,1,157,2.3,113.2,110.6,38.6,39.8,112,39.9,109,41.2,85.4,40.4,33.7,45.2,4.97,4.97,5.49,-4.52,0.033640,3.58520536,0.234315,12.58846746
990.00,1,959.980,1,959.980,92.532,94.065,4579.509,12.552,0.9696,76.5,-0.032,52.2,0.466,34.1,82.9,107,79.5,4.83,678,3.70,4.93,562.066,2793.32,0.028,0.0487,36.9912,7.06,7.87,37.2,32.6,0.807,291,235,85,0.78,0.243,0.0528,0.0528,1.122,1033,1033,15,1,160,0.3,118.3,115.6,34.6,35.9,116,36.5,113,37.9,85.3,40.5,33.7,45.2,4.97,4.97,4.10,-3.49,0.033641,3.58807329,0.234349,12.59882488
991.00,1,960.980,1,960.980,92.555,94.069,4578.571,12.552,0.9694,76.6,0.001,52.2,0.466,34.1,101.2,107,79.5,4.83,678,3.82,4.93,562.066,2586.53,0.028,0.0487,36.9912,7.06,5.91,37.2,32.6,0.808,290,235,120,0.96,0.825,0.0528,0.0528,1.122,1034,1034,15,1,129,25.3,115.6,112.9,37.0,38.3,115,37.5,112,38.9,85.2,40.5,33.7,45.2,4.97,4.97,5.38,-4.05,0.033645,3.59093947,0.234382,12.60918136
992.00,1,961.980,1,961.980,92.602,94.071,4577.634,12.552,0.9695,76.5,-0.030,52.2,0.466,34.1,81.4,107,79.5,4.83,678,3.72,4.93,562.066,2243.89,0.028,0.0487,36.9912,7.06,4.91,37.2,32.6,0.807,287,231,81,0.77,0.175,0.0529,0.0529,1.122,1033,1033,15,1,115,37.0,113.5,110.8,38.6,39.9,113,38.7,111,40.0,85.3,40.5,33.7,45.2,4.97,4.97,3.82,-2.75,0.033648,3.59380706,0.234422,12.61953780
993.00,1,962.980,1,962.980,92.625,94.065,4576.695,12.552,0.9697,76.5,0.098,52.1,0.466,34.1,95.5,107,79.5,4.83,678,3.77,4.93,562.066,2242.89,0.029,0.0487,36.9912,7.06,4.92,37.2,32.6,0.808,291,235,109,0.91,0.642,0.0529,0.0529,1.122,1033,1033,15,1,115,37.0,112.0,109.3,39.8,41.0,112,40.0,109,41.2,85.3,40.4,33.7,45.2,4.97,4.97,4.88,-3.29,0.033648,3.59667408,0.234451,12.62989496
994.00,1,963.980,1,963.980,92.673,94.061,4575.758,12.552,0.9696,76.6,-0.073,52.1,0.466,34.1,98.1,107,79.5,4.83,678,3.75,4.93,562.344,2530.83,0.029,0.0487,36.9894,7.06,7.08,37.2,32.6,0.806,284,229,112,0.95,0.663,0.0529,0.0529,1.122,1033,1033,15,1,159,0.5,114.9,112.3,37.2,38.5,113,39.0,110,40.3,85.3,40.4,33.7,45.2,4.98,4.98,4.56,-4.21,0.033648,3.59954098,0.234493,12.64025078
995.00,1,964.980,1,964.980,92.697,94.065,4574.819,12.552,0.9695,76.5,0.212,52.1,0.466,34.1,90.1,107,79.5,4.83,678,3.73,4.93,562.344,2805.06,0.028,0.0487,36.9894,7.06,7.70,37.2,32.6,0.808,291,235,99,0.85,0.472,0.0529,0.0529,1.122,1033,1033,15,1,160,0.3,118.2,115.5,34.7,36.1,116,36.6,113,38.0,85.2,40.5,33.7,45.2,4.98,4.98,4.55,-3.55,0.033650,3.60240872,0.234521,12.65060851
996.00,1,965.980,1,965.980,92.747,94.066,4573.882,12.552,0.9694,76.6,-0.072,52.1,0.466,34.1,106.7,107,79.5,4.83,677,3.77,4.93,562.344,2471.93,0.028,0.0487,36.9894,7.06,5.25,37.2,32.6,0.807,287,232,129,1.03,0.959,0.0529,0.0529,1.122,1034,1034,15,1,121,31.9,115.0,112.3,37.5,38.8,115,37.7,112,39.1,85.2,40.5,33.6,45.2,4.98,4.98,5.27,-4.05,0.033654,3.60527505,0.234561,12.66096463
997.00,1,966.980,1,966.980,92.771,94.065,4572.944,12.552,0.9695,76.5,-0.010,52.1,0.466,34.1,85.2,107,79.5,4.83,677,3.70,4.93,562.344,2243.04,0.028,0.0487,36.9894,7.06,4.92,37.2,32.6,0.807,291,235,89,0.80,0.314,0.0530,0.0530,1.122,1033,1033,15,1,115,37.1,113.1,110.4,38.9,40.1,113,39.0,110,40.3,85.2,40.4,33.6,45.2,4.98,4.98,4.18,-2.94,0.033656,3.60814331,0.234593,12.67132272
998.00,1,967.980,1,967.980,92.821,94.048,4572.006,12.552,0.9696,76.6,-0.023,52.1,0.466,34.1,104.2,107,79.5,4.83,677,3.80,4.93,562.344,2242.89,0.029,0.0487,36.9894,7.06,4.92,37.2,32.6,0.808,291,235,125,0.99,0.913,0.0530,0.0530,1.121,1033,1033,15,1,115,37.1,111.6,109.0,40.0,41.2,111,40.2,109,41.4,85.3,40.4,33.6,45.2,4.98,4.98,5.46,-3.74,0.033656,3.61100968,0.234628,12.68167969
999.00,1,968.980,1,968.980,92.872,94.057,4571.069,12.552,0.9696,76.5,0.061,52.0,0.466,34.1,80.6,107,79.5,4.83,677,3.70,4.92,562.603,2631.18,0.029,0.0487,37.0038,7.06,7.50,37.2,32.5,0.807,291,235,81,0.75,0.171,0.0530,0.0530,1.121,1033,1033,15,1,159,0.3,116.4,113.7,36.1,37.4,114,37.9,111,39.3,85.3,40.4,33.6,45.2,4.98,4.98,4.02,-3.79,0.033656,3.61387781,0.234665,12.69203765
1000.00,1,969.980,1,969.980,92.897,94.059,4570.131,12.552,0.9694,76.6,0.033,52.0,0.466,34.1,98.3,107,79.5,4.83,677,3.79,4.92,562.603,2782.65,0.028,0.0487,37.0038,7.06,7.36,37.2,32.5,0.808,291,235,114,0.93,0.728,0.0530,0.0530,1.121,1033,1033,15,1,158,2.0,117.7,115.0,35.2,36.5,116,36.8,113,38.2,85.2,40.6,33.6,45.2,4.98,4.98,5.16,-3.98,0.033658,3.61674456,0.234697,12.70239582
1001.00,1,970.980,1,970.980,92.948,94.058,4569.194,12.552,0.9694,76.5,-0.086,52.0,0.466,34.1,89.7,107,79.6,4.83,677,3.73,4.92,562.603,2349.78,0.028,0.0487,37.0038,7.06,4.62,37.2,32.5,0.806,284,229,96,0.87,0.399,0.0531,0.0531,1.121,1034,1034,15,1,117,35.5,114.5,111.8,37.9,39.2,114,38.0,112,39.3,85.2,40.5,33.6,45.2,4.98,4.98,4.06,-3.08,0.033662,3.61961197,0.234738,12.71275344
1002.00,1,971.980,1,971.980,92.974,94.055,4568.255,12.552,0.9695,76.5,0.176,52.0,0.465,34.1,92.7,107,79.6,4.83,677,3.74,4.92,562.603,2242.91,0.028,0.0487,37.0038,7.06,4.92,37.2,32.5,0.808,291,235,104,0.88,0.551,0.0531,0.0531,1.121,1033,1033,15,1,115,37.1,112.8,110.1,39.1,40.4,113,39.3,110,40.6,85.2,40.4,33.6,45.2,4.98,4.98,4.69,-3.26,0.033663,3.62247958,0.234766,12.72311271
1003.00,1,972.980,1,972.980,93.024,94.043,4567.319,12.552,0.9696,76.6,0.668,52.0,0.465,34.1,103.7,107,79.5,4.83,676,3.75,4.92,562.603,2268.46,0.029,0.0487,36.9989,7.06,5.53,37.2,32.5,0.807,286,231,123,1.00,0.847,0.0531,0.0531,1.121,1033,1033,15,1,123,30.2,111.3,108.7,40.2,41.3,111,40.4,108,41.6,85.3,40.4,33.6,45.2,4.98,4.98,4.82,-3.46,0.033663,3.62534639,0.234808,12.73347053
1004.00,1,973.980,1,973.980,93.049,94.041,4566.380,12.552,0.9695,76.5,0.116,52.0,0.465,34.1,87.6,107,79.5,4.84,676,3.70,4.92,562.898,2714.89,0.028,0.0487,36.9989,7.07,7.78,37.2,32.5,0.807,292,236,94,0.82,0.388,0.0531,0.0531,1.120,1033,1033,15,1,160,0.3,117.4,114.7,35.2,36.6,115,37.1,112,38.5,85.2,40.4,33.6,45.2,4.98,4.98,4.47,-4.08,0.033664,3.62821464,0.234838,12.74383048
1005.00,1,974.980,1,974.980,93.101,94.045,4565.443,12.552,0.9693,76.6,-0.033,52.0,0.465,34.1,107.3,107,79.6,4.84,676,3.78,4.92,562.898,2727.01,0.028,0.0487,36.9989,7.07,6.86,37.2,32.5,0.807,289,234,131,1.03,0.986,0.0531,0.0531,1.120,1034,1034,15,1,148,9.5,116.8,114.1,35.9,37.2,115,37.1,113,38.5,85.1,40.6,33.6,45.2,4.99,4.99,5.53,-4.34,0.033667,3.63108102,0.234875,12.75418904
1006.00,1,975.980,1,975.980,93.152,94.043,4564.505,12.552,0.9693,76.5,-0.032,51.9,0.465,34.1,82.9,107,79.6,4.84,676,3.68,4.92,562.898,2261.85,0.028,0.0487,36.9989,7.07,4.75,37.2,32.5,0.807,292,236,85,0.78,0.238,0.0532,0.0532,1.120,1033,1033,15,1,115,36.8,114.0,111.3,38.2,39.5,114,38.3,111,39.6,85.1,40.5,33.6,45.2,4.99,4.99,4.04,-2.94,0.033670,3.63394940,0.234910,12.76454923
1007.00,1,976.980,1,976.980,93.178,94.026,4563.567,12.552,0.9695,76.6,0.001,51.9,0.465,34.1,101.2,107,79.6,4.84,676,3.80,4.92,562.898,2242.89,0.029,0.0487,36.9989,7.07,4.92,37.2,32.5,0.808,292,236,120,0.96,0.815,0.0532,0.0532,1.120,1033,1033,15,1,115,37.1,112.4,109.7,39.4,40.6,112,39.6,110,40.8,85.2,40.4,33.6,45.2,4.99,4.99,5.34,-3.68,0.033671,3.63681605,0.234943,12.77490889
1008.00,1,977.980,1,977.980,93.229,94.030,4562.631,12.605,0.9695,76.5,-0.030,51.9,0.465,34.1,81.4,107,79.6,4.84,676,3.70,4.92,563.169,2373.34,0.029,0.0487,37.0103,7.10,6.30,37.2,32.5,0.806,288,232,81,0.77,0.169,0.0532,0.0532,1.120,1032,1032,15,1,153,5.3,112.4,109.8,39.2,40.4,111,40.2,109,41.4,85.2,40.4,33.5,45.2,4.99,4.99,3.87,-3.09,0.033671,3.63968403,0.234983,12.78526879
1009.00,1,978.980,1,978.980,93.255,94.035,4561.692,12.605,0.9694,76.5,0.098,51.9,0.465,34.1,95.4,107,79.6,4.84,676,3.76,4.91,563.169,2778.52,0.028,0.0487,37.0103,7.10,7.90,37.2,32.5,0.808,292,236,109,0.90,0.634,0.0532,0.0532,1.119,1033,1033,15,1,160,0.3,118.2,115.4,34.7,36.0,116,36.5,113,38.0,85.1,40.5,33.5,45.2,4.99,4.99,5.00,-4.30,0.033672,3.64255127,0.235012,12.79562961
1010.00,1,979.980,1,979.980,93.307,94.037,4560.756,12.605,0.9693,76.5,-0.073,51.9,0.465,34.1,98.0,107,79.6,4.84,675,3.73,4.91,563.169,2633.34,0.028,0.0487,37.0103,7.10,6.20,37.2,32.5,0.806,285,230,112,0.95,0.654,0.0533,0.0533,1.119,1034,1034,15,1,134,21.2,115.9,113.2,36.7,38.0,115,37.3,112,38.7,85.1,40.6,33.5,45.2,4.99,4.99,4.52,-3.55,0.033675,3.64541837,0.235054,12.80598927
1011.00,1,980.980,1,980.980,93.333,94.036,4559.817,12.605,0.9694,76.5,0.212,51.9,0.465,34.1,90.1,107,79.6,4.84,675,3.71,4.91,563.169,2245.24,0.028,0.0487,37.0103,7.10,4.90,37.2,32.5,0.807,292,236,99,0.85,0.465,0.0533,0.0533,1.119,1033,1033,15,1,115,37.0,113.6,110.9,38.5,39.8,113,38.6,111,39.9,85.1,40.5,33.5,45.2,4.99,4.99,4.53,-3.24,0.033678,3.64828639,0.235083,12.81635094
1012.00,1,981.980,1,981.980,93.384,94.024,4558.881,12.605,0.9695,76.6,-0.072,51.8,0.465,34.1,106.6,107,79.6,4.84,675,3.76,4.91,563.169,2242.89,0.029,0.0487,37.0103,7.10,4.92,37.2,32.5,0.807,288,233,129,1.03,0.948,0.0533,0.0533,1.119,1033,1033,15,1,115,37.0,112.1,109.4,39.6,40.9,112,39.8,109,41.1,85.2,40.4,33.5,45.2,4.99,4.99,5.19,-3.69,0.033678,3.65115305,0.235123,12.82671106
1013.00,1,982.980,1,982.980,93.410,94.023,4557.943,12.605,0.9695,76.5,-0.010,51.8,0.465,34.1,85.2,107,79.6,4.84,675,3.68,4.91,563.471,2492.56,0.029,0.0487,36.9920,7.10,6.91,37.2,32.5,0.807,292,236,90,0.80,0.309,0.0533,0.0533,1.119,1032,1032,15,1,159,0.8,114.3,111.7,37.7,38.9,112,39.3,110,40.6,85.2,40.4,33.5,45.2,4.99,4.99,4.32,-3.82,0.033677,3.65402156,0.235154,12.83707316
1014.00,1,983.980,1,983.980,93.461,94.025,4557.005,12.605,0.9693,76.6,-0.023,51.8,0.465,34.1,104.2,107,79.6,4.84,675,3.78,4.91,563.471,2805.96,0.028,0.0487,36.9920,7.10,7.79,37.2,32.5,0.808,292,236,125,0.99,0.904,0.0533,0.0533,1.119,1033,1033,15,1,160,0.3,118.3,115.6,34.6,35.9,116,36.4,113,37.9,85.1,40.5,33.5,45.2,4.99,4.99,5.62,-4.53,0.033679,3.65688807,0.235190,12.84743420
1015.00,1,984.980,1,984.980,93.512,94.026,4556.068,12.605,0.9692,76.5,0.061,51.8,0.465,34.1,80.7,107,79.6,4.84,675,3.68,4.91,563.471,2514.35,0.028,0.0487,36.9920,7.10,5.48,37.2,32.5,0.807,293,236,81,0.75,0.166,0.0534,0.0534,1.118,1034,1034,15,1,123,30.0,115.2,112.5,37.3,38.6,115,37.6,112,39.0,85.1,40.6,33.5,45.2,4.99,4.99,3.92,-2.93,0.033682,3.65975631,0.235227,12.85779626
1016.00,1,985.980,1,985.980,93.538,94.024,4555.130,12.605,0.9694,76.6,0.033,51.8,0.465,34.1,98.2,107,79.6,4.84,675,3.77,4.91,563.471,2243.18,0.028,0.0487,36.9920,7.10,4.92,37.2,32.5,0.808,292,236,114,0.93,0.719,0.0534,0.0534,1.118,1033,1033,15,1,115,37.0,113.3,110.5,38.8,40.0,113,38.9,110,40.2,85.1,40.4,33.5,45.2,5.00,5.00,5.14,-3.62,0.033684,3.66262327,0.235259,12.86815855
1017.00,1,986.980,1,986.980,93.588,94.010,4554.194,12.605,0.9695,76.5,-0.086,51.8,0.465,34.1,89.6,107,79.6,4.84,674,3.71,4.91,563.471,2242.89,0.029,0.0487,36.9920,7.10,4.92,37.2,32.5,0.806,285,230,96,0.86,0.391,0.0534,0.0534,1.118,1033,1033,15,1,115,37.0,111.8,109.1,39.9,41.1,112,40.1,109,41.3,85.2,40.4,33.5,45.2,5.00,5.00,4.02,-2.80,0.033684,3.66549087,0.235300,12.87852028
1018.00,1,987.980,1,987.980,93.613,94.010,4553.255,12.605,0.9694,76.5,0.176,51.8,0.465,34.1,92.7,107,79.6,4.85,674,3.72,4.91,563.734,2606.13,0.028,0.0487,36.9871,7.11,7.41,37.2,32.5,0.807,293,236,104,0.87,0.544,0.0534,0.0534,1.118,1033,1033,15,1,159,0.4,116.0,113.3,36.3,37.6,114,38.2,111,39.5,85.1,40.4,33.5,45.2,5.00,5.00,4.86,-4.40,0.033683,3.66835853,0.235329,12.88888359
1019.00,1,988.980,1,988.980,93.664,94.017,4552.319,12.605,0.9692,76.6,0.668,51.7,0.465,34.1,103.6,107,79.6,4.85,674,3.74,4.91,563.734,2793.11,0.028,0.0487,36.9871,7.11,7.47,37.2,32.5,0.806,287,232,123,1.00,0.837,0.0535,0.0535,1.118,1033,1033,15,1,159,1.1,117.9,115.2,35.0,36.3,116,36.7,113,38.1,85.0,40.5,33.5,45.2,5.00,5.00,4.99,-4.01,0.033686,3.67122528,0.235370,12.89924545
1020.00,1,989.980,1,989.980,93.690,94.017,4551.381,12.605,0.9692,76.5,0.116,51.7,0.464,34.1,87.6,107,79.6,4.85,674,3.69,4.90,563.734,2382.16,0.028,0.0487,36.9871,7.11,4.78,37.2,32.5,0.807,293,236,94,0.82,0.382,0.0535,0.0535,1.118,1034,1034,15,1,118,34.8,114.6,111.9,37.8,39.1,114,37.9,112,39.3,85.0,40.5,33.5,45.2,5.00,5.00,4.38,-3.22,0.033689,3.67409350,0.235400,12.90960944
1021.00,1,990.980,1,990.980,93.740,93.998,4550.444,12.605,0.9694,76.6,-0.033,51.7,0.464,34.1,107.2,107,79.6,4.85,674,3.76,4.90,563.734,2242.93,0.029,0.0487,36.9871,7.11,4.92,37.2,32.5,0.807,291,234,130,1.02,0.976,0.0535,0.0535,1.118,1033,1033,15,1,115,37.0,112.9,110.2,39.0,40.3,113,39.2,110,40.4,85.1,40.4,33.4,45.2,5.00,5.00,5.46,-3.94,0.033690,3.67695996,0.235438,12.91997203
1022.00,1,991.980,1,991.980,93.790,94.003,4549.507,12.605,0.9695,76.5,-0.032,51.7,0.464,34.1,82.9,107,79.6,4.85,674,3.66,4.90,563.734,2256.26,0.029,0.0487,36.9842,7.11,5.36,37.2,32.5,0.807,293,237,85,0.77,0.233,0.0535,0.0535,1.117,1033,1033,15,1,118,34.5,111.4,108.7,40.2,41.3,111,40.4,108,41.6,85.1,40.3,33.4,45.2,5.00,5.00,4.04,-2.76,0.033690,3.67982839,0.235472,12.93033621
1023.00,1,992.980,1,992.980,93.815,94.007,4548.569,12.605,0.9693,76.6,0.009,51.7,0.464,34.1,101.1,107,79.6,4.85,673,3.78,4.90,564.007,2702.49,0.028,0.0487,36.9842,7.11,7.75,37.2,32.5,0.807,293,237,119,0.96,0.807,0.0535,0.0535,1.117,1033,1033,15,1,160,0.3,117.3,114.6,35.3,36.6,115,37.2,112,38.6,85.1,40.4,33.4,45.2,5.00,5.00,5.52,-4.90,0.033689,3.68269500,0.235506,12.94069988
1024.00,1,993.980,1,993.980,93.865,94.008,4547.633,12.605,0.9692,76.5,-0.036,51.7,0.464,34.1,81.4,107,79.6,4.85,673,3.69,4.90,564.007,2739.97,0.028,0.0487,36.9842,7.11,6.96,37.2,32.5,0.806,289,233,81,0.77,0.164,0.0536,0.0536,1.117,1034,1034,15,1,151,7.8,117.0,114.3,35.7,37.1,116,37.0,113,38.4,85.0,40.5,33.4,45.2,5.00,5.00,3.87,-3.00,0.033692,3.68556286,0.235545,12.95106384
1025.00,1,994.980,1,994.980,93.890,94.007,4546.695,12.605,0.9692,76.5,0.125,51.7,0.464,34.1,95.4,107,79.6,4.85,673,3.74,4.90,564.007,2269.09,0.028,0.0487,36.9842,7.11,4.68,37.2,32.5,0.807,293,237,109,0.90,0.627,0.0536,0.0536,1.117,1034,1034,15,1,115,36.7,114.1,111.4,38.1,39.4,114,38.2,111,39.6,85.0,40.5,33.4,45.2,5.00,5.00,4.93,-3.59,0.033695,3.68843006,0.235575,12.96142877
1026.00,1,995.980,1,995.980,93.939,93.995,4545.759,12.605,0.9694,76.5,-0.076,51.6,0.464,34.1,97.9,107,79.6,4.85,673,3.71,4.90,564.007,2242.90,0.029,0.0487,36.9842,7.11,4.92,37.2,32.5,0.806,286,231,112,0.94,0.644,0.0536,0.0536,1.117,1033,1033,15,1,115,37.0,112.6,109.9,39.3,40.5,112,39.4,110,40.7,85.1,40.4,33.4,45.2,5.00,5.00,4.45,-3.22,0.033696,3.69129720,0.235617,12.97179259
1027.00,1,996.980,1,996.980,93.964,93.992,4544.821,12.605,0.9694,76.5,0.199,51.6,0.464,34.1,90.1,107,79.6,4.85,673,3.70,4.90,564.302,2354.27,0.029,0.0487,36.9779,7.11,6.19,37.2,32.5,0.807,293,237,99,0.84,0.458,0.0536,0.0536,1.116,1033,1033,15,1,151,7.4,112.1,109.5,39.5,40.6,111,40.3,108,41.5,85.1,40.3,33.4,45.2,5.01,5.01,4.58,-3.46,0.033695,3.69416520,0.235646,12.98215843
1028.00,1,997.980,1,997.980,94.013,93.994,4543.884,12.605,0.9692,76.6,-0.050,51.6,0.464,34.1,106.5,107,79.6,4.85,673,3.74,4.90,564.302,2771.53,0.028,0.0487,36.9779,7.11,7.90,37.2,32.5,0.806,290,233,129,1.02,0.938,0.0537,0.0537,1.116,1033,1033,15,1,160,0.3,118.2,115.4,34.7,36.0,116,36.5,113,38.0,85.0,40.5,33.4,45.2,5.01,5.01,5.40,-4.78,0.033696,3.69703171,0.235686,12.99252273
1029.00,1,998.980,1,998.980,94.037,93.996,4542.947,12.605,0.9692,76.5,-0.039,51.6,0.464,34.1,85.2,107,79.6,4.85,673,3.67,4.90,564.302,2651.01,0.028,0.0487,36.9779,7.11,6.32,37.2,32.5,0.807,294,237,90,0.80,0.303,0.0537,0.0537,1.116,1034,1034,15,1,136,19.4,116.1,113.4,36.6,37.9,115,37.3,112,38.7,85.0,40.5,33.4,45.2,5.01,5.01,4.24,-3.21,0.033699,3.69990003,0.235717,13.00288905
1030.00,1,999.980,1,999.980,94.086,93.994,4542.010,12.605,0.9693,76.6,-0.018,51.6,0.464,34.1,104.1,107,79.6,4.85,672,3.77,4.90,564.302,2246.15,0.028,0.0487,36.9779,7.11,4.89,37.2,32.5,0.807,293,237,125,0.98,0.893,0.0537,0.0537,1.116,1033,1033,15,1,115,37.0,113.7,111.0,38.4,39.7,114,38.5,111,39.8,85.0,40.4,33.4,45.2,5.01,5.01,5.56,-4.06,0.033702,3.70276645,0.235753,13.01325433
1031.00,1,1000.980,1,1000.980,94.135,93.975,4541.073,12.605,0.9694,76.5,0.057,51.6,0.464,34.1,80.7,107,79.6,4.86,672,3.67,4.89,564.302,2242.89,0.029,0.0487,36.9779,7.11,4.92,37.2,32.5,0.806,294,237,81,0.75,0.161,0.0537,0.0537,1.115,1033,1033,15,1,115,37.0,112.2,109.5,39.6,40.8,112,39.8,109,41.0,85.0,40.4,33.4,45.2,5.01,5.01,3.90,-2.66,0.033702,3.70563467,0.235790,13.02362062
1032.00,1,1001.980,1,1001.980,94.159,93.982,4540.135,12.605,0.9694,76.5,0.054,51.6,0.464,34.1,98.2,107,79.6,4.86,672,3.76,4.89,564.557,2473.36,0.029,0.0487,36.9851,7.12,6.82,37.2,32.5,0.807,294,237,114,0.92,0.711,0.0537,0.0537,1.116,1032,1032,15,1,159,1.0,114.0,111.3,37.9,39.2,112,39.5,109,40.8,85.0,40.4,33.4,45.3,5.01,5.01,5.28,-4.43,0.033701,3.70850153,0.235822,13.03398709
1033.00,1,1002.980,1,1002.980,94.209,93.990,4539.199,12.605,0.9692,76.5,-0.084,51.5,0.464,34.1,89.6,107,79.6,4.86,672,3.69,4.89,564.557,2805.33,0.028,0.0487,36.9851,7.12,7.83,37.2,32.5,0.805,286,231,96,0.86,0.384,0.0538,0.0538,1.115,1033,1033,15,1,160,0.3,118.4,115.7,34.5,35.9,116,36.4,113,37.8,85.0,40.5,33.3,45.3,5.01,5.01,4.15,-3.48,0.033703,3.71136899,0.235863,13.04435302
1034.00,1,1003.980,1,1003.980,94.233,93.990,4538.261,12.605,0.9691,76.5,0.198,51.5,0.464,34.1,92.7,107,79.6,4.86,672,3.71,4.89,564.557,2534.92,0.028,0.0487,36.9851,7.12,5.60,37.2,32.5,0.807,294,237,104,0.87,0.537,0.0538,0.0538,1.115,1034,1034,15,1,125,29.0,115.3,112.6,37.2,38.5,115,37.6,112,38.9,84.9,40.5,33.3,45.3,5.01,5.01,4.75,-3.55,0.033706,3.71423654,0.235892,13.05472055
1035.00,1,1004.980,1,1004.980,94.281,93.987,4537.325,12.605,0.9693,76.5,0.668,51.5,0.464,34.1,103.5,107,79.6,4.86,672,3.72,4.89,564.557,2243.29,0.028,0.0487,36.9851,7.12,4.92,37.2,32.5,0.806,289,233,123,0.99,0.827,0.0538,0.0538,1.115,1033,1033,15,1,115,37.0,113.4,110.6,38.7,40.0,113,38.8,110,40.1,85.0,40.4,33.3,45.3,5.01,5.01,4.92,-3.64,0.033708,3.71710334,0.235933,13.06508669
1036.00,1,1005.980,1,1005.980,94.305,93.978,4536.387,12.605,0.9693,76.5,0.062,51.5,0.464,34.1,87.6,107,79.6,4.86,672,3.67,4.89,564.557,2242.89,0.029,0.0487,36.9851,7.12,4.92,37.2,32.5,0.807,294,237,94,0.82,0.376,0.0538,0.0538,1.115,1033,1033,15,1,115,37.0,111.8,109.1,39.9,41.1,112,40.1,109,41.3,85.0,40.3,33.3,45.3,5.01,5.01,4.36,-2.93,0.033708,3.71997167,0.235963,13.07545498
1037.00,1,1006.980,1,1006.980,94.352,93.972,4535.451,12.605,0.9693,76.6,-0.033,51.5,0.464,34.1,107.1,107,79.6,4.86,671,3.75,4.89,564.837,2589.02,0.028,0.0487,36.9769,7.12,7.34,37.2,32.5,0.807,292,235,130,1.02,0.966,0.0539,0.0539,1.115,1033,1033,15,1,159,0.4,115.8,113.1,36.5,37.8,114,38.4,111,39.7,85.0,40.4,33.3,45.3,5.02,5.02,5.64,-5.06,0.033708,3.72283817,0.236001,13.08582190
1038.00,1,1007.980,1,1007.980,94.400,93.975,4534.514,12.605,0.9691,76.5,-0.032,51.5,0.464,34.1,82.9,107,79.6,4.86,671,3.65,4.89,564.837,2799.05,0.028,0.0487,36.9769,7.12,7.54,37.2,32.5,0.806,295,237,85,0.77,0.227,0.0539,0.0539,1.115,1033,1033,15,1,159,0.8,118.0,115.3,34.9,36.2,116,36.6,113,38.1,84.9,40.5,33.3,45.3,5.02,5.02,4.10,-3.18,0.033710,3.72570658,0.236035,13.09619046
1039.00,1,1008.980,1,1008.980,94.424,93.975,4533.577,12.605,0.9691,76.6,0.009,51.5,0.463,34.1,101.1,107,79.6,4.86,671,3.77,4.89,564.837,2403.57,0.028,0.0487,36.9769,7.12,4.88,37.2,32.5,0.807,294,237,119,0.95,0.798,0.0539,0.0539,1.114,1034,1034,15,1,118,34.2,114.7,112.0,37.7,39.0,115,37.8,112,39.2,84.9,40.5,33.3,45.3,5.02,5.02,5.42,-4.00,0.033713,3.72857318,0.236069,13.10655854
1040.00,1,1009.980,1,1009.980,94.471,93.953,4532.641,12.605,0.9692,76.5,-0.036,51.4,0.463,34.1,81.4,107,79.6,4.86,671,3.67,4.89,564.837,2242.94,0.028,0.0487,36.9769,7.12,4.92,37.2,32.5,0.806,291,234,81,0.76,0.158,0.0539,0.0539,1.115,1033,1033,15,1,115,37.0,113.0,110.2,39.0,40.2,113,39.1,110,40.4,84.9,40.4,33.3,45.3,5.02,5.02,3.85,-2.72,0.033715,3.73144117,0.236108,13.11692694
1041.00,1,1010.980,1,1010.980,94.494,93.957,4531.703,12.605,0.9693,76.5,0.125,51.4,0.463,34.1,95.4,107,79.6,4.86,671,3.72,4.89,564.837,2247.30,0.029,0.0487,36.9882,7.12,5.16,37.2,32.5,0.807,295,238,109,0.89,0.618,0.0539,0.0539,1.114,1033,1033,15,1,115,36.7,111.4,108.7,40.2,41.3,111,40.4,108,41.6,85.0,40.3,33.3,45.3,5.02,5.02,4.92,-3.32,0.033714,3.73430848,0.236138,13.12729627
1042.00,1,1011.980,1,1011.980,94.542,93.966,4530.768,12.605,0.9692,76.5,-0.076,51.4,0.463,34.1,97.9,107,79.6,4.86,671,3.70,4.88,565.085,2689.19,0.028,0.0487,36.9882,7.12,7.71,37.2,32.5,0.805,287,231,112,0.94,0.636,0.0540,0.0540,1.114,1033,1033,15,1,160,0.3,117.2,114.5,35.4,36.7,115,37.3,112,38.7,84.9,40.4,33.3,45.3,5.02,5.02,4.64,-4.36,0.033714,3.73717564,0.236180,13.13766445
1043.00,1,1012.980,1,1012.980,94.566,93.968,4529.830,12.605,0.9690,76.5,0.199,51.4,0.463,34.1,90.1,107,79.6,4.86,671,3.68,4.88,565.085,2752.05,0.028,0.0487,36.9882,7.12,7.06,37.2,32.5,0.807,295,238,99,0.84,0.452,0.0540,0.0540,1.114,1034,1034,15,1,152,6.2,117.1,114.4,35.6,36.9,116,36.9,113,38.4,84.9,40.5,33.3,45.3,5.02,5.02,4.59,-3.52,0.033717,3.74004363,0.236209,13.14803464
1044.00,1,1013.980,1,1013.980,94.613,93.967,4528.894,12.605,0.9691,76.5,-0.050,51.4,0.463,34.1,106.4,107,79.6,4.86,670,3.72,4.88,565.085,2279.16,0.028,0.0487,36.9882,7.12,4.60,37.2,32.5,0.806,291,234,129,1.02,0.928,0.0540,0.0540,1.114,1034,1034,15,1,115,36.6,114.2,111.5,38.0,39.4,114,38.1,111,39.5,84.9,40.5,33.3,45.3,5.02,5.02,5.30,-4.03,0.033720,3.74291023,0.236248,13.15840332
1045.00,1,1014.980,1,1014.980,94.637,93.963,4527.956,12.605,0.9692,76.5,-0.039,51.4,0.463,34.1,85.2,107,79.6,4.86,670,3.65,4.88,565.085,2242.90,0.028,0.0487,36.9882,7.12,4.92,37.2,32.5,0.806,295,238,90,0.79,0.297,0.0540,0.0540,1.114,1033,1033,15,1,115,37.0,112.6,109.9,39.3,40.5,112,39.4,110,40.7,84.9,40.4,33.2,45.3,5.02,5.02,4.22,-2.91,0.033721,3.74577879,0.236280,13.16877403
1046.00,1,1015.980,1,1015.980,94.683,93.953,4527.020,12.605,0.9693,76.6,-0.018,51.4,0.463,34.1,104.0,107,79.6,4.86,670,3.75,4.88,565.085,2335.53,0.029,0.0487,36.9827,7.12,6.08,37.2,32.5,0.807,295,238,125,0.98,0.884,0.0541,0.0541,1.113,1033,1033,15,1,147,10.4,111.9,109.3,39.7,40.9,111,40.4,108,41.6,84.9,40.4,33.2,45.3,5.02,5.02,5.56,-4.11,0.033721,3.74864544,0.236316,13.17914370
1047.00,1,1016.980,1,1016.980,94.730,93.954,4526.083,12.605,0.9692,76.5,0.057,51.4,0.463,34.1,80.7,107,79.6,4.87,670,3.65,4.88,565.359,2763.50,0.028,0.0487,36.9827,7.13,7.89,37.2,32.5,0.806,295,238,81,0.75,0.156,0.0541,0.0541,1.113,1033,1033,15,1,160,0.3,118.0,115.3,34.7,36.1,116,36.6,113,38.1,84.9,40.4,33.2,45.3,5.02,5.02,4.02,-3.61,0.033721,3.75151382,0.236353,13.18951443
1048.00,1,1017.980,1,1017.980,94.753,93.955,4525.146,12.605,0.9690,76.5,0.054,51.3,0.463,34.1,98.1,107,79.6,4.87,670,3.74,4.88,565.359,2668.08,0.028,0.0487,36.9827,7.13,6.43,37.2,32.5,0.807,295,238,114,0.92,0.703,0.0541,0.0541,1.113,1034,1034,15,1,139,17.6,116.2,113.5,36.4,37.8,115,37.2,112,38.6,84.8,40.6,33.2,45.3,5.02,5.02,5.21,-3.94,0.033725,3.75438079,0.236385,13.19988538
1049.00,1,1018.980,1,1018.980,94.800,93.953,4524.211,12.605,0.9690,76.5,-0.084,51.3,0.463,34.1,89.5,107,79.6,4.87,670,3.68,4.88,565.359,2247.43,0.028,0.0487,36.9827,7.13,4.88,37.2,32.5,0.805,287,231,96,0.85,0.376,0.0541,0.0541,1.113,1033,1033,15,1,115,37.0,113.8,111.0,38.3,39.6,114,38.4,111,39.8,84.8,40.5,33.2,45.3,5.03,5.03,4.09,-3.04,0.033728,3.75724846,0.236426,13.21025585
1050.00,1,1019.980,1,1019.980,94.823,93.938,4523.273,12.605,0.9692,76.5,0.198,51.3,0.463,34.1,92.7,107,79.6,4.86,669,3.69,4.88,565.359,2242.89,0.029,0.0487,36.9827,7.13,4.92,37.2,32.5,0.807,295,238,104,0.87,0.529,0.0541,0.0541,1.113,1033,1033,15,1,115,37.0,112.2,109.5,39.6,40.8,112,39.7,109,41.0,84.9,40.4,33.2,45.3,5.03,5.03,4.73,-3.22,0.033728,3.76011627,0.236455,13.22062791
1051.00,1,1020.980,1,1020.980,94.869,93.940,4522.337,12.605,0.9692,76.5,0.668,51.3,0.463,34.1,103.4,107,79.6,4.87,669,3.70,4.88,565.606,2453.91,0.029,0.0487,36.9919,7.13,6.73,37.2,32.5,0.805,290,233,122,0.99,0.817,0.0542,0.0542,1.113,1032,1032,15,1,158,1.4,113.7,111.0,38.2,39.4,112,39.7,109,40.9,84.9,40.4,33.2,45.3,5.03,5.03,5.00,-4.32,0.033727,3.76298326,0.236496,13.23099853
1052.00,1,1021.980,1,1021.980,94.892,93.944,4521.400,12.605,0.9690,76.5,0.062,51.3,0.463,34.1,87.6,107,79.6,4.87,669,3.66,4.88,565.606,2803.57,0.028,0.0487,36.9919,7.13,7.86,37.2,32.5,0.806,296,238,94,0.81,0.370,0.0542,0.0542,1.112,1033,1033,15,1,160,0.3,118.3,115.6,34.5,35.9,116,36.4,113,37.9,84.8,40.5,33.2,45.3,5.03,5.03,4.46,-3.68,0.033729,3.76585167,0.236526,13.24137127
1053.00,1,1022.980,1,1022.980,94.939,93.946,4520.464,12.605,0.9690,76.5,-0.033,51.3,0.463,34.1,107.1,107,79.6,4.87,669,3.73,4.88,565.606,2555.26,0.028,0.0487,36.9919,7.13,5.71,37.2,32.5,0.806,293,236,130,1.01,0.956,0.0542,0.0542,1.112,1034,1034,15,1,126,27.8,115.4,112.7,37.1,38.4,115,37.5,112,38.9,84.8,40.5,33.2,45.3,5.03,5.03,5.57,-4.29,0.033732,3.76871827,0.236564,13.25174263
1054.00,1,1023.980,1,1023.980,94.986,93.932,4519.527,12.605,0.9690,76.5,-0.032,51.2,0.463,34.1,82.9,107,79.6,4.87,669,3.63,4.88,565.606,2243.45,0.028,0.0487,36.9919,7.13,4.91,37.2,32.5,0.806,296,238,85,0.77,0.222,0.0543,0.0543,1.113,1033,1033,15,1,115,37.0,113.4,110.6,38.6,39.9,113,38.8,110,40.1,84.8,40.5,33.2,45.3,5.03,5.03,4.08,-2.89,0.033735,3.77158691,0.236598,13.26211563
1055.00,1,1024.980,1,1024.980,95.009,93.932,4518.590,12.605,0.9692,76.5,0.009,51.2,0.463,34.1,101.0,107,79.6,4.87,669,3.75,4.87,565.606,2242.89,0.029,0.0487,36.9919,7.13,4.92,37.2,32.5,0.807,295,238,119,0.95,0.789,0.0543,0.0543,1.112,1033,1033,15,1,115,37.1,111.8,109.1,39.8,41.1,112,40.0,109,41.3,84.9,40.4,33.2,45.3,5.03,5.03,5.39,-3.64,0.033735,3.77445381,0.236632,13.27248812
1056.00,1,1025.980,1,1025.980,95.055,93.935,4517.655,12.605,0.9692,76.5,-0.036,51.2,0.463,34.1,81.4,107,79.6,4.87,669,3.66,4.87,565.878,2571.41,0.029,0.0487,36.9935,7.13,7.27,37.2,32.5,0.805,292,235,81,0.76,0.153,0.0543,0.0543,1.112,1033,1033,15,1,159,0.4,115.5,112.8,36.7,38.0,113,38.5,110,39.9,84.8,40.4,33.2,45.3,5.03,5.03,3.99,-3.75,0.033735,3.77732203,0.236671,13.28286093
1057.00,1,1026.980,1,1026.980,95.078,93.937,4516.717,12.605,0.9689,76.5,0.125,51.2,0.463,34.1,95.4,107,79.7,4.87,668,3.71,4.87,565.878,2803.98,0.028,0.0487,36.9935,7.13,7.61,37.2,32.5,0.807,296,239,109,0.89,0.611,0.0543,0.0543,1.112,1033,1033,15,1,159,0.5,118.1,115.3,34.8,36.2,116,36.6,113,38.1,84.7,40.5,33.1,45.3,5.03,5.03,5.00,-3.87,0.033737,3.78018951,0.236701,13.29323468
1058.00,1,1027.980,1,1027.980,95.124,93.936,4515.782,12.605,0.9689,76.5,-0.076,51.2,0.462,34.1,97.8,107,79.7,4.87,668,3.68,4.87,565.878,2425.04,0.028,0.0487,36.9935,7.13,4.99,37.2,32.5,0.805,289,232,111,0.93,0.627,0.0543,0.0543,1.112,1034,1034,15,1,119,33.7,114.8,112.0,37.6,38.9,115,37.8,112,39.2,84.7,40.5,33.1,45.3,5.03,5.03,4.55,-3.50,0.033740,3.78305688,0.236743,13.30360734
1059.00,1,1028.980,1,1028.980,95.147,93.934,4514.845,12.605,0.9690,76.5,0.199,51.2,0.462,34.1,90.1,107,79.7,4.87,668,3.67,4.87,565.878,2242.96,0.028,0.0487,36.9935,7.13,4.92,37.2,32.5,0.806,296,239,99,0.84,0.445,0.0544,0.0544,1.112,1033,1033,15,1,115,37.1,113.0,110.2,39.0,40.2,113,39.1,110,40.4,84.8,40.4,33.1,45.3,5.03,5.03,4.57,-3.19,0.033742,3.78592519,0.236771,13.31398205
1060.00,1,1029.980,1,1029.980,95.193,93.920,4513.909,12.605,0.9691,76.5,-0.050,51.2,0.462,34.1,106.3,107,79.6,4.87,668,3.71,4.87,565.878,2244.44,0.029,0.0487,36.9961,7.13,5.04,37.2,32.5,0.806,292,235,128,1.01,0.917,0.0544,0.0544,1.111,1033,1033,15,1,115,37.0,111.4,108.8,40.1,41.3,111,40.3,108,41.5,84.8,40.4,33.1,45.3,5.04,5.04,5.23,-3.69,0.033742,3.78879213,0.236811,13.32435524
1061.00,1,1030.980,1,1030.980,95.215,93.920,4512.972,12.658,0.9691,76.5,-0.039,51.2,0.462,34.1,85.2,107,79.7,4.87,668,3.64,4.87,566.186,2682.83,0.028,0.0487,36.9961,7.17,7.69,37.2,32.5,0.806,296,239,90,0.79,0.291,0.0544,0.0544,1.111,1033,1033,15,1,160,0.3,117.0,114.3,35.5,36.8,115,37.4,112,38.8,84.8,40.4,33.1,45.3,5.04,5.04,4.37,-4.04,0.033742,3.79166089,0.236843,13.33473043
1062.00,1,1031.980,1,1031.980,95.261,94.395,4512.035,12.658,0.9688,76.5,-0.007,51.2,0.462,34.1,102.8,107,79.7,4.87,668,3.74,4.86,566.186,2758.06,0.028,0.0487,36.9961,7.17,7.11,37.2,32.5,0.807,296,239,122,0.96,0.842,0.0544,0.0544,1.117,1034,1034,15,1,153,5.5,117.2,114.5,35.5,36.9,116,36.9,113,38.3,84.7,40.6,33.1,45.3,5.04,5.04,5.55,-4.27,0.033745,3.79452859,0.236877,13.34510527
1063.00,1,1032.980,1,1032.980,95.268,95.003,4511.099,12.658,0.9689,76.5,-0.059,50.4,0.458,34.1,86.5,108,80.9,4.80,668,3.66,4.84,566.186,2285.13,0.028,0.0487,36.9961,7.17,4.55,37.2,32.5,0.805,289,233,90,0.82,0.292,0.0545,0.0545,1.141,1034,1034,15,1,115,36.5,114.2,111.5,38.0,39.3,114,38.1,111,39.5,84.7,40.5,33.1,45.3,5.04,5.04,4.02,-3.02,0.033748,3.79740070,0.236914,13.35548324
1064.00,1,1033.980,1,1033.980,95.241,94.908,4510.162,12.658,0.9690,76.5,0.198,50.3,0.457,34.1,92.7,108,80.9,4.79,667,3.67,4.84,566.186,2242.90,0.029,0.0487,36.9961,7.17,4.92,37.2,32.5,0.806,296,239,103,0.87,0.527,0.0545,0.0545,1.143,1033,1033,15,1,115,37.1,112.5,109.8,39.3,40.5,112,39.4,110,40.7,84.7,40.4,33.1,45.3,5.04,5.04,4.73,-3.26,0.033748,3.80027513,0.236940,13.36586671
1065.00,1,1034.980,1,1034.980,95.139,94.111,4509.227,12.658,0.9691,76.5,-0.006,50.3,0.458,34.1,104.6,107,80.7,4.78,667,3.70,4.83,566.186,2335.78,0.029,0.0487,36.9976,7.17,6.08,37.2,32.5,0.806,291,235,124,1.00,0.854,0.0545,0.0545,1.135,1033,1033,15,1,147,10.3,111.9,109.2,39.6,40.8,111,40.3,108,41.6,84.7,40.4,33.1,45.3,5.04,5.04,5.11,-3.89,0.033748,3.80314910,0.236979,13.37625393
1066.00,1,1035.980,1,1035.980,95.083,93.442,4508.291,12.658,0.9689,76.5,-0.007,50.8,0.461,34.1,85.7,106,79.5,4.83,667,3.64,4.84,566.461,2764.79,0.028,0.0487,36.9976,7.17,7.90,37.2,32.5,0.806,296,239,90,0.80,0.300,0.0545,0.0545,1.116,1033,1033,15,1,160,0.3,118.0,115.3,34.7,36.1,116,36.6,113,38.1,84.7,40.5,33.1,45.3,5.04,5.04,4.42,-3.92,0.033748,3.80602135,0.237010,13.38664607
1067.00,1,1036.980,1,1036.980,95.020,93.149,4507.356,12.658,0.9688,76.5,-0.028,51.0,0.463,34.1,104.7,106,78.9,4.84,667,3.73,4.84,566.461,2668.17,0.028,0.0487,36.9976,7.17,6.43,37.2,32.5,0.806,296,239,126,0.99,0.885,0.0545,0.0545,1.108,1034,1034,15,1,138,17.7,116.2,113.5,36.4,37.7,115,37.2,112,38.6,84.6,40.6,33.1,45.3,5.04,5.04,5.66,-4.38,0.033751,3.80888792,0.237046,13.39703726
1068.00,1,1037.980,1,1037.980,95.028,93.270,4506.421,12.658,0.9688,76.5,0.007,51.0,0.463,34.1,81.3,106,79.0,4.84,667,3.63,4.85,566.461,2247.35,0.028,0.0487,36.9976,7.17,4.88,37.2,32.5,0.806,297,239,82,0.75,0.162,0.0546,0.0546,1.110,1033,1033,15,1,115,37.0,113.7,111.0,38.3,39.7,114,38.4,111,39.8,84.6,40.5,33.1,45.3,5.04,5.04,4.03,-2.89,0.033754,3.81175404,0.237081,13.40742787
1069.00,1,1038.980,1,1038.980,95.053,93.356,4505.485,12.658,0.9690,76.5,0.027,50.9,0.462,34.1,99.0,106,79.1,4.84,667,3.73,4.85,566.461,2242.89,0.029,0.0487,36.9976,7.17,4.92,37.2,32.5,0.806,297,239,116,0.93,0.719,0.0546,0.0546,1.111,1033,1033,15,1,115,37.0,112.1,109.4,39.6,40.8,112,39.7,109,41.0,84.7,40.4,33.1,45.3,5.04,5.04,5.30,-3.62,0.033754,3.81461755,0.237113,13.41781501
1070.00,1,1039.980,1,1039.980,95.134,93.547,4504.550,12.658,0.9690,76.5,-0.059,50.9,0.462,34.1,84.8,107,79.3,4.85,667,3.65,4.85,566.760,2464.53,0.029,0.0487,36.9909,7.17,6.78,37.2,32.5,0.805,290,233,87,0.80,0.231,0.0546,0.0546,1.113,1032,1032,15,1,158,1.2,113.8,111.2,38.0,39.3,112,39.6,109,40.8,84.7,40.4,33.1,45.3,5.04,5.04,4.05,-3.60,0.033754,3.81748193,0.237153,13.42819829
1071.00,1,1040.980,1,1040.980,95.185,93.637,4503.613,12.658,0.9688,76.5,0.161,50.9,0.462,34.1,93.8,107,79.4,4.85,666,3.68,4.85,566.760,2806.36,0.028,0.0487,36.9909,7.17,7.85,37.2,32.5,0.806,297,239,106,0.87,0.555,0.0546,0.0546,1.113,1033,1033,15,1,160,0.3,118.3,115.6,34.5,35.9,116,36.4,113,37.8,84.6,40.5,33.0,45.3,5.05,5.05,4.93,-4.02,0.033755,3.82034626,0.237182,13.43857929
1072.00,1,1041.980,1,1041.980,95.296,94.246,4502.678,12.658,0.9688,76.5,0.668,50.9,0.462,34.1,104.4,107,79.6,4.85,666,3.68,4.84,566.760,2544.42,0.028,0.0487,36.9909,7.17,5.65,37.2,32.5,0.805,291,235,124,0.99,0.841,0.0547,0.0547,1.120,1034,1034,15,1,125,28.5,115.4,112.6,37.1,38.5,115,37.5,112,38.9,84.6,40.5,33.0,45.3,5.05,5.05,5.08,-3.94,0.033759,3.82321112,0.237223,13.44895633
1073.00,1,1042.980,1,1042.980,95.343,94.806,4501.740,12.658,0.9689,76.5,-0.007,50.4,0.458,34.1,86.6,108,80.6,4.81,666,3.62,4.83,566.760,2243.35,0.028,0.0487,36.9909,7.17,4.92,37.2,32.5,0.806,297,239,92,0.80,0.335,0.0547,0.0547,1.138,1033,1033,15,1,115,37.0,113.3,110.5,38.7,40.0,113,38.8,110,40.1,84.6,40.5,33.0,45.3,5.05,5.05,4.31,-3.05,0.033761,3.82608101,0.237251,13.45933541
1074.00,1,1043.980,1,1043.980,95.376,94.890,4500.804,12.658,0.9690,76.5,-0.007,50.1,0.457,34.1,102.5,108,80.9,4.78,666,3.73,4.82,566.760,2242.89,0.029,0.0487,36.9909,7.17,4.92,37.2,32.5,0.806,296,239,121,0.96,0.832,0.0547,0.0547,1.145,1033,1033,15,1,115,37.1,111.7,109.0,39.9,41.1,111,40.1,109,41.3,84.7,40.3,33.0,45.3,5.05,5.05,5.47,-3.71,0.033761,3.82895271,0.237285,13.46971625
1075.00,1,1044.980,1,1044.980,95.333,94.622,4499.869,12.658,0.9689,76.5,-0.059,50.1,0.457,34.1,86.1,107,80.7,4.77,666,3.65,4.81,567.030,2590.84,0.029,0.0487,36.9968,7.18,7.35,37.2,32.5,0.805,290,233,89,0.81,0.273,0.0547,0.0547,1.143,1033,1033,15,1,159,0.4,115.8,113.1,36.5,37.8,114,38.3,111,39.7,84.7,40.4,33.0,45.3,5.05,5.05,4.14,-3.91,0.033761,3.83182731,0.237323,13.48010185
1076.00,1,1045.980,1,1045.980,95.293,94.468,4498.932,12.658,0.9687,76.5,0.198,50.0,0.457,34.1,92.3,107,80.6,4.77,666,3.66,4.81,567.030,2800.94,0.028,0.0487,36.9968,7.18,7.55,37.2,32.5,0.806,297,239,102,0.86,0.506,0.0548,0.0548,1.142,1033,1033,15,1,159,0.8,117.9,115.2,34.9,36.3,116,36.7,113,38.1,84.5,40.5,33.0,45.3,5.05,5.05,4.78,-3.70,0.033763,3.83470181,0.237350,13.49049349
1077.00,1,1046.980,1,1046.980,95.197,94.196,4497.997,12.658,0.9687,76.5,-0.050,50.0,0.457,34.1,105.9,107,80.3,4.76,665,3.70,4.80,567.030,2401.62,0.028,0.0487,36.9968,7.18,4.87,37.2,32.5,0.806,293,236,127,1.01,0.894,0.0548,0.0548,1.141,1034,1034,15,1,118,34.3,114.7,111.9,37.7,39.0,114,37.8,112,39.2,84.5,40.5,33.0,45.3,5.05,5.05,5.36,-4.09,0.033766,3.83757473,0.237388,13.50088852
1078.00,1,1047.980,1,1047.980,95.147,93.613,4497.062,12.658,0.9688,76.5,-0.039,50.0,0.457,34.1,84.3,107,80.2,4.76,665,3.62,4.81,567.030,2242.94,0.028,0.0487,36.9968,7.18,4.92,37.2,32.5,0.806,297,239,87,0.78,0.253,0.0548,0.0548,1.135,1033,1033,15,1,115,37.1,112.9,110.1,39.0,40.3,113,39.1,110,40.4,84.6,40.4,33.0,45.3,5.05,5.05,4.25,-2.97,0.033767,3.84044686,0.237419,13.51128814
1079.00,1,1048.980,1,1048.980,95.090,92.852,4496.128,12.658,0.9689,76.5,-0.018,50.6,0.462,34.1,102.8,106,78.8,4.81,665,3.72,4.82,567.030,2251.36,0.029,0.0487,37.0123,7.18,5.26,37.2,32.5,0.806,297,239,123,0.96,0.823,0.0548,0.0548,1.112,1033,1033,15,1,116,35.9,111.3,108.7,40.2,41.4,111,40.4,108,41.6,84.6,40.4,33.0,45.3,5.05,5.05,5.56,-3.85,0.033767,3.84331273,0.237455,13.52168603
1080.00,1,1049.980,1,1049.980,95.120,92.979,4495.193,12.658,0.9688,76.5,0.057,50.7,0.462,34.1,80.0,106,78.8,4.82,665,3.63,4.82,567.325,2698.79,0.028,0.0487,37.0123,7.18,7.75,37.2,32.5,0.805,298,240,80,0.73,0.117,0.0549,0.0549,1.111,1033,1033,15,1,160,0.3,117.2,114.5,35.3,36.7,115,37.2,112,38.6,84.6,40.4,33.0,45.3,5.05,5.05,4.07,-3.79,0.033767,3.84617720,0.237492,13.53208179
1081.00,1,1050.980,1,1050.980,95.163,93.114,4494.257,12.658,0.9686,76.5,0.054,50.7,0.462,34.1,97.4,106,78.9,4.82,665,3.71,4.83,567.325,2747.43,0.028,0.0487,37.0123,7.18,7.01,37.2,32.5,0.806,297,240,113,0.91,0.662,0.0549,0.0549,1.112,1034,1034,15,1,151,7.2,117.0,114.3,35.7,37.0,116,36.9,113,38.4,84.5,40.6,33.0,45.3,5.06,5.06,5.25,-4.01,0.033770,3.84903884,0.237523,13.54247312
1082.00,1,1051.980,1,1051.980,95.287,93.387,4493.323,12.658,0.9687,76.5,-0.084,50.7,0.461,34.1,89.8,106,79.2,4.83,665,3.65,4.83,567.325,2272.38,0.028,0.0487,37.0123,7.18,4.65,37.2,32.5,0.804,289,233,96,0.85,0.369,0.0549,0.0549,1.115,1034,1034,15,1,115,36.7,114.1,111.4,38.0,39.4,114,38.1,111,39.5,84.5,40.5,33.0,45.3,5.06,5.06,4.16,-3.15,0.033773,3.85190103,0.237565,13.55285886
1083.00,1,1052.980,1,1052.980,95.361,93.956,4492.385,12.658,0.9688,76.5,0.210,50.6,0.461,34.1,91.4,107,79.3,4.83,665,3.65,4.82,567.325,2242.90,0.028,0.0487,37.0123,7.18,4.92,37.2,32.5,0.806,298,240,101,0.84,0.475,0.0549,0.0549,1.122,1033,1033,15,1,115,37.1,112.5,109.7,39.3,40.6,112,39.5,110,40.8,84.6,40.4,33.0,45.3,5.06,5.06,4.65,-3.20,0.033774,3.85476522,0.237593,13.56324217
1084.00,1,1053.980,1,1053.980,95.484,94.772,4491.449,12.658,0.9689,76.5,-0.034,50.0,0.456,34.1,107.6,108,80.8,4.77,664,3.69,4.81,567.606,2355.15,0.029,0.0487,37.0042,7.18,6.20,37.2,32.5,0.806,294,237,131,1.01,0.958,0.0549,0.0549,1.145,1033,1033,15,1,151,7.3,112.1,109.5,39.4,40.6,111,40.3,108,41.5,84.6,40.4,33.0,45.3,5.06,5.06,5.48,-4.22,0.033774,3.85763252,0.237630,13.57362327
1085.00,1,1054.980,1,1054.980,95.530,94.699,4490.513,12.658,0.9688,76.5,0.007,49.9,0.456,34.1,82.9,107,80.8,4.76,664,3.61,4.80,567.606,2775.28,0.028,0.0487,37.0042,7.18,7.92,37.2,32.5,0.805,298,240,85,0.76,0.214,0.0550,0.0550,1.147,1033,1033,15,1,160,0.3,118.1,115.4,34.7,36.0,116,36.5,113,38.0,84.5,40.5,33.0,45.3,5.06,5.06,4.17,-3.68,0.033775,3.86050481,0.237663,13.58400756
1086.00,1,1055.980,1,1055.980,95.528,94.578,4489.577,12.658,0.9686,76.5,0.054,49.8,0.456,34.1,97.8,107,80.7,4.76,664,3.69,4.80,567.606,2651.00,0.028,0.0487,37.0042,7.18,6.31,37.2,32.5,0.806,297,240,113,0.91,0.678,0.0550,0.0550,1.146,1034,1034,15,1,136,19.8,116.0,113.2,36.6,37.9,115,37.3,112,38.7,84.5,40.6,32.9,45.3,5.06,5.06,5.20,-3.92,0.033778,3.86337734,0.237694,13.59439522
1087.00,1,1056.980,1,1056.980,95.492,94.318,4488.642,12.658,0.9687,76.5,-0.076,49.8,0.456,34.1,98.3,107,80.5,4.76,664,3.66,4.80,567.606,2245.98,0.028,0.0487,37.0042,7.18,4.89,37.2,32.5,0.805,290,233,112,0.94,0.632,0.0550,0.0550,1.143,1033,1033,15,1,115,37.0,113.7,110.9,38.4,39.7,114,38.5,111,39.8,84.5,40.5,32.9,45.3,5.06,5.06,4.61,-3.44,0.033781,3.86625054,0.237734,13.60478642
1088.00,1,1057.980,1,1057.980,95.464,94.190,4487.706,12.658,0.9688,76.5,0.147,49.8,0.456,34.1,88.3,107,80.4,4.75,664,3.62,4.79,567.606,2242.89,0.029,0.0487,37.0042,7.18,4.92,37.2,32.5,0.806,297,240,95,0.82,0.375,0.0550,0.0550,1.143,1033,1033,15,1,115,37.1,112.0,109.3,39.6,40.9,112,39.8,109,41.1,84.5,40.4,32.9,45.3,5.06,5.06,4.47,-3.04,0.033781,3.86912404,0.237762,13.61518336
1089.00,1,1058.980,1,1058.980,95.404,94.014,4486.771,12.658,0.9688,76.5,-0.028,49.8,0.456,34.1,104.7,107,80.2,4.75,664,3.71,4.78,567.920,2485.23,0.028,0.0487,37.0195,7.19,6.88,37.2,32.5,0.806,297,239,126,0.98,0.880,0.0551,0.0551,1.142,1032,1032,15,1,159,0.9,114.1,111.4,37.8,39.1,112,39.4,109,40.7,84.5,40.4,32.9,45.3,5.06,5.06,5.73,-4.86,0.033780,3.87199523,0.237797,13.62558237
1090.00,1,1059.980,1,1059.980,95.351,93.905,4485.837,12.658,0.9686,76.5,0.038,49.7,0.456,34.1,80.0,107,80.1,4.74,664,3.62,4.78,567.920,2809.87,0.028,0.0487,37.0195,7.19,7.83,37.2,32.5,0.805,298,240,79,0.74,0.118,0.0551,0.0551,1.142,1033,1033,15,1,160,0.3,118.3,115.6,34.5,35.9,116,36.4,113,37.9,84.4,40.5,32.9,45.3,5.06,5.06,4.00,-3.23,0.033782,3.87486702,0.237832,13.63598466
1091.00,1,1060.980,1,1060.980,95.329,93.868,4484.901,12.658,0.9685,76.5,0.125,49.7,0.456,34.1,94.5,107,80.0,4.74,663,3.67,4.78,567.920,2522.71,0.028,0.0487,37.0195,7.19,5.52,37.2,32.5,0.806,298,240,106,0.88,0.566,0.0551,0.0551,1.143,1034,1034,15,1,124,29.8,115.1,112.4,37.3,38.6,115,37.6,112,39.0,84.4,40.6,32.9,45.3,5.06,5.06,4.98,-3.70,0.033785,3.87773704,0.237861,13.64638869
1092.00,1,1061.980,1,1061.980,95.298,93.821,4483.967,12.658,0.9687,76.5,0.668,49.6,0.456,34.1,103.3,107,80.0,4.73,663,3.67,4.78,567.920,2243.21,0.028,0.0487,37.0195,7.19,4.92,37.2,32.5,0.805,292,235,122,0.98,0.792,0.0551,0.0551,1.144,1033,1033,15,1,115,37.1,113.2,110.5,38.7,40.0,113,38.8,110,40.2,84.4,40.5,32.9,45.3,5.07,5.07,5.03,-3.71,0.033788,3.88060616,0.237900,13.65679216
1093.00,1,1062.980,1,1062.980,95.289,93.804,4483.031,12.658,0.9687,76.5,-0.007,49.6,0.456,34.1,85.6,107,80.0,4.73,663,3.61,4.77,567.920,2242.89,0.029,0.0487,37.0195,7.19,4.92,37.2,32.5,0.806,298,240,90,0.79,0.289,0.0552,0.0552,1.144,1033,1033,15,1,115,37.1,111.6,108.9,40.0,41.2,111,40.2,109,41.4,84.5,40.4,32.9,45.3,5.07,5.07,4.31,-2.89,0.033787,3.88347613,0.237929,13.66719735
1094.00,1,1063.980,1,1063.980,95.284,93.795,4482.096,12.658,0.9686,76.5,-0.007,49.6,0.456,34.1,101.5,106,80.0,4.72,663,3.72,4.77,568.215,2609.96,0.028,0.0487,37.0258,7.19,7.43,37.2,32.5,0.806,298,240,120,0.95,0.783,0.0552,0.0552,1.145,1033,1033,15,1,159,0.4,115.9,113.3,36.3,37.6,114,38.2,111,39.6,84.4,40.5,32.9,45.3,5.07,5.07,5.67,-4.99,0.033787,3.88634410,0.237962,13.67760106
1095.00,1,1064.980,1,1064.980,95.295,93.809,4481.162,12.658,0.9685,76.5,-0.059,49.5,0.456,34.1,85.5,107,80.0,4.72,663,3.63,4.77,568.215,2796.69,0.028,0.0487,37.0258,7.19,7.48,37.2,32.5,0.804,291,234,88,0.80,0.242,0.0552,0.0552,1.146,1033,1033,15,1,159,1.2,117.8,115.1,35.0,36.3,116,36.7,113,38.1,84.4,40.6,32.9,45.3,5.07,5.07,4.07,-3.22,0.033790,3.88921292,0.238000,13.68800424
1096.00,1,1065.980,1,1065.980,95.305,93.817,4480.226,12.658,0.9685,76.5,0.198,49.5,0.456,34.1,91.8,107,80.0,4.72,663,3.64,4.77,568.215,2377.98,0.028,0.0487,37.0258,7.19,4.75,37.2,32.5,0.806,298,240,102,0.85,0.482,0.0552,0.0552,1.146,1034,1034,15,1,117,35.0,114.5,111.7,37.8,39.1,114,37.9,112,39.3,84.3,40.6,32.9,45.3,5.07,5.07,4.77,-3.50,0.033793,3.89208129,0.238028,13.69840739
1097.00,1,1066.980,1,1066.980,95.335,93.808,4479.292,12.658,0.9686,76.5,-0.050,49.5,0.456,34.1,106.0,106,80.0,4.71,663,3.68,4.77,568.215,2242.92,0.028,0.0487,37.0258,7.19,4.92,37.2,32.5,0.805,294,237,127,1.00,0.888,0.0553,0.0553,1.147,1033,1033,15,1,115,37.1,112.8,110.0,39.1,40.3,113,39.2,110,40.5,84.4,40.4,32.9,45.3,5.07,5.07,5.36,-3.89,0.033795,3.89494879,0.238067,13.70880824
1098.00,1,1067.980,1,1067.980,95.374,93.839,4478.356,12.658,0.9687,76.5,-0.032,49.5,0.456,34.1,83.4,107,80.0,4.72,662,3.59,4.76,568.215,2262.25,0.028,0.0487,37.0442,7.19,5.45,37.2,32.5,0.805,298,240,86,0.77,0.217,0.0553,0.0553,1.147,1033,1033,15,1,120,32.5,111.2,108.5,40.2,41.4,111,40.4,108,41.7,84.4,40.4,32.9,45.3,5.07,5.07,4.15,-2.84,0.033795,3.89781791,0.238099,13.71920972
1099.00,1,1068.980,1,1068.980,95.396,93.853,4477.421,12.658,0.9685,76.5,0.027,49.5,0.456,34.1,98.6,107,80.1,4.72,662,3.69,4.76,568.505,2714.17,0.028,0.0487,37.0442,7.20,7.80,37.2,32.5,0.806,298,240,114,0.92,0.694,0.0553,0.0553,1.147,1033,1033,15,1,160,0.3,117.3,114.6,35.2,36.6,115,37.1,112,38.6,84.4,40.5,32.9,45.3,5.07,5.07,5.44,-4.80,0.033795,3.90068550,0.238132,13.72960982
1100.00,1,1069.980,1,1069.980,95.444,93.870,4476.487,12.658,0.9684,76.5,-0.090,49.4,0.455,34.1,94.2,107,80.1,4.72,662,3.64,4.76,568.505,2735.66,0.028,0.0487,37.0442,7.20,6.91,37.2,32.5,0.804,290,233,104,0.89,0.495,0.0553,0.0553,1.147,1034,1034,15,1,149,9.0,116.8,114.1,35.8,37.2,115,37.0,113,38.4,84.3,40.6,32.9,45.4,5.07,5.07,4.45,-3.52,0.033799,3.90355373,0.238172,13.74000873
1101.00,1,1070.980,1,1070.980,95.469,93.874,4475.550,12.658,0.9684,76.5,0.199,49.4,0.455,34.1,89.4,107,80.1,4.72,662,3.62,4.76,568.505,2263.38,0.028,0.0487,37.0442,7.20,4.73,37.2,32.5,0.806,298,240,97,0.83,0.403,0.0554,0.0554,1.147,1034,1034,15,1,115,36.9,113.9,111.2,38.2,39.5,114,38.3,111,39.6,84.3,40.6,32.9,45.4,5.07,5.07,4.58,-3.33,0.033802,3.90642249,0.238201,13.75040854
1102.00,1,1071.980,1,1071.980,95.520,93.867,4474.616,12.658,0.9686,76.5,-0.033,49.4,0.455,34.1,106.1,107,80.1,4.72,662,3.69,4.76,568.505,2242.90,0.028,0.0487,37.0442,7.20,4.92,37.2,32.5,0.806,296,239,128,1.00,0.905,0.0554,0.0554,1.148,1033,1033,15,1,115,37.1,112.3,109.6,39.4,40.7,112,39.6,109,40.8,84.4,40.4,32.9,45.4,5.08,5.08,5.57,-3.96,0.033803,3.90929009,0.238238,13.76080660
1103.00,1,1072.980,1,1072.980,95.573,93.872,4473.681,12.712,0.9686,76.5,0.057,49.4,0.455,34.1,81.2,107,80.1,4.72,662,3.60,4.76,568.851,2385.03,0.028,0.0487,37.0462,7.23,6.38,37.2,32.5,0.805,299,240,82,0.74,0.149,0.0554,0.0554,1.147,1032,1032,15,1,155,4.3,112.5,109.8,39.1,40.3,111,40.2,108,41.4,84.4,40.4,32.9,45.4,5.08,5.08,4.08,-3.25,0.033803,3.91215942,0.238274,13.77120553
1104.00,1,1073.980,1,1073.980,95.600,93.877,4472.745,12.712,0.9685,76.5,0.085,49.4,0.455,34.1,95.9,107,80.1,4.72,662,3.67,4.76,568.851,2788.61,0.028,0.0487,37.0462,7.23,7.93,37.2,32.5,0.806,298,241,109,0.89,0.606,0.0554,0.0554,1.147,1033,1033,15,1,160,0.3,118.2,115.4,34.6,36.0,116,36.5,113,37.9,84.3,40.6,32.8,45.4,5.08,5.08,5.16,-4.38,0.033804,3.91502754,0.238305,13.78160431
1105.00,1,1074.980,1,1074.980,95.655,93.881,4471.811,12.712,0.9684,76.5,0.182,49.4,0.455,34.1,101.0,107,80.1,4.72,661,3.65,4.76,568.851,2623.57,0.028,0.0487,37.0462,7.23,6.12,37.2,32.5,0.804,292,235,117,0.96,0.710,0.0555,0.0555,1.147,1034,1034,15,1,132,22.7,115.8,113.0,36.7,38.1,115,37.3,112,38.7,84.3,40.6,32.8,45.4,5.08,5.08,4.90,-3.83,0.033807,3.91789568,0.238346,13.79200195
1106.00,1,1075.980,1,1075.980,95.682,93.881,4470.875,12.712,0.9685,76.5,0.062,49.3,0.455,34.1,86.9,107,80.1,4.72,661,3.60,4.76,568.851,2244.68,0.028,0.0487,37.0462,7.23,4.90,37.2,32.5,0.805,299,241,92,0.80,0.325,0.0555,0.0555,1.147,1033,1033,15,1,115,37.1,113.5,110.7,38.5,39.8,113,38.6,111,40.0,84.3,40.5,32.8,45.4,5.08,5.08,4.41,-3.14,0.033810,3.92076497,0.238375,13.80240131
1107.00,1,1076.980,1,1076.980,95.737,93.870,4469.940,12.712,0.9686,76.5,-0.018,49.3,0.455,34.1,103.0,107,80.1,4.72,661,3.69,4.76,568.851,2242.89,0.028,0.0487,37.0462,7.23,4.92,37.2,32.5,0.806,298,240,123,0.96,0.824,0.0555,0.0555,1.147,1033,1033,15,1,115,37.1,111.9,109.2,39.7,41.0,112,39.9,109,41.2,84.4,40.4,32.8,45.4,5.08,5.08,5.58,-3.85,0.033810,3.92363278,0.238411,13.81279955
1108.00,1,1077.980,1,1077.980,95.792,93.867,4469.006,12.712,0.9686,76.5,-0.036,49.3,0.455,34.1,81.9,107,80.1,4.72,661,3.61,4.75,569.183,2525.73,0.028,0.0487,37.0298,7.24,7.07,37.2,32.5,0.804,295,237,82,0.76,0.147,0.0555,0.0555,1.146,1032,1032,15,1,159,0.6,114.7,112.1,37.3,38.6,113,39.0,110,40.3,84.4,40.4,32.8,45.4,5.08,5.08,4.07,-3.72,0.033809,3.92650199,0.238449,13.82319842
1109.00,1,1078.980,1,1078.980,95.819,93.869,4468.069,12.712,0.9684,76.5,0.161,49.3,0.455,34.1,93.2,107,80.1,4.72,661,3.64,4.75,569.183,2812.19,0.028,0.0487,37.0298,7.24,7.75,37.2,32.5,0.806,299,241,104,0.86,0.520,0.0555,0.0555,1.146,1033,1033,15,1,160,0.3,118.2,115.5,34.6,36.0,116,36.5,113,37.9,84.3,40.6,32.8,45.4,5.08,5.08,4.90,-3.82,0.033811,3.92937049,0.238479,13.83359796
1110.00,1,1079.980,1,1079.980,95.875,93.870,4467.135,12.712,0.9684,76.5,-0.006,49.3,0.455,34.1,104.9,107,80.1,4.72,661,3.65,4.75,569.183,2478.38,0.028,0.0487,37.0298,7.24,5.27,37.2,32.5,0.805,294,237,125,0.99,0.843,0.0556,0.0556,1.146,1034,1034,15,1,121,31.9,115.0,112.2,37.4,38.8,115,37.6,112,39.1,84.3,40.6,32.8,45.4,5.08,5.08,5.28,-4.07,0.033814,3.93223839,0.238519,13.84399631
1111.00,1,1080.980,1,1080.980,95.902,93.868,4466.200,12.712,0.9685,76.5,-0.039,49.3,0.455,34.1,84.6,107,80.1,4.73,660,3.58,4.75,569.183,2243.05,0.028,0.0487,37.0298,7.24,4.92,37.2,32.5,0.805,299,241,88,0.78,0.250,0.0556,0.0556,1.146,1033,1033,15,1,115,37.1,113.1,110.3,38.8,40.1,113,39.0,110,40.3,84.3,40.5,32.8,45.4,5.08,5.08,4.25,-2.99,0.033816,3.93510783,0.238551,13.85439647
1112.00,1,1081.980,1,1081.980,95.958,93.850,4465.265,12.712,0.9686,76.5,0.009,49.3,0.455,34.1,100.1,106,80.1,4.73,660,3.69,4.75,569.183,2242.89,0.029,0.0487,37.0298,7.24,4.92,37.2,32.5,0.806,299,241,117,0.93,0.732,0.0556,0.0556,1.145,1033,1033,15,1,115,37.1,111.5,108.8,40.0,41.3,111,40.3,109,41.5,84.4,40.4,32.8,45.4,5.08,5.08,5.39,-3.62,0.033815,3.93797568,0.238585,13.86479591
1113.00,1,1082.980,1,1082.980,96.013,93.859,4464.331,12.712,0.9685,76.5,-0.084,49.2,0.455,34.1,89.9,106,80.1,4.73,660,3.62,4.75,569.485,2654.33,0.028,0.0487,37.0253,7.24,7.60,37.2,32.5,0.804,291,234,96,0.85,0.360,0.0557,0.0557,1.145,1033,1033,15,1,159,0.3,116.6,113.9,35.8,37.1,114,37.7,111,39.1,84.3,40.5,32.8,45.4,5.08,5.08,4.32,-4.09,0.033815,3.94084440,0.238625,13.87519529
1114.00,1,1083.980,1,1083.980,96.041,93.861,4463.394,12.712,0.9683,76.5,0.210,49.2,0.455,34.1,90.6,106,80.1,4.73,660,3.61,4.75,569.485,2779.46,0.028,0.0487,37.0253,7.24,7.29,37.2,32.5,0.805,299,241,99,0.83,0.437,0.0557,0.0557,1.145,1034,1034,15,1,156,3.1,117.5,114.8,35.3,36.6,116,36.8,113,38.2,84.2,40.6,32.8,45.4,5.09,5.09,4.70,-3.62,0.033817,3.94371311,0.238654,13.88559592
1115.00,1,1084.980,1,1084.980,96.097,93.860,4462.460,12.712,0.9684,76.5,-0.034,49.2,0.454,34.1,106.5,106,80.1,4.73,660,3.66,4.75,569.485,2320.28,0.028,0.0487,37.0253,7.24,4.46,37.2,32.5,0.805,296,238,128,1.00,0.902,0.0557,0.0557,1.145,1034,1034,15,1,116,36.0,114.4,111.6,37.9,39.3,114,38.0,111,39.4,84.2,40.5,32.8,45.4,5.09,5.09,5.55,-4.19,0.033820,3.94658074,0.238692,13.89599528
1116.00,1,1085.980,1,1085.980,96.152,93.849,4461.525,12.712,0.9685,76.5,0.007,49.2,0.454,34.1,82.3,106,80.2,4.73,660,3.58,4.75,569.485,2242.91,0.028,0.0487,37.0253,7.24,4.92,37.2,32.5,0.805,300,241,84,0.75,0.179,0.0557,0.0557,1.145,1033,1033,15,1,115,37.1,112.6,109.9,39.2,40.4,112,39.3,110,40.6,84.3,40.4,32.8,45.4,5.09,5.09,4.09,-2.84,0.033821,3.94945011,0.238726,13.90639615
1117.00,1,1086.980,1,1086.980,96.179,93.845,4460.590,12.712,0.9686,76.5,0.054,49.2,0.454,34.1,97.2,106,80.1,4.73,660,3.66,4.75,569.485,2308.91,0.029,0.0487,37.0087,7.24,5.90,37.2,32.5,0.806,299,241,112,0.90,0.642,0.0557,0.0557,1.145,1033,1033,15,1,140,16.4,111.5,108.9,39.9,41.1,111,40.4,108,41.6,84.3,40.4,32.8,45.4,5.09,5.09,5.20,-3.67,0.033820,3.95231809,0.238759,13.91679685
1118.00,1,1087.980,1,1087.980,96.234,93.846,4459.656,12.712,0.9684,76.5,-0.076,49.2,0.454,34.1,97.8,106,80.1,4.73,659,3.62,4.74,569.808,2752.86,0.028,0.0487,37.0087,7.24,7.90,37.2,32.5,0.804,292,235,111,0.92,0.602,0.0558,0.0558,1.144,1033,1033,15,1,160,0.3,117.9,115.1,34.8,36.2,116,36.7,113,38.1,84.3,40.5,32.7,45.4,5.09,5.09,4.76,-4.35,0.033821,3.95518630,0.238800,13.92719681
1119.00,1,1088.980,1,1088.980,96.261,93.848,4458.720,12.712,0.9683,76.5,0.147,49.2,0.454,34.1,88.1,106,80.2,4.73,659,3.59,4.74,569.808,2693.01,0.028,0.0487,37.0087,7.24,6.59,37.2,32.5,0.805,300,241,95,0.81,0.358,0.0558,0.0558,1.144,1034,1034,15,1,142,15.0,116.4,113.6,36.2,37.6,115,37.1,112,38.6,84.2,40.6,32.7,45.4,5.09,5.09,4.53,-3.44,0.033823,3.95805519,0.238829,13.93759846
1120.00,1,1089.980,1,1089.980,96.316,93.846,4457.785,12.712,0.9684,76.5,-0.028,49.1,0.454,34.1,104.4,106,80.2,4.73,659,3.67,4.74,569.808,2249.99,0.028,0.0487,37.0087,7.24,4.85,37.2,32.5,0.805,299,241,125,0.97,0.858,0.0558,0.0558,1.144,1033,1033,15,1,115,37.0,113.8,111.0,38.3,39.6,114,38.4,111,39.7,84.2,40.5,32.7,45.4,5.09,5.09,5.67,-4.17,0.033826,3.96092265,0.238865,13.94799894
1121.00,1,1090.980,1,1090.980,96.370,93.830,4456.851,12.712,0.9685,76.5,0.038,49.1,0.454,34.1,80.2,106,80.1,4.73,659,3.59,4.74,569.808,2242.89,0.028,0.0487,37.0087,7.24,4.92,37.2,32.5,0.804,300,241,80,0.73,0.111,0.0559,0.0559,1.144,1033,1033,15,1,115,37.1,112.2,109.5,39.5,40.7,112,39.7,109,40.9,84.3,40.4,32.7,45.4,5.09,5.09,3.95,-2.71,0.033827,3.96379170,0.238902,13.95840037
1122.00,1,1091.980,1,1091.980,96.398,93.834,4455.915,12.712,0.9686,76.5,0.125,49.1,0.454,34.1,94.5,106,80.2,4.73,659,3.63,4.74,570.093,2446.03,0.029,0.0487,37.0084,7.25,6.70,37.2,32.5,0.805,300,241,107,0.87,0.554,0.0559,0.0559,1.144,1032,1032,15,1,158,1.6,113.5,110.8,38.3,39.5,112,39.7,109,41.0,84.3,40.4,32.7,45.4,5.09,5.09,5.08,-4.18,0.033825,3.96665979,0.238933,13.96880214
1123.00,1,1092.980,1,1092.980,96.452,93.840,4454.982,12.712,0.9684,76.5,0.668,49.1,0.454,34.1,103.2,106,80.2,4.73,659,3.63,4.74,570.093,2806.63,0.028,0.0487,37.0084,7.25,7.90,37.2,32.5,0.804,294,237,122,0.97,0.776,0.0559,0.0559,1.143,1033,1033,15,1,160,0.3,118.4,115.6,34.5,35.8,116,36.3,113,37.8,84.2,40.5,32.7,45.4,5.09,5.09,5.18,-4.40,0.033826,3.96952753,0.238974,13.97920278
1124.00,1,1093.980,1,1093.980,96.479,93.840,4454.046,12.712,0.9683,76.5,-0.007,49.1,0.454,34.1,85.8,106,80.2,4.74,659,3.57,4.74,570.093,2563.91,0.028,0.0487,37.0084,7.25,5.75,37.2,32.5,0.805,300,242,90,0.78,0.282,0.0559,0.0559,1.143,1034,1034,15,1,127,27.5,115.4,112.7,37.0,38.4,115,37.4,112,38.9,84.2,40.6,32.7,45.4,5.09,5.09,4.36,-3.27,0.033830,3.97239655,0.239004,13.98960525
1125.00,1,1094.980,1,1094.980,96.533,93.837,4453.111,12.712,0.9684,76.5,-0.007,49.1,0.454,34.1,101.5,106,80.2,4.74,658,3.68,4.74,570.093,2243.51,0.028,0.0487,37.0084,7.25,4.91,37.2,32.5,0.805,300,242,120,0.94,0.769,0.0559,0.0559,1.143,1033,1033,15,1,115,37.1,113.3,110.6,38.6,39.9,113,38.7,110,40.1,84.2,40.4,32.7,45.4,5.10,5.10,5.54,-3.96,0.033832,3.97526402,0.239039,14.00000684
1126.00,1,1095.980,1,1095.980,96.586,93.822,4452.177,12.712,0.9685,76.5,-0.059,49.0,0.454,34.1,85.5,106,80.2,4.74,658,3.60,4.74,570.093,2242.89,0.029,0.0487,37.0084,7.25,4.92,37.2,32.5,0.804,293,236,88,0.80,0.232,0.0560,0.0560,1.143,1033,1033,15,1,115,37.1,111.8,109.1,39.8,41.0,112,40.0,109,41.3,84.3,40.4,32.7,45.4,5.10,5.10,4.02,-2.78,0.033832,3.97813272,0.239079,14.01040872
1127.00,1,1096.980,1,1096.980,96.613,93.823,4451.242,12.712,0.9685,76.5,0.198,49.0,0.454,34.1,91.9,106,80.2,4.74,658,3.61,4.74,570.410,2584.28,0.028,0.0487,37.0029,7.25,7.33,37.2,32.5,0.805,300,242,102,0.84,0.471,0.0560,0.0560,1.143,1033,1033,15,1,159,0.4,115.6,112.9,36.6,37.9,113,38.4,111,39.8,84.3,40.4,32.7,45.4,5.10,5.10,4.92,-4.40,0.033830,3.98100106,0.239108,14.02081155
1128.00,1,1097.980,1,1097.980,96.666,93.829,4450.308,12.712,0.9683,76.5,-0.050,49.0,0.454,34.1,105.9,106,80.2,4.74,658,3.64,4.74,570.410,2806.03,0.028,0.0487,37.0029,7.25,7.59,37.2,32.5,0.805,296,238,127,0.99,0.871,0.0560,0.0560,1.142,1033,1033,15,1,159,0.7,118.1,115.3,34.8,36.2,116,36.6,113,38.0,84.2,40.6,32.7,45.4,5.10,5.10,5.50,-4.40,0.033833,3.98386850,0.239147,14.03121313
1129.00,1,1098.980,1,1098.980,96.719,93.828,4449.373,12.712,0.9683,76.5,-0.032,49.0,0.454,34.1,83.5,106,80.2,4.74,658,3.56,4.73,570.410,2410.06,0.028,0.0487,37.0029,7.25,4.90,37.2,32.5,0.805,301,242,86,0.76,0.209,0.0561,0.0561,1.142,1034,1034,15,1,118,34.2,114.7,111.9,37.6,39.0,115,37.8,112,39.2,84.2,40.6,32.7,45.4,5.10,5.10,4.20,-3.10,0.033836,3.98673756,0.239180,14.04161638
1130.00,1,1099.980,1,1099.980,96.745,93.825,4448.438,12.712,0.9684,76.5,0.027,49.0,0.454,34.1,98.6,106,80.2,4.74,658,3.66,4.73,570.410,2242.94,0.028,0.0487,37.0029,7.25,4.92,37.2,32.5,0.805,300,242,114,0.91,0.678,0.0561,0.0561,1.142,1033,1033,15,1,115,37.1,112.9,110.2,39.0,40.3,113,39.1,110,40.4,84.2,40.4,32.7,45.4,5.10,5.10,5.32,-3.72,0.033837,3.98960516,0.239213,14.05201919
1131.00,1,1100.980,1,1100.980,96.797,93.814,4447.504,12.712,0.9685,76.5,-0.090,49.0,0.454,34.1,94.1,106,80.2,4.74,658,3.60,4.73,570.410,2251.43,0.029,0.0487,36.9943,7.25,5.27,37.2,32.5,0.804,292,235,104,0.88,0.478,0.0561,0.0561,1.142,1033,1033,15,1,116,35.8,111.4,108.7,40.1,41.3,111,40.3,108,41.6,84.2,40.4,32.6,45.4,5.10,5.10,4.36,-3.11,0.033837,3.99247345,0.239254,14.06242163
1132.00,1,1101.980,1,1101.980,96.823,93.812,4446.568,12.712,0.9684,76.5,0.152,49.0,0.453,34.1,89.4,106,80.2,4.74,657,3.59,4.73,570.691,2702.23,0.028,0.0487,36.9943,7.25,7.77,37.2,32.5,0.805,301,242,97,0.82,0.390,0.0561,0.0561,1.142,1033,1033,15,1,160,0.3,117.2,114.5,35.3,36.7,115,37.2,112,38.6,84.2,40.4,32.6,45.4,5.10,5.10,4.72,-4.28,0.033836,3.99534209,0.239283,14.07282556
1133.00,1,1102.980,1,1102.980,96.874,93.816,4445.634,12.712,0.9682,76.5,-0.033,48.9,0.453,34.1,105.9,106,80.2,4.74,657,3.65,4.73,570.691,2749.00,0.028,0.0487,36.9943,7.25,7.01,37.2,32.5,0.805,299,240,128,0.99,0.886,0.0561,0.0561,1.141,1034,1034,15,1,151,7.4,117.1,114.3,35.7,37.0,116,36.9,113,38.3,84.1,40.6,32.6,45.4,5.10,5.10,5.70,-4.47,0.033839,3.99820937,0.239321,14.08322826
1134.00,1,1103.980,1,1103.980,96.926,93.815,4444.700,12.712,0.9683,76.4,0.069,48.9,0.453,34.1,81.3,106,80.2,4.74,657,3.57,4.73,570.691,2270.77,0.028,0.0487,36.9943,7.25,4.67,37.2,32.5,0.804,301,242,82,0.74,0.140,0.0562,0.0562,1.141,1034,1034,15,1,115,36.7,114.1,111.3,38.0,39.4,114,38.1,111,39.5,84.1,40.5,32.6,45.4,5.10,5.10,4.04,-2.95,0.033842,4.00107833,0.239356,14.09363225
1135.00,1,1104.980,1,1104.980,96.951,93.790,4443.765,12.712,0.9684,76.5,0.117,48.9,0.453,34.1,95.8,106,80.2,4.74,657,3.63,4.73,570.691,2242.90,0.029,0.0487,36.9943,7.25,4.92,37.2,32.5,0.805,301,242,109,0.88,0.589,0.0562,0.0562,1.142,1033,1033,15,1,115,37.1,112.5,109.7,39.3,40.6,112,39.5,110,40.8,84.2,40.4,32.6,45.4,5.11,5.11,5.08,-3.50,0.033842,4.00394614,0.239388,14.10403632
1136.00,1,1105.980,1,1105.980,97.002,93.802,4442.831,12.712,0.9685,76.5,0.253,48.9,0.453,34.1,100.8,106,80.2,4.74,657,3.61,4.73,570.947,2365.83,0.029,0.0487,37.0002,7.26,6.27,37.2,32.5,0.804,294,236,117,0.95,0.690,0.0562,0.0562,1.141,1032,1032,15,1,152,6.1,112.3,109.6,39.3,40.5,111,40.2,108,41.5,84.2,40.4,32.6,45.4,5.11,5.11,4.86,-3.86,0.033842,4.00681396,0.239429,14.11443942
1137.00,1,1106.980,1,1106.980,97.028,93.808,4441.896,12.712,0.9683,76.4,-0.006,48.9,0.453,34.1,86.9,106,80.2,4.74,657,3.57,4.73,570.947,2783.22,0.028,0.0487,37.0002,7.26,7.94,37.2,32.5,0.805,301,242,92,0.79,0.313,0.0562,0.0562,1.141,1033,1033,15,1,160,0.3,118.2,115.5,34.6,36.0,116,36.4,113,37.9,84.2,40.5,32.6,45.4,5.11,5.11,4.52,-3.92,0.033842,4.00968280,0.239459,14.12484431
1138.00,1,1107.980,1,1107.980,97.079,93.810,4440.961,12.712,0.9682,76.5,-0.021,48.9,0.453,34.1,102.9,106,80.2,4.75,656,3.66,4.73,570.947,2641.95,0.028,0.0487,37.0002,7.26,6.24,37.2,32.5,0.805,301,242,122,0.95,0.805,0.0563,0.0563,1.141,1034,1034,15,1,134,21.0,115.9,113.2,36.6,37.9,115,37.2,112,38.7,84.1,40.6,32.6,45.4,5.11,5.11,5.69,-4.34,0.033846,4.01255008,0.239494,14.13524815
1139.00,1,1108.980,1,1108.980,97.130,93.807,4440.028,12.712,0.9683,76.5,-0.044,48.9,0.453,34.1,81.8,106,80.2,4.75,656,3.58,4.73,570.947,2245.34,0.028,0.0487,37.0002,7.26,4.90,37.2,32.5,0.804,297,239,82,0.75,0.136,0.0563,0.0563,1.140,1033,1033,15,1,115,37.0,113.6,110.9,38.4,39.7,114,38.5,111,39.8,84.1,40.5,32.6,45.4,5.11,5.11,3.97,-2.88,0.033848,4.01541882,0.239533,14.14565269
1140.00,1,1109.980,1,1109.980,97.155,93.797,4439.092,12.712,0.9684,76.5,0.193,48.8,0.453,34.1,93.1,106,80.2,4.74,656,3.61,4.73,570.947,2242.89,0.029,0.0487,37.0002,7.26,4.92,37.2,32.5,0.805,301,242,104,0.85,0.505,0.0563,0.0563,1.141,1033,1033,15,1,115,37.1,112.0,109.3,39.6,40.9,112,39.8,109,41.1,84.2,40.4,32.6,45.4,5.11,5.11,4.87,-3.31,0.033848,4.01828699,0.239563,14.15605793
1141.00,1,1110.980,1,1110.980,97.204,93.793,4438.159,12.712,0.9684,76.5,-0.087,48.8,0.453,34.1,104.7,106,80.2,4.75,656,3.62,4.72,571.235,2507.18,0.028,0.0487,36.9914,7.26,6.99,37.2,32.5,0.804,296,238,125,0.98,0.822,0.0563,0.0563,1.140,1032,1032,15,1,159,0.7,114.5,111.8,37.5,38.8,112,39.2,110,40.5,84.2,40.4,32.6,45.4,5.11,5.11,5.36,-4.72,0.033847,4.02115458,0.239603,14.16646200
1142.00,1,1111.980,1,1111.980,97.229,93.796,4437.224,12.712,0.9682,76.4,-0.040,48.8,0.453,34.1,84.6,106,80.2,4.75,656,3.55,4.72,571.235,2814.31,0.028,0.0487,36.9914,7.26,7.80,37.2,32.5,0.804,302,243,88,0.77,0.239,0.0564,0.0564,1.140,1033,1033,15,1,160,0.3,118.3,115.6,34.5,35.9,116,36.4,113,37.8,84.1,40.5,32.6,45.4,5.11,5.11,4.31,-3.41,0.033849,4.02402361,0.239634,14.17686787
1143.00,1,1112.980,1,1112.980,97.278,93.796,4436.289,12.712,0.9682,76.5,0.021,48.8,0.453,34.1,100.0,106,80.2,4.75,656,3.66,4.72,571.235,2499.24,0.028,0.0487,36.9914,7.26,5.38,37.2,32.5,0.805,301,243,117,0.92,0.715,0.0564,0.0564,1.140,1034,1034,15,1,122,31.1,115.1,112.3,37.3,38.7,115,37.6,112,39.0,84.1,40.5,32.5,45.4,5.11,5.11,5.48,-4.08,0.033852,4.02689101,0.239668,14.18727307
1144.00,1,1113.980,1,1113.980,97.327,93.780,4435.356,12.712,0.9683,76.5,-0.072,48.8,0.453,34.1,89.8,106,80.2,4.75,656,3.58,4.72,571.235,2243.10,0.028,0.0487,36.9914,7.26,4.92,37.2,32.5,0.803,293,236,96,0.84,0.344,0.0564,0.0564,1.140,1033,1033,15,1,115,37.1,113.2,110.4,38.7,40.0,113,38.8,110,40.2,84.1,40.4,32.5,45.4,5.11,5.11,4.21,-3.07,0.033854,4.02975941,0.239709,14.19767828
1145.00,1,1114.980,1,1114.980,97.352,93.781,4434.420,12.712,0.9684,76.4,0.208,48.8,0.453,34.1,90.6,106,80.2,4.75,655,3.58,4.72,571.235,2242.89,0.029,0.0487,36.9914,7.26,4.92,37.2,32.5,0.805,302,243,99,0.83,0.423,0.0564,0.0564,1.139,1033,1033,15,1,115,37.1,111.6,108.9,40.0,41.2,111,40.2,109,41.4,84.2,40.4,32.5,45.4,5.12,5.12,4.68,-3.13,0.033854,4.03262790,0.239738,14.20808473
1146.00,1,1115.980,1,1115.980,97.400,93.782,4433.487,12.712,0.9683,76.5,-0.036,48.8,0.453,34.1,106.3,106,80.2,4.75,655,3.63,4.72,571.496,2639.25,0.028,0.0487,36.9940,7.26,7.55,37.2,32.5,0.804,298,240,128,0.99,0.881,0.0565,0.0565,1.139,1033,1033,15,1,159,0.3,116.4,113.7,35.9,37.3,114,37.8,111,39.2,84.1,40.5,32.5,45.4,5.12,5.12,5.70,-5.14,0.033853,4.03549530,0.239776,14.21848992
1147.00,1,1116.980,1,1116.980,97.449,93.787,4432.552,12.712,0.9682,76.4,-0.004,48.8,0.453,34.1,82.4,106,80.2,4.75,655,3.55,4.72,571.496,2789.03,0.028,0.0487,36.9940,7.26,7.37,37.2,32.5,0.804,302,243,84,0.75,0.168,0.0565,0.0565,1.139,1034,1034,15,1,157,2.2,117.7,115.0,35.1,36.5,116,36.7,113,38.2,84.0,40.5,32.5,45.4,5.12,5.12,4.15,-3.20,0.033856,4.03836431,0.239810,14.22889662
1148.00,1,1117.980,1,1117.980,97.474,93.787,4431.618,12.712,0.9682,76.5,0.071,48.7,0.453,34.1,97.2,106,80.2,4.75,655,3.63,4.72,571.496,2340.80,0.028,0.0487,36.9940,7.26,4.56,37.2,32.5,0.805,302,243,112,0.89,0.626,0.0565,0.0565,1.139,1034,1034,15,1,116,35.7,114.5,111.7,37.8,39.2,114,37.9,111,39.3,84.0,40.5,32.5,45.4,5.12,5.12,5.24,-3.82,0.033859,4.04123195,0.239843,14.23930316
1149.00,1,1118.980,1,1118.980,97.522,93.769,4430.684,12.712,0.9683,76.5,-0.075,48.7,0.452,34.1,97.7,106,80.2,4.75,655,3.59,4.72,571.496,2242.91,0.028,0.0487,36.9940,7.26,4.92,37.2,32.5,0.803,294,236,111,0.91,0.584,0.0566,0.0566,1.139,1033,1033,15,1,115,37.1,112.8,110.0,39.1,40.4,113,39.2,110,40.5,84.1,40.4,32.5,45.4,5.12,5.12,4.64,-3.37,0.033860,4.04410001,0.239883,14.24970905
1150.00,1,1119.980,1,1119.980,97.546,93.769,4429.749,12.712,0.9684,76.4,0.068,48.7,0.453,34.1,88.1,106,80.2,4.75,655,3.56,4.72,571.496,2300.44,0.029,0.0487,36.9962,7.26,5.84,37.2,32.5,0.804,302,243,95,0.80,0.345,0.0566,0.0566,1.139,1033,1033,15,1,137,18.8,111.5,108.8,39.9,41.2,111,40.4,108,41.6,84.1,40.4,32.5,45.4,5.12,5.12,4.53,-3.19,0.033859,4.04696884,0.239913,14.26011661
1151.00,1,1120.980,1,1120.980,97.594,93.775,4428.815,12.766,0.9682,76.5,-0.022,48.7,0.453,34.1,104.3,106,80.2,4.75,655,3.64,4.72,571.798,2749.35,0.028,0.0487,36.9962,7.30,7.90,37.2,32.5,0.805,302,243,125,0.96,0.839,0.0566,0.0566,1.138,1033,1033,15,1,160,0.3,117.9,115.1,34.8,36.2,116,36.7,113,38.2,84.0,40.5,32.5,45.4,5.12,5.12,5.84,-5.13,0.033860,4.04983619,0.239950,14.27052302
1152.00,1,1121.980,1,1121.980,97.642,93.777,4427.882,12.766,0.9681,76.4,0.022,48.7,0.452,34.1,80.2,106,80.2,4.75,654,3.56,4.71,571.798,2701.22,0.028,0.0487,36.9962,7.30,6.64,37.2,32.5,0.804,302,243,80,0.72,0.102,0.0566,0.0566,1.138,1034,1034,15,1,143,14.2,116.5,113.8,36.1,37.4,115,37.0,113,38.5,84.0,40.6,32.5,45.4,5.12,5.12,4.01,-3.06,0.033863,4.05270506,0.239986,14.28093044
1153.00,1,1122.980,1,1122.980,97.666,93.776,4426.947,12.766,0.9682,76.4,0.160,48.7,0.452,34.1,94.4,106,80.2,4.75,654,3.60,4.71,571.798,2251.05,0.028,0.0487,36.9962,7.30,4.84,37.2,32.5,0.805,302,243,107,0.86,0.539,0.0566,0.0566,1.138,1033,1033,15,1,115,36.9,113.9,111.1,38.2,39.6,114,38.3,111,39.7,84.0,40.5,32.5,45.4,5.12,5.12,5.01,-3.60,0.033865,4.05557302,0.240017,14.29133828
1154.00,1,1123.980,1,1123.980,97.713,93.766,4426.013,12.766,0.9683,76.5,0.668,48.7,0.452,34.1,103.0,106,80.2,4.75,654,3.60,4.71,571.798,2242.89,0.029,0.0487,36.9962,7.30,4.92,37.2,32.5,0.804,296,238,121,0.96,0.756,0.0567,0.0567,1.138,1033,1033,15,1,115,37.0,112.3,109.6,39.4,40.7,112,39.6,109,40.9,84.1,40.4,32.5,45.4,5.12,5.12,5.06,-3.63,0.033866,4.05844080,0.240058,14.30174507
1155.00,1,1124.980,1,1124.980,97.736,93.762,4425.079,12.766,0.9684,76.4,-0.035,48.6,0.452,34.1,85.8,106,80.2,4.75,654,3.54,4.71,572.070,2446.92,0.029,0.0487,36.9731,7.30,6.70,37.2,32.5,0.804,303,243,90,0.78,0.269,0.0567,0.0567,1.138,1032,1032,15,1,158,1.5,113.5,110.9,38.2,39.5,112,39.7,109,41.0,84.1,40.3,32.5,45.4,5.12,5.12,4.46,-3.76,0.033865,4.06130987,0.240089,14.31215372
1156.00,1,1125.980,1,1125.980,97.783,93.763,4424.144,12.766,0.9681,76.5,0.003,48.6,0.452,34.1,101.4,106,80.2,4.76,654,3.65,4.71,572.070,2808.68,0.028,0.0487,36.9731,7.30,7.90,37.2,32.5,0.805,302,243,119,0.93,0.751,0.0567,0.0567,1.138,1033,1033,15,1,160,0.3,118.4,115.7,34.4,35.8,116,36.3,113,37.8,84.0,40.5,32.4,45.4,5.13,5.13,5.67,-4.64,0.033866,4.06417726,0.240123,14.32256149
1157.00,1,1126.980,1,1126.980,97.830,93.763,4423.211,12.766,0.9681,76.4,-0.060,48.6,0.452,34.1,85.4,106,80.2,4.76,654,3.57,4.71,572.070,2563.24,0.028,0.0487,36.9731,7.30,5.75,37.2,32.5,0.803,295,237,88,0.79,0.218,0.0568,0.0568,1.137,1034,1034,15,1,126,27.6,115.5,112.7,37.0,38.3,115,37.4,112,38.8,84.0,40.5,32.4,45.4,5.13,5.13,4.10,-3.14,0.033869,4.06704578,0.240163,14.33296963
1158.00,1,1127.980,1,1127.980,97.853,93.762,4422.276,12.766,0.9682,76.4,0.203,48.6,0.452,34.1,91.8,106,80.2,4.76,654,3.58,4.71,572.070,2243.49,0.028,0.0487,36.9731,7.30,4.91,37.2,32.5,0.804,303,243,102,0.84,0.456,0.0568,0.0568,1.137,1033,1033,15,1,115,37.0,113.4,110.6,38.6,39.9,113,38.7,110,40.0,84.0,40.4,32.4,45.4,5.13,5.13,4.81,-3.41,0.033871,4.06991403,0.240192,14.34337877
1159.00,1,1128.980,1,1128.980,97.900,93.743,4421.343,12.766,0.9683,76.5,-0.030,48.6,0.452,34.1,105.7,106,80.2,4.76,653,3.61,4.71,572.070,2242.89,0.029,0.0487,36.9731,7.30,4.92,37.2,32.5,0.804,298,240,127,0.98,0.850,0.0568,0.0568,1.137,1033,1033,15,1,115,37.0,111.8,109.1,39.8,41.0,112,40.0,109,41.2,84.1,40.3,32.4,45.4,5.13,5.13,5.39,-3.80,0.033870,4.07278145,0.240231,14.35378665
1160.00,1,1129.980,1,1129.980,97.947,93.755,4420.409,12.766,0.9683,76.4,-0.032,48.6,0.452,34.1,83.5,106,80.2,4.76,653,3.53,4.71,572.307,2595.10,0.029,0.0487,36.9711,7.31,7.38,37.2,32.5,0.804,303,244,86,0.75,0.197,0.0568,0.0568,1.137,1033,1033,15,1,159,0.4,115.8,113.1,36.4,37.7,114,38.2,111,39.6,84.1,40.4,32.4,45.4,5.13,5.13,4.34,-3.99,0.033870,4.07565046,0.240264,14.36419618
1161.00,1,1130.980,1,1130.980,97.971,93.757,4419.474,12.766,0.9681,76.5,0.041,48.6,0.452,34.1,98.5,106,80.2,4.76,653,3.63,4.71,572.307,2805.36,0.028,0.0487,36.9711,7.31,7.56,37.2,32.5,0.805,303,244,114,0.90,0.662,0.0569,0.0569,1.137,1033,1033,15,1,159,0.8,118.0,115.3,34.8,36.2,116,36.5,113,38.0,84.0,40.5,32.4,45.4,5.13,5.13,5.40,-4.18,0.033871,4.07851788,0.240297,14.37460527
1162.00,1,1131.980,1,1131.980,98.018,93.756,4418.541,12.766,0.9681,76.5,-0.090,48.6,0.452,34.1,93.9,106,80.2,4.76,653,3.57,4.71,572.307,2397.07,0.028,0.0487,36.9711,7.31,4.83,37.2,32.5,0.803,295,236,104,0.88,0.461,0.0569,0.0569,1.137,1034,1034,15,1,118,34.5,114.8,112.0,37.6,38.9,115,37.7,112,39.1,83.9,40.5,32.4,45.4,5.13,5.13,4.48,-3.42,0.033875,4.08138594,0.240338,14.38501401
1163.00,1,1132.980,1,1132.980,98.041,93.755,4417.606,12.766,0.9682,76.4,0.152,48.5,0.452,34.1,89.3,106,80.2,4.76,653,3.56,4.71,572.307,2242.93,0.028,0.0487,36.9711,7.31,4.92,37.2,32.5,0.804,303,244,97,0.81,0.377,0.0569,0.0569,1.137,1033,1033,15,1,115,37.0,112.9,110.2,38.9,40.2,113,39.1,110,40.4,84.0,40.4,32.4,45.4,5.13,5.13,4.62,-3.23,0.033876,4.08425448,0.240367,14.39542430
1164.00,1,1133.980,1,1133.980,98.087,93.741,4416.673,12.766,0.9683,76.5,-0.033,48.5,0.452,34.1,105.8,106,80.2,4.76,653,3.62,4.70,572.307,2262.43,0.029,0.0486,36.9563,7.31,5.46,37.2,32.5,0.804,301,242,127,0.98,0.865,0.0569,0.0569,1.136,1033,1033,15,1,120,32.4,111.4,108.7,40.1,41.3,111,40.3,108,41.6,84.0,40.3,32.4,45.4,5.13,5.13,5.61,-3.97,0.033875,4.08712177,0.240405,14.40583338
1165.00,1,1134.980,1,1134.980,98.132,93.743,4415.739,12.766,0.9682,76.4,0.069,48.5,0.452,34.1,81.3,106,80.2,4.76,652,3.54,4.70,572.562,2718.31,0.029,0.0486,36.9563,7.31,7.82,37.2,32.5,0.804,303,244,82,0.73,0.129,0.0570,0.0570,1.136,1033,1033,15,1,160,0.3,117.5,114.8,35.1,36.4,115,36.9,112,38.4,84.0,40.4,32.4,45.5,5.13,5.13,4.18,-3.83,0.033875,4.08999064,0.240440,14.41624375
1166.00,1,1135.980,1,1135.980,98.156,93.744,4414.805,12.766,0.9680,76.4,0.117,48.5,0.452,34.1,95.8,106,80.2,4.76,652,3.60,4.70,572.562,2737.24,0.028,0.0486,36.9563,7.31,6.91,37.2,32.5,0.804,303,244,109,0.87,0.574,0.0570,0.0570,1.136,1034,1034,15,1,149,9.3,116.9,114.2,35.8,37.1,116,36.9,113,38.3,83.9,40.5,32.4,45.5,5.14,5.14,5.16,-3.93,0.033877,4.09285823,0.240472,14.42665427
1167.00,1,1136.980,1,1136.980,98.202,93.742,4413.872,12.766,0.9681,76.5,0.253,48.5,0.452,34.1,100.6,106,80.2,4.76,652,3.58,4.70,572.562,2262.04,0.028,0.0486,36.9563,7.31,4.75,37.2,32.5,0.803,296,238,116,0.94,0.671,0.0570,0.0570,1.136,1033,1033,15,1,115,36.8,114.1,111.3,38.0,39.4,114,38.1,111,39.5,83.9,40.5,32.4,45.5,5.14,5.14,4.92,-3.73,0.033880,4.09572585,0.240513,14.43706390
1168.00,1,1137.980,1,1137.980,98.224,93.722,4412.937,12.766,0.9682,76.4,-0.006,48.5,0.451,34.1,86.9,106,80.2,4.76,652,3.54,4.70,572.562,2242.89,0.029,0.0486,36.9563,7.31,4.92,37.2,32.5,0.804,304,244,92,0.79,0.300,0.0570,0.0570,1.137,1033,1033,15,1,115,37.0,112.4,109.7,39.3,40.6,112,39.5,109,40.8,84.0,40.4,32.3,45.5,5.14,5.14,4.45,-3.06,0.033881,4.09859457,0.240543,14.44747534
1169.00,1,1138.980,1,1138.980,98.270,93.729,4412.004,12.766,0.9683,76.5,-0.021,48.5,0.452,34.1,102.8,106,80.2,4.76,652,3.63,4.70,572.783,2396.38,0.029,0.0486,36.9584,7.31,6.44,37.2,32.5,0.804,303,244,122,0.94,0.786,0.0571,0.0571,1.136,1032,1032,15,1,156,3.6,112.8,110.1,38.8,40.1,111,40.0,109,41.3,84.0,40.3,32.3,45.5,5.14,5.14,5.73,-4.49,0.033880,4.10146173,0.240578,14.45788574
1170.00,1,1139.980,1,1139.980,98.316,93.735,4411.071,12.766,0.9681,76.4,-0.044,48.5,0.452,34.1,81.8,106,80.2,4.76,652,3.55,4.70,572.783,2796.35,0.028,0.0486,36.9584,7.31,7.95,37.2,32.5,0.803,299,240,82,0.74,0.125,0.0571,0.0571,1.136,1033,1033,15,1,160,0.3,118.4,115.6,34.4,35.8,116,36.3,113,37.8,83.9,40.4,32.3,45.5,5.14,5.14,4.08,-3.55,0.033880,4.10433025,0.240617,14.46829682
1171.00,1,1140.980,1,1140.980,98.339,93.735,4410.136,12.766,0.9680,76.4,0.193,48.4,0.451,34.1,93.1,106,80.2,4.76,652,3.58,4.70,572.783,2613.47,0.028,0.0486,36.9584,7.31,6.05,37.2,32.5,0.804,304,244,104,0.85,0.490,0.0571,0.0571,1.136,1034,1034,15,1,131,23.8,115.8,113.0,36.7,38.1,115,37.3,112,38.7,83.9,40.5,32.3,45.5,5.14,5.14,4.94,-3.71,0.033884,4.10719807,0.240647,14.47870860
1172.00,1,1141.980,1,1141.980,98.385,94.010,4409.203,12.766,0.9681,76.5,-0.030,47.9,0.447,34.1,106.5,106,80.2,4.72,651,3.60,4.69,572.783,2244.30,0.028,0.0486,36.9584,7.31,4.91,37.2,32.5,0.804,300,241,128,0.99,0.870,0.0571,0.0571,1.150,1033,1033,15,1,115,37.0,113.6,110.8,38.4,39.8,113,38.5,111,39.9,83.9,40.4,32.3,45.5,5.14,5.14,5.52,-4.08,0.033886,4.11006577,0.240685,14.48911958
1173.00,1,1142.980,1,1142.980,98.407,94.455,4408.269,12.766,0.9682,76.4,0.069,47.4,0.444,34.1,82.3,107,81.1,4.67,651,3.53,4.68,572.783,2242.89,0.029,0.0486,36.9584,7.31,4.92,37.2,32.5,0.803,304,244,83,0.74,0.158,0.0572,0.0572,1.168,1033,1033,15,1,115,37.0,112.0,109.3,39.7,40.9,112,39.8,109,41.1,84.0,40.3,32.3,45.5,5.14,5.14,4.10,-2.78,0.033886,4.11293698,0.240717,14.49953369
1174.00,1,1143.980,1,1143.980,98.399,94.423,4407.334,12.766,0.9682,76.4,0.160,47.4,0.443,34.1,94.1,107,81.2,4.66,651,3.57,4.67,573.033,2547.92,0.029,0.0486,36.9549,7.32,7.18,37.2,32.5,0.804,304,244,105,0.86,0.523,0.0572,0.0572,1.170,1032,1032,15,1,159,0.5,115.1,112.4,36.9,38.3,113,38.7,110,40.1,83.9,40.4,32.3,45.5,5.14,5.14,5.12,-4.48,0.033885,4.11580915,0.240747,14.50995077
1175.00,1,1144.980,1,1144.980,98.352,94.237,4406.402,12.766,0.9679,76.5,-0.030,47.3,0.443,34.1,105.7,107,81.0,4.65,651,3.60,4.67,573.033,2814.53,0.028,0.0486,36.9549,7.32,7.72,37.2,32.5,0.804,299,241,126,0.98,0.843,0.0572,0.0572,1.169,1033,1033,15,1,160,0.4,118.3,115.5,34.6,36.0,116,36.4,113,37.9,83.8,40.5,32.3,45.5,5.14,5.14,5.56,-4.45,0.033887,4.11868174,0.240784,14.52037058
1176.00,1,1145.980,1,1145.980,98.284,93.377,4405.468,12.766,0.9679,76.4,-0.032,48.1,0.450,34.1,83.1,106,80.1,4.73,651,3.52,4.68,573.033,2453.44,0.028,0.0486,36.9549,7.32,5.13,37.2,32.5,0.804,304,244,85,0.75,0.176,0.0573,0.0573,1.139,1034,1034,15,1,120,32.9,114.9,112.2,37.4,38.8,115,37.6,112,39.0,83.8,40.5,32.3,45.5,5.14,5.14,4.24,-3.14,0.033890,4.12155474,0.240817,14.53079498
1177.00,1,1146.980,1,1146.980,98.261,93.202,4404.535,12.766,0.9681,76.5,0.041,48.2,0.451,34.1,97.9,106,79.8,4.74,651,3.62,4.68,573.033,2242.99,0.029,0.0486,36.9549,7.32,4.92,37.2,32.5,0.804,304,244,113,0.89,0.630,0.0573,0.0573,1.135,1033,1033,15,1,115,37.0,113.1,110.3,38.8,40.1,113,39.0,110,40.3,83.9,40.4,32.3,45.5,5.15,5.15,5.37,-3.76,0.033891,4.12442333,0.240850,14.54121993
1178.00,1,1147.980,1,1147.980,98.253,93.176,4403.603,12.766,0.9681,76.4,-0.090,48.3,0.452,34.1,93.4,106,79.7,4.74,651,3.56,4.68,573.033,2242.89,0.029,0.0486,36.9549,7.32,4.92,37.2,32.5,0.803,296,237,102,0.87,0.435,0.0573,0.0573,1.134,1033,1033,15,1,115,37.0,111.5,108.8,40.0,41.2,111,40.2,109,41.5,83.9,40.3,32.3,45.5,5.15,5.15,4.41,-3.08,0.033891,4.12729016,0.240890,14.55164369
1179.00,1,1148.980,1,1148.980,98.267,93.228,4402.669,12.766,0.9681,76.4,0.152,48.3,0.451,34.1,88.9,106,79.8,4.74,650,3.54,4.68,573.255,2682.10,0.028,0.0486,36.9624,7.32,7.71,37.2,32.5,0.804,304,245,96,0.81,0.355,0.0573,0.0573,1.134,1033,1033,15,1,160,0.3,117.0,114.3,35.4,36.8,115,37.3,112,38.8,83.9,40.4,32.3,45.5,5.15,5.15,4.77,-4.32,0.033891,4.13015600,0.240919,14.56206682
1180.00,1,1149.980,1,1149.980,98.323,93.366,4401.737,12.766,0.9679,76.5,-0.033,48.2,0.451,34.1,105.4,106,79.9,4.74,650,3.61,4.68,573.255,2767.24,0.028,0.0486,36.9624,7.32,7.16,37.2,32.5,0.804,302,243,127,0.97,0.844,0.0573,0.0573,1.136,1034,1034,15,1,154,5.2,117.3,114.6,35.4,36.7,116,36.7,113,38.2,83.8,40.5,32.3,45.5,5.15,5.15,5.77,-4.52,0.033894,4.13302005,0.240956,14.57248601
1181.00,1,1150.980,1,1150.980,98.403,93.766,4400.803,12.766,0.9679,76.4,0.022,47.8,0.446,34.1,80.8,106,80.0,4.70,650,3.53,4.68,573.255,2287.43,0.028,0.0486,36.9624,7.32,4.53,37.2,32.5,0.803,305,245,81,0.72,0.109,0.0574,0.0574,1.152,1034,1034,15,1,115,36.5,114.3,111.5,37.9,39.3,114,38.0,111,39.4,83.8,40.5,32.3,45.5,5.15,5.15,4.06,-2.99,0.033897,4.13588599,0.240991,14.58290371
1182.00,1,1151.980,1,1151.980,98.443,94.167,4399.869,12.766,0.9681,76.4,0.193,47.3,0.444,34.1,92.8,107,80.8,4.66,650,3.56,4.67,573.255,2242.90,0.029,0.0486,36.9624,7.32,4.92,37.2,32.5,0.804,304,245,103,0.84,0.479,0.0574,0.0574,1.166,1033,1033,15,1,115,37.0,112.6,109.8,39.2,40.5,112,39.4,110,40.7,83.8,40.4,32.2,45.5,5.15,5.15,4.88,-3.37,0.033898,4.13875338,0.241021,14.59332058
1183.00,1,1152.980,1,1152.980,98.491,94.321,4398.936,12.766,0.9681,76.5,-0.036,47.2,0.443,34.1,106.6,107,81.1,4.65,650,3.60,4.66,573.474,2346.91,0.029,0.0486,36.9666,7.32,6.16,37.2,32.5,0.804,301,242,128,0.98,0.877,0.0574,0.0574,1.172,1033,1033,15,1,150,8.5,112.0,109.4,39.5,40.7,111,40.3,108,41.5,83.9,40.3,32.2,45.5,5.15,5.15,5.62,-4.27,0.033897,4.14162286,0.241057,14.60373721
1184.00,1,1153.980,1,1153.980,98.495,94.200,4398.002,12.766,0.9680,76.4,0.022,47.1,0.443,34.1,81.0,107,81.0,4.64,650,3.53,4.66,573.474,2777.29,0.028,0.0486,36.9666,7.32,7.95,37.2,32.5,0.803,305,245,81,0.73,0.113,0.0575,0.0575,1.171,1033,1033,15,1,160,0.3,118.2,115.4,34.6,36.0,116,36.4,113,37.9,83.8,40.4,32.2,45.5,5.15,5.15,4.14,-3.66,0.033898,4.14449527,0.241092,14.61415706
1185.00,1,1154.980,1,1154.980,98.485,94.117,4397.068,12.766,0.9678,76.4,0.193,47.1,0.443,34.1,92.5,106,81.0,4.64,650,3.55,4.65,573.474,2659.92,0.028,0.0486,36.9666,7.32,6.35,37.2,32.5,0.804,304,245,102,0.84,0.467,0.0575,0.0575,1.171,1034,1034,15,1,136,19.4,116.1,113.4,36.5,37.8,115,37.1,112,38.6,83.7,40.5,32.2,45.5,5.15,5.15,4.91,-3.71,0.033901,4.14736738,0.241122,14.62457991
1186.00,1,1155.980,1,1155.980,98.451,93.959,4396.136,12.766,0.9679,76.5,-0.036,47.1,0.443,34.1,106.2,106,80.8,4.64,649,3.59,4.65,573.474,2246.22,0.028,0.0486,36.9666,7.32,4.89,37.2,32.5,0.804,301,242,127,0.98,0.858,0.0575,0.0575,1.170,1033,1033,15,1,115,37.0,113.7,110.9,38.3,39.7,114,38.4,111,39.8,83.7,40.4,32.2,45.5,5.15,5.15,5.65,-4.18,0.033904,4.15023877,0.241158,14.63500462
1187.00,1,1156.980,1,1156.980,98.411,93.818,4395.203,12.766,0.9680,76.4,0.022,47.1,0.443,34.1,80.6,106,80.7,4.63,649,3.53,4.65,573.474,2242.89,0.029,0.0486,36.9666,7.32,4.92,37.2,32.5,0.803,305,245,80,0.73,0.100,0.0575,0.0575,1.169,1033,1033,15,1,115,37.0,112.1,109.4,39.6,40.8,112,39.7,109,41.0,83.8,40.4,32.2,45.5,5.15,5.15,4.04,-2.76,0.033904,4.15311097,0.241193,14.64543287
1188.00,1,1157.980,1,1157.980,98.392,93.777,4394.270,12.766,0.9680,76.4,0.193,47.0,0.443,34.1,92.3,106,80.6,4.63,649,3.55,4.64,573.730,2498.63,0.029,0.0487,36.9841,7.32,6.96,37.2,32.5,0.804,304,245,102,0.84,0.455,0.0576,0.0576,1.169,1032,1032,15,1,159,0.8,114.3,111.6,37.6,38.9,112,39.2,110,40.6,83.8,40.4,32.2,45.5,5.16,5.16,5.01,-4.29,0.033903,4.15598169,0.241222,14.65586307
1189.00,1,1158.980,1,1158.980,98.360,93.717,4393.338,12.766,0.9678,76.5,-0.036,47.0,0.443,34.1,105.7,106,80.6,4.62,649,3.59,4.64,573.730,2816.51,0.028,0.0487,36.9841,7.32,7.83,37.2,32.5,0.804,301,242,126,0.98,0.839,0.0576,0.0576,1.170,1033,1033,15,1,160,0.3,118.4,115.6,34.4,35.8,116,36.3,113,37.8,83.7,40.5,32.2,45.5,5.16,5.16,5.71,-4.62,0.033905,4.15885111,0.241259,14.66629336
1190.00,1,1159.980,1,1159.980,98.344,93.031,4392.405,12.766,0.9677,76.4,-0.004,47.8,0.450,34.1,81.7,105,79.8,4.70,649,3.51,4.65,573.730,2508.86,0.028,0.0487,36.9841,7.32,5.43,37.2,32.5,0.803,305,245,82,0.74,0.129,0.0576,0.0576,1.142,1034,1034,15,1,123,30.7,115.2,112.4,37.2,38.6,115,37.5,112,38.9,83.6,40.6,32.2,45.5,5.16,5.16,4.17,-3.10,0.033909,4.16172051,0.241293,14.67672482
1191.00,1,1160.980,1,1160.980,98.355,92.933,4391.472,12.766,0.9679,76.4,0.071,47.9,0.450,34.1,96.3,105,79.6,4.71,649,3.59,4.66,573.730,2243.13,0.028,0.0487,36.9841,7.32,4.92,37.2,32.5,0.804,305,245,110,0.87,0.574,0.0576,0.0576,1.138,1033,1033,15,1,115,37.0,113.2,110.4,38.7,40.0,113,38.8,110,40.2,83.7,40.4,32.2,45.5,5.16,5.16,5.27,-3.70,0.033911,4.16458590,0.241326,14.68715396
1192.00,1,1161.980,1,1161.980,98.418,93.293,4390.540,12.766,0.9680,76.4,0.253,47.5,0.446,34.1,101.0,106,79.6,4.67,648,3.56,4.65,573.730,2242.89,0.029,0.0487,36.9841,7.32,4.92,37.2,32.5,0.803,298,239,117,0.94,0.669,0.0577,0.0577,1.152,1033,1033,15,1,115,37.0,111.6,108.9,39.9,41.2,111,40.1,109,41.4,83.8,40.3,32.2,45.5,5.16,5.16,4.93,-3.47,0.033911,4.16744999,0.241366,14.69757914
1193.00,1,1162.980,1,1162.980,98.462,93.757,4389.606,12.766,0.9679,76.4,-0.035,47.1,0.444,34.1,85.3,106,80.4,4.64,648,3.50,4.65,573.985,2641.47,0.028,0.0487,36.9830,7.33,7.57,37.2,32.5,0.803,305,245,89,0.77,0.239,0.0577,0.0577,1.166,1033,1033,15,1,159,0.3,116.4,113.7,35.9,37.2,114,37.8,111,39.2,83.7,40.4,32.2,45.5,5.16,5.16,4.49,-4.11,0.033911,4.17031629,0.241395,14.70800345
1194.00,1,1163.980,1,1163.980,98.542,94.019,4388.673,12.766,0.9677,76.4,0.041,47.0,0.442,34.1,97.9,106,80.8,4.63,648,3.59,4.64,573.985,2790.78,0.028,0.0487,36.9830,7.33,7.38,37.2,32.5,0.804,305,245,113,0.89,0.628,0.0577,0.0577,1.173,1034,1034,15,1,157,2.3,117.6,114.9,35.1,36.5,116,36.7,113,38.1,83.6,40.6,32.2,45.5,5.16,5.16,5.38,-4.13,0.033913,4.17318347,0.241428,14.71842606
1195.00,1,1164.980,1,1164.980,98.596,94.004,4387.740,12.766,0.9677,76.4,0.253,46.9,0.442,34.1,101.2,106,80.9,4.63,648,3.56,4.64,573.985,2338.35,0.028,0.0487,36.9830,7.33,4.54,37.2,32.5,0.803,298,239,117,0.94,0.677,0.0577,0.0577,1.173,1034,1034,15,1,116,35.8,114.5,111.7,37.8,39.1,114,37.9,112,39.3,83.6,40.5,32.2,45.5,5.16,5.16,5.02,-3.82,0.033917,4.17605256,0.241467,14.72884813
1196.00,1,1165.980,1,1165.980,98.614,93.967,4386.807,12.766,0.9679,76.4,-0.035,46.9,0.442,34.1,85.2,106,80.8,4.63,648,3.50,4.64,573.985,2242.91,0.028,0.0487,36.9830,7.33,4.92,37.3,32.5,0.803,305,245,89,0.77,0.235,0.0578,0.0578,1.173,1033,1033,15,1,115,37.0,112.7,109.9,39.1,40.4,112,39.2,110,40.6,83.7,40.4,32.2,45.5,5.16,5.16,4.36,-3.02,0.033919,4.17892348,0.241498,14.73927257
1197.00,1,1166.980,1,1166.980,98.638,93.876,4385.874,12.766,0.9679,76.4,0.041,46.9,0.442,34.1,97.7,106,80.8,4.62,648,3.59,4.64,573.985,2300.76,0.029,0.0487,36.9841,7.33,5.85,37.3,32.5,0.804,305,245,112,0.89,0.619,0.0578,0.0578,1.172,1033,1033,15,1,137,18.7,111.4,108.8,40.0,41.2,111,40.4,108,41.6,83.7,40.3,32.1,45.5,5.16,5.16,5.33,-3.72,0.033918,4.18179341,0.241531,14.74969779
1198.00,1,1167.980,1,1167.980,98.653,93.806,4384.942,12.766,0.9678,76.4,0.253,46.9,0.442,34.1,101.0,106,80.7,4.62,648,3.55,4.63,574.237,2751.99,0.028,0.0487,36.9841,7.33,7.91,37.3,32.5,0.803,298,239,117,0.94,0.668,0.0578,0.0578,1.171,1033,1033,15,1,160,0.3,117.9,115.1,34.8,36.2,116,36.6,113,38.1,83.6,40.5,32.1,45.5,5.17,5.17,5.13,-4.63,0.033918,4.18466347,0.241570,14.76012376
1199.00,1,1168.980,1,1168.980,98.659,93.778,4384.008,12.766,0.9676,76.4,-0.035,46.9,0.442,34.1,85.0,106,80.7,4.62,647,3.50,4.63,574.237,2701.75,0.028,0.0487,36.9841,7.33,6.64,37.3,32.5,0.803,305,245,88,0.77,0.229,0.0578,0.0578,1.171,1034,1034,15,1,142,14.4,116.4,113.7,36.1,37.5,115,37.0,112,38.5,83.6,40.6,32.1,45.5,5.17,5.17,4.39,-3.33,0.033921,4.18753414,0.241601,14.77055236
1200.00,1,1169.980,1,1169.980,98.671,93.730,4383.075,12.766,0.9677,76.4,0.041,46.8,0.442,34.1,97.5,106,80.6,4.62,647,3.58,4.63,574.237,2250.74,0.028,0.0487,36.9841,7.33,4.85,37.3,32.5,0.804,305,245,112,0.89,0.612,0.0579,0.0579,1.171,1033,1033,15,1,115,37.0,113.8,111.0,38.2,39.6,114,38.3,111,39.7,83.6,40.5,32.1,45.5,5.17,5.17,5.35,-3.84,0.033924,4.19040329,0.241633,14.78098131
1201.00,1,1170.980,1,1170.980,98.686,93.688,4382.143,12.766,0.9679,76.4,0.253,46.8,0.442,34.1,100.9,106,80.6,4.62,647,3.55,4.63,574.237,2242.89,0.029,0.0487,36.9841,7.33,4.92,37.3,32.5,0.803,298,240,117,0.93,0.663,0.0579,0.0579,1.171,1033,1033,15,1,115,37.1,112.2,109.5,39.4,40.7,112,39.6,109,40.9,83.7,40.4,32.1,45.5,5.17,5.17,4.95,-3.55,0.033925,4.19327250,0.241673,14.79141025
1202.00,1,1171.980,1,1171.980,98.695,93.677,4381.210,12.766,0.9679,76.4,-0.035,46.8,0.442,34.1,85.0,106,80.6,4.62,647,3.50,4.63,574.480,2448.07,0.029,0.0487,36.9912,7.33,6.71,37.3,32.5,0.803,306,245,88,0.76,0.225,0.0579,0.0579,1.171,1032,1032,15,1,158,1.5,113.5,110.8,38.2,39.5,112,39.7,109,41.0,83.7,40.4,32.1,45.5,5.17,5.17,4.46,-3.75,0.033924,4.19614239,0.241703,14.80184094
1203.00,1,1172.980,1,1172.980,98.718,93.666,4380.277,12.766,0.9676,76.4,0.041,46.8,0.442,34.1,97.5,106,80.6,4.62,647,3.58,4.62,574.480,2811.30,0.028,0.0487,36.9912,7.33,7.92,37.3,32.5,0.804,305,245,112,0.88,0.610,0.0580,0.0580,1.171,1033,1033,15,1,160,0.3,118.3,115.6,34.4,35.8,116,36.3,113,37.8,83.6,40.5,32.1,45.5,5.17,5.17,5.41,-4.40,0.033925,4.19901077,0.241736,14.81227118
1204.00,1,1173.980,1,1173.980,98.747,93.663,4379.346,12.766,0.9676,76.4,0.253,46.7,0.442,34.1,100.9,106,80.6,4.62,647,3.55,4.62,574.480,2562.40,0.028,0.0487,36.9912,7.33,5.73,37.3,32.5,0.802,299,240,117,0.93,0.661,0.0580,0.0580,1.172,1034,1034,15,1,126,27.8,115.4,112.6,37.0,38.3,115,37.4,112,38.8,83.5,40.6,32.1,45.5,5.17,5.17,5.05,-3.91,0.033929,4.20187926,0.241775,14.82270075
1205.00,1,1174.980,1,1174.980,98.763,93.661,4378.412,12.766,0.9677,76.4,-0.035,46.7,0.442,34.1,85.0,106,80.6,4.61,647,3.49,4.62,574.480,2243.46,0.028,0.0487,36.9912,7.33,4.91,37.3,32.5,0.803,306,246,88,0.76,0.224,0.0580,0.0580,1.172,1033,1033,15,1,115,37.1,113.3,110.5,38.6,39.9,113,38.7,110,40.1,83.6,40.5,32.1,45.5,5.17,5.17,4.37,-3.09,0.033932,4.20474863,0.241805,14.83313160
1206.00,1,1175.980,1,1175.980,98.800,93.646,4377.479,12.766,0.9678,76.4,0.041,46.7,0.442,34.1,97.5,106,80.6,4.61,646,3.58,4.62,574.480,2242.89,0.029,0.0487,36.9912,7.33,4.92,37.3,32.5,0.804,306,246,112,0.88,0.608,0.0580,0.0580,1.172,1033,1033,15,1,115,37.1,111.7,109.0,39.8,41.1,111,40.0,109,41.3,83.6,40.4,32.1,45.5,5.17,5.17,5.32,-3.58,0.033931,4.20761671,0.241839,14.84356162
1207.00,1,1176.980,1,1176.980,98.840,93.655,4376.548,12.766,0.9677,76.4,0.253,46.7,0.441,34.1,100.8,106,80.6,4.61,646,3.55,4.62,574.723,2597.09,0.028,0.0487,36.9983,7.34,7.39,37.3,32.5,0.802,299,240,117,0.93,0.660,0.0581,0.0581,1.172,1033,1033,15,1,159,0.4,115.8,113.1,36.4,37.7,114,38.2,111,39.6,83.6,40.4,32.1,45.5,5.17,5.17,5.12,-4.68,0.033931,4.21048503,0.241878,14.85399074
1208.00,1,1177.980,1,1177.980,98.862,93.662,4375.614,12.766,0.9676,76.4,-0.035,46.7,0.441,34.1,85.0,106,80.6,4.61,646,3.49,4.62,574.723,2807.44,0.028,0.0487,36.9983,7.34,7.57,37.3,32.5,0.803,306,246,88,0.76,0.225,0.0581,0.0581,1.172,1033,1033,15,1,159,0.8,117.9,115.2,34.8,36.2,116,36.5,113,38.0,83.5,40.6,32.1,45.5,5.17,5.17,4.40,-3.39,0.033933,4.21335420,0.241909,14.86442101
1209.00,1,1178.980,1,1178.980,98.908,93.668,4374.681,12.766,0.9676,76.4,0.041,46.7,0.441,34.1,97.5,106,80.6,4.61,646,3.57,4.62,574.723,2394.94,0.028,0.0487,36.9983,7.34,4.82,37.3,32.5,0.804,306,246,112,0.88,0.608,0.0581,0.0581,1.172,1034,1034,15,1,118,34.6,114.6,111.8,37.6,39.0,114,37.8,112,39.2,83.5,40.5,32.1,45.5,5.17,5.17,5.36,-3.93,0.033937,4.21622213,0.241942,14.87485047
1210.00,1,1179.980,1,1179.980,98.956,93.646,4373.750,12.766,0.9677,76.4,0.253,46.6,0.441,34.1,100.8,106,80.6,4.61,646,3.54,4.62,574.723,2242.93,0.028,0.0487,36.9983,7.34,4.92,37.3,32.5,0.802,299,240,116,0.93,0.659,0.0581,0.0581,1.173,1033,1033,15,1,115,37.1,112.8,110.1,38.9,40.3,113,39.1,110,40.4,83.6,40.4,32.1,45.5,5.17,5.17,4.98,-3.63,0.033939,4.21909044,0.241982,14.88527911
1211.00,1,1180.980,1,1180.980,98.980,93.653,4372.816,12.766,0.9678,76.4,-0.035,46.6,0.441,34.1,85.0,106,80.6,4.62,646,3.49,4.62,574.723,2269.18,0.029,0.0487,37.0011,7.34,5.55,37.3,32.5,0.803,306,246,88,0.76,0.224,0.0582,0.0582,1.172,1033,1033,15,1,123,29.9,111.2,108.6,40.1,41.3,111,40.3,108,41.6,83.6,40.4,32.1,45.5,5.17,5.17,4.36,-2.99,0.033938,4.22195970,0.242013,14.89570896
1212.00,1,1181.980,1,1181.980,99.030,93.666,4371.884,12.821,0.9676,76.4,0.041,46.6,0.441,34.1,97.5,106,80.6,4.62,646,3.57,4.61,575.021,2727.79,0.028,0.0487,37.0011,7.37,7.86,37.3,32.5,0.804,306,246,112,0.88,0.607,0.0582,0.0582,1.172,1033,1033,15,1,160,0.3,117.5,114.8,35.0,36.4,115,36.9,112,38.4,83.5,40.5,32.0,45.5,5.17,5.17,5.48,-4.79,0.033938,4.22482770,0.242046,14.90613810
1213.00,1,1182.980,1,1182.980,99.082,93.671,4370.952,12.821,0.9675,76.4,0.253,46.6,0.441,34.1,100.8,106,80.6,4.62,645,3.54,4.61,575.021,2731.47,0.028,0.0487,37.0011,7.37,6.85,37.3,32.5,0.802,299,240,116,0.93,0.658,0.0582,0.0582,1.172,1034,1034,15,1,147,10.5,116.8,114.1,35.8,37.2,115,36.9,113,38.3,83.5,40.6,32.0,45.5,5.17,5.17,5.07,-4.00,0.033942,4.22769598,0.242086,14.91656653
1214.00,1,1183.980,1,1183.980,99.107,93.671,4370.019,12.821,0.9675,76.4,-0.035,46.6,0.441,34.1,85.0,106,80.6,4.62,645,3.48,4.61,575.021,2258.38,0.028,0.0487,37.0011,7.37,4.78,37.3,32.5,0.803,306,246,88,0.76,0.224,0.0582,0.0582,1.171,1033,1033,15,1,115,36.9,113.9,111.1,38.1,39.5,114,38.2,111,39.6,83.5,40.5,32.0,45.5,5.17,5.17,4.38,-3.16,0.033945,4.23056523,0.242117,14.92699635
1215.00,1,1184.980,1,1184.980,99.158,93.655,4369.086,12.821,0.9677,76.4,0.041,46.5,0.441,34.1,97.5,106,80.6,4.62,645,3.57,4.61,575.021,2242.89,0.029,0.0487,37.0011,7.37,4.92,37.3,32.5,0.803,306,246,112,0.88,0.606,0.0583,0.0583,1.172,1033,1033,15,1,115,37.0,112.3,109.6,39.3,40.6,112,39.5,109,40.8,83.5,40.4,32.0,45.5,5.17,5.17,5.34,-3.65,0.033945,4.23343332,0.242150,14.93742559
1216.00,1,1185.980,1,1185.980,99.210,93.655,4368.154,12.821,0.9677,76.4,0.253,46.5,0.441,34.1,100.8,106,80.6,4.62,645,3.54,4.61,575.310,2417.69,0.029,0.0487,36.9807,7.38,6.56,37.3,32.5,0.802,299,240,116,0.93,0.657,0.0583,0.0583,1.171,1032,1032,15,1,157,2.5,113.0,110.4,38.5,39.8,111,39.9,109,41.1,83.5,40.4,32.0,45.5,5.17,5.17,5.04,-4.19,0.033944,4.23630171,0.242190,14.94785421
1217.00,1,1186.980,1,1186.980,99.235,93.660,4367.221,12.821,0.9676,76.4,-0.035,46.5,0.441,34.1,85.0,106,80.6,4.62,645,3.48,4.61,575.310,2805.23,0.028,0.0487,36.9807,7.38,7.95,37.3,32.5,0.803,307,246,88,0.76,0.223,0.0583,0.0583,1.171,1033,1033,15,1,160,0.3,118.3,115.6,34.4,35.8,116,36.2,113,37.7,83.5,40.5,32.0,45.5,5.17,5.17,4.44,-3.73,0.033945,4.23917094,0.242221,14.95828427
1218.00,1,1187.980,1,1187.980,99.287,93.661,4366.288,12.821,0.9675,76.4,0.041,46.5,0.441,34.1,97.5,106,80.6,4.62,645,3.56,4.61,575.310,2593.12,0.028,0.0487,36.9807,7.38,5.92,37.3,32.5,0.803,307,246,112,0.88,0.605,0.0584,0.0584,1.171,1034,1034,15,1,129,25.7,115.6,112.8,36.8,38.2,115,37.3,112,38.7,83.4,40.6,32.0,45.5,5.17,5.17,5.38,-4.02,0.033948,4.24203888,0.242254,14.96871382
1219.00,1,1188.980,1,1188.980,99.339,93.659,4365.357,12.821,0.9676,76.4,0.253,46.5,0.441,34.1,100.8,106,80.6,4.62,644,3.53,4.61,575.310,2243.85,0.028,0.0487,36.9807,7.38,4.91,37.3,32.5,0.802,300,240,116,0.93,0.655,0.0584,0.0584,1.171,1033,1033,15,1,115,37.0,113.4,110.7,38.4,39.8,113,38.6,111,39.9,83.5,40.4,32.0,45.5,5.17,5.17,5.01,-3.71,0.033951,4.24490717,0.242294,14.97914282
1220.00,1,1189.980,1,1189.980,99.364,93.649,4364.423,12.821,0.9677,76.4,-0.035,46.5,0.441,34.1,85.0,106,80.6,4.62,644,3.48,4.61,575.310,2242.89,0.029,0.0487,36.9807,7.38,4.92,37.3,32.5,0.803,307,246,88,0.76,0.222,0.0584,0.0584,1.171,1033,1033,15,1,115,37.0,111.8,109.1,39.7,41.0,112,39.9,109,41.2,83.5,40.3,32.0,45.5,5.17,5.17,4.36,-2.94,0.033950,4.24777642,0.242325,14.98957331
1221.00,1,1190.980,1,1190.980,99.415,93.644,4363.491,12.821,0.9677,76.4,0.041,46.5,0.441,34.1,97.5,106,80.6,4.62,644,3.56,4.61,575.572,2578.82,0.029,0.0486,36.9623,7.38,7.32,37.3,32.5,0.803,307,246,112,0.88,0.604,0.0584,0.0584,1.170,1033,1033,15,1,159,0.4,115.5,112.8,36.6,37.9,113,38.4,110,39.8,83.5,40.4,32.0,45.5,5.17,5.17,5.50,-4.78,0.033949,4.25064438,0.242359,15.00000328
1222.00,1,1191.980,1,1191.980,99.466,93.648,4362.559,12.821,0.9675,76.4,0.253,46.5,0.441,34.1,100.8,106,80.6,4.62,644,3.53,4.61,575.572,2812.53,0.028,0.0486,36.9623,7.38,7.64,37.3,32.5,0.802,300,241,116,0.93,0.654,0.0585,0.0585,1.170,1033,1033,15,1,159,0.6,118.1,115.4,34.6,36.0,116,36.4,113,37.9,83.4,40.5,32.0,45.5,5.17,5.17,5.09,-4.08,0.033951,4.25351253,0.242399,15.01043270
1223.00,1,1192.980,1,1192.980,99.492,93.648,4361.626,12.821,0.9675,76.4,-0.035,46.5,0.441,34.1,85.0,106,80.6,4.62,644,3.47,4.61,575.572,2417.28,0.028,0.0486,36.9623,7.38,4.93,37.3,32.5,0.803,307,247,88,0.76,0.221,0.0585,0.0585,1.170,1034,1034,15,1,118,34.0,114.7,112.0,37.5,38.9,115,37.7,112,39.1,83.4,40.5,32.0,45.5,5.17,5.17,4.39,-3.23,0.033954,4.25638157,0.242430,15.02086362
1224.00,1,1193.980,1,1193.980,99.543,93.643,4360.693,12.821,0.9676,76.4,0.041,46.4,0.440,34.1,97.5,106,80.6,4.62,644,3.56,4.60,575.572,2242.95,0.029,0.0486,36.9623,7.38,4.92,37.3,32.5,0.803,307,247,112,0.88,0.602,0.0585,0.0585,1.170,1033,1033,15,1,115,37.0,112.9,110.1,38.9,40.2,113,39.0,110,40.4,83.5,40.4,32.0,45.5,5.17,5.17,5.35,-3.73,0.033955,4.25924942,0.242463,15.03129404
1225.00,1,1194.980,1,1194.980,99.594,93.634,4359.762,12.821,0.9677,76.4,0.253,46.4,0.440,34.1,100.8,106,80.6,4.62,644,3.53,4.60,575.572,2256.63,0.029,0.0486,36.9515,7.38,5.37,37.3,32.5,0.802,300,241,116,0.93,0.652,0.0586,0.0586,1.170,1033,1033,15,1,118,34.3,111.3,108.6,40.0,41.3,111,40.3,108,41.5,83.5,40.3,31.9,45.5,5.17,5.17,4.95,-3.54,0.033954,4.26211758,0.242503,15.04172391
1226.00,1,1195.980,1,1195.980,99.619,93.633,4358.829,12.821,0.9676,76.4,-0.035,46.4,0.440,34.1,85.0,106,80.6,4.62,643,3.47,4.60,575.805,2714.68,0.028,0.0486,36.9515,7.38,7.82,37.3,32.5,0.803,307,247,88,0.76,0.220,0.0586,0.0586,1.169,1033,1033,15,1,160,0.3,117.4,114.7,35.1,36.5,115,37.0,112,38.4,83.5,40.4,31.9,45.5,5.17,5.17,4.50,-4.07,0.033954,4.26498658,0.242534,15.05215525
1227.00,1,1196.980,1,1196.980,99.670,93.637,4357.896,12.821,0.9674,76.4,0.041,46.4,0.440,34.1,97.5,106,80.6,4.62,643,3.55,4.60,575.805,2745.08,0.028,0.0486,36.9515,7.38,6.96,37.3,32.5,0.803,307,247,111,0.88,0.602,0.0586,0.0586,1.169,1034,1034,15,1,149,8.6,116.9,114.2,35.7,37.0,116,36.8,113,38.3,83.4,40.5,31.9,45.5,5.17,5.17,5.40,-4.10,0.033957,4.26785425,0.242568,15.06258608
1228.00,1,1197.980,1,1197.980,99.721,93.635,4356.965,12.821,0.9675,76.4,0.253,46.4,0.440,34.1,100.7,106,80.6,4.63,643,3.52,4.60,575.805,2264.53,0.028,0.0486,36.9515,7.38,4.72,37.3,32.5,0.802,300,241,116,0.92,0.651,0.0586,0.0586,1.169,1034,1034,15,1,115,36.8,114.1,111.3,38.0,39.3,114,38.0,111,39.5,83.4,40.5,31.9,45.5,5.17,5.17,5.03,-3.81,0.033960,4.27072222,0.242607,15.07301637
1229.00,1,1198.980,1,1198.980,99.747,93.617,4356.032,12.821,0.9676,76.4,-0.035,46.3,0.440,34.1,85.0,106,80.6,4.62,643,3.47,4.60,575.805,2242.90,0.029,0.0486,36.9515,7.38,4.92,37.3,32.5,0.803,308,247,88,0.76,0.219,0.0586,0.0586,1.169,1033,1033,15,1,115,37.0,112.4,109.7,39.3,40.6,112,39.4,109,40.7,83.4,40.4,31.9,45.5,5.17,5.17,4.37,-3.00,0.033960,4.27359114,0.242639,15.08344813
1230.00,1,1199.980,1,1199.980,99.797,93.623,4355.099,12.821,0.9677,76.4,0.041,46.4,0.440,34.1,97.4,106,80.6,4.63,643,3.55,4.60,576.016,2397.53,0.029,0.0486,36.9483,7.38,6.45,37.3,32.5,0.803,307,247,111,0.88,0.600,0.0587,0.0587,1.169,1032,1032,15,1,156,3.5,112.7,110.1,38.8,40.1,111,40.0,109,41.3,83.5,40.3,31.9,45.5,5.17,5.17,5.43,-4.21,0.033959,4.27645882,0.242672,15.09387935
1231.00,1,1200.980,1,1200.980,99.848,93.627,4354.168,12.821,0.9675,76.4,0.253,46.3,0.440,34.1,100.7,106,80.6,4.63,643,3.52,4.60,576.016,2799.95,0.028,0.0486,36.9483,7.38,7.96,37.3,32.5,0.802,301,241,116,0.92,0.650,0.0587,0.0587,1.168,1033,1033,15,1,160,0.3,118.4,115.6,34.4,35.8,116,36.2,113,37.7,83.4,40.5,31.9,45.5,5.17,5.17,5.15,-4.45,0.033959,4.27932671,0.242712,15.10431001
1232.00,1,1201.980,1,1201.980,99.874,93.629,4353.235,12.821,0.9674,76.4,-0.035,46.3,0.440,34.1,85.0,106,80.7,4.63,643,3.47,4.60,576.016,2612.96,0.028,0.0486,36.9483,7.38,6.04,37.3,32.5,0.802,308,247,88,0.76,0.219,0.0587,0.0587,1.168,1034,1034,15,1,131,24.1,115.7,113.0,36.7,38.0,115,37.2,112,38.7,83.3,40.5,31.9,45.5,5.17,5.17,4.41,-3.30,0.033963,4.28219549,0.242743,15.11474214
1233.00,1,1202.980,1,1202.980,99.924,93.627,4352.303,12.821,0.9675,76.4,0.041,46.3,0.440,34.1,97.4,106,80.7,4.63,642,3.55,4.60,576.016,2244.23,0.028,0.0486,36.9483,7.38,4.91,37.3,32.5,0.803,308,247,111,0.88,0.599,0.0588,0.0588,1.168,1033,1033,15,1,115,37.0,113.5,110.7,38.4,39.8,113,38.5,111,39.9,83.4,40.4,31.9,45.5,5.17,5.17,5.37,-3.81,0.033965,4.28506307,0.242777,15.12517380
1234.00,1,1203.980,1,1203.980,99.974,93.607,4351.371,12.821,0.9677,76.4,0.253,46.3,0.440,34.1,100.7,106,80.6,4.63,642,3.52,4.60,576.016,2242.89,0.029,0.0486,36.9483,7.38,4.92,37.3,32.5,0.802,301,241,116,0.92,0.648,0.0588,0.0588,1.168,1033,1033,15,1,115,37.0,111.9,109.2,39.6,40.9,112,39.8,109,41.1,83.4,40.3,31.9,45.5,5.17,5.17,4.97,-3.53,0.033965,4.28793097,0.242817,15.13560489
1235.00,1,1204.980,1,1204.980,99.999,93.613,4350.438,12.821,0.9676,76.4,-0.035,46.3,0.440,34.1,85.0,106,80.6,4.63,642,3.46,4.60,576.264,2560.01,0.029,0.0486,36.9444,7.39,7.24,37.3,32.5,0.802,308,247,88,0.76,0.218,0.0588,0.0588,1.168,1032,1032,15,1,159,0.4,115.2,112.6,36.7,38.1,113,38.6,110,39.9,83.4,40.3,31.9,45.5,5.17,5.17,4.52,-4.05,0.033964,4.29079977,0.242848,15.14603744
1236.00,1,1205.980,1,1205.980,100.049,93.620,4349.506,12.821,0.9674,76.4,0.062,46.3,0.440,34.1,97.4,106,80.7,4.63,642,3.55,4.59,576.264,2816.41,0.028,0.0486,36.9444,7.39,7.70,37.3,32.5,0.803,308,247,111,0.88,0.598,0.0588,0.0588,1.168,1033,1033,15,1,159,0.4,118.2,115.4,34.6,36.0,116,36.4,113,37.9,83.3,40.5,31.9,45.5,5.17,5.17,5.41,-4.18,0.033965,4.29366727,0.242881,15.15646949
1237.00,1,1206.980,1,1206.980,100.099,93.619,4348.575,12.821,0.9674,76.4,0.668,46.3,0.440,34.1,100.7,106,80.7,4.63,642,3.51,4.59,576.264,2439.71,0.028,0.0486,36.9444,7.39,5.05,37.3,32.5,0.802,301,241,116,0.92,0.647,0.0589,0.0589,1.167,1034,1034,15,1,119,33.4,114.9,112.1,37.4,38.8,115,37.6,112,39.0,83.3,40.5,31.8,45.5,5.17,5.17,5.07,-3.88,0.033969,4.29653506,0.242921,15.16690103
1238.00,1,1207.980,1,1207.980,100.124,93.617,4347.642,12.821,0.9675,76.4,-0.041,46.3,0.440,34.1,85.0,106,80.7,4.63,642,3.46,4.59,576.264,2242.97,0.029,0.0486,36.9444,7.39,4.92,37.3,32.4,0.802,308,247,88,0.76,0.217,0.0589,0.0589,1.167,1033,1033,15,1,115,37.0,113.0,110.2,38.8,40.1,113,38.9,110,40.3,83.4,40.4,31.8,45.5,5.17,5.17,4.39,-3.06,0.033970,4.29940385,0.242952,15.17733409
1239.00,1,1208.980,1,1208.980,100.172,93.600,4346.709,12.821,0.9676,76.4,0.062,46.2,0.440,34.1,97.4,106,80.7,4.63,642,3.54,4.59,576.264,2247.42,0.029,0.0486,36.9362,7.39,5.16,37.3,32.4,0.803,308,247,111,0.87,0.597,0.0589,0.0589,1.167,1033,1033,15,1,115,36.6,111.3,108.6,40.0,41.3,111,40.2,108,41.5,83.4,40.3,31.8,45.5,5.17,5.17,5.35,-3.62,0.033969,4.30227142,0.242986,15.18776665
1240.00,1,1209.980,1,1209.980,100.221,93.605,4345.778,12.821,0.9675,76.4,0.668,46.2,0.440,34.1,100.7,106,80.7,4.63,641,3.51,4.59,576.490,2700.72,0.028,0.0486,36.9362,7.39,7.78,37.3,32.4,0.802,301,241,116,0.92,0.646,0.0590,0.0590,1.167,1033,1033,15,1,160,0.3,117.2,114.5,35.2,36.6,115,37.1,112,38.5,83.3,40.4,31.8,45.5,5.17,5.17,5.18,-4.72,0.033969,4.30513923,0.243026,15.19819867
1241.00,1,1210.980,1,1210.980,100.245,93.606,4344.846,12.821,0.9673,76.4,-0.041,46.2,0.440,34.1,85.0,106,80.7,4.63,641,3.46,4.59,576.490,2757.75,0.028,0.0486,36.9362,7.39,7.06,37.3,32.4,0.802,309,248,88,0.76,0.217,0.0590,0.0590,1.167,1034,1034,15,1,152,6.9,117.1,114.4,35.5,36.9,116,36.7,113,38.2,83.3,40.5,31.8,45.5,5.16,5.16,4.42,-3.37,0.033971,4.30800790,0.243057,15.20863220
1242.00,1,1211.980,1,1211.980,100.294,93.605,4343.913,12.821,0.9674,76.4,0.062,46.2,0.439,34.1,97.4,106,80.7,4.63,641,3.54,4.59,576.490,2273.07,0.028,0.0486,36.9362,7.39,4.65,37.3,32.4,0.803,308,248,111,0.87,0.596,0.0590,0.0590,1.167,1034,1034,15,1,115,36.6,114.1,111.3,37.9,39.3,114,38.0,111,39.4,83.3,40.4,31.8,45.6,5.16,5.16,5.38,-3.91,0.033974,4.31087535,0.243090,15.21906525
1243.00,1,1212.980,1,1212.980,100.342,93.593,4342.982,12.821,0.9676,76.4,0.668,46.2,0.439,34.1,100.7,106,80.7,4.63,641,3.51,4.59,576.490,2242.90,0.029,0.0486,36.9362,7.39,4.92,37.3,32.4,0.802,301,242,116,0.92,0.644,0.0590,0.0590,1.167,1033,1033,15,1,115,37.0,112.5,109.7,39.2,40.5,112,39.3,110,40.6,83.4,40.3,31.8,45.6,5.16,5.16,5.00,-3.60,0.033975,4.31374318,0.243130,15.22949781
1244.00,1,1213.980,1,1213.980,100.365,93.590,4342.049,12.821,0.9676,76.4,-0.041,46.2,0.439,34.1,85.0,106,80.7,4.63,641,3.45,4.59,576.700,2377.47,0.029,0.0486,36.9272,7.39,6.35,37.3,32.4,0.802,309,248,88,0.76,0.216,0.0590,0.0590,1.166,1032,1032,15,1,154,4.9,112.4,109.7,39.0,40.3,111,40.1,108,41.3,83.4,40.3,31.8,45.6,5.16,5.16,4.45,-3.46,0.033974,4.31661195,0.243162,15.23993184
1245.00,1,1214.980,1,1214.980,100.413,93.592,4341.117,12.821,0.9674,76.4,0.062,46.2,0.439,34.1,97.4,106,80.7,4.64,641,3.54,4.59,576.700,2793.51,0.028,0.0486,36.9272,7.39,7.97,37.3,32.4,0.803,309,248,111,0.87,0.595,0.0591,0.0591,1.166,1033,1033,15,1,160,0.3,118.3,115.5,34.4,35.8,116,36.3,113,37.8,83.3,40.5,31.8,45.6,5.16,5.16,5.48,-4.60,0.033975,4.31947939,0.243195,15.25036539
1246.00,1,1215.980,1,1215.980,100.461,93.593,4340.186,12.821,0.9673,76.4,0.668,46.2,0.439,34.1,100.7,106,80.7,4.64,641,3.51,4.59,576.700,2632.26,0.028,0.0486,36.9272,7.39,6.16,37.3,32.4,0.802,302,242,116,0.92,0.643,0.0591,0.0591,1.166,1034,1034,15,1,133,22.4,115.9,113.1,36.5,37.9,115,37.1,112,38.6,83.2,40.5,31.8,45.6,5.16,5.16,5.10,-3.97,0.033978,4.32234709,0.243235,15.26079842
1247.00,1,1216.980,1,1216.980,100.485,93.592,4339.253,12.821,0.9674,76.4,-0.041,46.1,0.439,34.1,85.0,106,80.7,4.64,640,3.45,4.58,576.700,2244.77,0.028,0.0486,36.9272,7.39,4.90,37.3,32.4,0.802,309,248,88,0.75,0.215,0.0591,0.0591,1.166,1033,1033,15,1,115,37.0,113.5,110.8,38.3,39.7,113,38.4,111,39.8,83.3,40.4,31.8,45.6,5.16,5.16,4.40,-3.13,0.033980,4.32521576,0.243266,15.27123296
1248.00,1,1217.980,1,1217.980,100.532,93.582,4338.321,12.821,0.9675,76.4,0.062,46.1,0.439,34.1,97.4,106,80.7,4.64,640,3.53,4.58,576.700,2242.89,0.029,0.0486,36.9272,7.39,4.92,37.3,32.4,0.803,309,248,111,0.87,0.593,0.0592,0.0592,1.166,1033,1033,15,1,115,37.0,111.9,109.2,39.6,40.9,112,39.8,109,41.1,83.3,40.3,31.8,45.6,5.16,5.16,5.37,-3.63,0.033980,4.32808326,0.243300,15.28166701
1249.00,1,1218.980,1,1218.980,100.579,93.578,4337.390,12.821,0.9675,76.4,0.668,46.1,0.439,34.1,100.6,106,80.7,4.64,640,3.50,4.58,576.896,2540.72,0.029,0.0486,36.9236,7.40,7.16,37.3,32.4,0.801,302,242,116,0.92,0.642,0.0592,0.0592,1.165,1032,1032,15,1,159,0.5,115.0,112.3,36.9,38.3,113,38.7,110,40.1,83.3,40.3,31.8,45.6,5.16,5.16,5.15,-4.61,0.033979,4.33095105,0.243340,15.29210053
1250.00,1,1219.980,1,1219.980,100.602,93.580,4336.458,12.821,0.9673,76.4,-0.041,46.1,0.439,34.1,85.0,106,80.7,4.64,640,3.45,4.58,576.896,2819.05,0.028,0.0486,36.9236,7.40,7.76,37.3,32.4,0.802,309,248,88,0.75,0.214,0.0592,0.0592,1.165,1033,1033,15,1,160,0.3,118.3,115.5,34.5,35.9,116,36.3,113,37.8,83.2,40.5,31.7,45.6,5.16,5.16,4.43,-3.43,0.033981,4.33381968,0.243371,15.30253554
1251.00,1,1220.980,1,1220.980,100.650,93.581,4335.526,12.821,0.9673,76.4,0.062,46.1,0.439,34.1,97.4,106,80.7,4.64,640,3.53,4.58,576.896,2462.16,0.028,0.0486,36.9236,7.40,5.16,37.3,32.4,0.803,309,248,111,0.87,0.593,0.0592,0.0592,1.165,1034,1034,15,1,120,32.6,114.9,112.1,37.3,38.7,115,37.5,112,39.0,83.2,40.5,31.7,45.6,5.16,5.16,5.41,-3.98,0.033984,4.33668705,0.243404,15.31297007
1252.00,1,1221.980,1,1221.980,100.697,93.562,4334.595,12.821,0.9674,76.4,0.668,46.0,0.439,34.1,100.6,106,80.7,4.64,640,3.50,4.58,576.896,2243.01,0.029,0.0486,36.9236,7.40,4.92,37.3,32.4,0.801,302,242,116,0.92,0.640,0.0593,0.0593,1.166,1033,1033,15,1,115,37.0,113.0,110.3,38.7,40.0,113,38.8,110,40.2,83.3,40.3,31.7,45.6,5.16,5.16,5.03,-3.68,0.033986,4.33955479,0.243444,15.32340408
1253.00,1,1222.980,1,1222.980,100.720,93.564,4333.662,12.821,0.9675,76.4,-0.041,46.1,0.439,34.1,85.0,106,80.7,4.64,639,3.44,4.58,576.896,2242.89,0.029,0.0486,36.9236,7.40,4.92,37.3,32.4,0.802,309,248,88,0.75,0.213,0.0593,0.0593,1.165,1033,1033,15,1,115,37.0,111.4,108.7,40.0,41.2,111,40.2,108,41.5,83.3,40.3,31.7,45.6,5.16,5.16,4.39,-2.92,0.033985,4.34242348,0.243475,15.33383955
1254.00,1,1223.980,1,1223.980,100.768,93.569,4332.730,12.821,0.9674,76.4,0.062,46.0,0.439,34.1,97.4,106,80.7,4.64,639,3.53,4.58,577.079,2685.88,0.029,0.0486,36.9259,7.40,7.73,37.3,32.4,0.803,309,248,111,0.87,0.592,0.0593,0.0593,1.165,1033,1033,15,1,160,0.3,117.0,114.3,35.3,36.7,115,37.2,112,38.7,83.2,40.4,31.7,45.6,5.16,5.16,5.53,-4.85,0.033985,4.34529090,0.243509,15.34427452
1255.00,1,1224.980,1,1224.980,100.815,93.574,4331.799,12.821,0.9672,76.4,0.668,46.0,0.439,34.1,100.6,106,80.7,4.64,639,3.50,4.58,577.079,2769.41,0.028,0.0486,36.9259,7.40,7.16,37.3,32.4,0.801,302,242,116,0.92,0.640,0.0593,0.0593,1.165,1034,1034,15,1,153,5.4,117.3,114.6,35.3,36.7,116,36.6,113,38.1,83.2,40.5,31.7,45.6,5.16,5.16,5.12,-4.05,0.033988,4.34815857,0.243549,15.35470896
1256.00,1,1225.980,1,1225.980,100.839,93.573,4330.867,12.821,0.9672,76.4,-0.041,46.0,0.439,34.1,85.0,106,80.7,4.64,639,3.44,4.58,577.079,2284.94,0.028,0.0486,36.9259,7.40,4.55,37.3,32.4,0.802,310,248,88,0.75,0.213,0.0594,0.0594,1.164,1034,1034,15,1,115,36.5,114.2,111.4,37.9,39.2,114,37.9,111,39.4,83.2,40.5,31.7,45.6,5.15,5.15,4.41,-3.22,0.033991,4.35102720,0.243580,15.36514492
1257.00,1,1226.980,1,1226.980,100.885,93.548,4329.935,12.821,0.9674,76.4,0.062,46.0,0.439,34.1,97.4,106,80.7,4.64,639,3.53,4.58,577.079,2242.90,0.029,0.0486,36.9259,7.40,4.92,37.3,32.4,0.802,310,248,111,0.87,0.590,0.0594,0.0594,1.165,1033,1033,15,1,115,37.0,112.5,109.7,39.1,40.4,112,39.3,110,40.6,83.2,40.3,31.7,45.6,5.15,5.15,5.38,-3.70,0.033992,4.35389465,0.243613,15.37558039
1258.00,1,1227.980,1,1227.980,100.932,93.557,4329.004,12.821,0.9674,76.4,0.668,46.0,0.439,34.1,100.6,106,80.7,4.64,639,3.49,4.58,577.304,2357.65,0.029,0.0486,36.9262,7.40,6.23,37.3,32.4,0.801,302,242,115,0.92,0.638,0.0594,0.0594,1.164,1032,1032,15,1,151,7.0,112.1,109.5,39.2,40.5,111,40.1,108,41.4,83.2,40.3,31.7,45.6,5.15,5.15,5.03,-3.92,0.033991,4.35676242,0.243653,15.38601532
1259.00,1,1228.980,1,1228.980,100.955,93.562,4328.071,12.821,0.9673,76.4,-0.041,46.0,0.439,34.1,85.0,106,80.7,4.64,639,3.44,4.57,577.304,2785.99,0.028,0.0486,36.9262,7.40,7.97,37.3,32.4,0.802,310,248,88,0.75,0.212,0.0594,0.0594,1.164,1033,1033,15,1,160,0.3,118.2,115.4,34.4,35.9,116,36.3,113,37.8,83.2,40.4,31.7,45.6,5.15,5.15,4.50,-3.88,0.033991,4.35963107,0.243685,15.39645174
1260.00,1,1229.980,1,1229.980,101.002,93.564,4327.139,12.821,0.9672,76.4,0.062,46.0,0.439,34.1,97.4,106,80.7,4.64,638,3.52,4.57,577.304,2650.96,0.028,0.0486,36.9262,7.40,6.28,37.3,32.4,0.802,310,249,111,0.87,0.590,0.0595,0.0595,1.164,1034,1034,15,1,135,20.7,116.0,113.2,36.4,37.8,115,37.1,112,38.5,83.1,40.5,31.7,45.6,5.15,5.15,5.43,-4.06,0.033995,4.36249845,0.243718,15.40688770
1261.00,-1.$,1229.980,0,1229.980,101.048,93.548,4327.209,12.821,0.9673,76.4,0.668,46.0,0.439,34.1,100.6,106,80.7,4.64,638,3.49,4.58,577.304,2245.53,0.028,0.0486,36.9262,7.40,4.89,37.3,32.4,0.801,302,242,115,0.91,0.636,0.0595,0.0595,1.163,1033,1033,15,1,115,37.0,113.6,110.8,38.2,39.6,114,38.3,111,39.7,83.2,40.4,31.7,45.6,5.15,5.15,5.06,-3.76,0.033997,4.36536621,0.243770,15.41732324
1262.00,-1.$,1229.980,0,1229.980,101.071,93.528,4327.276,12.821,0.9674,76.4,-0.041,45.9,0.438,34.1,85.0,106,80.7,4.64,638,3.44,4.57,577.304,2242.89,0.029,0.0486,36.9262,7.40,4.92,37.3,32.4,0.802,310,248,88,0.75,0.211,0.0595,0.0595,1.164,1033,1033,15,1,115,37.0,111.9,109.2,39.5,40.8,112,39.7,109,41.0,83.2,40.3,31.6,45.6,5.15,5.15,4.40,-2.98,0.033997,4.36823492,0.243813,15.42776042
1263.00,-1.$,1229.980,0,1229.980,101.118,93.534,4327.343,12.821,0.9674,76.4,0.062,45.9,0.438,34.1,97.3,106,80.7,4.65,638,3.52,4.57,577.514,2521.10,0.029,0.0486,36.9215,7.40,7.07,37.3,32.4,0.802,309,248,111,0.87,0.588,0.0596,0.0596,1.163,1032,1032,15,1,159,0.6,114.6,111.9,37.2,38.5,112,38.9,110,40.3,83.2,40.3,31.6,45.6,5.15,5.15,5.54,-4.68,0.033996,4.37110238,0.243859,15.43819733
1264.00,-1.$,1229.980,0,1229.980,101.166,93.551,4327.412,12.821,0.9672,76.4,0.668,45.9,0.438,34.1,100.6,106,80.7,4.65,638,3.49,4.57,577.514,2820.58,0.028,0.0486,36.9215,7.40,7.81,37.3,32.4,0.801,302,242,115,0.91,0.636,0.0596,0.0596,1.163,1033,1033,15,1,160,0.3,118.3,115.6,34.4,35.8,116,36.2,113,37.7,83.1,40.5,31.6,45.6,5.15,5.15,5.15,-4.13,0.033997,4.37397013,0.243911,15.44863410
1265.00,-1.$,1229.980,0,1229.980,101.190,93.557,4327.479,12.821,0.9671,76.4,-0.041,45.9,0.438,34.1,85.0,106,80.7,4.65,638,3.43,4.57,577.514,2484.44,0.028,0.0486,36.9215,7.40,5.28,37.3,32.4,0.802,309,248,88,0.75,0.211,0.0596,0.0596,1.163,1034,1034,15,1,121,31.8,115.0,112.2,37.2,38.6,115,37.5,112,38.9,83.1,40.5,31.6,45.6,5.15,5.15,4.43,-3.27,0.034000,4.37683887,0.243954,15.45907291
1266.00,-1.$,1229.980,0,1229.980,101.237,93.564,4327.546,12.821,0.9673,76.4,0.062,45.9,0.438,34.1,97.4,106,80.7,4.65,638,3.52,4.57,577.514,2243.05,0.029,0.0486,36.9215,7.40,4.92,37.3,32.4,0.802,309,248,111,0.87,0.588,0.0596,0.0596,1.163,1033,1033,15,1,115,37.0,113.0,110.3,38.7,40.0,113,38.8,110,40.2,83.1,40.4,31.6,45.6,5.15,5.15,5.40,-3.77,0.034002,4.37970654,0.243999,15.46951201
1267.00,-1.$,1229.980,0,1229.980,101.281,93.560,4327.614,12.821,0.9674,76.4,0.668,45.9,0.438,34.1,100.6,106,80.7,4.65,638,3.49,4.57,577.514,2242.89,0.029,0.0486,36.9215,7.40,4.92,37.3,32.4,0.801,302,242,115,0.91,0.635,0.0597,0.0597,1.163,1033,1033,15,1,115,37.0,111.5,108.8,39.9,41.2,111,40.1,108,41.4,83.2,40.3,31.6,45.6,5.15,5.15,5.00,-3.50,0.034001,4.38257468,0.244051,15.47995150
1268.00,-1.$,1229.980,0,1229.980,101.303,93.562,4327.680,12.821,0.9673,76.4,-0.041,45.9,0.438,34.1,85.1,106,80.7,4.65,638,3.43,4.57,577.710,2670.28,0.029,0.0486,36.9157,7.41,7.68,37.3,32.4,0.802,309,248,88,0.75,0.211,0.0597,0.0597,1.163,1033,1033,15,1,160,0.3,116.8,114.0,35.5,36.9,114,37.4,112,38.8,83.1,40.3,31.6,45.6,5.15,5.15,4.55,-4.12,0.034001,4.38544380,0.244093,15.49039357
1269.00,-1.$,1229.980,0,1229.980,101.346,93.572,4327.747,12.821,0.9671,76.4,0.062,45.9,0.438,34.1,97.4,106,80.7,4.65,638,3.52,4.57,577.710,2780.03,0.028,0.0486,36.9157,7.41,7.25,37.3,32.4,0.802,308,247,111,0.87,0.588,0.0597,0.0597,1.163,1034,1034,15,1,155,4.0,117.4,114.6,35.2,36.6,116,36.6,113,38.1,83.0,40.5,31.6,45.6,5.14,5.14,5.45,-4.15,0.034003,4.38831170,0.244138,15.50083640
1270.00,-1.$,1229.980,0,1229.980,101.386,93.577,4327.814,12.821,0.9671,76.4,0.668,45.8,0.438,34.1,100.6,106,80.7,4.65,638,3.49,4.57,577.710,2301.25,0.028,0.0486,36.9157,7.41,4.42,37.3,32.4,0.801,301,241,115,0.91,0.635,0.0597,0.0597,1.163,1034,1034,15,1,116,36.3,114.3,111.5,37.8,39.2,114,37.9,111,39.3,83.0,40.4,31.6,45.6,5.14,5.14,5.09,-3.86,0.034006,4.39118003,0.244188,15.51128011
1271.00,-1.$,1229.980,0,1229.980,101.406,93.575,4327.880,12.821,0.9672,76.4,-0.041,45.8,0.438,34.1,85.1,106,80.7,4.65,638,3.43,4.57,577.710,2242.90,0.029,0.0486,36.9157,7.41,4.92,37.3,32.4,0.802,308,247,88,0.75,0.211,0.0598,0.0598,1.163,1033,1033,15,1,115,37.0,112.5,109.8,39.1,40.4,112,39.2,110,40.6,83.1,40.3,31.6,45.6,5.14,5.14,4.42,-3.04,0.034007,4.39404945,0.244229,15.52172682
1272.00,-1.$,1229.980,0,1229.980,101.442,93.571,4327.947,12.876,0.9673,76.4,0.062,45.8,0.438,34.1,97.4,106,80.7,4.65,638,3.51,4.57,577.896,2347.94,0.029,0.0486,36.9163,7.44,6.17,37.3,32.4,0.802,308,247,111,0.87,0.587,0.0598,0.0598,1.163,1032,1032,15,1,150,8.3,111.9,109.3,39.4,40.6,111,40.2,108,41.4,83.1,40.3,31.6,45.6,5.14,5.14,5.45,-3.98,0.034006,4.39691774,0.244272,15.53217461
1273.00,-1.$,1229.980,0,1229.980,101.477,93.577,4328.014,12.876,0.9671,76.4,0.668,45.8,0.438,34.1,100.6,106,80.7,4.65,638,3.48,4.56,577.896,2782.12,0.028,0.0486,36.9163,7.44,7.97,37.3,32.4,0.801,301,241,115,0.91,0.634,0.0598,0.0598,1.163,1033,1033,15,1,160,0.3,118.1,115.4,34.4,35.9,116,36.3,113,37.8,83.0,40.4,31.6,45.6,5.14,5.14,5.21,-4.58,0.034006,4.39978637,0.244321,15.54262353
1274.00,-1.$,1229.980,0,1229.980,101.494,93.581,4328.080,12.876,0.9670,76.4,-0.041,45.8,0.438,34.1,85.1,106,80.8,4.65,638,3.43,4.56,577.896,2660.07,0.028,0.0486,36.9163,7.44,6.34,37.3,32.4,0.802,308,247,88,0.75,0.211,0.0598,0.0598,1.163,1034,1034,15,1,136,19.7,116.0,113.3,36.3,37.7,115,37.0,112,38.5,83.0,40.5,31.5,45.6,5.14,5.14,4.45,-3.34,0.034009,4.40265595,0.244361,15.55307565
1275.00,-1.$,1229.980,0,1229.980,101.526,93.584,4328.146,12.876,0.9671,76.4,0.062,45.8,0.438,34.1,97.4,106,80.8,4.65,638,3.51,4.56,577.896,2246.00,0.029,0.0486,36.9163,7.44,4.89,37.3,32.4,0.802,308,247,111,0.87,0.586,0.0599,0.0599,1.162,1033,1033,15,1,115,36.9,113.6,110.8,38.2,39.6,113,38.3,111,39.7,83.0,40.4,31.5,45.6,5.14,5.14,5.43,-3.86,0.034011,4.40552442,0.244403,15.56352904
1276.00,-1.$,1229.980,0,1229.980,101.555,93.572,4328.213,12.876,0.9673,76.4,0.668,45.8,0.438,34.1,100.6,106,80.7,4.65,638,3.48,4.56,577.896,2242.89,0.029,0.0486,36.9163,7.44,4.92,37.3,32.4,0.801,301,241,115,0.91,0.633,0.0599,0.0599,1.162,1033,1033,15,1,115,37.0,112.0,109.3,39.5,40.8,112,39.6,109,41.0,83.1,40.3,31.5,45.6,5.14,5.14,5.03,-3.58,0.034011,4.40839331,0.244451,15.57398366
1277.00,-1.$,1229.980,0,1229.980,101.569,93.579,4328.278,12.876,0.9673,76.4,-0.041,45.8,0.438,34.1,85.1,106,80.8,4.65,638,3.43,4.56,578.075,2521.46,0.029,0.0486,36.9092,7.44,7.07,37.3,32.4,0.802,308,247,88,0.75,0.210,0.0599,0.0599,1.162,1032,1032,15,1,159,0.6,114.6,111.9,37.2,38.5,113,38.9,110,40.3,83.1,40.3,31.5,45.6,5.14,5.14,4.56,-3.99,0.034010,4.41126319,0.244489,15.58444153
1278.00,-1.$,1229.980,0,1229.980,101.596,93.591,4328.344,12.876,0.9670,76.4,0.062,45.8,0.438,34.1,97.4,106,80.8,4.65,638,3.51,4.56,578.075,2821.15,0.028,0.0486,36.9092,7.44,7.81,37.3,32.4,0.802,308,247,111,0.87,0.586,0.0599,0.0599,1.162,1033,1033,15,1,160,0.3,118.3,115.5,34.4,35.8,116,36.2,113,37.7,83.0,40.5,31.5,45.6,5.14,5.14,5.48,-4.23,0.034011,4.41413187,0.244530,15.59490071
1279.00,-1.$,1229.980,0,1229.980,101.621,93.596,4328.411,12.876,0.9670,76.4,0.668,45.8,0.438,34.1,100.6,106,80.8,4.65,638,3.48,4.56,578.075,2484.10,0.028,0.0486,36.9092,7.44,5.28,37.3,32.4,0.801,301,241,115,0.91,0.633,0.0600,0.0600,1.162,1034,1034,15,1,121,31.8,115.0,112.2,37.2,38.6,115,37.4,112,38.9,82.9,40.5,31.5,45.6,5.14,5.14,5.13,-3.93,0.034014,4.41700092,0.244576,15.60536120
1280.00,-1.$,1229.980,0,1229.980,101.632,93.597,4328.477,12.876,0.9671,76.4,-0.041,45.8,0.438,34.1,85.1,106,80.8,4.65,638,3.43,4.57,578.075,2243.05,0.029,0.0486,36.9092,7.44,4.92,37.3,32.4,0.802,308,247,88,0.75,0.210,0.0600,0.0600,1.162,1033,1033,15,1,115,37.0,113.0,110.3,38.7,40.0,113,38.8,110,40.1,83.0,40.4,31.5,45.6,5.13,5.13,4.44,-3.10,0.034015,4.41987104,0.244613,15.61582502
1281.00,-1.$,1229.980,0,1229.980,101.653,93.585,4328.542,12.876,0.9672,76.4,0.062,45.8,0.438,34.1,97.4,106,80.8,4.65,638,3.51,4.56,578.075,2242.89,0.029,0.0486,36.9092,7.44,4.92,37.3,32.4,0.802,308,247,111,0.87,0.585,0.0600,0.0600,1.162,1033,1033,15,1,115,37.0,111.4,108.7,39.9,41.2,111,40.1,108,41.4,83.0,40.3,31.5,45.6,5.13,5.13,5.42,-3.60,0.034014,4.42274002,0.244652,15.62629015
1282.00,-1.$,1229.980,0,1229.980,101.671,93.598,4328.609,12.876,0.9671,76.4,0.668,45.8,0.438,34.1,100.6,106,80.8,4.65,638,3.48,4.56,578.285,2679.00,0.029,0.0486,36.9067,7.45,7.71,37.3,32.4,0.801,301,241,115,0.91,0.632,0.0600,0.0600,1.162,1033,1033,15,1,160,0.3,116.9,114.2,35.4,36.8,115,37.2,112,38.7,83.0,40.4,31.5,45.6,5.13,5.13,5.24,-4.77,0.034014,4.42560934,0.244698,15.63675657
1283.00,-1.$,1229.980,0,1229.980,101.680,93.603,4328.675,12.876,0.9669,76.4,-0.041,45.8,0.438,34.1,85.1,106,80.8,4.65,638,3.43,4.56,578.285,2775.36,0.028,0.0486,36.9067,7.45,7.21,37.3,32.4,0.802,308,247,88,0.75,0.210,0.0601,0.0601,1.162,1034,1034,15,1,154,4.7,117.3,114.6,35.2,36.6,116,36.6,113,38.1,82.9,40.5,31.5,45.6,5.13,5.13,4.48,-3.41,0.034016,4.42847962,0.244733,15.64722630
1284.00,-1.$,1229.980,0,1229.980,101.696,93.607,4328.740,12.876,0.9670,76.4,0.062,45.8,0.437,34.1,97.2,106,80.8,4.66,638,3.50,4.56,578.285,2291.80,0.028,0.0486,36.9067,7.45,4.49,37.3,32.4,0.802,308,247,110,0.86,0.578,0.0601,0.0601,1.162,1034,1034,15,1,115,36.4,114.2,111.4,37.8,39.2,114,37.9,111,39.3,82.9,40.4,31.5,45.6,5.13,5.13,5.42,-3.94,0.034019,4.43134886,0.244771,15.65769743
1285.00,-1.$,1229.980,0,1229.980,101.702,94.463,4328.806,12.876,0.9671,76.4,-0.062,45.1,0.433,34.1,105.4,106,81.7,4.59,638,3.50,4.55,578.285,2242.90,0.029,0.0486,36.9067,7.45,4.92,37.3,32.4,0.802,303,243,124,0.95,0.797,0.0601,0.0601,1.189,1033,1033,15,1,115,37.0,112.5,109.7,39.1,40.4,112,39.2,110,40.6,83.0,40.3,31.5,45.6,5.13,5.13,5.51,-3.96,0.034019,4.43422026,0.244811,15.66817113
1286.00,-1.$,1229.980,0,1229.980,101.649,94.143,4328.872,12.876,0.9672,76.4,0.064,45.1,0.433,34.1,82.1,106,82.0,4.58,638,3.44,4.54,578.472,2357.94,0.029,0.0486,36.9062,7.45,6.24,37.3,32.4,0.802,307,246,82,0.72,0.119,0.0602,0.0602,1.187,1032,1032,15,1,151,7.0,112.0,109.4,39.2,40.5,111,40.1,108,41.4,83.0,40.3,31.5,45.6,5.13,5.13,4.25,-3.22,0.034018,4.43709568,0.244847,15.67865095
1287.00,-1.$,1229.980,0,1229.980,101.606,93.569,4328.937,12.876,0.9670,76.4,0.177,45.5,0.436,34.1,93.2,106,81.0,4.62,638,3.48,4.55,578.472,2787.24,0.028,0.0486,36.9062,7.45,7.98,37.3,32.4,0.802,307,247,102,0.83,0.453,0.0602,0.0602,1.170,1033,1033,15,1,160,0.3,118.1,115.4,34.4,35.9,116,36.3,113,37.8,82.9,40.4,31.5,45.6,5.13,5.13,5.19,-4.41,0.034018,4.43996955,0.244882,15.68913520
1288.00,-1.$,1229.980,0,1229.980,101.536,93.228,4329.004,12.876,0.9668,76.4,-0.032,45.7,0.438,34.1,104.9,105,80.5,4.64,638,3.51,4.55,578.472,2650.95,0.028,0.0486,36.9062,7.45,6.28,37.3,32.4,0.802,303,243,123,0.95,0.777,0.0602,0.0602,1.161,1034,1034,15,1,135,20.8,115.9,113.2,36.4,37.8,115,37.0,112,38.5,82.8,40.5,31.5,45.6,5.13,5.13,5.72,-4.42,0.034021,4.44284059,0.244923,15.69962164
1289.00,-1.$,1229.980,0,1229.980,101.499,93.228,4329.071,12.876,0.9669,76.4,0.064,45.7,0.438,34.1,81.5,105,80.4,4.64,638,3.44,4.56,578.472,2245.48,0.028,0.0486,36.9062,7.45,4.90,37.3,32.4,0.802,308,246,81,0.72,0.098,0.0602,0.0602,1.160,1033,1033,15,1,115,37.0,113.5,110.7,38.3,39.6,113,38.3,111,39.7,82.8,40.4,31.5,45.6,5.13,5.13,4.22,-3.00,0.034024,4.44571094,0.244959,15.71011109
1290.00,-1.$,1229.980,0,1229.980,101.492,93.257,4329.136,12.876,0.9671,76.4,0.177,45.7,0.438,34.1,93.2,105,80.4,4.64,638,3.48,4.55,578.472,2242.89,0.029,0.0486,36.9062,7.45,4.92,37.3,32.4,0.802,307,247,103,0.83,0.453,0.0602,0.0602,1.161,1033,1033,15,1,115,37.0,111.8,109.1,39.5,40.8,112,39.7,109,41.0,82.9,40.3,31.5,45.6,5.13,5.13,5.09,-3.44,0.034023,4.44857920,0.244992,15.72060106
1291.00,-1.$,1229.980,0,1229.980,101.497,93.349,4329.203,12.876,0.9670,76.4,-0.032,45.7,0.438,34.1,105.1,105,80.5,4.64,638,3.51,4.56,578.648,2531.89,0.029,0.0486,36.9189,7.45,7.12,37.3,32.4,0.802,303,243,124,0.95,0.784,0.0603,0.0603,1.162,1032,1032,15,1,159,0.5,114.7,112.0,37.0,38.4,113,38.8,110,40.2,82.9,40.3,31.4,45.6,5.12,5.12,5.78,-5.02,0.034023,4.45144672,0.245032,15.73109003
1292.00,-1.$,1229.980,0,1229.980,101.519,93.446,4329.269,12.876,0.9669,76.4,0.064,45.7,0.438,34.1,81.7,105,80.6,4.64,638,3.44,4.56,578.648,2821.35,0.028,0.0486,36.9189,7.45,7.79,37.3,32.4,0.802,308,247,81,0.72,0.105,0.0603,0.0603,1.163,1033,1033,15,1,160,0.3,118.2,115.5,34.4,35.8,116,36.2,113,37.8,82.8,40.4,31.4,45.6,5.12,5.12,4.25,-3.28,0.034024,4.45431563,0.245067,15.74158009
1293.00,-1.$,1229.980,0,1229.980,101.534,93.486,4329.334,12.876,0.9668,76.4,0.177,45.7,0.437,34.1,93.4,105,80.7,4.64,638,3.48,4.56,578.648,2472.41,0.028,0.0486,36.9189,7.45,5.22,37.3,32.4,0.802,307,247,103,0.83,0.460,0.0603,0.0603,1.163,1034,1034,15,1,120,32.3,114.8,112.1,37.3,38.7,115,37.5,112,39.0,82.8,40.5,31.4,45.6,5.12,5.12,5.13,-3.77,0.034028,4.45718389,0.245100,15.75207005
1294.00,-1.$,1229.980,0,1229.980,101.566,93.545,4329.400,12.876,0.9670,76.4,-0.032,45.7,0.437,34.1,105.3,106,80.7,4.64,638,3.51,4.56,578.648,2243.02,0.029,0.0486,36.9189,7.45,4.92,37.3,32.4,0.802,303,243,124,0.95,0.790,0.0603,0.0603,1.164,1033,1033,15,1,115,37.0,112.9,110.2,38.7,40.0,113,38.8,110,40.2,82.8,40.3,31.4,45.6,5.12,5.12,5.66,-4.11,0.034030,4.46005233,0.245139,15.76255933
1295.00,-1.$,1229.980,0,1229.980,101.598,93.592,4329.466,12.876,0.9670,76.4,0.064,45.7,0.437,34.1,81.9,106,80.8,4.65,638,3.44,4.56,578.648,2242.89,0.029,0.0486,36.9189,7.45,4.92,37.3,32.4,0.802,308,247,81,0.72,0.109,0.0604,0.0604,1.164,1033,1033,15,1,115,37.0,111.3,108.6,39.9,41.2,111,40.2,108,41.5,82.9,40.3,31.4,45.6,5.12,5.12,4.21,-2.80,0.034030,4.46292264,0.245173,15.77305052
1296.00,-1.$,1229.980,0,1229.980,101.613,93.610,4329.530,12.876,0.9669,76.4,0.177,45.7,0.437,34.1,93.5,106,80.8,4.65,638,3.48,4.56,578.832,2687.55,0.029,0.0486,36.9327,7.45,7.74,37.3,32.4,0.802,307,247,103,0.83,0.463,0.0604,0.0604,1.163,1033,1033,15,1,160,0.3,116.9,114.2,35.3,36.7,115,37.2,112,38.7,82.8,40.4,31.4,45.6,5.12,5.12,5.25,-4.63,0.034029,4.46579234,0.245205,15.78354261
1297.00,-1.$,1229.980,0,1229.980,101.639,93.642,4329.597,12.876,0.9667,76.4,-0.032,45.8,0.437,34.1,105.4,106,80.8,4.65,638,3.51,4.56,578.832,2770.36,0.028,0.0486,36.9327,7.45,7.16,37.3,32.4,0.802,303,243,124,0.95,0.793,0.0604,0.0604,1.163,1034,1034,15,1,153,5.4,117.2,114.4,35.3,36.7,116,36.7,113,38.2,82.7,40.5,31.4,45.6,5.12,5.12,5.75,-4.51,0.034032,4.46866202,0.245244,15.79403504
1298.00,-1.$,1229.980,0,1229.980,101.660,93.657,4329.662,12.876,0.9668,76.4,0.064,45.8,0.437,34.1,81.9,106,80.8,4.65,638,3.44,4.56,578.832,2283.84,0.028,0.0486,36.9327,7.45,4.56,37.3,32.4,0.802,308,247,81,0.72,0.110,0.0604,0.0604,1.163,1034,1034,15,1,115,36.5,114.1,111.3,37.9,39.3,114,37.9,111,39.4,82.7,40.5,31.4,45.6,5.12,5.12,4.23,-3.08,0.034035,4.47153338,0.245277,15.80453030
1299.00,-1.$,1229.980,0,1229.980,101.668,93.636,4329.727,12.876,0.9669,76.4,0.177,45.7,0.437,34.1,93.5,106,80.8,4.65,638,3.48,4.57,578.832,2242.90,0.029,0.0486,36.9327,7.45,4.92,37.3,32.4,0.802,307,247,103,0.83,0.463,0.0605,0.0605,1.164,1033,1033,15,1,114,37.0,112.3,109.6,39.2,40.5,112,39.3,109,40.7,82.8,40.3,31.4,45.6,5.12,5.12,5.11,-3.50,0.034036,4.47440403,0.245308,15.81502721
1300.00,-1.$,1229.980,0,1229.980,101.679,93.654,4329.793,12.876,0.9670,76.4,-0.032,45.8,0.437,34.1,105.4,106,80.8,4.65,638,3.51,4.57,579.017,2368.09,0.029,0.0486,36.9512,7.46,6.30,37.3,32.4,0.802,303,243,124,0.95,0.792,0.0605,0.0605,1.162,1032,1032,15,1,153,5.8,112.1,109.4,39.2,40.4,111,40.1,108,41.4,82.8,40.3,31.4,45.6,5.12,5.12,5.67,-4.39,0.034035,4.47727455,0.245345,15.82552496
1301.00,-1.$,1229.980,0,1229.980,101.685,93.664,4329.859,12.876,0.9668,76.4,0.064,45.8,0.437,34.1,81.9,106,80.8,4.66,638,3.44,4.57,579.017,2792.14,0.028,0.0486,36.9512,7.46,7.98,37.3,32.4,0.802,308,246,81,0.72,0.110,0.0605,0.0605,1.162,1033,1033,15,1,160,0.3,118.1,115.4,34.4,35.8,116,36.3,113,37.8,82.8,40.4,31.4,45.6,5.11,5.11,4.31,-3.71,0.034036,4.48014656,0.245378,15.83602590
1302.00,-1.$,1229.980,0,1229.980,101.687,93.664,4329.923,12.876,0.9667,76.4,0.177,45.8,0.437,34.1,93.5,106,80.8,4.66,638,3.48,4.57,579.017,2641.60,0.028,0.0486,36.9512,7.46,6.21,37.3,32.4,0.802,307,247,103,0.83,0.463,0.0605,0.0605,1.162,1034,1034,15,1,133,21.8,115.7,113.0,36.5,37.9,115,37.1,112,38.6,82.7,40.5,31.4,45.6,5.11,5.11,5.15,-3.84,0.034039,4.48301768,0.245408,15.84652872
1303.00,-1.$,1229.980,0,1229.980,101.686,93.660,4329.990,12.876,0.9668,76.4,-0.032,45.8,0.437,34.1,105.4,106,80.8,4.66,638,3.51,4.57,579.017,2245.04,0.028,0.0486,36.9512,7.46,4.90,37.3,32.4,0.802,303,243,124,0.95,0.791,0.0606,0.0606,1.162,1033,1033,15,1,114,37.0,113.4,110.6,38.3,39.7,113,38.4,110,39.8,82.8,40.4,31.4,45.6,5.11,5.11,5.69,-4.19,0.034042,4.48588862,0.245444,15.85703257
1304.00,-1.$,1229.980,0,1229.980,101.681,93.641,4330.055,12.876,0.9669,76.4,0.064,45.8,0.437,34.1,81.9,106,80.8,4.66,638,3.44,4.57,579.017,2242.89,0.029,0.0486,36.9512,7.46,4.92,37.3,32.4,0.802,307,246,81,0.72,0.108,0.0606,0.0606,1.162,1033,1033,15,1,114,37.0,111.7,109.0,39.6,40.9,111,39.8,109,41.1,82.8,40.3,31.4,45.6,5.11,5.11,4.22,-2.85,0.034042,4.48876104,0.245475,15.86753960
1305.00,-1.$,1229.980,0,1229.980,101.677,93.643,4330.120,12.876,0.9669,76.4,0.177,45.8,0.437,34.1,93.5,106,80.8,4.66,638,3.48,4.57,579.252,2542.34,0.029,0.0486,36.9632,7.46,7.17,37.3,32.4,0.802,307,247,103,0.83,0.462,0.0606,0.0606,1.162,1032,1032,15,1,159,0.5,114.8,112.1,37.0,38.3,113,38.8,110,40.1,82.8,40.4,31.4,45.6,5.11,5.11,5.27,-4.53,0.034041,4.49163250,0.245504,15.87804842
1306.00,-1.$,1229.980,0,1229.980,101.669,93.648,4330.186,12.876,0.9667,76.4,-0.032,45.8,0.438,34.1,105.4,106,80.8,4.66,638,3.51,4.57,579.252,2821.34,0.028,0.0486,36.9632,7.46,7.76,37.3,32.4,0.802,303,243,124,0.95,0.790,0.0606,0.0606,1.162,1033,1033,15,1,160,0.3,118.1,115.4,34.5,35.9,116,36.3,113,37.8,82.7,40.5,31.4,45.6,5.11,5.11,5.78,-4.58,0.034043,4.49450364,0.245539,15.88855810
1307.00,-1.$,1229.980,0,1229.980,101.659,93.647,4330.252,12.876,0.9666,76.4,0.064,45.8,0.438,34.1,81.9,106,80.8,4.66,638,3.44,4.57,579.252,2460.56,0.028,0.0486,36.9632,7.46,5.15,37.3,32.4,0.802,307,246,81,0.72,0.108,0.0607,0.0607,1.162,1034,1034,15,1,120,32.8,114.7,111.9,37.3,38.7,114,37.5,112,39.0,82.7,40.5,31.4,45.6,5.11,5.11,4.25,-3.12,0.034046,4.49737617,0.245569,15.89907082
1308.00,-1.$,1229.980,0,1229.980,101.653,93.646,4330.317,12.876,0.9668,76.4,0.177,45.8,0.438,34.1,93.5,106,80.8,4.66,638,3.49,4.57,579.252,2243.00,0.028,0.0486,36.9632,7.46,4.92,37.3,32.4,0.802,307,247,103,0.83,0.461,0.0607,0.0607,1.162,1033,1033,15,1,114,37.0,112.8,110.0,38.8,40.1,113,38.9,110,40.3,82.7,40.4,31.4,45.6,5.11,5.11,5.13,-3.57,0.034048,4.50024783,0.245597,15.90958519
1309.00,-1.$,1229.980,0,1229.980,101.640,93.634,4330.383,12.876,0.9669,76.4,-0.032,45.8,0.438,34.1,105.4,106,80.8,4.66,638,3.51,4.57,579.252,2244.48,0.029,0.0487,36.9714,7.46,5.05,37.3,32.4,0.802,303,243,124,0.95,0.789,0.0607,0.0607,1.162,1033,1033,15,1,115,37.0,111.2,108.5,40.0,41.3,111,40.2,108,41.5,82.8,40.3,31.4,45.6,5.11,5.11,5.61,-3.95,0.034048,4.50311924,0.245631,15.92010022
1310.00,-1.$,1229.980,0,1229.980,101.626,93.638,4330.448,12.876,0.9668,76.4,0.064,45.8,0.438,34.1,81.9,106,80.8,4.66,638,3.44,4.57,579.486,2696.08,0.028,0.0487,36.9714,7.46,7.77,37.3,32.4,0.802,307,246,81,0.72,0.107,0.0607,0.0607,1.162,1033,1033,15,1,160,0.3,116.9,114.2,35.3,36.7,115,37.2,112,38.6,82.7,40.4,31.4,45.6,5.11,5.11,4.36,-3.96,0.034047,4.50599201,0.245661,15.93061810
1311.00,-1.$,1229.980,0,1229.980,101.619,93.641,4330.513,12.876,0.9666,76.4,0.177,45.8,0.438,34.1,93.5,106,80.8,4.66,638,3.49,4.57,579.486,2765.13,0.028,0.0487,36.9714,7.46,7.11,37.3,32.4,0.802,307,247,103,0.83,0.460,0.0607,0.0607,1.162,1034,1034,15,1,152,6.3,117.0,114.2,35.5,36.8,115,36.7,112,38.2,82.7,40.6,31.4,45.6,5.11,5.11,5.16,-3.92,0.034050,4.50886379,0.245687,15.94113745
1312.00,-1.$,1229.980,0,1229.980,101.606,93.643,4330.580,12.876,0.9667,76.4,-0.032,45.8,0.438,34.1,105.4,106,80.8,4.66,638,3.51,4.57,579.486,2277.05,0.028,0.0487,36.9714,7.46,4.61,37.3,32.4,0.802,303,243,124,0.95,0.788,0.0608,0.0608,1.162,1034,1034,15,1,115,36.7,114.0,111.1,37.9,39.3,114,38.0,111,39.4,82.7,40.5,31.4,45.6,5.10,5.10,5.71,-4.29,0.034054,4.51173529,0.245720,15.95165733
1313.00,-1.$,1229.980,0,1229.980,101.591,93.636,4330.645,12.876,0.9668,76.4,0.064,45.8,0.438,34.1,81.9,106,80.8,4.65,638,3.44,4.57,579.486,2242.90,0.028,0.0487,36.9714,7.46,4.92,37.3,32.4,0.802,307,246,81,0.72,0.106,0.0608,0.0608,1.162,1033,1033,15,1,114,37.0,112.2,109.5,39.2,40.5,112,39.4,109,40.7,82.7,40.4,31.4,45.6,5.10,5.10,4.23,-2.90,0.034055,4.51460829,0.245749,15.96217997
1314.00,-1.$,1229.980,0,1229.980,101.583,93.635,4330.710,12.876,0.9668,76.4,0.177,45.8,0.438,34.1,93.5,106,80.8,4.65,638,3.49,4.57,579.721,2378.40,0.029,0.0487,36.9851,7.46,6.36,37.3,32.4,0.802,307,247,102,0.83,0.459,0.0608,0.0608,1.162,1032,1032,15,1,154,4.9,112.1,109.5,39.1,40.4,111,40.1,108,41.4,82.7,40.4,31.4,45.6,5.10,5.10,5.20,-3.95,0.034054,4.51748037,0.245776,15.97270395
1315.00,-1.$,1229.980,0,1229.980,101.567,93.640,4330.776,12.876,0.9666,76.4,-0.032,45.8,0.438,34.1,105.4,106,80.8,4.65,638,3.51,4.57,579.721,2796.89,0.028,0.0487,36.9851,7.46,7.99,37.3,32.4,0.802,303,243,124,0.95,0.788,0.0608,0.0608,1.162,1033,1033,15,1,160,0.3,118.1,115.3,34.4,35.8,116,36.3,113,37.8,82.7,40.5,31.4,45.7,5.10,5.10,5.83,-4.99,0.034055,4.52035211,0.245808,15.98322836
1316.00,-1.$,1229.980,0,1229.980,101.552,93.645,4330.842,12.876,0.9665,76.4,0.064,45.8,0.438,34.1,81.9,106,80.8,4.65,638,3.44,4.57,579.721,2632.01,0.028,0.0487,36.9851,7.46,6.15,37.3,32.4,0.802,307,246,81,0.72,0.106,0.0609,0.0609,1.162,1034,1034,15,1,132,22.8,115.6,112.9,36.6,38.0,115,37.2,112,38.6,82.6,40.6,31.4,45.7,5.10,5.10,4.27,-3.19,0.034058,4.52322523,0.245836,15.99375544
1317.00,-1.$,1229.980,0,1229.980,101.545,93.646,4330.907,12.876,0.9666,76.4,0.177,45.8,0.438,34.1,93.5,106,80.8,4.65,638,3.49,4.57,579.721,2244.68,0.028,0.0487,36.9851,7.46,4.90,37.3,32.4,0.802,307,247,102,0.83,0.458,0.0609,0.0609,1.162,1033,1033,15,1,114,37.0,113.3,110.5,38.4,39.8,113,38.5,110,39.9,82.7,40.5,31.4,45.7,5.10,5.10,5.14,-3.64,0.034061,4.52609746,0.245861,16.00428383
1318.00,-1.$,1229.980,0,1229.980,101.529,93.632,4330.973,12.876,0.9668,76.4,-0.032,45.8,0.438,34.1,105.4,106,80.8,4.65,638,3.51,4.57,579.721,2242.89,0.029,0.0487,36.9851,7.46,4.92,37.3,32.4,0.802,303,243,123,0.95,0.787,0.0609,0.0609,1.162,1033,1033,15,1,114,37.1,111.6,108.9,39.6,40.9,111,39.8,109,41.2,82.7,40.4,31.4,45.7,5.10,5.10,5.64,-3.97,0.034061,4.52896943,0.245893,16.01481257
1319.00,-1.$,1229.980,0,1229.980,101.513,93.646,4331.038,12.876,0.9668,76.4,0.064,45.8,0.438,34.1,81.9,106,80.8,4.65,638,3.44,4.57,579.962,2552.83,0.029,0.0487,37.0047,7.47,7.22,37.3,32.4,0.802,307,246,81,0.72,0.105,0.0609,0.0609,1.163,1032,1032,15,1,159,0.5,114.9,112.2,36.9,38.2,113,38.7,110,40.1,82.7,40.4,31.4,45.7,5.10,5.10,4.37,-3.91,0.034060,4.53184283,0.245921,16.02534390
1320.00,-1.$,1229.980,0,1229.980,101.506,93.650,4331.103,12.876,0.9665,76.4,0.177,45.8,0.438,34.1,93.5,106,80.8,4.65,638,3.49,4.57,579.962,2821.12,0.028,0.0487,37.0047,7.47,7.74,37.3,32.4,0.802,307,247,102,0.83,0.458,0.0610,0.0610,1.163,1033,1033,15,1,160,0.4,118.0,115.2,34.6,36.0,116,36.4,113,37.9,82.6,40.6,31.4,45.7,5.10,5.10,5.18,-3.98,0.034062,4.53471526,0.245946,16.03587648
1321.00,-1.$,1229.980,0,1229.980,101.490,93.653,4331.170,12.876,0.9665,76.4,-0.032,45.8,0.438,34.1,105.4,106,80.8,4.65,638,3.51,4.57,579.962,2448.52,0.028,0.0487,37.0047,7.47,5.08,37.3,32.4,0.802,303,243,123,0.95,0.787,0.0610,0.0610,1.163,1034,1034,15,1,119,33.2,114.6,111.8,37.4,38.8,114,37.6,112,39.1,82.6,40.6,31.4,45.7,5.10,5.10,5.74,-4.36,0.034066,4.53758741,0.245977,16.04640941
1322.00,-1.$,1229.980,0,1229.980,101.474,93.635,4331.235,12.876,0.9666,76.4,0.064,45.8,0.438,34.1,81.9,106,80.8,4.65,638,3.44,4.57,579.962,2242.98,0.028,0.0487,37.0047,7.47,4.92,37.3,32.4,0.802,307,246,81,0.72,0.104,0.0610,0.0610,1.164,1033,1033,15,1,114,37.1,112.7,109.9,38.8,40.2,113,39.0,110,40.3,82.6,40.5,31.4,45.7,5.09,5.09,4.24,-2.96,0.034068,4.54046105,0.246004,16.05694496
1323.00,-1.$,1229.980,0,1229.980,101.465,93.638,4331.300,12.876,0.9668,76.4,0.177,45.8,0.438,34.1,93.5,106,80.8,4.65,638,3.49,4.57,579.962,2247.46,0.029,0.0487,37.0183,7.47,5.17,37.3,32.4,0.802,307,247,102,0.83,0.458,0.0610,0.0610,1.163,1033,1033,15,1,115,36.7,111.0,108.3,40.1,41.4,111,40.3,108,41.6,82.7,40.4,31.4,45.7,5.09,5.09,5.12,-3.45,0.034067,4.54333376,0.246028,16.06748170
1324.00,-1.$,1229.980,0,1229.980,101.449,93.649,4331.366,12.876,0.9666,76.4,-0.032,45.9,0.438,34.1,105.4,106,80.8,4.65,638,3.51,4.57,580.263,2704.59,0.028,0.0487,37.0183,7.47,7.80,37.3,32.4,0.802,303,243,123,0.95,0.786,0.0611,0.0611,1.163,1033,1033,15,1,160,0.3,117.0,114.3,35.2,36.6,115,37.1,112,38.6,82.6,40.5,31.4,45.7,5.09,5.09,5.85,-5.22,0.034067,4.54620616,0.246059,16.07801875
1325.00,-1.$,1229.980,0,1229.980,101.433,93.655,4331.432,12.876,0.9665,76.4,0.064,45.9,0.438,34.1,81.9,106,80.8,4.65,638,3.45,4.57,580.263,2759.66,0.028,0.0487,37.0183,7.47,7.06,37.3,32.4,0.802,307,246,81,0.72,0.104,0.0611,0.0611,1.163,1034,1034,15,1,151,7.2,116.8,114.1,35.5,36.9,115,36.8,112,38.3,82.6,40.6,31.4,45.7,5.09,5.09,4.28,-3.25,0.034070,4.54907994,0.246085,16.08855835
1326.00,-1.$,1229.980,0,1229.980,101.425,93.655,4331.497,12.876,0.9665,76.4,0.177,45.9,0.438,34.1,93.5,106,80.8,4.65,638,3.49,4.57,580.263,2271.30,0.028,0.0487,37.0183,7.47,4.66,37.3,32.4,0.802,307,247,102,0.83,0.457,0.0611,0.0611,1.163,1034,1034,15,1,115,36.8,113.8,111.0,38.0,39.4,114,38.1,111,39.5,82.6,40.5,31.4,45.7,5.09,5.09,5.15,-3.72,0.034073,4.55195281,0.246108,16.09909917
1327.00,-1.$,1229.980,0,1229.980,101.408,93.645,4331.563,12.876,0.9667,76.4,-0.032,45.8,0.438,34.1,105.4,106,80.8,4.65,638,3.51,4.57,580.263,2242.90,0.028,0.0487,37.0183,7.47,4.92,37.3,32.4,0.802,303,243,123,0.95,0.785,0.0611,0.0611,1.164,1033,1033,15,1,114,37.1,112.1,109.4,39.3,40.6,112,39.4,109,40.8,82.7,40.4,31.4,45.7,5.09,5.09,5.66,-4.05,0.034074,4.55482545,0.246138,16.10964028
1328.00,-1.$,1229.980,0,1229.980,101.391,93.645,4331.629,12.876,0.9667,76.4,0.064,45.9,0.438,34.1,81.9,106,80.8,4.65,638,3.45,4.57,580.561,2388.87,0.028,0.0487,37.0244,7.48,6.41,37.3,32.4,0.802,307,246,81,0.72,0.103,0.0612,0.0612,1.163,1032,1032,15,1,155,4.1,112.2,109.6,39.0,40.3,111,40.1,108,41.4,82.7,40.4,31.4,45.7,5.09,5.09,4.31,-3.40,0.034073,4.55769952,0.246164,16.12018389
1329.00,-1.$,1229.980,0,1229.980,101.383,93.651,4331.694,12.876,0.9665,76.4,0.177,45.9,0.438,34.1,93.5,106,80.8,4.65,638,3.49,4.57,580.561,2801.57,0.028,0.0487,37.0244,7.48,7.99,37.3,32.4,0.802,307,247,102,0.83,0.457,0.0612,0.0612,1.163,1033,1033,15,1,160,0.3,118.0,115.3,34.4,35.9,116,36.3,113,37.8,82.6,40.5,31.4,45.7,5.09,5.09,5.23,-4.38,0.034074,4.56057258,0.246187,16.13072866
1330.00,-1.$,1229.980,0,1229.980,101.367,93.655,4331.760,12.876,0.9664,76.4,-0.032,45.9,0.438,34.1,105.4,106,80.8,4.65,638,3.51,4.57,580.561,2622.17,0.028,0.0487,37.0244,7.48,6.08,37.3,32.4,0.802,303,243,123,0.95,0.785,0.0612,0.0612,1.164,1034,1034,15,1,131,23.7,115.5,112.7,36.7,38.1,115,37.2,112,38.7,82.6,40.6,31.4,45.7,5.09,5.09,5.76,-4.44,0.034078,4.56344531,0.246216,16.14127367
1331.00,-1.$,1229.980,0,1229.980,101.350,93.656,4331.825,12.876,0.9665,76.4,0.064,45.9,0.438,34.1,81.9,106,80.8,4.65,638,3.45,4.57,580.561,2244.37,0.028,0.0487,37.0244,7.48,4.91,37.3,32.4,0.802,307,246,81,0.72,0.103,0.0612,0.0612,1.164,1033,1033,15,1,114,37.1,113.2,110.4,38.4,39.8,113,38.5,110,39.9,82.6,40.5,31.4,45.7,5.09,5.09,4.25,-3.01,0.034080,4.56631950,0.246242,16.15182118
1332.00,-1.$,1229.980,0,1229.980,101.342,93.650,4331.890,12.876,0.9667,76.4,0.177,45.9,0.438,34.1,93.5,106,80.8,4.65,638,3.49,4.57,580.561,2242.89,0.028,0.0487,37.0244,7.48,4.92,37.3,32.4,0.803,307,247,102,0.83,0.456,0.0612,0.0612,1.164,1033,1033,15,1,114,37.1,111.5,108.8,39.7,41.0,111,39.9,109,41.2,82.7,40.4,31.4,45.7,5.09,5.09,5.13,-3.45,0.034080,4.56919280,0.246264,16.16236981
1333.00,-1.$,1229.980,0,1229.980,101.325,93.647,4331.957,12.876,0.9666,76.4,-0.032,45.9,0.438,34.1,105.4,106,80.8,4.65,638,3.51,4.57,580.859,2563.36,0.028,0.0487,37.0316,7.48,7.27,37.3,32.4,0.802,303,243,123,0.95,0.784,0.0613,0.0613,1.164,1032,1032,15,1,159,0.4,115.0,112.3,36.8,38.1,113,38.6,110,40.0,82.6,40.5,31.4,45.7,5.08,5.08,5.83,-5.12,0.034079,4.57206579,0.246293,16.17291863
1334.00,-1.$,1229.980,0,1229.980,101.309,93.655,4332.022,12.876,0.9665,76.4,0.064,45.9,0.438,34.1,81.9,106,80.8,4.65,638,3.45,4.57,580.859,2820.68,0.028,0.0487,37.0316,7.48,7.71,37.3,32.4,0.802,307,246,80,0.72,0.102,0.0613,0.0613,1.164,1033,1033,15,1,159,0.4,117.9,115.2,34.6,36.0,116,36.4,113,37.9,82.6,40.6,31.4,45.7,5.08,5.08,4.28,-3.30,0.034081,4.57494012,0.246318,16.18346988
1335.00,-1.$,1229.980,0,1229.980,101.301,93.656,4332.087,12.876,0.9664,76.4,0.177,45.9,0.438,34.1,93.5,106,80.8,4.65,638,3.49,4.57,580.859,2436.31,0.028,0.0487,37.0316,7.48,5.02,37.3,32.4,0.803,307,247,102,0.83,0.455,0.0613,0.0613,1.164,1034,1034,15,1,119,33.7,114.5,111.7,37.5,38.9,114,37.7,111,39.1,82.6,40.6,31.4,45.7,5.08,5.08,5.17,-3.78,0.034085,4.57781348,0.246340,16.19402223
1336.00,-1.$,1229.980,0,1229.980,101.286,93.641,4332.154,12.876,0.9666,76.4,-0.032,45.9,0.438,34.1,105.4,106,80.8,4.64,638,3.51,4.57,580.859,2242.97,0.028,0.0487,37.0316,7.48,4.92,37.3,32.4,0.802,303,243,123,0.95,0.783,0.0613,0.0613,1.165,1033,1033,15,1,114,37.1,112.6,109.9,38.9,40.2,112,39.0,110,40.4,82.6,40.5,31.4,45.7,5.08,5.08,5.69,-4.12,0.034086,4.58068659,0.246368,16.20457473
1337.00,-1.$,1229.980,0,1229.980,101.270,93.649,4332.219,12.876,0.9667,76.4,0.064,45.9,0.438,34.1,81.9,106,80.8,4.65,638,3.45,4.57,580.859,2256.80,0.028,0.0487,37.0454,7.48,5.38,37.3,32.4,0.802,307,246,80,0.72,0.101,0.0614,0.0614,1.164,1033,1033,15,1,118,34.4,111.0,108.3,40.1,41.4,111,40.3,108,41.6,82.7,40.4,31.4,45.7,5.08,5.08,4.24,-2.89,0.034086,4.58356111,0.246393,16.21512960
1338.00,-1.$,1229.980,0,1229.980,101.263,93.654,4332.284,12.931,0.9666,76.4,0.177,45.9,0.438,34.1,93.5,106,80.8,4.65,638,3.49,4.57,581.156,2720.34,0.028,0.0487,37.0454,7.51,7.85,37.3,32.4,0.803,307,247,102,0.83,0.455,0.0614,0.0614,1.164,1033,1033,15,1,160,0.3,117.2,114.4,35.1,36.5,115,37.0,112,38.5,82.6,40.5,31.4,45.7,5.08,5.08,5.28,-4.65,0.034086,4.58643466,0.246414,16.22568550
1339.00,-1.$,1229.980,0,1229.980,101.248,93.660,4332.350,12.931,0.9664,76.4,-0.032,45.9,0.438,34.1,105.4,106,80.8,4.65,638,3.51,4.57,581.156,2747.44,0.028,0.0487,37.0454,7.51,6.96,37.3,32.4,0.802,303,243,123,0.95,0.783,0.0614,0.0614,1.164,1034,1034,15,1,149,9.0,116.7,113.9,35.7,37.1,115,36.8,112,38.3,82.5,40.6,31.4,45.7,5.08,5.08,5.78,-4.52,0.034088,4.58930787,0.246442,16.23624151
1340.00,-1.$,1229.980,0,1229.980,101.233,93.661,4332.416,12.931,0.9664,76.4,0.064,45.9,0.438,34.1,81.9,106,80.8,4.65,638,3.45,4.57,581.156,2262.73,0.028,0.0487,37.0454,7.51,4.74,37.3,32.4,0.802,307,246,80,0.72,0.101,0.0614,0.0614,1.165,1034,1034,15,1,115,36.9,113.8,110.9,38.0,39.4,114,38.1,111,39.6,82.6,40.6,31.4,45.7,5.08,5.08,4.26,-3.08,0.034091,4.59218251,0.246466,16.24679991
1341.00,-1.$,1229.980,0,1229.980,101.226,93.642,4332.481,12.931,0.9666,76.4,0.177,45.9,0.438,34.1,93.5,106,80.8,4.64,638,3.49,4.57,581.156,2242.89,0.028,0.0487,37.0454,7.51,4.92,37.3,32.4,0.803,307,247,102,0.83,0.454,0.0614,0.0614,1.165,1033,1033,15,1,114,37.1,112.0,109.3,39.4,40.7,112,39.5,109,40.9,82.6,40.4,31.4,45.7,5.08,5.08,5.14,-3.51,0.034091,4.59505622,0.246487,16.25735932
1342.00,-1.$,1229.980,0,1229.980,101.211,93.651,4332.547,12.931,0.9666,76.4,-0.032,45.9,0.438,34.1,105.4,106,80.8,4.64,638,3.52,4.57,581.515,2420.18,0.028,0.0487,37.0379,7.52,6.58,37.3,32.4,0.802,303,243,123,0.95,0.782,0.0615,0.0615,1.165,1032,1032,15,1,157,2.4,112.8,110.1,38.6,39.9,111,39.9,108,41.2,82.6,40.4,31.4,45.7,5.08,5.08,5.74,-4.68,0.034090,4.59792961,0.246515,16.26791879
1343.00,-1.$,1229.980,0,1229.980,101.197,93.662,4332.613,12.931,0.9665,76.4,0.064,45.9,0.438,34.1,81.9,106,80.8,4.64,638,3.45,4.57,581.515,2812.08,0.028,0.0487,37.0379,7.52,7.98,37.3,32.4,0.802,307,246,80,0.72,0.101,0.0615,0.0615,1.165,1033,1033,15,1,160,0.3,118.2,115.4,34.4,35.8,116,36.2,113,37.7,82.6,40.5,31.4,45.7,5.07,5.07,4.32,-3.61,0.034091,4.60080433,0.246538,16.27848060
1344.00,-1.$,1229.980,0,1229.980,101.190,93.663,4332.678,12.931,0.9664,76.4,0.177,45.9,0.438,34.1,93.5,106,80.8,4.64,638,3.49,4.57,581.515,2591.65,0.028,0.0487,37.0379,7.52,5.89,37.3,32.4,0.803,307,247,102,0.82,0.454,0.0615,0.0615,1.165,1034,1034,15,1,128,26.2,115.3,112.5,36.9,38.2,115,37.3,112,38.8,82.5,40.6,31.4,45.7,5.07,5.07,5.18,-3.86,0.034094,4.60367806,0.246559,16.28904340
1345.00,-1.$,1229.980,0,1229.980,101.176,93.664,4332.744,12.931,0.9666,76.4,-0.032,45.9,0.438,34.1,105.4,106,80.8,4.64,638,3.52,4.58,581.515,2243.75,0.028,0.0487,37.0379,7.52,4.91,37.3,32.4,0.802,303,243,123,0.95,0.781,0.0615,0.0615,1.165,1033,1033,15,1,114,37.1,113.1,110.3,38.5,39.9,113,38.6,110,40.0,82.6,40.5,31.4,45.7,5.07,5.07,5.71,-4.20,0.034096,4.60655152,0.246586,16.29960629
1346.00,-1.$,1229.980,0,1229.980,101.162,93.652,4332.810,12.931,0.9667,76.4,0.064,45.9,0.438,34.1,81.9,106,80.8,4.64,638,3.45,4.57,581.515,2242.89,0.028,0.0487,37.0379,7.52,4.92,37.3,32.4,0.802,307,246,80,0.71,0.100,0.0616,0.0616,1.165,1033,1033,15,1,114,37.1,111.5,108.7,39.8,41.1,111,40.0,108,41.3,82.6,40.4,31.4,45.7,5.07,5.07,4.24,-2.86,0.034095,4.60942639,0.246609,16.31017150
1347.00,-1.$,1229.980,0,1229.980,101.155,93.654,4332.875,12.931,0.9666,76.4,0.177,45.9,0.438,34.1,93.5,106,80.8,4.64,638,3.49,4.57,581.844,2602.82,0.028,0.0487,37.0253,7.52,7.43,37.3,32.4,0.803,307,247,102,0.82,0.453,0.0616,0.0616,1.165,1033,1033,15,1,159,0.4,115.6,112.9,36.3,37.7,113,38.2,110,39.6,82.6,40.4,31.4,45.7,5.07,5.07,5.30,-4.67,0.034094,4.61230024,0.246630,16.32073766
1348.00,-1.$,1229.980,0,1229.980,101.141,93.661,4332.941,12.931,0.9664,76.4,-0.032,45.9,0.438,34.1,105.4,106,80.8,4.64,638,3.52,4.57,581.844,2813.37,0.028,0.0487,37.0253,7.52,7.58,37.3,32.4,0.802,303,243,123,0.95,0.781,0.0616,0.0616,1.165,1033,1033,15,1,159,0.9,117.8,115.0,34.7,36.2,116,36.5,113,38.0,82.6,40.6,31.4,45.7,5.07,5.07,5.80,-4.60,0.034096,4.61517370,0.246657,16.33130386
1349.00,-1.$,1229.980,0,1229.980,101.128,93.663,4333.007,12.931,0.9664,76.4,0.064,45.9,0.438,34.1,81.9,106,80.8,4.64,638,3.45,4.57,581.844,2388.88,0.028,0.0487,37.0253,7.52,4.77,37.3,32.4,0.802,307,246,80,0.71,0.099,0.0616,0.0616,1.165,1034,1034,15,1,117,34.9,114.4,111.6,37.6,39.0,114,37.7,111,39.2,82.6,40.6,31.4,45.7,5.07,5.07,4.27,-3.13,0.034099,4.61804851,0.246679,16.34187237
1350.00,-1.$,1229.980,0,1229.980,101.121,93.662,4333.072,12.931,0.9666,76.4,0.177,45.9,0.438,34.1,93.5,106,80.8,4.64,638,3.49,4.57,581.844,2242.93,0.028,0.0487,37.0253,7.52,4.92,37.3,32.4,0.803,307,247,102,0.82,0.452,0.0616,0.0616,1.165,1033,1033,15,1,114,37.1,112.5,109.8,39.0,40.3,112,39.1,110,40.5,82.6,40.4,31.4,45.7,5.07,5.07,5.15,-3.57,0.034099,4.62092239,0.246699,16.35244182
1351.00,-1.$,1229.980,0,1229.980,101.108,93.655,4333.138,12.931,0.9667,76.4,-0.032,45.9,0.438,34.1,105.4,106,80.8,4.64,638,3.52,4.57,581.844,2284.83,0.028,0.0487,37.0187,7.52,5.72,37.3,32.4,0.802,303,243,123,0.95,0.780,0.0617,0.0617,1.166,1033,1033,15,1,130,24.1,111.1,108.4,40.0,41.3,111,40.3,108,41.6,82.7,40.4,31.4,45.7,5.07,5.07,5.65,-4.07,0.034098,4.62379597,0.246726,16.36301129
1352.00,-1.$,1229.980,0,1229.980,101.094,93.659,4333.204,12.931,0.9666,76.4,0.064,45.9,0.438,34.1,81.9,106,80.8,4.64,638,3.45,4.57,582.142,2748.38,0.028,0.0487,37.0187,7.53,7.93,37.3,32.4,0.802,307,246,80,0.71,0.099,0.0617,0.0617,1.165,1033,1033,15,1,160,0.3,117.6,114.8,34.8,36.2,115,36.7,112,38.2,82.6,40.5,31.4,45.7,5.07,5.07,4.36,-3.91,0.034098,4.62667084,0.246749,16.37358301
1353.00,-1.$,1229.980,0,1229.980,101.088,93.662,4333.269,12.931,0.9664,76.4,0.177,45.9,0.438,34.1,93.5,106,80.8,4.64,638,3.49,4.57,582.142,2719.24,0.028,0.0487,37.0187,7.53,6.74,37.3,32.4,0.803,307,247,102,0.82,0.452,0.0617,0.0617,1.166,1034,1034,15,1,144,13.1,116.4,113.6,36.0,37.4,115,36.9,112,38.4,82.6,40.6,31.4,45.7,5.07,5.07,5.18,-3.92,0.034100,4.62954467,0.246768,16.38415564
1354.00,-1.$,1229.980,0,1229.980,101.076,93.664,4333.335,12.931,0.9665,76.4,-0.032,45.9,0.438,34.1,105.4,106,80.8,4.64,638,3.52,4.57,582.142,2252.68,0.028,0.0487,37.0187,7.53,4.83,37.3,32.4,0.802,303,243,122,0.95,0.779,0.0617,0.0617,1.166,1033,1033,15,1,115,37.0,113.7,110.8,38.1,39.5,114,38.2,111,39.6,82.6,40.5,31.4,45.7,5.07,5.07,5.72,-4.27,0.034103,4.63241819,0.246794,16.39472827
1355.00,-1.$,1229.980,0,1229.980,101.063,93.649,4333.401,12.931,0.9666,76.4,0.064,45.9,0.438,34.1,81.9,106,80.8,4.64,638,3.45,4.57,582.142,2242.89,0.028,0.0487,37.0187,7.53,4.92,37.3,32.4,0.802,307,246,80,0.71,0.098,0.0618,0.0618,1.166,1033,1033,15,1,114,37.1,112.0,109.2,39.4,40.7,112,39.6,109,40.9,82.6,40.4,31.4,45.7,5.06,5.06,4.25,-2.90,0.034103,4.63529308,0.246816,16.40530311
1356.00,-1.$,1229.980,0,1229.980,101.058,93.656,4333.466,12.931,0.9667,76.4,0.177,45.9,0.438,34.1,93.5,106,80.8,4.64,638,3.49,4.57,582.417,2462.25,0.028,0.0487,37.0223,7.53,6.80,37.3,32.4,0.803,307,247,101,0.82,0.451,0.0618,0.0618,1.166,1032,1032,15,1,158,1.2,113.5,110.8,38.0,39.3,112,39.6,109,40.9,82.7,40.4,31.4,45.7,5.06,5.06,5.27,-4.35,0.034101,4.63816699,0.246836,16.41587879
1357.00,-1.$,1229.980,0,1229.980,101.046,93.666,4333.532,12.931,0.9665,76.4,-0.032,45.9,0.438,34.1,105.4,106,80.8,4.64,638,3.52,4.57,582.417,2821.58,0.028,0.0487,37.0223,7.53,7.94,37.3,32.4,0.802,303,243,122,0.95,0.779,0.0618,0.0618,1.166,1033,1033,15,1,160,0.3,118.3,115.5,34.3,35.8,116,36.2,113,37.7,82.6,40.6,31.4,45.7,5.06,5.06,5.83,-4.82,0.034102,4.64104052,0.246862,16.42645442
1358.00,-1.$,1229.980,0,1229.980,101.035,93.669,4333.598,12.931,0.9664,76.4,0.064,45.9,0.438,34.1,81.9,106,80.8,4.64,638,3.45,4.57,582.417,2548.76,0.028,0.0487,37.0223,7.53,5.63,37.3,32.4,0.802,307,246,80,0.71,0.098,0.0618,0.0618,1.166,1034,1034,15,1,124,29.0,115.1,112.3,37.0,38.4,115,37.4,112,38.8,82.6,40.6,31.4,45.7,5.06,5.06,4.28,-3.18,0.034104,4.64391540,0.246883,16.43703226
1359.00,-1.$,1229.980,0,1229.980,101.029,93.668,4333.663,12.931,0.9666,76.4,0.177,45.9,0.438,34.1,93.5,106,80.8,4.64,638,3.49,4.58,582.417,2243.31,0.028,0.0487,37.0223,7.53,4.92,37.3,32.4,0.803,307,247,101,0.82,0.450,0.0618,0.0618,1.166,1033,1033,15,1,114,37.1,113.0,110.2,38.6,40.0,113,38.7,110,40.1,82.6,40.5,31.4,45.7,5.06,5.06,5.16,-3.63,0.034106,4.64678936,0.246903,16.44761100
1360.00,-1.$,1229.980,0,1229.980,101.018,93.654,4333.730,12.931,0.9667,76.4,-0.032,45.9,0.438,34.1,105.4,106,80.8,4.64,638,3.52,4.58,582.417,2242.89,0.029,0.0487,37.0223,7.53,4.92,37.3,32.4,0.802,303,243,122,0.94,0.778,0.0619,0.0619,1.166,1033,1033,15,1,114,37.1,111.4,108.7,39.9,41.2,111,40.1,108,41.4,82.7,40.4,31.4,45.7,5.06,5.06,5.65,-3.97,0.034105,4.64966301,0.246928,16.45818966
1361.00,-1.$,1229.980,0,1229.980,101.007,93.664,4333.795,12.931,0.9667,76.4,0.064,45.9,0.438,34.1,81.9,106,80.8,4.64,638,3.45,4.57,582.731,2640.47,0.028,0.0487,37.0200,7.54,7.59,37.3,32.4,0.802,307,246,80,0.71,0.097,0.0619,0.0619,1.166,1033,1033,15,1,159,0.3,116.2,113.5,35.9,37.3,114,37.8,111,39.2,82.7,40.4,31.4,45.7,5.06,5.06,4.39,-4.02,0.034104,4.65253799,0.246950,16.46877050
1362.00,-1.$,1229.980,0,1229.980,101.001,93.668,4333.860,12.931,0.9664,76.4,0.177,45.9,0.438,34.1,93.5,106,80.8,4.64,638,3.49,4.57,582.731,2800.99,0.028,0.0487,37.0200,7.54,7.43,37.3,32.4,0.803,307,247,101,0.82,0.450,0.0619,0.0619,1.166,1034,1034,15,1,157,2.1,117.5,114.8,35.0,36.4,116,36.6,113,38.1,82.6,40.6,31.4,45.7,5.06,5.06,5.19,-3.98,0.034105,4.65541193,0.246969,16.47935218
1363.00,-1.$,1229.980,0,1229.980,100.991,93.669,4333.927,12.931,0.9665,76.4,-0.032,45.9,0.438,34.1,105.4,106,80.8,4.64,638,3.52,4.58,582.731,2341.33,0.028,0.0487,37.0200,7.54,4.54,37.3,32.4,0.802,303,243,122,0.94,0.778,0.0619,0.0619,1.166,1034,1034,15,1,116,35.8,114.3,111.5,37.7,39.1,114,37.8,111,39.3,82.6,40.5,31.4,45.7,5.06,5.06,5.75,-4.34,0.034108,4.65828555,0.246994,16.48993380
1364.00,-1.$,1229.980,0,1229.980,100.980,93.661,4333.992,12.931,0.9666,76.4,0.064,45.9,0.438,34.1,81.9,106,80.8,4.64,638,3.45,4.58,582.731,2242.91,0.028,0.0487,37.0200,7.54,4.92,37.3,32.4,0.802,307,246,80,0.71,0.096,0.0620,0.0620,1.167,1033,1033,15,1,114,37.1,112.5,109.7,39.1,40.4,112,39.2,109,40.6,82.6,40.4,31.4,45.7,5.06,5.06,4.25,-2.95,0.034109,4.66116061,0.247015,16.50051763
1365.00,-1.$,1229.980,0,1229.980,100.974,93.659,4334.058,12.931,0.9667,76.4,0.177,45.9,0.438,34.1,93.5,106,80.8,4.64,638,3.49,4.58,582.731,2320.17,0.029,0.0487,37.0112,7.54,6.00,37.3,32.4,0.803,307,247,101,0.82,0.449,0.0620,0.0620,1.167,1033,1033,15,1,143,13.6,111.4,108.7,39.8,41.0,111,40.3,108,41.6,82.7,40.4,31.4,45.7,5.06,5.06,5.17,-3.70,0.034107,4.66403469,0.247034,16.51110227
1366.00,-1.$,1229.980,0,1229.980,100.963,93.664,4334.124,12.931,0.9665,76.4,-0.032,45.9,0.438,34.1,105.4,106,80.8,4.64,638,3.52,4.58,583.018,2772.81,0.028,0.0487,37.0112,7.54,7.98,37.3,32.4,0.802,303,243,122,0.94,0.777,0.0620,0.0620,1.166,1033,1033,15,1,160,0.3,117.9,115.1,34.6,36.0,116,36.4,113,38.0,82.6,40.5,31.4,45.7,5.06,5.06,5.87,-5.15,0.034107,4.66690838,0.247059,16.52168682
1367.00,-1.$,1229.980,0,1229.980,100.953,93.668,4334.190,12.931,0.9664,76.4,0.064,45.9,0.438,34.1,81.9,106,80.8,4.64,638,3.45,4.58,583.018,2686.94,0.028,0.0487,37.0112,7.54,6.50,37.3,32.4,0.802,307,246,80,0.71,0.096,0.0620,0.0620,1.167,1034,1034,15,1,139,17.3,116.1,113.4,36.2,37.6,115,37.0,112,38.5,82.6,40.6,31.4,45.7,5.05,5.05,4.28,-3.24,0.034109,4.66978339,0.247079,16.53227352
1368.00,-1.$,1229.980,0,1229.980,100.948,93.669,4334.255,12.931,0.9665,76.4,0.177,45.9,0.438,34.1,93.5,106,80.8,4.64,638,3.49,4.58,583.018,2247.71,0.028,0.0487,37.0112,7.54,4.87,37.3,32.4,0.803,307,247,101,0.82,0.449,0.0620,0.0620,1.167,1033,1033,15,1,115,37.0,113.5,110.7,38.2,39.6,113,38.3,111,39.7,82.6,40.5,31.4,45.7,5.05,5.05,5.16,-3.69,0.034112,4.67265745,0.247098,16.54286105
1369.00,-1.$,1229.980,0,1229.980,100.938,93.660,4334.321,12.931,0.9667,76.4,-0.032,45.9,0.438,34.1,105.4,106,80.8,4.64,638,3.52,4.58,583.018,2242.89,0.028,0.0487,37.0112,7.54,4.92,37.3,32.4,0.802,303,243,122,0.94,0.776,0.0621,0.0621,1.167,1033,1033,15,1,114,37.1,111.9,109.2,39.5,40.8,112,39.7,109,41.0,82.7,40.4,31.4,45.7,5.05,5.05,5.67,-4.03,0.034111,4.67553122,0.247123,16.55344846
1370.00,-1.$,1229.980,0,1229.980,100.927,93.661,4334.387,12.931,0.9667,76.4,0.064,45.9,0.438,34.1,81.9,106,80.8,4.64,638,3.45,4.58,583.284,2504.22,0.028,0.0487,37.0095,7.54,7.00,37.3,32.4,0.802,307,246,80,0.71,0.095,0.0621,0.0621,1.167,1032,1032,15,1,159,0.7,114.2,111.5,37.5,38.8,112,39.1,109,40.5,82.7,40.4,31.4,45.7,5.05,5.05,4.38,-3.85,0.034110,4.67840636,0.247143,16.56403799
1371.00,-1.$,1229.980,0,1229.980,100.923,93.666,4334.452,12.931,0.9665,76.4,0.177,45.9,0.438,34.1,93.5,106,80.8,4.64,638,3.50,4.58,583.284,2826.23,0.028,0.0487,37.0095,7.54,7.87,37.3,32.4,0.803,307,247,101,0.82,0.448,0.0621,0.0621,1.167,1033,1033,15,1,160,0.3,118.3,115.5,34.4,35.8,116,36.2,113,37.8,82.6,40.6,31.4,45.7,5.05,5.05,5.21,-4.09,0.034110,4.68128044,0.247161,16.57462830
1372.00,-1.$,1229.980,0,1229.980,100.914,93.670,4334.518,12.931,0.9665,76.4,-0.032,45.9,0.438,34.1,105.4,106,80.8,4.64,638,3.52,4.58,583.284,2503.82,0.028,0.0487,37.0095,7.54,5.38,37.3,32.4,0.802,303,243,122,0.94,0.776,0.0621,0.0621,1.167,1034,1034,15,1,122,31.3,115.0,112.2,37.2,38.6,115,37.4,112,38.9,82.6,40.6,31.4,45.7,5.05,5.05,5.76,-4.42,0.034114,4.68415417,0.247186,16.58521847
1373.00,-1.$,1229.980,0,1229.980,100.904,93.645,4334.584,12.931,0.9666,76.4,0.064,45.9,0.438,34.1,81.8,106,80.8,4.63,638,3.45,4.58,583.284,2243.10,0.028,0.0487,37.0095,7.54,4.92,37.3,32.4,0.802,307,246,80,0.71,0.094,0.0621,0.0621,1.168,1033,1033,15,1,114,37.1,113.0,110.2,38.7,40.1,113,38.8,110,40.2,82.6,40.5,31.4,45.7,5.05,5.05,4.26,-3.00,0.034115,4.68702931,0.247206,16.59581078
1374.00,-1.$,1229.980,0,1229.980,100.900,93.653,4334.649,12.931,0.9667,76.4,0.177,46.0,0.438,34.1,93.5,106,80.8,4.64,638,3.50,4.58,583.284,2242.89,0.029,0.0487,37.0095,7.54,4.92,37.3,32.4,0.803,307,247,101,0.82,0.447,0.0622,0.0622,1.167,1033,1033,15,1,114,37.1,111.3,108.6,40.0,41.3,111,40.2,108,41.5,82.7,40.4,31.4,45.7,5.05,5.05,5.14,-3.44,0.034113,4.68990346,0.247224,16.60640380
1375.00,-1.$,1229.980,0,1229.980,100.891,93.669,4334.716,12.931,0.9666,76.4,-0.032,46.0,0.438,34.1,105.4,106,80.8,4.64,638,3.52,4.58,583.532,2675.88,0.028,0.0487,37.0132,7.55,7.72,37.3,32.4,0.802,303,243,122,0.94,0.776,0.0622,0.0622,1.167,1033,1033,15,1,160,0.3,116.7,114.0,35.5,36.9,114,37.4,112,38.8,82.7,40.5,31.4,45.7,5.05,5.05,5.87,-5.27,0.034112,4.69277726,0.247248,16.61699665
1376.00,-1.$,1229.980,0,1229.980,100.883,93.675,4334.781,12.931,0.9665,76.4,0.064,46.0,0.438,34.1,81.9,106,80.8,4.64,638,3.45,4.58,583.532,2783.69,0.028,0.0487,37.0132,7.55,7.26,37.3,32.4,0.802,307,246,80,0.71,0.095,0.0622,0.0622,1.167,1034,1034,15,1,155,4.3,117.3,114.6,35.2,36.6,116,36.6,113,38.1,82.6,40.6,31.4,45.7,5.05,5.05,4.29,-3.29,0.034114,4.69565240,0.247268,16.62759158
1377.00,-1.$,1229.980,0,1229.980,100.879,93.675,4334.846,12.931,0.9665,76.4,0.177,46.0,0.438,34.1,93.5,106,80.8,4.64,638,3.50,4.58,583.532,2296.24,0.028,0.0487,37.0132,7.55,4.46,37.3,32.4,0.803,307,247,101,0.82,0.447,0.0622,0.0622,1.167,1034,1034,15,1,115,36.5,114.1,111.3,37.9,39.3,114,37.9,111,39.4,82.6,40.5,31.4,45.7,5.05,5.05,5.17,-3.78,0.034117,4.69852659,0.247286,16.63818730
1378.00,-1.$,1229.980,0,1229.980,100.870,93.661,4334.913,12.931,0.9667,76.4,-0.032,45.9,0.438,34.1,105.4,106,80.8,4.63,638,3.52,4.58,583.532,2242.90,0.028,0.0487,37.0132,7.55,4.92,37.3,32.4,0.802,303,243,122,0.94,0.775,0.0622,0.0622,1.168,1033,1033,15,1,114,37.1,112.4,109.6,39.1,40.5,112,39.3,109,40.7,82.7,40.4,31.4,45.7,5.05,5.05,5.68,-4.10,0.034117,4.70140051,0.247310,16.64878287
1379.00,-1.$,1229.980,0,1229.980,100.861,93.664,4334.979,12.931,0.9667,76.4,0.064,46.0,0.438,34.1,81.9,106,80.8,4.63,638,3.45,4.58,583.817,2359.34,0.029,0.0487,37.0079,7.55,6.25,37.3,32.4,0.802,307,246,80,0.71,0.094,0.0623,0.0623,1.167,1032,1032,15,1,151,6.8,112.0,109.3,39.3,40.6,111,40.2,108,41.5,82.7,40.4,31.4,45.7,5.04,5.04,4.30,-3.29,0.034116,4.70427579,0.247330,16.65938051
1380.00,-1.$,1229.980,0,1229.980,100.857,93.670,4335.044,12.931,0.9666,76.4,0.177,46.0,0.438,34.1,93.5,106,80.8,4.64,638,3.50,4.58,583.817,2793.23,0.028,0.0487,37.0079,7.55,8.01,37.3,32.4,0.803,307,247,101,0.82,0.447,0.0623,0.0623,1.167,1033,1033,15,1,160,0.3,118.1,115.4,34.4,35.9,116,36.3,113,37.8,82.7,40.5,31.4,45.7,5.04,5.04,5.26,-4.49,0.034115,4.70715004,0.247348,16.66997890
1381.00,-1.$,1229.980,0,1229.980,100.849,93.674,4335.110,12.931,0.9665,76.4,-0.032,46.0,0.438,34.1,105.4,106,80.8,4.63,638,3.52,4.58,583.817,2650.91,0.028,0.0487,37.0079,7.55,6.26,37.3,32.4,0.802,303,243,122,0.94,0.774,0.0623,0.0623,1.167,1034,1034,15,1,134,21.3,115.9,113.1,36.5,37.8,115,37.1,112,38.6,82.6,40.6,31.4,45.7,5.04,5.04,5.78,-4.50,0.034118,4.71002391,0.247371,16.68057713
1382.00,-1.$,1229.980,0,1229.980,100.840,93.674,4335.176,12.931,0.9665,76.4,0.064,46.0,0.438,34.1,81.9,106,80.8,4.63,638,3.45,4.58,583.817,2245.27,0.028,0.0487,37.0079,7.55,4.90,37.3,32.4,0.802,307,246,80,0.71,0.093,0.0623,0.0623,1.168,1033,1033,15,1,115,37.0,113.5,110.7,38.3,39.7,113,38.4,111,39.8,82.6,40.5,31.4,45.7,5.04,5.04,4.26,-3.05,0.034120,4.71289920,0.247391,16.69117746
1383.00,-1.$,1229.980,0,1229.980,100.836,93.667,4335.241,12.931,0.9667,76.4,0.177,45.9,0.438,34.1,93.5,106,80.8,4.63,638,3.50,4.58,583.817,2242.89,0.029,0.0487,37.0079,7.55,4.92,37.3,32.4,0.803,307,247,101,0.82,0.446,0.0623,0.0623,1.168,1033,1033,15,1,114,37.1,111.8,109.1,39.6,40.9,112,39.8,109,41.1,82.7,40.4,31.4,45.7,5.04,5.04,5.15,-3.49,0.034119,4.71577355,0.247408,16.70177853
1384.00,-1.$,1229.980,0,1229.980,100.827,93.665,4335.307,12.931,0.9667,76.4,-0.032,46.0,0.438,34.1,105.4,106,80.8,4.63,638,3.52,4.58,584.078,2545.60,0.028,0.0487,36.9988,7.55,7.19,37.3,32.4,0.802,303,243,122,0.94,0.774,0.0624,0.0624,1.168,1032,1032,15,1,159,0.5,114.9,112.2,36.9,38.3,113,38.7,110,40.1,82.7,40.4,31.4,45.7,5.04,5.04,5.83,-5.13,0.034118,4.71864755,0.247432,16.71237940
1385.00,-1.$,1229.980,0,1229.980,100.819,93.672,4335.373,12.931,0.9665,76.4,0.064,46.0,0.438,34.1,81.9,106,80.8,4.63,638,3.45,4.58,584.078,2825.94,0.028,0.0487,36.9988,7.55,7.78,37.3,32.4,0.802,307,246,79,0.71,0.093,0.0624,0.0624,1.168,1033,1033,15,1,160,0.3,118.2,115.5,34.4,35.9,116,36.3,113,37.8,82.7,40.5,31.4,45.7,5.04,5.04,4.29,-3.33,0.034119,4.72152285,0.247451,16.72298234
1386.00,-1.$,1229.980,0,1229.980,100.815,93.673,4335.438,12.931,0.9665,76.4,0.177,46.0,0.438,34.1,93.5,106,80.8,4.63,638,3.50,4.58,584.078,2457.36,0.028,0.0487,36.9988,7.55,5.12,37.3,32.4,0.803,307,247,101,0.82,0.445,0.0624,0.0624,1.168,1034,1034,15,1,120,33.0,114.8,112.0,37.4,38.8,115,37.6,112,39.0,82.6,40.6,31.4,45.7,5.04,5.04,5.18,-3.82,0.034121,4.72439713,0.247468,16.73358600
1387.00,-1.$,1229.980,0,1229.980,100.807,93.662,4335.505,12.931,0.9667,76.4,-0.032,45.9,0.438,34.1,105.4,106,80.8,4.63,638,3.52,4.58,584.078,2242.99,0.028,0.0487,36.9988,7.55,4.92,37.3,32.4,0.802,303,243,122,0.94,0.773,0.0624,0.0624,1.168,1033,1033,15,1,114,37.1,112.9,110.1,38.8,40.1,113,38.9,110,40.3,82.7,40.4,31.4,45.7,5.04,5.04,5.70,-4.16,0.034122,4.72727113,0.247492,16.74418945
1388.00,-1.$,1229.980,0,1229.980,100.799,93.666,4335.571,12.931,0.9668,76.4,0.064,46.0,0.438,34.1,81.9,106,80.8,4.63,638,3.45,4.58,584.078,2251.69,0.029,0.0487,36.9990,7.55,5.28,37.3,32.4,0.802,307,246,79,0.71,0.092,0.0625,0.0625,1.168,1033,1033,15,1,116,35.8,111.2,108.5,40.0,41.3,111,40.2,108,41.5,82.7,40.4,31.4,45.7,5.04,5.04,4.25,-2.91,0.034121,4.73014652,0.247511,16.75479494
1389.00,-1.$,1229.980,0,1229.980,100.795,93.667,4335.636,12.987,0.9667,76.4,0.177,46.0,0.438,34.1,93.5,106,80.8,4.63,638,3.50,4.58,584.318,2716.18,0.028,0.0487,36.9990,7.59,7.85,37.3,32.4,0.803,307,247,101,0.82,0.445,0.0625,0.0625,1.168,1033,1033,15,1,160,0.3,117.3,114.6,35.1,36.5,115,37.0,112,38.5,82.7,40.4,31.4,45.7,5.04,5.04,5.29,-4.69,0.034120,4.73302089,0.247528,16.76540110
1390.00,-1.$,1229.980,0,1229.980,100.788,93.675,4335.702,12.987,0.9665,76.4,-0.032,46.0,0.438,34.1,105.4,106,80.8,4.63,638,3.52,4.58,584.318,2755.33,0.028,0.0487,36.9990,7.59,7.01,37.3,32.4,0.802,303,243,122,0.94,0.773,0.0625,0.0625,1.168,1034,1034,15,1,150,8.3,117.0,114.2,35.5,36.9,116,36.7,113,38.2,82.6,40.6,31.4,45.7,5.04,5.04,5.79,-4.56,0.034122,4.73589486,0.247551,16.77600704
1391.00,-1.$,1229.980,0,1229.980,100.781,93.677,4335.768,12.987,0.9665,76.4,0.064,46.0,0.438,34.1,81.9,106,80.8,4.63,638,3.45,4.58,584.318,2265.40,0.028,0.0487,36.9990,7.59,4.72,37.3,32.4,0.802,307,246,79,0.71,0.092,0.0625,0.0625,1.168,1034,1034,15,1,115,36.8,114.0,111.2,37.9,39.4,114,38.0,111,39.5,82.6,40.5,31.4,45.7,5.03,5.03,4.27,-3.11,0.034124,4.73877023,0.247570,16.78661502
1392.00,-1.$,1229.980,0,1229.980,100.777,93.656,4335.833,12.987,0.9667,76.4,0.177,45.9,0.438,34.1,93.5,106,80.8,4.63,638,3.50,4.58,584.318,2242.90,0.029,0.0487,36.9990,7.59,4.92,37.3,32.4,0.803,307,246,101,0.82,0.444,0.0625,0.0625,1.169,1033,1033,15,1,115,37.0,112.3,109.5,39.3,40.6,112,39.4,109,40.8,82.7,40.4,31.4,45.7,5.03,5.03,5.15,-3.54,0.034124,4.74164464,0.247587,16.79722368
1393.00,-1.$,1229.980,0,1229.980,100.770,93.667,4335.900,12.987,0.9668,76.4,-0.032,46.0,0.438,34.1,105.4,106,80.8,4.63,638,3.52,4.58,584.600,2421.37,0.029,0.0487,36.9824,7.59,6.60,37.3,32.4,0.802,303,243,122,0.94,0.772,0.0626,0.0626,1.168,1032,1032,15,1,157,2.3,113.0,110.4,38.5,39.8,111,39.8,109,41.1,82.7,40.4,31.4,45.7,5.03,5.03,5.76,-4.72,0.034122,4.74451869,0.247610,16.80783207
1394.00,-1.$,1229.980,0,1229.980,100.763,93.677,4335.965,12.987,0.9666,76.4,0.064,46.0,0.438,34.1,81.9,106,80.8,4.63,638,3.45,4.58,584.600,2815.34,0.028,0.0487,36.9824,7.59,8.00,37.3,32.4,0.802,307,246,79,0.71,0.091,0.0626,0.0626,1.168,1033,1033,15,1,160,0.3,118.4,115.7,34.3,35.7,116,36.1,113,37.6,82.7,40.5,31.4,45.7,5.03,5.03,4.33,-3.64,0.034122,4.74739404,0.247629,16.81844248
1395.00,-1.$,1229.980,0,1229.980,100.760,93.679,4336.030,12.987,0.9665,76.4,0.177,46.0,0.438,34.1,93.5,106,80.8,4.63,638,3.50,4.58,584.600,2590.95,0.028,0.0487,36.9824,7.59,5.88,37.3,32.4,0.803,307,246,101,0.82,0.444,0.0626,0.0626,1.168,1034,1034,15,1,128,26.4,115.5,112.8,36.8,38.2,115,37.2,112,38.7,82.7,40.5,31.4,45.7,5.03,5.03,5.18,-3.89,0.034124,4.75026837,0.247645,16.82905357
1396.00,-1.$,1229.980,0,1229.980,100.753,93.679,4336.097,12.987,0.9667,76.4,-0.032,46.0,0.438,34.1,105.4,106,80.8,4.63,638,3.52,4.58,584.600,2243.72,0.028,0.0487,36.9824,7.59,4.91,37.3,32.4,0.802,303,243,121,0.94,0.771,0.0626,0.0626,1.168,1033,1033,15,1,115,37.0,113.4,110.6,38.4,39.8,113,38.5,110,39.9,82.7,40.4,31.4,45.7,5.03,5.03,5.72,-4.23,0.034126,4.75314241,0.247668,16.83966444
1397.00,-1.$,1229.980,0,1229.980,100.746,93.668,4336.163,12.987,0.9668,76.4,0.064,46.0,0.438,34.1,81.9,106,80.8,4.63,638,3.45,4.58,584.600,2242.89,0.029,0.0487,36.9824,7.59,4.92,37.3,32.4,0.802,307,246,79,0.71,0.091,0.0626,0.0626,1.168,1033,1033,15,1,115,37.0,111.7,109.0,39.7,41.0,111,39.9,109,41.2,82.8,40.3,31.4,45.7,5.03,5.03,4.25,-2.88,0.034124,4.75601782,0.247687,16.85027733
1398.00,-1.$,1229.980,0,1229.980,100.742,93.669,4336.228,12.987,0.9668,76.4,0.177,46.0,0.438,34.1,93.5,106,80.8,4.63,638,3.50,4.58,584.839,2614.61,0.028,0.0486,36.9598,7.60,7.49,37.3,32.4,0.803,307,246,101,0.82,0.443,0.0626,0.0626,1.168,1033,1033,15,1,159,0.4,116.0,113.3,36.1,37.5,114,38.0,111,39.4,82.8,40.4,31.4,45.7,5.03,5.03,5.31,-4.71,0.034122,4.75889219,0.247703,16.86089089
1399.00,-1.$,1229.980,0,1229.980,100.735,93.677,4336.294,12.987,0.9666,76.4,-0.032,46.0,0.438,34.1,105.4,106,80.8,4.63,638,3.52,4.58,584.839,2812.90,0.028,0.0486,36.9598,7.60,7.55,37.3,32.4,0.802,303,243,121,0.94,0.771,0.0627,0.0627,1.168,1033,1033,15,1,159,1.2,118.0,115.2,34.7,36.1,116,36.4,113,37.9,82.7,40.5,31.4,45.7,5.03,5.03,5.81,-4.63,0.034124,4.76176613,0.247726,16.87150420
1400.00,-1.$,1229.980,0,1229.980,100.728,93.678,4336.360,12.987,0.9666,76.4,0.064,46.0,0.438,34.1,81.9,106,80.8,4.63,638,3.45,4.58,584.839,2374.65,0.028,0.0486,36.9598,7.60,4.70,37.3,32.4,0.802,307,246,79,0.71,0.090,0.0627,0.0627,1.168,1034,1034,15,1,117,35.1,114.6,111.8,37.5,39.0,114,37.7,112,39.1,82.7,40.5,31.4,45.7,5.03,5.03,4.28,-3.15,0.034126,4.76464139,0.247744,16.88211953
1401.00,-1.$,1229.980,0,1229.980,100.725,93.674,4336.425,12.987,0.9668,76.4,0.177,46.0,0.438,34.1,93.5,106,80.8,4.63,638,3.50,4.58,584.839,2242.92,0.029,0.0486,36.9598,7.60,4.92,37.3,32.4,0.803,307,246,101,0.82,0.442,0.0627,0.0627,1.169,1033,1033,15,1,115,37.0,112.8,110.0,38.9,40.3,113,39.1,110,40.4,82.8,40.4,31.4,45.7,5.03,5.03,5.16,-3.60,0.034126,4.76751571,0.247761,16.89273554
1402.00,-1.$,1229.980,0,1229.980,100.718,93.670,4336.492,12.987,0.9669,76.4,-0.032,46.0,0.438,34.1,105.4,106,80.8,4.63,638,3.52,4.58,584.839,2302.16,0.029,0.0486,36.9457,7.60,5.87,37.3,32.4,0.802,303,243,121,0.94,0.770,0.0627,0.0627,1.169,1033,1033,15,1,137,18.3,111.5,108.8,39.8,41.1,111,40.2,108,41.5,82.8,40.3,31.4,45.7,5.03,5.03,5.67,-4.15,0.034124,4.77038967,0.247783,16.90335128
1403.00,-1.$,1229.980,0,1229.980,100.711,93.674,4336.558,12.987,0.9668,76.4,0.064,46.0,0.438,34.1,81.9,106,80.8,4.63,638,3.45,4.58,585.040,2763.62,0.028,0.0486,36.9457,7.60,7.97,37.3,32.4,0.802,307,246,79,0.71,0.090,0.0628,0.0628,1.168,1033,1033,15,1,160,0.3,118.0,115.2,34.6,36.0,116,36.4,113,38.0,82.8,40.4,31.4,45.7,5.03,5.03,4.37,-3.91,0.034123,4.77326492,0.247802,16.91396900
1404.00,-1.$,1229.980,0,1229.980,100.708,93.677,4336.623,12.987,0.9666,76.4,0.177,46.0,0.438,34.1,93.5,106,80.8,4.63,638,3.50,4.58,585.040,2704.08,0.028,0.0486,36.9457,7.60,6.62,37.3,32.4,0.803,307,246,100,0.82,0.442,0.0628,0.0628,1.169,1034,1034,15,1,141,15.4,116.5,113.7,36.0,37.4,115,36.9,113,38.4,82.7,40.5,31.4,45.7,5.02,5.02,5.19,-3.94,0.034125,4.77613910,0.247818,16.92458738
1405.00,-1.$,1229.980,0,1229.980,100.701,93.679,4336.689,12.987,0.9667,76.4,-0.032,46.0,0.438,34.1,105.4,106,80.8,4.63,638,3.52,4.58,585.040,2249.53,0.028,0.0486,36.9457,7.60,4.86,37.3,32.4,0.802,303,243,121,0.94,0.768,0.0628,0.0628,1.169,1033,1033,15,1,115,36.9,113.9,111.1,38.1,39.5,114,38.2,111,39.6,82.7,40.4,31.4,45.7,5.02,5.02,5.73,-4.29,0.034127,4.77901294,0.247840,16.93520548
1406.00,-1.$,1229.980,0,1229.980,100.695,93.661,4336.755,12.987,0.9668,76.4,0.064,46.0,0.438,34.1,81.9,106,80.8,4.63,638,3.45,4.58,585.040,2242.89,0.029,0.0486,36.9457,7.60,4.92,37.3,32.4,0.802,307,246,79,0.71,0.089,0.0628,0.0628,1.168,1033,1033,15,1,115,37.0,112.2,109.4,39.4,40.7,112,39.6,109,40.9,82.8,40.3,31.4,45.7,5.02,5.02,4.25,-2.92,0.034126,4.78188814,0.247858,16.94582555
1407.00,-1.$,1229.980,0,1229.980,100.692,93.670,4336.820,12.987,0.9669,76.4,0.177,46.0,0.438,34.1,93.5,106,80.8,4.63,638,3.50,4.58,585.211,2494.92,0.029,0.0486,36.9423,7.60,6.96,37.3,32.4,0.803,307,246,100,0.82,0.441,0.0628,0.0628,1.169,1032,1032,15,1,159,0.8,114.3,111.6,37.5,38.8,112,39.2,110,40.5,82.8,40.3,31.4,45.7,5.02,5.02,5.29,-4.49,0.034124,4.78476231,0.247874,16.95644621
1408.00,-1.$,1229.980,0,1229.980,100.686,93.682,4336.887,12.987,0.9666,76.4,-0.032,46.0,0.438,34.1,105.4,106,80.8,4.63,638,3.52,4.58,585.211,2827.65,0.028,0.0486,36.9423,7.60,7.90,37.3,32.4,0.802,303,243,121,0.94,0.769,0.0629,0.0629,1.169,1033,1033,15,1,160,0.3,118.5,115.8,34.2,35.7,116,36.1,113,37.6,82.7,40.5,31.4,45.7,5.02,5.02,5.83,-4.76,0.034124,4.78763609,0.247896,16.96706656
1409.00,-1.$,1229.980,0,1229.980,100.680,93.684,4336.952,12.987,0.9666,76.4,0.064,46.0,0.438,34.1,81.9,106,80.8,4.63,638,3.45,4.58,585.211,2514.20,0.028,0.0486,36.9423,7.60,5.43,37.3,32.4,0.802,307,246,79,0.71,0.089,0.0629,0.0629,1.169,1034,1034,15,1,122,30.8,115.3,112.5,37.1,38.5,115,37.3,112,38.8,82.7,40.5,31.4,45.7,5.02,5.02,4.28,-3.19,0.034126,4.79051122,0.247914,16.97768889
1410.00,-1.$,1229.980,0,1229.980,100.677,93.684,4337.018,12.987,0.9668,76.4,0.177,46.0,0.438,34.1,93.5,106,80.8,4.63,638,3.50,4.58,585.211,2243.13,0.029,0.0486,36.9423,7.60,4.92,37.3,32.4,0.803,307,246,100,0.82,0.441,0.0629,0.0629,1.169,1033,1033,15,1,115,37.0,113.2,110.4,38.6,40.0,113,38.7,110,40.1,82.8,40.4,31.4,45.7,5.02,5.02,5.16,-3.64,0.034127,4.79338541,0.247930,16.98831189
1411.00,-1.$,1229.980,0,1229.980,100.671,93.670,4337.084,12.987,0.9669,76.4,-0.032,46.0,0.438,34.1,105.4,106,80.8,4.63,638,3.52,4.58,585.211,2242.89,0.029,0.0486,36.9423,7.60,4.92,37.3,32.4,0.802,303,243,121,0.94,0.768,0.0629,0.0629,1.169,1033,1033,15,1,115,37.0,111.6,108.9,39.8,41.1,111,40.0,109,41.4,82.8,40.3,31.4,45.7,5.02,5.02,5.65,-3.98,0.034125,4.79625927,0.247952,16.99893458
1412.00,-1.$,1229.980,0,1229.980,100.664,93.678,4337.150,12.987,0.9669,76.4,0.064,46.0,0.438,34.1,81.9,106,80.8,4.63,638,3.45,4.58,585.402,2677.53,0.029,0.0486,36.9301,7.60,7.73,37.3,32.4,0.802,307,246,79,0.71,0.088,0.0629,0.0629,1.169,1033,1033,15,1,160,0.3,117.0,114.2,35.4,36.8,115,37.3,112,38.7,82.8,40.3,31.4,45.7,5.02,5.02,4.39,-4.05,0.034124,4.79913444,0.247970,17.00955924
1413.00,-1.$,1229.980,0,1229.980,100.661,93.681,4337.215,12.987,0.9666,76.4,0.177,46.0,0.438,34.1,93.5,106,80.8,4.63,638,3.50,4.58,585.402,2784.77,0.028,0.0486,36.9301,7.60,7.26,37.3,32.4,0.803,307,246,100,0.82,0.440,0.0629,0.0629,1.169,1034,1034,15,1,155,4.4,117.5,114.8,35.2,36.6,116,36.6,113,38.1,82.7,40.5,31.4,45.7,5.02,5.02,5.19,-3.99,0.034125,4.80200854,0.247985,17.02018453
1414.00,-1.$,1229.980,0,1229.980,100.656,93.683,4337.282,12.987,0.9667,76.4,-0.032,46.0,0.438,34.1,105.4,106,80.8,4.63,638,3.52,4.58,585.402,2294.96,0.028,0.0486,36.9301,7.60,4.47,37.3,32.4,0.802,303,243,121,0.94,0.768,0.0630,0.0630,1.169,1034,1034,15,1,116,36.4,114.4,111.6,37.7,39.2,114,37.8,111,39.3,82.8,40.4,31.4,45.7,5.02,5.02,5.75,-4.38,0.034128,4.80488231,0.248007,17.03080953
1415.00,-1.$,1229.980,0,1229.980,100.649,93.676,4337.347,12.987,0.9668,76.4,0.064,46.0,0.438,34.1,81.9,106,80.8,4.63,638,3.45,4.58,585.402,2242.90,0.029,0.0486,36.9301,7.60,4.92,37.3,32.4,0.802,307,246,79,0.71,0.088,0.0630,0.0630,1.169,1033,1033,15,1,115,37.0,112.6,109.9,39.1,40.4,112,39.2,110,40.6,82.8,40.3,31.4,45.7,5.02,5.02,4.26,-2.96,0.034128,4.80775750,0.248025,17.04143652
1416.00,-1.$,1229.980,0,1229.980,100.646,93.674,4337.413,12.987,0.9669,76.4,0.177,46.0,0.438,34.1,93.5,106,80.8,4.63,638,3.50,4.58,585.566,2369.90,0.029,0.0486,36.9172,7.60,6.32,37.3,32.4,0.803,307,246,100,0.82,0.440,0.0630,0.0630,1.169,1032,1032,15,1,153,5.7,112.4,109.7,39.1,40.4,111,40.1,108,41.4,82.8,40.3,31.4,45.7,5.02,5.02,5.22,-3.97,0.034125,4.81063170,0.248040,17.05206413
1417.00,-1.$,1229.980,0,1229.980,100.639,93.677,4337.479,12.987,0.9667,76.4,-0.032,46.0,0.438,34.1,105.4,106,80.8,4.63,638,3.52,4.58,585.566,2799.26,0.028,0.0486,36.9172,7.60,8.02,37.3,32.4,0.802,303,243,121,0.94,0.767,0.0630,0.0630,1.169,1033,1033,15,1,160,0.3,118.5,115.7,34.3,35.7,116,36.1,113,37.7,82.8,40.4,31.4,45.7,5.02,5.02,5.87,-5.09,0.034125,4.81350548,0.248062,17.06269143
1418.00,-1.$,1229.980,0,1229.980,100.633,93.681,4337.545,12.987,0.9666,76.4,0.064,46.0,0.438,34.1,81.9,106,80.8,4.63,638,3.45,4.58,585.566,2641.31,0.028,0.0486,36.9172,7.60,6.19,37.3,32.4,0.802,307,246,79,0.71,0.087,0.0630,0.0630,1.169,1034,1034,15,1,133,22.3,116.1,113.3,36.4,37.8,115,37.0,112,38.5,82.7,40.5,31.4,45.7,5.01,5.01,4.29,-3.24,0.034127,4.81638057,0.248080,17.07332068
1419.00,-1.$,1229.980,0,1229.980,100.630,93.682,4337.610,12.987,0.9668,76.4,0.177,46.0,0.438,34.1,93.5,106,80.8,4.63,638,3.50,4.58,585.566,2244.84,0.028,0.0486,36.9172,7.60,4.90,37.3,32.4,0.803,307,246,100,0.82,0.439,0.0631,0.0631,1.169,1033,1033,15,1,115,37.0,113.7,110.9,38.3,39.7,114,38.4,111,39.8,82.8,40.4,31.4,45.7,5.01,5.01,5.16,-3.69,0.034129,4.81925469,0.248095,17.08395055
1420.00,-1.$,1229.980,0,1229.980,100.624,93.667,4337.676,12.987,0.9669,76.4,-0.032,46.0,0.438,34.1,105.4,106,80.8,4.63,638,3.52,4.58,585.566,2242.89,0.029,0.0486,36.9172,7.60,4.92,37.3,32.4,0.802,303,243,121,0.94,0.766,0.0631,0.0631,1.169,1033,1033,15,1,115,37.0,112.0,109.3,39.5,40.8,112,39.7,109,41.0,82.9,40.3,31.4,45.7,5.01,5.01,5.67,-4.04,0.034128,4.82212848,0.248116,17.09458006
1421.00,-1.$,1229.980,0,1229.980,100.619,93.680,4337.742,12.987,0.9669,76.4,0.064,46.0,0.438,34.1,81.9,106,80.8,4.63,638,3.46,4.58,585.708,2566.75,0.029,0.0486,36.9169,7.61,7.29,37.3,32.4,0.802,307,246,79,0.71,0.087,0.0631,0.0631,1.169,1032,1032,15,1,159,0.4,115.5,112.8,36.6,38.0,113,38.4,110,39.8,82.9,40.3,31.4,45.7,5.01,5.01,4.39,-4.00,0.034126,4.82500361,0.248134,17.10521149
1422.00,-1.$,1229.980,0,1229.980,100.616,93.683,4337.807,12.987,0.9667,76.4,0.177,46.0,0.438,34.1,93.6,106,80.8,4.63,638,3.50,4.58,585.708,2825.00,0.028,0.0486,36.9169,7.61,7.73,37.3,32.4,0.803,307,246,100,0.82,0.439,0.0631,0.0631,1.169,1033,1033,15,1,159,0.4,118.4,115.6,34.4,35.9,116,36.2,113,37.8,82.8,40.5,31.4,45.7,5.01,5.01,5.20,-4.04,0.034127,4.82787771,0.248149,17.11584350
1423.00,-1.$,1229.980,0,1229.980,100.611,93.686,4337.874,12.987,0.9667,76.4,-0.032,46.0,0.438,34.1,105.4,106,80.8,4.63,638,3.52,4.58,585.708,2432.89,0.028,0.0486,36.9169,7.61,4.99,37.3,32.4,0.802,303,243,121,0.94,0.766,0.0631,0.0631,1.169,1034,1034,15,1,119,33.7,115.0,112.2,37.3,38.7,115,37.5,112,38.9,82.8,40.4,31.4,45.7,5.01,5.01,5.77,-4.42,0.034129,4.83075146,0.248170,17.12647518
1424.00,-1.$,1229.980,0,1229.980,100.605,93.670,4337.940,12.987,0.9668,76.4,0.064,46.0,0.438,34.1,81.9,106,80.8,4.62,638,3.46,4.58,585.708,2242.96,0.029,0.0486,36.9169,7.61,4.92,37.3,32.4,0.802,307,246,79,0.71,0.086,0.0632,0.0632,1.170,1033,1033,15,1,115,37.0,113.1,110.3,38.7,40.1,113,38.9,110,40.2,82.8,40.3,31.4,45.7,5.01,5.01,4.26,-3.00,0.034130,4.83362663,0.248188,17.13710883
1425.00,-1.$,1229.980,0,1229.980,100.602,93.672,4338.005,12.987,0.9670,76.4,0.177,46.0,0.438,34.1,93.5,106,80.8,4.63,638,3.50,4.58,585.708,2263.01,0.029,0.0486,36.9109,7.61,5.48,37.3,32.4,0.803,307,246,100,0.82,0.438,0.0632,0.0632,1.169,1033,1033,15,1,121,32.1,111.4,108.7,40.0,41.2,111,40.2,108,41.5,82.9,40.2,31.4,45.7,5.01,5.01,5.15,-3.54,0.034128,4.83650082,0.248203,17.14774304
1426.00,-1.$,1229.980,0,1229.980,100.596,93.681,4338.071,12.987,0.9668,76.4,-0.032,46.0,0.438,34.1,105.4,106,80.8,4.63,638,3.52,4.58,585.876,2732.11,0.028,0.0486,36.9109,7.61,7.90,37.3,32.4,0.802,303,243,121,0.94,0.765,0.0632,0.0632,1.169,1033,1033,15,1,160,0.3,117.8,115.0,34.8,36.2,115,36.7,113,38.2,82.8,40.4,31.4,45.7,5.01,5.01,5.88,-5.27,0.034127,4.83937462,0.248224,17.15837690
1427.00,-1.$,1229.980,0,1229.980,100.591,93.686,4338.137,12.987,0.9667,76.4,0.064,46.0,0.438,34.1,81.9,106,80.8,4.63,638,3.46,4.58,585.876,2742.46,0.028,0.0486,36.9109,7.61,6.90,37.3,32.4,0.802,307,246,79,0.71,0.086,0.0632,0.0632,1.170,1034,1034,15,1,147,10.3,117.0,114.3,35.6,37.0,116,36.7,113,38.2,82.8,40.5,31.4,45.7,5.01,5.01,4.29,-3.28,0.034128,4.84224973,0.248241,17.16901269
1428.00,-1.$,1229.980,0,1229.980,100.589,93.687,4338.203,12.987,0.9668,76.4,0.177,46.0,0.438,34.1,93.6,106,80.8,4.63,638,3.50,4.58,585.876,2258.52,0.028,0.0486,36.9109,7.61,4.78,37.3,32.4,0.803,307,246,100,0.82,0.438,0.0632,0.0632,1.170,1033,1033,15,1,115,36.8,114.2,111.3,37.9,39.3,114,38.0,111,39.4,82.8,40.4,31.4,45.7,5.01,5.01,5.17,-3.75,0.034131,4.84512388,0.248256,17.17964909
1429.00,-1.$,1229.980,0,1229.980,100.583,93.679,4338.269,12.987,0.9670,76.4,-0.032,46.0,0.438,34.1,105.4,106,80.8,4.62,638,3.52,4.58,585.876,2242.89,0.029,0.0486,36.9109,7.61,4.92,37.3,32.4,0.802,303,243,121,0.94,0.764,0.0633,0.0633,1.170,1033,1033,15,1,115,37.0,112.5,109.8,39.2,40.5,112,39.4,110,40.7,82.9,40.3,31.4,45.7,5.01,5.01,5.68,-4.09,0.034130,4.84799775,0.248277,17.19028516
1430.00,-1.$,1229.980,0,1229.980,100.577,93.677,4338.335,12.987,0.9670,76.4,0.064,46.0,0.438,34.1,81.9,106,80.8,4.63,638,3.46,4.58,586.020,2442.90,0.029,0.0486,36.8978,7.61,6.71,37.3,32.4,0.802,307,246,79,0.71,0.085,0.0633,0.0633,1.170,1032,1032,15,1,158,1.7,113.6,110.9,38.1,39.4,112,39.6,109,40.9,82.9,40.2,31.4,45.7,5.01,5.01,4.36,-3.68,0.034128,4.85087298,0.248294,17.20092315
1431.00,-1.$,1229.980,0,1229.980,100.574,93.681,4338.400,12.987,0.9668,76.4,0.177,46.0,0.438,34.1,93.6,106,80.8,4.63,638,3.50,4.58,586.020,2821.57,0.028,0.0486,36.8978,7.61,7.98,37.3,32.4,0.803,307,246,100,0.82,0.437,0.0633,0.0633,1.170,1033,1033,15,1,160,0.3,118.6,115.9,34.2,35.6,116,36.0,114,37.6,82.8,40.4,31.4,45.7,5.01,5.01,5.23,-4.30,0.034128,4.85374715,0.248309,17.21156172
1432.00,-1.$,1229.980,0,1229.980,100.568,93.685,4338.467,12.987,0.9667,76.4,-0.032,46.0,0.438,34.1,105.4,106,80.8,4.63,638,3.52,4.58,586.020,2569.31,0.028,0.0486,36.8978,7.61,5.75,37.3,32.4,0.802,303,243,121,0.94,0.764,0.0633,0.0633,1.170,1034,1034,15,1,126,27.9,115.7,112.9,36.8,38.2,115,37.2,112,38.6,82.8,40.4,31.4,45.7,5.01,5.01,5.78,-4.48,0.034131,4.85662093,0.248330,17.22219995
1433.00,-1.$,1229.980,0,1229.980,100.563,93.673,4338.532,12.987,0.9668,76.4,0.064,46.0,0.438,34.1,81.9,106,80.8,4.62,638,3.46,4.58,586.020,2243.46,0.028,0.0486,36.8978,7.61,4.91,37.3,32.4,0.802,307,246,79,0.71,0.084,0.0633,0.0633,1.170,1033,1033,15,1,115,37.0,113.5,110.8,38.4,39.8,113,38.5,111,39.9,82.8,40.4,31.4,45.7,5.00,5.00,4.27,-3.04,0.034132,4.85949612,0.248347,17.23284010
1434.00,-1.$,1229.980,0,1229.980,100.560,93.675,4338.598,12.987,0.9670,76.4,0.177,46.0,0.438,34.1,93.5,106,80.8,4.63,638,3.50,4.58,586.020,2242.89,0.029,0.0486,36.8978,7.61,4.92,37.3,32.4,0.803,307,246,100,0.82,0.436,0.0633,0.0633,1.170,1033,1033,15,1,115,37.0,111.8,109.1,39.7,41.0,112,39.9,109,41.2,82.9,40.2,31.4,45.7,5.00,5.00,5.14,-3.48,0.034130,4.86237034,0.248361,17.24348081
1435.00,-1.$,1229.980,0,1229.980,100.555,93.679,4338.664,12.987,0.9669,76.4,-0.032,46.0,0.438,34.1,105.4,106,80.8,4.62,638,3.52,4.58,586.144,2634.26,0.029,0.0486,36.8957,7.61,7.57,37.3,32.4,0.802,303,243,121,0.94,0.763,0.0634,0.0634,1.170,1033,1033,15,1,159,0.3,116.5,113.8,35.8,37.2,114,37.7,111,39.1,82.9,40.3,31.4,45.7,5.00,5.00,5.87,-5.29,0.034129,4.86524420,0.248382,17.25412114
1436.00,-1.$,1229.980,0,1229.980,100.550,93.687,4338.730,12.987,0.9668,76.4,0.064,46.0,0.438,34.1,81.9,106,80.8,4.63,638,3.46,4.58,586.144,2807.19,0.028,0.0486,36.8957,7.61,7.48,37.3,32.4,0.802,307,246,79,0.71,0.084,0.0634,0.0634,1.170,1033,1033,15,1,158,1.8,118.0,115.3,34.8,36.2,116,36.4,113,37.9,82.8,40.4,31.4,45.7,5.00,5.00,4.29,-3.32,0.034130,4.86811936,0.248399,17.26476336
1437.00,-1.$,1229.980,0,1229.980,100.547,93.688,4338.795,12.987,0.9668,76.4,0.177,46.0,0.438,34.1,93.6,106,80.8,4.63,638,3.50,4.58,586.144,2349.97,0.028,0.0486,36.8957,7.61,4.57,37.3,32.4,0.803,307,246,100,0.82,0.436,0.0634,0.0634,1.170,1034,1034,15,1,117,35.5,114.7,111.9,37.6,39.0,115,37.7,112,39.1,82.8,40.4,31.4,45.7,5.00,5.00,5.18,-3.80,0.034133,4.87099353,0.248413,17.27540617
1438.00,-1.$,1229.980,0,1229.980,100.542,93.668,4338.862,12.987,0.9670,76.4,-0.032,46.0,0.438,34.1,105.4,106,80.8,4.62,638,3.52,4.58,586.144,2242.91,0.029,0.0486,36.8957,7.61,4.92,37.3,32.4,0.802,303,243,121,0.94,0.762,0.0634,0.0634,1.171,1033,1033,15,1,115,37.0,112.9,110.2,38.9,40.2,113,39.0,110,40.4,82.9,40.3,31.4,45.7,5.00,5.00,5.70,-4.14,0.034133,4.87386742,0.248434,17.28604860
1439.00,-1.$,1229.980,0,1229.980,100.537,93.679,4338.927,12.987,0.9670,76.4,0.064,46.0,0.438,34.1,81.9,106,80.8,4.62,638,3.46,4.58,586.144,2320.71,0.029,0.0485,36.8946,7.61,6.01,37.3,32.4,0.802,307,246,79,0.71,0.084,0.0634,0.0634,1.170,1033,1033,15,1,144,13.4,111.8,109.2,39.6,40.9,111,40.2,108,41.4,82.9,40.2,31.4,45.7,5.00,5.00,4.28,-3.12,0.034131,4.87674266,0.248451,17.29669290
1440.00,-1.$,1229.980,0,1229.980,100.534,93.685,4338.993,12.987,0.9669,76.4,0.177,46.0,0.438,34.1,93.6,106,80.8,4.63,638,3.50,4.58,586.296,2776.24,0.029,0.0485,36.8946,7.61,8.00,37.3,32.4,0.803,307,246,100,0.82,0.436,0.0635,0.0635,1.170,1033,1033,15,1,160,0.3,118.3,115.5,34.4,35.9,116,36.3,113,37.8,82.9,40.4,31.4,45.7,5.00,5.00,5.27,-4.59,0.034130,4.87961687,0.248465,17.30733775
1441.00,-1.$,1229.980,0,1229.980,100.530,93.691,4339.059,12.987,0.9667,76.4,-0.032,46.0,0.438,34.1,105.5,106,80.8,4.62,638,3.52,4.58,586.296,2687.38,0.028,0.0485,36.8946,7.61,6.50,37.3,32.4,0.802,303,243,120,0.94,0.763,0.0635,0.0635,1.170,1034,1034,15,1,139,17.5,116.5,113.8,36.1,37.5,116,36.8,113,38.3,82.8,40.4,31.4,45.7,5.00,5.00,5.79,-4.54,0.034133,4.88249071,0.248486,17.31798222
1442.00,-1.$,1229.980,0,1229.980,100.525,93.691,4339.125,12.987,0.9668,76.4,0.064,46.0,0.438,34.1,81.9,106,80.8,4.62,638,3.46,4.58,586.296,2247.50,0.028,0.0485,36.8946,7.61,4.88,37.3,32.4,0.802,307,246,79,0.71,0.084,0.0635,0.0635,1.170,1033,1033,15,1,115,36.9,114.0,111.2,38.1,39.5,114,38.2,111,39.6,82.8,40.4,31.4,45.7,5.00,5.00,4.27,-3.08,0.034134,4.88536597,0.248502,17.32862862
1443.00,-1.$,1229.980,0,1229.980,100.522,93.681,4339.190,12.987,0.9670,76.4,0.177,46.0,0.438,34.1,93.5,106,80.8,4.62,638,3.50,4.58,586.296,2242.89,0.029,0.0485,36.8946,7.61,4.92,37.3,32.4,0.803,307,246,100,0.82,0.435,0.0635,0.0635,1.171,1033,1033,15,1,115,36.9,112.3,109.6,39.4,40.7,112,39.6,109,40.9,82.9,40.2,31.4,45.7,5.00,5.00,5.15,-3.53,0.034133,4.88824028,0.248516,17.33927558
1444.00,-1.$,1229.980,0,1229.980,100.516,93.680,4339.257,12.987,0.9670,76.4,-0.032,46.0,0.438,34.1,105.5,106,80.8,4.62,638,3.52,4.58,586.426,2516.35,0.029,0.0485,36.8829,7.62,7.06,37.3,32.4,0.802,303,243,120,0.94,0.762,0.0635,0.0635,1.170,1032,1032,15,1,159,0.6,114.8,112.1,37.2,38.5,113,38.9,110,40.3,82.9,40.3,31.4,45.7,5.00,5.00,5.83,-5.09,0.034132,4.89111424,0.248537,17.34992216
1445.00,-1.$,1229.980,0,1229.980,100.511,93.688,4339.323,12.987,0.9668,76.4,0.064,46.0,0.438,34.1,81.9,106,80.8,4.62,638,3.46,4.58,586.426,2829.43,0.028,0.0485,36.8829,7.62,7.86,37.3,32.4,0.802,307,246,78,0.71,0.083,0.0636,0.0636,1.170,1033,1033,15,1,160,0.3,118.7,115.9,34.2,35.7,116,36.1,114,37.6,82.9,40.4,31.4,45.7,5.00,5.00,4.30,-3.38,0.034132,4.89398949,0.248553,17.36057064
1446.00,-1.$,1229.980,0,1229.980,100.509,93.689,4339.388,12.987,0.9668,76.4,0.177,46.0,0.438,34.1,93.6,106,80.8,4.62,638,3.50,4.58,586.426,2490.75,0.028,0.0485,36.8829,7.62,5.30,37.3,32.4,0.803,307,246,100,0.82,0.435,0.0636,0.0636,1.170,1034,1034,15,1,121,31.8,115.3,112.5,37.1,38.5,115,37.3,112,38.8,82.8,40.4,31.4,45.7,5.00,5.00,5.18,-3.86,0.034135,4.89686373,0.248567,17.37121968
1447.00,-1.$,1229.980,0,1229.980,100.503,93.685,4339.454,12.987,0.9669,76.4,-0.032,46.0,0.438,34.1,105.4,106,80.8,4.62,638,3.52,4.58,586.426,2243.06,0.029,0.0485,36.8829,7.62,4.92,37.3,32.4,0.802,303,243,120,0.94,0.761,0.0636,0.0636,1.171,1033,1033,15,1,115,36.9,113.4,110.6,38.6,39.9,113,38.7,110,40.1,82.9,40.3,31.4,45.7,5.00,5.00,5.71,-4.20,0.034136,4.89973768,0.248588,17.38186835
1448.00,-1.$,1229.980,0,1229.980,100.498,93.681,4339.520,12.987,0.9670,76.4,0.064,46.0,0.438,34.1,81.9,106,80.8,4.62,638,3.46,4.58,586.426,2242.89,0.029,0.0485,36.8829,7.62,4.92,37.3,32.4,0.802,307,246,78,0.71,0.082,0.0636,0.0636,1.170,1033,1033,15,1,115,36.9,111.7,109.0,39.8,41.1,111,40.1,109,41.4,82.9,40.2,31.4,45.7,4.99,4.99,4.25,-2.86,0.034134,4.90261303,0.248604,17.39251890
1449.00,-1.$,1229.980,0,1229.980,100.495,93.681,4339.585,12.987,0.9669,76.4,0.177,46.0,0.438,34.1,93.6,106,80.8,4.62,638,3.50,4.58,586.538,2694.99,0.029,0.0485,36.8769,7.62,7.79,37.3,32.4,0.803,307,246,100,0.82,0.434,0.0636,0.0636,1.170,1033,1033,15,1,160,0.3,117.3,114.6,35.2,36.6,115,37.1,112,38.5,82.9,40.3,31.4,45.7,4.99,4.99,5.30,-4.74,0.034133,4.90548735,0.248618,17.40316998
1450.00,-1.$,1229.980,0,1229.980,100.490,93.689,4339.652,12.987,0.9668,76.4,-0.032,46.0,0.438,34.1,105.5,106,80.8,4.62,638,3.52,4.58,586.538,2774.60,0.028,0.0485,36.8769,7.62,7.16,37.3,32.4,0.802,303,243,120,0.94,0.761,0.0636,0.0636,1.170,1034,1034,15,1,153,5.9,117.5,114.8,35.2,36.6,116,36.5,113,38.0,82.8,40.4,31.4,45.7,4.99,4.99,5.80,-4.60,0.034135,4.90836126,0.248638,17.41382068
1451.00,-1.$,1229.980,0,1229.980,100.485,93.690,4339.718,12.987,0.9668,76.4,0.064,46.0,0.438,34.1,81.9,106,80.8,4.62,638,3.46,4.58,586.538,2279.44,0.028,0.0485,36.8769,7.62,4.59,37.3,32.4,0.802,307,246,78,0.71,0.082,0.0637,0.0637,1.171,1034,1034,15,1,115,36.5,114.5,111.7,37.7,39.2,114,37.8,112,39.3,82.9,40.4,31.4,45.7,4.99,4.99,4.27,-3.14,0.034137,4.91123655,0.248654,17.42447326
1452.00,-1.$,1229.980,0,1229.980,100.482,93.664,4339.783,12.987,0.9670,76.4,0.177,46.0,0.438,34.1,93.5,106,80.8,4.62,638,3.50,4.58,586.538,2242.90,0.029,0.0485,36.8769,7.62,4.92,37.3,32.4,0.803,307,246,100,0.82,0.433,0.0637,0.0637,1.171,1033,1033,15,1,115,36.9,112.7,110.0,39.1,40.4,113,39.2,110,40.6,82.9,40.2,31.4,45.7,4.99,4.99,5.15,-3.57,0.034137,4.91411087,0.248668,17.43512636
1453.00,-1.$,1229.980,0,1229.980,100.478,93.681,4339.849,12.987,0.9670,76.4,-0.032,46.0,0.438,34.1,105.5,106,80.8,4.62,638,3.52,4.58,586.636,2390.79,0.029,0.0485,36.8791,7.62,6.43,37.3,32.4,0.802,303,243,120,0.94,0.760,0.0637,0.0637,1.171,1032,1032,15,1,155,3.9,112.9,110.2,38.7,40.0,112,39.9,109,41.2,82.9,40.2,31.4,45.7,4.99,4.99,5.74,-4.60,0.034135,4.91698485,0.248688,17.44577902
1454.00,-1.$,1229.980,0,1229.980,100.473,93.693,4339.915,12.987,0.9669,76.4,0.064,46.0,0.438,34.1,81.9,106,80.8,4.62,638,3.46,4.58,586.636,2808.06,0.029,0.0485,36.8791,7.62,8.02,37.3,32.4,0.802,307,246,78,0.71,0.082,0.0637,0.0637,1.171,1033,1033,15,1,160,0.3,118.7,115.9,34.2,35.6,116,36.0,114,37.6,82.9,40.3,31.4,45.7,4.99,4.99,4.34,-3.73,0.034135,4.91986015,0.248704,17.45643352
1455.00,-1.$,1229.980,0,1229.980,100.471,93.695,4339.980,12.987,0.9668,76.4,0.177,46.0,0.438,34.1,93.6,106,80.8,4.62,638,3.50,4.58,586.636,2621.46,0.028,0.0485,36.8791,7.62,6.06,37.3,32.4,0.803,307,246,100,0.82,0.433,0.0637,0.0637,1.171,1034,1034,15,1,131,24.1,116.0,113.3,36.5,37.9,115,37.0,113,38.5,82.9,40.4,31.4,45.7,4.99,4.99,5.19,-3.91,0.034137,4.92273445,0.248718,17.46708856
1456.00,-1.$,1229.980,0,1229.980,100.467,93.695,4340.047,12.987,0.9669,76.4,-0.032,46.0,0.438,34.1,105.4,106,80.8,4.62,638,3.52,4.58,586.636,2244.25,0.029,0.0485,36.8791,7.62,4.91,37.3,32.4,0.802,303,243,120,0.94,0.759,0.0638,0.0638,1.171,1033,1033,15,1,115,36.9,113.8,111.0,38.2,39.6,114,38.3,111,39.7,82.9,40.3,31.4,45.7,4.99,4.99,5.73,-4.26,0.034139,4.92560848,0.248738,17.47774322
1457.00,-1.$,1229.980,0,1229.980,100.461,93.682,4340.113,12.987,0.9670,76.4,0.064,46.0,0.438,34.1,81.9,106,80.8,4.62,638,3.46,4.58,586.636,2242.89,0.029,0.0485,36.8791,7.62,4.92,37.3,32.4,0.802,307,246,78,0.71,0.081,0.0638,0.0638,1.171,1033,1033,15,1,115,36.9,112.1,109.4,39.5,40.8,112,39.7,109,41.0,82.9,40.2,31.4,45.7,4.99,4.99,4.25,-2.90,0.034138,4.92848391,0.248754,17.48839975
1458.00,-1.$,1229.980,0,1229.980,100.459,93.684,4340.178,12.987,0.9670,76.4,0.177,46.0,0.438,34.1,93.6,106,80.8,4.62,638,3.50,4.58,586.755,2587.24,0.029,0.0485,36.8710,7.62,7.38,37.3,32.4,0.803,307,246,99,0.82,0.432,0.0638,0.0638,1.171,1032,1032,15,1,159,0.4,115.9,113.2,36.3,37.7,114,38.2,111,39.6,83.0,40.3,31.4,45.7,4.99,4.99,5.31,-4.70,0.034136,4.93135833,0.248768,17.49905680
1459.00,-1.$,1229.980,0,1229.980,100.454,93.692,4340.245,12.987,0.9668,76.4,-0.032,46.0,0.438,34.1,105.5,106,80.8,4.62,638,3.52,4.58,586.755,2822.20,0.028,0.0485,36.8710,7.62,7.67,37.3,32.4,0.802,303,243,120,0.94,0.759,0.0638,0.0638,1.171,1033,1033,15,1,159,0.6,118.4,115.7,34.5,35.9,116,36.2,113,37.7,82.9,40.4,31.4,45.7,4.99,4.99,5.81,-4.66,0.034137,4.93423234,0.248788,17.50971346
1460.00,-1.$,1229.980,0,1229.980,100.449,93.694,4340.310,12.987,0.9668,76.4,0.064,46.0,0.438,34.1,81.9,106,80.8,4.62,638,3.46,4.58,586.755,2408.56,0.028,0.0485,36.8710,7.62,4.86,37.3,32.4,0.802,307,246,78,0.71,0.081,0.0638,0.0638,1.171,1034,1034,15,1,118,34.3,115.1,112.3,37.3,38.8,115,37.5,112,39.0,82.9,40.4,31.4,45.7,4.99,4.99,4.28,-3.17,0.034140,4.93710771,0.248803,17.52037199
1461.00,-1.$,1229.980,0,1229.980,100.446,93.694,4340.376,12.987,0.9670,76.4,0.177,46.0,0.438,34.1,93.6,106,80.8,4.62,638,3.50,4.58,586.755,2242.94,0.029,0.0485,36.8710,7.62,4.92,37.3,32.4,0.803,307,246,99,0.82,0.432,0.0638,0.0638,1.171,1033,1033,15,1,115,36.9,113.1,110.4,38.8,40.1,113,38.9,110,40.3,82.9,40.3,31.4,45.7,4.99,4.99,5.16,-3.62,0.034140,4.93998216,0.248817,17.53103107
1462.00,-1.$,1229.980,0,1229.980,100.441,93.685,4340.442,12.987,0.9671,76.4,-0.032,46.0,0.438,34.1,105.5,106,80.8,4.62,638,3.52,4.58,586.755,2277.30,0.029,0.0485,36.8615,7.62,5.65,37.3,32.4,0.802,303,243,120,0.94,0.758,0.0639,0.0639,1.171,1033,1033,15,1,127,26.8,111.6,109.0,39.9,41.1,111,40.1,109,41.4,83.0,40.2,31.4,45.7,4.99,4.99,5.66,-4.09,0.034138,4.94285630,0.248837,17.54168975
1463.00,-1.$,1229.980,0,1229.980,100.435,93.688,4340.508,12.987,0.9670,76.4,0.064,46.0,0.438,34.1,81.9,106,80.8,4.62,638,3.46,4.58,586.857,2746.72,0.029,0.0485,36.8615,7.62,7.94,37.3,32.4,0.802,307,246,78,0.71,0.080,0.0639,0.0639,1.171,1033,1033,15,1,160,0.3,118.0,115.3,34.7,36.1,116,36.5,113,38.0,82.9,40.3,31.4,45.7,4.99,4.99,4.37,-3.97,0.034138,4.94573174,0.248853,17.55235028
1464.00,-1.$,1229.980,0,1229.980,100.433,93.691,4340.573,12.987,0.9668,76.4,0.177,46.0,0.438,34.1,93.6,106,80.8,4.62,638,3.50,4.58,586.857,2728.22,0.028,0.0485,36.8615,7.62,6.79,37.3,32.4,0.803,307,246,99,0.82,0.431,0.0639,0.0639,1.171,1034,1034,15,1,145,12.4,117.0,114.2,35.7,37.1,116,36.7,113,38.2,82.9,40.4,31.4,45.7,4.99,4.99,5.19,-3.97,0.034140,4.94860614,0.248866,17.56301133
1465.00,-1.$,1229.980,0,1229.980,100.428,93.693,4340.640,12.987,0.9669,76.4,-0.032,46.0,0.438,34.1,105.4,106,80.8,4.62,638,3.52,4.58,586.857,2253.80,0.029,0.0485,36.8615,7.62,4.82,37.3,32.4,0.802,303,243,120,0.94,0.757,0.0639,0.0639,1.171,1033,1033,15,1,115,36.8,114.3,111.5,37.9,39.3,114,38.0,111,39.4,82.9,40.3,31.4,45.7,4.99,4.99,5.74,-4.32,0.034142,4.95148021,0.248885,17.57367198
1466.00,-1.$,1229.980,0,1229.980,100.423,93.678,4340.706,12.987,0.9670,76.4,0.064,46.0,0.438,34.1,81.9,106,80.8,4.62,638,3.46,4.58,586.857,2242.89,0.029,0.0485,36.8615,7.62,4.92,37.3,32.4,0.802,307,246,78,0.71,0.079,0.0639,0.0639,1.171,1033,1033,15,1,115,36.9,112.6,109.8,39.2,40.5,112,39.4,110,40.7,83.0,40.2,31.4,45.7,4.98,4.98,4.25,-2.93,0.034141,4.95435567,0.248901,17.58433446
1467.00,-1.$,1229.980,0,1229.980,100.421,93.685,4340.771,12.987,0.9671,76.4,0.177,46.0,0.438,34.1,93.6,106,80.8,4.62,638,3.50,4.58,586.945,2464.37,0.029,0.0485,36.8641,7.62,6.82,37.3,32.4,0.803,307,246,99,0.82,0.431,0.0639,0.0639,1.171,1032,1032,15,1,158,1.2,114.1,111.4,37.8,39.1,112,39.4,109,40.7,83.0,40.2,31.4,45.7,4.98,4.98,5.28,-4.40,0.034139,4.95723014,0.248915,17.59499742
1468.00,-1.$,1229.980,0,1229.980,100.416,93.695,4340.837,12.987,0.9669,76.4,-0.032,46.0,0.438,34.1,105.5,106,80.8,4.62,638,3.52,4.58,586.945,2826.17,0.028,0.0485,36.8641,7.62,7.96,37.3,32.4,0.802,303,243,120,0.94,0.757,0.0640,0.0640,1.171,1033,1033,15,1,160,0.3,118.8,116.1,34.1,35.6,117,36.0,114,37.5,82.9,40.4,31.4,45.7,4.98,4.98,5.84,-4.87,0.034140,4.96010423,0.248934,17.60565993
1469.00,-1.$,1229.980,0,1229.980,100.412,93.697,4340.903,12.987,0.9668,76.4,0.064,46.0,0.438,34.1,81.9,106,80.8,4.62,638,3.46,4.58,586.945,2547.11,0.028,0.0485,36.8641,7.62,5.61,37.3,32.4,0.802,307,246,78,0.71,0.079,0.0640,0.0640,1.171,1034,1034,15,1,124,29.2,115.7,112.9,36.8,38.2,115,37.2,112,38.6,82.9,40.4,31.4,45.7,4.98,4.98,4.28,-3.22,0.034142,4.96297968,0.248949,17.61632429
1470.00,-1.$,1229.980,0,1229.980,100.410,93.697,4340.968,12.987,0.9670,76.4,0.177,46.0,0.438,34.1,93.5,106,80.8,4.62,638,3.50,4.58,586.945,2243.29,0.029,0.0485,36.8641,7.62,4.92,37.3,32.4,0.803,307,246,99,0.82,0.430,0.0640,0.0640,1.171,1033,1033,15,1,115,36.9,113.6,110.8,38.4,39.8,113,38.5,111,39.9,82.9,40.3,31.4,45.7,4.98,4.98,5.16,-3.67,0.034143,4.96585420,0.248963,17.62698919
1471.00,-1.$,1229.980,0,1229.980,100.405,93.683,4341.035,12.987,0.9671,76.4,-0.032,46.0,0.438,34.1,105.5,106,80.8,4.62,638,3.52,4.58,586.945,2242.89,0.029,0.0485,36.8641,7.62,4.92,37.3,32.4,0.802,303,243,120,0.94,0.756,0.0640,0.0640,1.171,1033,1033,15,1,115,36.9,111.9,109.3,39.7,41.0,112,39.9,109,41.2,83.0,40.2,31.4,45.7,4.98,4.98,5.66,-4.01,0.034142,4.96872840,0.248982,17.63765363
1472.00,-1.$,1229.980,0,1229.980,100.400,93.692,4341.101,12.987,0.9671,76.4,0.064,46.0,0.438,34.1,81.9,106,80.8,4.62,638,3.46,4.58,587.056,2653.07,0.029,0.0485,36.8604,7.62,7.64,37.3,32.4,0.802,307,246,78,0.71,0.079,0.0640,0.0640,1.171,1033,1033,15,1,159,0.3,116.9,114.2,35.6,37.0,115,37.4,112,38.9,83.0,40.2,31.4,45.7,4.98,4.98,4.39,-4.07,0.034141,4.97160393,0.248998,17.64831990
1473.00,-1.$,1229.980,0,1229.980,100.398,93.696,4341.166,12.987,0.9668,76.4,0.177,46.0,0.438,34.1,93.6,106,80.8,4.62,638,3.50,4.58,587.056,2799.88,0.028,0.0485,36.8604,7.62,7.40,37.3,32.4,0.803,307,246,99,0.82,0.430,0.0640,0.0640,1.171,1034,1034,15,1,157,2.7,118.0,115.3,34.9,36.3,116,36.4,113,37.9,82.9,40.4,31.4,45.7,4.98,4.98,5.19,-4.02,0.034142,4.97447842,0.249011,17.65898668
1474.00,-1.$,1229.980,0,1229.980,100.393,93.698,4341.232,12.987,0.9669,76.4,-0.032,46.0,0.438,34.1,105.5,106,80.8,4.62,638,3.52,4.58,587.056,2325.67,0.029,0.0485,36.8604,7.62,4.45,37.3,32.4,0.802,303,243,120,0.94,0.756,0.0641,0.0641,1.171,1034,1034,15,1,116,35.9,114.8,112.0,37.6,39.0,115,37.7,112,39.1,82.9,40.3,31.4,45.7,4.98,4.98,5.76,-4.37,0.034145,4.97735259,0.249030,17.66965304
1475.00,-1.$,1229.980,0,1229.980,100.388,93.690,4341.298,12.987,0.9670,76.4,0.064,46.0,0.438,34.1,81.9,106,80.8,4.62,638,3.46,4.58,587.056,2242.91,0.029,0.0485,36.8604,7.62,4.92,37.3,32.3,0.802,307,246,78,0.71,0.078,0.0641,0.0641,1.172,1033,1033,15,1,115,36.9,113.0,110.2,38.9,40.2,113,39.1,110,40.4,83.0,40.3,31.4,45.7,4.98,4.98,4.26,-2.97,0.034145,4.98022819,0.249045,17.68032127
1476.00,-1.$,1229.980,0,1229.980,100.386,93.688,4341.364,12.987,0.9671,76.4,0.177,46.0,0.438,34.1,93.6,106,80.8,4.62,638,3.50,4.58,587.056,2340.17,0.029,0.0485,36.8494,7.62,6.14,37.3,32.3,0.803,307,246,99,0.82,0.429,0.0641,0.0641,1.171,1032,1032,15,1,148,9.6,112.2,109.6,39.4,40.6,111,40.1,109,41.4,83.0,40.2,31.4,45.7,4.98,4.98,5.19,-3.83,0.034143,4.98310282,0.249059,17.69099000
1477.00,-1.$,1229.980,0,1229.980,100.380,93.692,4341.430,12.987,0.9669,76.4,-0.032,46.0,0.438,34.1,105.5,106,80.8,4.62,638,3.52,4.58,587.150,2787.44,0.029,0.0485,36.8494,7.63,8.02,37.3,32.3,0.802,303,243,120,0.94,0.756,0.0641,0.0641,1.171,1033,1033,15,1,160,0.3,118.5,115.8,34.3,35.7,116,36.1,113,37.7,82.9,40.3,31.4,45.7,4.98,4.98,5.87,-5.16,0.034143,4.98597705,0.249078,17.70165828
1478.00,-1.$,1229.980,0,1229.980,100.376,93.696,4341.496,12.987,0.9668,76.4,0.064,46.0,0.438,34.1,81.9,106,80.8,4.62,638,3.46,4.58,587.150,2669.60,0.028,0.0485,36.8494,7.63,6.37,37.3,32.3,0.802,307,246,78,0.71,0.078,0.0641,0.0641,1.172,1034,1034,15,1,136,19.6,116.5,113.7,36.2,37.6,116,36.8,113,38.3,82.9,40.4,31.4,45.7,4.98,4.98,4.29,-3.26,0.034145,4.98885259,0.249093,17.71232841
1479.00,-1.$,1229.980,0,1229.980,100.373,93.697,4341.561,12.987,0.9669,76.4,0.177,46.0,0.438,34.1,93.5,106,80.8,4.62,638,3.50,4.58,587.150,2246.11,0.029,0.0485,36.8494,7.63,4.89,37.3,32.3,0.803,307,246,99,0.82,0.429,0.0642,0.0642,1.172,1033,1033,15,1,115,36.9,114.0,111.2,38.1,39.5,114,38.2,111,39.6,82.9,40.3,31.4,45.7,4.98,4.98,5.16,-3.72,0.034147,4.99172718,0.249106,17.72299905
1480.00,-1.$,1229.980,0,1229.980,100.368,93.685,4341.628,12.987,0.9671,76.4,-0.032,46.0,0.438,34.1,105.5,106,80.8,4.62,638,3.52,4.58,587.150,2242.89,0.029,0.0485,36.8494,7.63,4.92,37.3,32.3,0.802,303,243,120,0.94,0.755,0.0642,0.0642,1.172,1033,1033,15,1,115,36.9,112.4,109.7,39.4,40.7,112,39.6,109,40.9,83.0,40.2,31.4,45.7,4.98,4.98,5.67,-4.06,0.034146,4.99460146,0.249125,17.73366923
1481.00,-1.$,1229.980,0,1229.980,100.364,93.690,4341.694,12.987,0.9671,76.4,0.064,46.0,0.438,34.1,81.9,106,80.8,4.62,638,3.46,4.58,587.230,2537.43,0.029,0.0485,36.8492,7.63,7.16,37.3,32.3,0.802,307,246,78,0.71,0.077,0.0642,0.0642,1.172,1032,1032,15,1,159,0.5,115.2,112.6,36.9,38.2,113,38.6,110,40.0,83.0,40.2,31.4,45.7,4.98,4.98,4.39,-3.96,0.034144,4.99747710,0.249140,17.74434122
1482.00,-1.$,1229.980,0,1229.980,100.361,93.695,4341.759,12.987,0.9669,76.4,0.177,46.0,0.438,34.1,93.6,106,80.8,4.62,638,3.50,4.58,587.230,2829.59,0.028,0.0485,36.8492,7.63,7.82,37.3,32.3,0.803,307,246,99,0.82,0.429,0.0642,0.0642,1.172,1033,1033,15,1,160,0.3,118.7,116.0,34.3,35.7,116,36.1,114,37.6,82.9,40.4,31.4,45.7,4.97,4.97,5.20,-4.06,0.034145,5.00035169,0.249153,17.75501370
1483.00,-1.$,1229.980,0,1229.980,100.357,93.699,4341.825,12.987,0.9669,76.4,-0.032,46.0,0.438,34.1,105.5,106,80.8,4.62,638,3.52,4.58,587.230,2467.07,0.028,0.0485,36.8492,7.63,5.17,37.3,32.3,0.802,303,243,120,0.94,0.755,0.0642,0.0642,1.172,1034,1034,15,1,120,32.6,115.4,112.6,37.1,38.5,115,37.3,112,38.8,82.9,40.4,31.4,45.7,4.97,4.97,5.77,-4.44,0.034148,5.00322594,0.249172,17.76568572
1484.00,-1.$,1229.980,0,1229.980,100.353,93.679,4341.891,12.987,0.9670,76.4,0.064,46.0,0.438,34.1,81.9,106,80.8,4.61,638,3.46,4.58,587.230,2243.01,0.029,0.0485,36.8492,7.63,4.92,37.3,32.3,0.802,307,246,78,0.71,0.076,0.0642,0.0642,1.172,1033,1033,15,1,115,36.9,113.4,110.7,38.6,39.9,113,38.7,110,40.1,83.0,40.3,31.4,45.7,4.97,4.97,4.26,-3.01,0.034149,5.00610161,0.249187,17.77635959
1485.00,-1.$,1229.980,0,1229.980,100.350,93.684,4341.956,12.987,0.9671,76.4,0.177,46.0,0.438,34.1,93.6,106,80.8,4.62,638,3.50,4.58,587.230,2247.53,0.029,0.0485,36.8498,7.63,5.17,37.3,32.3,0.803,307,246,99,0.82,0.428,0.0643,0.0643,1.172,1033,1033,15,1,115,36.5,111.7,109.0,39.9,41.1,111,40.1,109,41.4,83.0,40.2,31.4,45.7,4.97,4.97,5.14,-3.52,0.034147,5.00897630,0.249200,17.78703391
1486.00,-1.$,1229.980,0,1229.980,100.346,93.696,4342.023,12.987,0.9670,76.4,-0.032,46.0,0.438,34.1,105.5,106,80.8,4.62,638,3.52,4.58,587.335,2711.48,0.029,0.0485,36.8498,7.63,7.85,37.3,32.3,0.802,303,243,120,0.94,0.754,0.0643,0.0643,1.172,1033,1033,15,1,160,0.3,117.7,115.0,35.0,36.4,115,36.8,113,38.3,83.0,40.3,31.4,45.7,4.97,4.97,5.88,-5.31,0.034146,5.01185062,0.249219,17.79770775
1487.00,-1.$,1229.980,0,1229.980,100.342,93.701,4342.089,12.987,0.9669,76.4,0.064,46.0,0.438,34.1,81.9,106,80.8,4.62,638,3.46,4.58,587.335,2763.03,0.028,0.0485,36.8498,7.63,7.06,37.3,32.3,0.802,307,246,78,0.71,0.077,0.0643,0.0643,1.172,1034,1034,15,1,151,7.6,117.5,114.8,35.3,36.7,116,36.5,113,38.0,82.9,40.4,31.4,45.7,4.97,4.97,4.29,-3.30,0.034148,5.01472626,0.249234,17.80838342
1488.00,-1.$,1229.980,0,1229.980,100.340,93.702,4342.154,12.987,0.9669,76.4,0.177,46.0,0.438,34.1,93.6,106,80.8,4.62,638,3.50,4.58,587.335,2268.56,0.029,0.0485,36.8498,7.63,4.69,37.3,32.3,0.803,307,246,99,0.82,0.428,0.0643,0.0643,1.172,1034,1034,15,1,115,36.6,114.5,111.7,37.8,39.2,114,37.9,112,39.3,82.9,40.3,31.4,45.7,4.97,4.97,5.16,-3.78,0.034150,5.01760095,0.249246,17.81905959
1489.00,-1.$,1229.980,0,1229.980,100.335,93.692,4342.220,12.987,0.9671,76.4,-0.032,46.0,0.438,34.1,105.5,106,80.8,4.62,638,3.52,4.58,587.335,2242.90,0.029,0.0485,36.8498,7.63,4.92,37.3,32.3,0.802,302,243,120,0.94,0.753,0.0643,0.0643,1.172,1033,1033,15,1,115,36.9,112.8,110.1,39.1,40.4,113,39.2,110,40.6,83.0,40.2,31.4,45.7,4.97,4.97,5.69,-4.11,0.034150,5.02047537,0.249265,17.82973533
1490.00,-1.$,1229.980,0,1229.980,100.330,93.691,4342.286,12.987,0.9671,76.4,0.064,46.0,0.438,34.1,81.9,106,80.8,4.62,638,3.46,4.58,587.423,2411.92,0.029,0.0485,36.8396,7.63,6.55,37.3,32.3,0.802,307,246,78,0.71,0.076,0.0643,0.0643,1.172,1032,1032,15,1,157,2.7,113.3,110.7,38.5,39.8,112,39.7,109,41.0,83.0,40.2,31.4,45.7,4.97,4.97,4.34,-3.57,0.034148,5.02335116,0.249280,17.84041288
1491.00,-1.$,1229.980,0,1229.980,100.327,93.696,4342.352,12.987,0.9669,76.4,0.177,46.0,0.438,34.1,93.6,106,80.8,4.62,638,3.50,4.58,587.423,2815.40,0.029,0.0485,36.8396,7.63,8.02,37.3,32.3,0.803,307,246,99,0.82,0.427,0.0644,0.0644,1.172,1033,1033,15,1,160,0.3,118.8,116.1,34.1,35.6,117,36.0,114,37.5,83.0,40.3,31.4,45.7,4.97,4.97,5.24,-4.40,0.034148,5.02622589,0.249293,17.85109091
1492.00,-1.$,1229.980,0,1229.980,100.323,93.700,4342.418,12.987,0.9669,76.4,-0.032,46.0,0.438,34.1,105.5,106,80.8,4.62,638,3.52,4.58,587.423,2600.83,0.028,0.0485,36.8396,7.63,5.93,37.3,32.3,0.802,302,243,120,0.94,0.753,0.0644,0.0644,1.172,1034,1034,15,1,129,25.8,116.1,113.3,36.6,38.0,116,37.0,113,38.5,82.9,40.4,31.4,45.7,4.97,4.97,5.78,-4.51,0.034151,5.02910025,0.249311,17.86176850
1493.00,-1.$,1229.980,0,1229.980,100.318,93.695,4342.484,12.987,0.9670,76.4,0.064,46.0,0.438,34.1,81.9,106,80.8,4.62,638,3.46,4.58,587.423,2243.84,0.029,0.0485,36.8396,7.63,4.91,37.3,32.3,0.802,307,246,78,0.71,0.076,0.0644,0.0644,1.172,1033,1033,15,1,115,36.9,113.8,111.1,38.3,39.6,114,38.4,111,39.8,83.0,40.3,31.4,45.7,4.97,4.97,4.26,-3.05,0.034152,5.03197601,0.249326,17.87244792
1494.00,-1.$,1229.980,0,1229.980,100.315,93.692,4342.549,12.987,0.9671,76.4,0.177,46.0,0.438,34.1,93.6,106,80.8,4.62,638,3.50,4.58,587.423,2242.89,0.029,0.0485,36.8396,7.63,4.92,37.3,32.3,0.803,307,246,99,0.82,0.426,0.0644,0.0644,1.172,1033,1033,15,1,115,36.9,112.1,109.4,39.6,40.9,112,39.8,109,41.1,83.0,40.2,31.4,45.7,4.97,4.97,5.14,-3.50,0.034151,5.03485084,0.249339,17.88312782
1495.00,-1.$,1229.980,0,1229.980,100.310,93.692,4342.616,13.043,0.9671,76.4,-0.032,46.0,0.438,34.1,105.5,106,80.8,4.62,638,3.53,4.58,587.497,2616.69,0.029,0.0485,36.8351,7.66,7.50,37.3,32.3,0.802,302,243,119,0.94,0.752,0.0644,0.0644,1.172,1033,1033,15,1,159,0.4,116.5,113.8,35.9,37.3,114,37.8,111,39.2,83.0,40.2,31.4,45.7,4.97,4.97,5.87,-5.29,0.034150,5.03772531,0.249357,17.89380724
1496.00,-1.$,1229.980,0,1229.980,100.306,93.699,4342.682,13.043,0.9669,76.4,0.064,46.0,0.438,34.1,81.9,106,80.8,4.62,638,3.46,4.58,587.497,2814.93,0.028,0.0485,36.8351,7.66,7.56,37.3,32.3,0.802,307,246,78,0.71,0.075,0.0644,0.0644,1.172,1033,1033,15,1,159,1.2,118.4,115.6,34.6,36.0,116,36.2,113,37.8,83.0,40.3,31.4,45.7,4.97,4.97,4.29,-3.34,0.034151,5.04060107,0.249372,17.90448847
1497.00,-1.$,1229.980,0,1229.980,100.304,93.701,4342.747,13.043,0.9669,76.4,0.177,46.0,0.438,34.1,93.6,106,80.8,4.62,638,3.50,4.58,587.497,2372.45,0.029,0.0485,36.8351,7.66,4.68,37.3,32.3,0.803,306,246,99,0.82,0.426,0.0645,0.0645,1.172,1034,1034,15,1,117,35.1,115.0,112.2,37.4,38.8,115,37.5,112,39.0,83.0,40.3,31.4,45.7,4.97,4.97,5.17,-3.82,0.034153,5.04347584,0.249384,17.91517018
1498.00,-1.$,1229.980,0,1229.980,100.299,93.677,4342.813,13.043,0.9671,76.4,-0.032,46.0,0.438,34.1,105.5,106,80.8,4.61,638,3.53,4.58,587.497,2242.92,0.029,0.0485,36.8351,7.66,4.92,37.3,32.3,0.802,302,243,119,0.94,0.751,0.0645,0.0645,1.173,1033,1033,15,1,115,36.9,113.2,110.5,38.8,40.1,113,38.9,110,40.3,83.0,40.2,31.4,45.7,4.97,4.97,5.70,-4.16,0.034153,5.04635030,0.249403,17.92585142
1499.00,-1.$,1229.980,0,1229.980,100.294,93.692,4342.879,13.043,0.9672,76.4,0.064,46.0,0.438,34.1,81.9,106,80.8,4.62,638,3.46,4.58,587.497,2311.56,0.029,0.0485,36.8213,7.66,5.94,37.3,32.3,0.802,307,246,78,0.71,0.075,0.0645,0.0645,1.172,1033,1033,15,1,141,15.6,112.0,109.4,39.6,40.8,111,40.1,109,41.4,83.1,40.1,31.4,45.7,4.97,4.97,4.27,-3.09,0.034152,5.04922611,0.249417,17.93653442
1500.00,-1.$,1229.980,0,1229.980,100.293,93.699,4342.944,13.043,0.9670,76.4,0.177,46.0,0.438,34.1,93.6,106,80.8,4.62,638,3.50,4.58,587.561,2772.03,0.029,0.0485,36.8213,7.66,8.00,37.3,32.3,0.803,306,246,99,0.82,0.426,0.0645,0.0645,1.172,1033,1033,15,1,160,0.3,118.4,115.7,34.4,35.8,116,36.2,113,37.8,83.0,40.3,31.4,45.7,4.97,4.97,5.27,-4.62,0.034151,5.05210089,0.249430,17.94721786
1501.00,-1.$,1229.980,0,1229.980,100.289,93.705,4343.011,13.043,0.9669,76.4,-0.032,46.0,0.438,34.1,105.5,106,80.8,4.62,638,3.53,4.58,587.561,2696.19,0.028,0.0485,36.8213,7.66,6.56,37.3,32.3,0.802,302,243,119,0.94,0.752,0.0645,0.0645,1.172,1034,1034,15,1,140,16.6,116.8,114.1,35.9,37.3,116,36.7,113,38.2,83.0,40.3,31.4,45.7,4.97,4.97,5.79,-4.56,0.034153,5.05497528,0.249448,17.95790083
1502.00,-1.$,1229.980,0,1229.980,100.284,93.705,4343.077,13.043,0.9670,76.4,0.064,46.0,0.438,34.1,81.9,106,80.8,4.62,638,3.46,4.58,587.561,2248.28,0.029,0.0485,36.8213,7.66,4.87,37.3,32.3,0.802,306,246,78,0.71,0.075,0.0645,0.0645,1.172,1033,1033,15,1,115,36.8,114.2,111.5,38.0,39.4,114,38.0,111,39.5,83.0,40.3,31.4,45.7,4.96,4.96,4.27,-3.09,0.034154,5.05785108,0.249463,17.96858562
1503.00,-1.$,1229.980,0,1229.980,100.282,93.694,4343.142,13.043,0.9672,76.4,0.177,46.0,0.438,34.1,93.6,106,80.8,4.61,638,3.50,4.58,587.561,2242.89,0.029,0.0485,36.8213,7.66,4.92,37.3,32.3,0.803,306,246,99,0.82,0.425,0.0646,0.0646,1.173,1033,1033,15,1,115,36.9,112.5,109.8,39.3,40.6,112,39.5,110,40.8,83.1,40.1,31.4,45.7,4.96,4.96,5.15,-3.54,0.034153,5.06072591,0.249475,17.97927088
1504.00,-1.$,1229.980,0,1229.980,100.277,93.695,4343.209,13.043,0.9672,76.4,-0.032,46.0,0.438,34.1,105.5,106,80.8,4.62,638,3.53,4.58,587.634,2517.04,0.029,0.0484,36.7999,7.66,7.07,37.3,32.3,0.802,302,243,119,0.94,0.751,0.0646,0.0646,1.172,1032,1032,15,1,159,0.6,115.1,112.4,37.1,38.4,113,38.8,110,40.1,83.1,40.2,31.4,45.7,4.96,4.96,5.83,-5.11,0.034151,5.06360037,0.249493,17.98995567
1505.00,-1.$,1229.980,0,1229.980,100.272,93.702,4343.274,13.043,0.9670,76.4,0.064,46.0,0.438,34.1,81.9,106,80.8,4.62,638,3.46,4.58,587.634,2830.58,0.029,0.0484,36.7999,7.66,7.87,37.3,32.3,0.802,306,246,78,0.71,0.074,0.0646,0.0646,1.172,1033,1033,15,1,160,0.3,118.9,116.2,34.1,35.6,117,36.0,114,37.5,83.0,40.3,31.4,45.7,4.96,4.96,4.30,-3.39,0.034151,5.06647611,0.249508,18.00064227
1506.00,-1.$,1229.980,0,1229.980,100.270,93.704,4343.340,13.043,0.9670,76.4,0.177,46.0,0.438,34.1,93.6,106,80.8,4.62,638,3.50,4.58,587.634,2490.11,0.029,0.0484,36.7999,7.66,5.29,37.3,32.3,0.803,306,246,99,0.82,0.425,0.0646,0.0646,1.172,1034,1034,15,1,121,31.8,115.6,112.8,37.0,38.4,115,37.2,112,38.7,83.0,40.3,31.4,45.7,4.96,4.96,5.18,-3.87,0.034154,5.06935080,0.249520,18.01132934
1507.00,-1.$,1229.980,0,1229.980,100.265,93.699,4343.406,13.043,0.9671,76.4,-0.032,46.0,0.438,34.1,105.5,106,80.8,4.61,638,3.53,4.58,587.634,2243.06,0.029,0.0484,36.7999,7.66,4.92,37.3,32.3,0.802,302,243,119,0.94,0.750,0.0646,0.0646,1.173,1033,1033,15,1,115,36.8,113.6,110.9,38.5,39.8,113,38.6,111,40.0,83.1,40.2,31.4,45.7,4.96,4.96,5.71,-4.21,0.034154,5.07222519,0.249538,18.02201595
1508.00,-1.$,1229.980,0,1229.980,100.260,93.695,4343.472,13.043,0.9672,76.4,0.064,46.0,0.438,34.1,81.9,106,80.8,4.62,638,3.46,4.58,587.634,2244.51,0.029,0.0484,36.7863,7.66,5.05,37.3,32.3,0.802,306,246,78,0.71,0.073,0.0646,0.0646,1.173,1033,1033,15,1,115,36.8,111.9,109.2,39.7,41.0,112,40.0,109,41.3,83.1,40.1,31.4,45.7,4.96,4.96,4.24,-2.91,0.034153,5.07510094,0.249553,18.03270436
1509.00,-1.$,1229.980,0,1229.980,100.257,93.696,4343.537,13.043,0.9671,76.4,0.177,46.0,0.438,34.1,93.6,106,80.8,4.62,638,3.50,4.58,587.686,2704.01,0.029,0.0484,36.7863,7.67,7.82,37.3,32.3,0.803,306,246,99,0.82,0.424,0.0647,0.0647,1.173,1033,1033,15,1,160,0.3,117.7,115.0,35.0,36.4,115,36.9,113,38.4,83.1,40.2,31.4,45.7,4.96,4.96,5.29,-4.75,0.034151,5.07797565,0.249565,18.04339323
1510.00,-1.$,1229.980,0,1229.980,100.253,93.703,4343.604,13.043,0.9670,76.4,-0.032,46.0,0.438,34.1,105.5,106,80.8,4.62,638,3.53,4.58,587.686,2769.33,0.029,0.0484,36.7863,7.67,7.11,37.3,32.3,0.802,302,243,119,0.94,0.750,0.0647,0.0647,1.173,1034,1034,15,1,152,6.7,117.7,115.0,35.2,36.6,116,36.4,113,37.9,83.0,40.3,31.4,45.7,4.96,4.96,5.80,-4.61,0.034153,5.08084992,0.249583,18.05408162
1511.00,-1.$,1229.980,0,1229.980,100.248,93.704,4343.670,13.043,0.9670,76.4,0.064,46.0,0.438,34.1,81.9,106,80.8,4.62,638,3.46,4.58,587.686,2273.22,0.029,0.0484,36.7863,7.67,4.65,37.3,32.3,0.802,306,246,78,0.71,0.073,0.0647,0.0647,1.173,1034,1034,15,1,116,36.5,114.7,111.9,37.7,39.1,115,37.7,112,39.2,83.0,40.3,31.4,45.7,4.96,4.96,4.27,-3.15,0.034155,5.08372556,0.249597,18.06477180
1512.00,-1.$,1229.980,0,1229.980,100.246,93.680,4343.735,13.043,0.9672,76.4,0.177,46.0,0.438,34.1,93.6,106,80.8,4.61,638,3.50,4.58,587.686,2242.90,0.029,0.0484,36.7863,7.67,4.92,37.3,32.3,0.803,306,246,99,0.82,0.423,0.0647,0.0647,1.174,1033,1033,15,1,115,36.8,112.9,110.2,39.0,40.3,113,39.2,110,40.5,83.1,40.1,31.4,45.7,4.96,4.96,5.15,-3.58,0.034154,5.08660021,0.249609,18.07546243
1513.00,-1.$,1229.980,0,1229.980,100.241,93.695,4343.801,13.043,0.9672,76.4,-0.032,46.0,0.438,34.1,105.5,106,80.8,4.62,638,3.53,4.58,587.723,2412.02,0.029,0.0484,36.7841,7.67,6.55,37.3,32.3,0.802,302,243,119,0.94,0.749,0.0647,0.0647,1.173,1032,1032,15,1,157,2.7,113.5,110.8,38.4,39.7,112,39.6,109,40.9,83.1,40.1,31.4,45.7,4.96,4.96,5.75,-4.71,0.034152,5.08947449,0.249627,18.08615254
1514.00,-1.$,1229.980,0,1229.980,100.237,93.707,4343.867,13.043,0.9671,76.4,0.064,46.0,0.438,34.1,81.9,106,80.8,4.62,638,3.46,4.58,587.723,2815.70,0.029,0.0484,36.7841,7.67,8.02,37.3,32.3,0.802,306,246,78,0.71,0.073,0.0647,0.0647,1.173,1033,1033,15,1,160,0.3,119.0,116.2,34.1,35.5,117,35.9,114,37.4,83.1,40.2,31.4,45.7,4.96,4.96,4.33,-3.69,0.034152,5.09235008,0.249642,18.09684440
1515.00,-1.$,1229.980,0,1229.980,100.236,93.708,4343.932,13.043,0.9670,76.4,0.177,46.0,0.438,34.1,93.6,106,80.8,4.62,638,3.50,4.58,587.723,2600.78,0.029,0.0484,36.7841,7.67,5.93,37.3,32.3,0.803,306,246,99,0.82,0.423,0.0648,0.0648,1.173,1034,1034,15,1,129,25.8,116.2,113.4,36.5,37.9,116,37.0,113,38.4,83.0,40.3,31.4,45.7,4.96,4.96,5.18,-3.92,0.034154,5.09522465,0.249654,18.10753672
1516.00,-1.$,1229.980,0,1229.980,100.231,93.708,4343.999,13.043,0.9671,76.4,-0.032,46.0,0.438,34.1,105.5,106,80.8,4.61,638,3.53,4.59,587.723,2243.83,0.029,0.0484,36.7841,7.67,4.91,37.3,32.3,0.802,302,243,119,0.93,0.749,0.0648,0.0648,1.173,1033,1033,15,1,115,36.8,114.0,111.2,38.2,39.6,114,38.3,111,39.7,83.1,40.2,31.4,45.7,4.96,4.96,5.72,-4.26,0.034155,5.09809894,0.249671,18.11822858
1517.00,-1.$,1229.980,0,1229.980,100.226,93.696,4344.065,13.043,0.9672,76.4,0.064,46.0,0.438,34.1,81.9,106,80.8,4.61,638,3.46,4.58,587.723,2242.89,0.029,0.0484,36.7841,7.67,4.92,37.3,32.3,0.802,306,246,77,0.71,0.072,0.0648,0.0648,1.173,1033,1033,15,1,115,36.8,112.3,109.6,39.5,40.8,112,39.7,109,41.0,83.1,40.1,31.4,45.7,4.96,4.96,4.25,-2.90,0.034154,5.10097462,0.249686,18.12892222
1518.00,-1.$,1229.980,0,1229.980,100.224,93.698,4344.130,13.043,0.9672,76.4,0.177,46.0,0.438,34.1,93.6,106,80.8,4.61,638,3.50,4.58,587.771,2616.89,0.029,0.0484,36.7707,7.67,7.50,37.3,32.3,0.803,306,246,99,0.82,0.423,0.0648,0.0648,1.173,1033,1033,15,1,159,0.4,116.6,113.9,35.9,37.3,114,37.7,112,39.2,83.1,40.1,31.4,45.7,4.96,4.96,5.30,-4.75,0.034152,5.10384927,0.249698,18.13961631
1519.00,-1.$,1229.980,0,1229.980,100.219,93.706,4344.197,13.043,0.9670,76.4,-0.032,46.0,0.438,34.1,105.5,106,80.8,4.61,638,3.53,4.58,587.771,2815.12,0.029,0.0484,36.7707,7.67,7.56,37.3,32.3,0.802,302,243,119,0.93,0.748,0.0648,0.0648,1.173,1033,1033,15,1,159,1.2,118.5,115.8,34.5,35.9,117,36.2,114,37.7,83.0,40.3,31.4,45.7,4.96,4.96,5.81,-4.66,0.034153,5.10672350,0.249715,18.15030992
1520.00,-1.$,1229.980,0,1229.980,100.215,93.707,4344.262,13.043,0.9670,76.4,0.064,46.0,0.438,34.1,81.9,106,80.8,4.61,638,3.46,4.58,587.771,2372.24,0.029,0.0484,36.7707,7.67,4.68,37.3,32.3,0.802,306,246,77,0.71,0.072,0.0648,0.0648,1.173,1034,1034,15,1,117,35.0,115.2,112.4,37.3,38.8,115,37.5,112,38.9,83.0,40.3,31.4,45.7,4.95,4.95,4.27,-3.17,0.034155,5.10959908,0.249729,18.16100533
1521.00,-1.$,1229.980,0,1229.980,100.212,93.702,4344.328,13.043,0.9672,76.4,0.177,46.0,0.438,34.1,93.6,106,80.8,4.61,638,3.50,4.58,587.771,2242.92,0.029,0.0484,36.7707,7.67,4.92,37.3,32.3,0.803,306,246,98,0.81,0.422,0.0649,0.0649,1.173,1033,1033,15,1,115,36.8,113.3,110.6,38.7,40.1,113,38.9,110,40.2,83.1,40.1,31.4,45.7,4.95,4.95,5.15,-3.62,0.034155,5.11247372,0.249741,18.17170121
1522.00,-1.$,1229.980,0,1229.980,100.207,93.699,4344.394,13.043,0.9673,76.4,-0.032,46.0,0.438,34.1,105.5,106,80.8,4.61,638,3.53,4.58,587.771,2311.59,0.029,0.0484,36.7625,7.67,5.94,37.3,32.3,0.802,302,243,119,0.93,0.748,0.0649,0.0649,1.173,1033,1033,15,1,141,15.6,112.1,109.5,39.5,40.8,112,40.0,109,41.3,83.1,40.1,31.4,45.7,4.95,4.95,5.68,-4.22,0.034154,5.11534804,0.249759,18.18239658
1523.00,-1.$,1229.980,0,1229.980,100.202,93.703,4344.460,13.043,0.9672,76.4,0.064,46.0,0.438,34.1,81.9,106,80.8,4.61,638,3.46,4.58,587.805,2772.24,0.029,0.0484,36.7625,7.67,8.00,37.3,32.3,0.802,306,246,77,0.71,0.072,0.0649,0.0649,1.173,1033,1033,15,1,160,0.3,118.6,115.9,34.3,35.8,116,36.2,113,37.7,83.1,40.2,31.4,45.7,4.95,4.95,4.36,-3.92,0.034153,5.11822366,0.249773,18.19309373
1524.00,-1.$,1229.980,0,1229.980,100.200,93.706,4344.525,13.043,0.9670,76.4,0.177,46.0,0.438,34.1,93.6,106,80.8,4.61,638,3.50,4.58,587.805,2696.23,0.029,0.0484,36.7625,7.67,6.56,37.3,32.3,0.803,306,246,98,0.81,0.422,0.0649,0.0649,1.173,1034,1034,15,1,140,16.6,116.9,114.2,35.9,37.3,116,36.7,113,38.2,83.0,40.3,31.4,45.7,4.95,4.95,5.18,-3.96,0.034155,5.12109823,0.249785,18.20379133
1525.00,-1.$,1229.980,0,1229.980,100.195,93.707,4344.592,13.043,0.9671,76.4,-0.032,46.0,0.438,34.1,105.4,106,80.8,4.61,638,3.53,4.58,587.805,2248.26,0.029,0.0484,36.7625,7.67,4.87,37.3,32.3,0.802,302,243,119,0.93,0.746,0.0649,0.0649,1.173,1033,1033,15,1,115,36.8,114.4,111.6,37.9,39.3,114,38.0,111,39.4,83.1,40.2,31.4,45.7,4.95,4.95,5.73,-4.31,0.034157,5.12397249,0.249802,18.21448844
1526.00,-1.$,1229.980,0,1229.980,100.191,93.690,4344.658,13.043,0.9673,76.4,0.064,46.1,0.438,34.1,81.9,106,80.8,4.61,638,3.46,4.58,587.805,2242.89,0.029,0.0484,36.7625,7.67,4.92,37.3,32.3,0.802,306,246,77,0.71,0.071,0.0649,0.0649,1.173,1033,1033,15,1,115,36.8,112.7,110.0,39.2,40.5,112,39.4,110,40.7,83.1,40.1,31.4,45.7,4.95,4.95,4.25,-2.93,0.034156,5.12684812,0.249816,18.22518730
1527.00,-1.$,1229.980,0,1229.980,100.189,93.698,4344.723,13.043,0.9673,76.4,0.177,46.0,0.438,34.1,93.6,106,80.8,4.61,638,3.50,4.58,587.830,2517.15,0.029,0.0484,36.7639,7.67,7.07,37.3,32.3,0.803,306,246,98,0.81,0.421,0.0649,0.0649,1.173,1032,1032,15,1,159,0.6,115.1,112.5,37.0,38.4,113,38.7,110,40.1,83.1,40.1,31.4,45.7,4.95,4.95,5.29,-4.58,0.034154,5.12972275,0.249828,18.23588656
1528.00,-1.$,1229.980,0,1229.980,100.185,93.710,4344.789,13.043,0.9671,76.4,-0.032,46.0,0.438,34.1,105.5,106,80.8,4.61,638,3.53,4.58,587.830,2830.76,0.029,0.0484,36.7639,7.67,7.87,37.3,32.3,0.802,302,243,119,0.93,0.747,0.0650,0.0650,1.173,1033,1033,15,1,160,0.3,119.0,116.3,34.1,35.5,117,35.9,114,37.4,83.1,40.3,31.4,45.7,4.95,4.95,5.82,-4.72,0.034154,5.13259699,0.249846,18.24658530
1529.00,-1.$,1229.980,0,1229.980,100.181,93.712,4344.855,13.043,0.9670,76.4,0.064,46.0,0.438,34.1,81.9,106,80.8,4.61,638,3.46,4.58,587.830,2490.01,0.029,0.0484,36.7639,7.67,5.29,37.3,32.3,0.802,306,246,77,0.71,0.071,0.0650,0.0650,1.173,1034,1034,15,1,121,31.8,115.7,112.9,37.0,38.4,115,37.2,113,38.7,83.1,40.3,31.4,45.7,4.95,4.95,4.28,-3.21,0.034157,5.13547260,0.249860,18.25728581
1530.00,-1.$,1229.980,0,1229.980,100.179,93.712,4344.921,13.043,0.9672,76.4,0.177,46.0,0.438,34.1,93.6,106,80.8,4.61,638,3.50,4.59,587.830,2243.06,0.029,0.0484,36.7639,7.67,4.92,37.3,32.3,0.803,306,246,98,0.81,0.421,0.0650,0.0650,1.173,1033,1033,15,1,115,36.8,113.7,110.9,38.5,39.8,114,38.6,111,40.0,83.1,40.1,31.4,45.7,4.95,4.95,5.15,-3.66,0.034157,5.13834729,0.249871,18.26798680
1531.00,-1.$,1229.980,0,1229.980,100.173,93.700,4344.987,13.043,0.9673,76.4,-0.032,46.0,0.438,34.1,105.5,106,80.8,4.61,638,3.53,4.58,587.830,2244.51,0.029,0.0484,36.7531,7.67,5.05,37.3,32.3,0.802,302,243,119,0.93,0.746,0.0650,0.0650,1.173,1033,1033,15,1,115,36.8,112.0,109.4,39.7,41.0,112,39.9,109,41.2,83.2,40.1,31.4,45.7,4.95,4.95,5.65,-4.04,0.034156,5.14122167,0.249889,18.27868727
1532.00,-1.$,1229.980,0,1229.980,100.169,93.706,4345.053,13.043,0.9673,76.4,0.064,46.1,0.438,34.1,81.9,106,80.8,4.61,638,3.46,4.58,587.865,2704.18,0.029,0.0484,36.7531,7.67,7.82,37.3,32.3,0.802,306,246,77,0.71,0.070,0.0650,0.0650,1.173,1033,1033,15,1,160,0.3,117.8,115.1,34.9,36.4,116,36.8,113,38.3,83.1,40.1,31.4,45.7,4.95,4.95,4.38,-4.05,0.034155,5.14409736,0.249903,18.28938951
1533.00,-1.$,1229.980,0,1229.980,100.166,93.709,4345.118,13.043,0.9670,76.4,0.177,46.1,0.438,34.1,93.6,106,80.8,4.61,638,3.50,4.58,587.865,2769.42,0.029,0.0484,36.7531,7.67,7.11,37.3,32.3,0.803,306,246,98,0.81,0.421,0.0650,0.0650,1.173,1034,1034,15,1,152,6.7,117.8,115.0,35.2,36.6,116,36.4,113,37.9,83.1,40.3,31.4,45.7,4.95,4.95,5.19,-4.00,0.034156,5.14697201,0.249914,18.30009220
1534.00,-1.$,1229.980,0,1229.980,100.162,93.710,4345.185,13.043,0.9671,76.4,-0.032,46.1,0.438,34.1,105.5,106,80.8,4.61,638,3.53,4.58,587.865,2273.15,0.029,0.0484,36.7531,7.67,4.65,37.3,32.3,0.802,302,243,119,0.93,0.746,0.0651,0.0651,1.173,1034,1034,15,1,116,36.5,114.8,112.0,37.6,39.0,115,37.7,112,39.1,83.1,40.2,31.4,45.7,4.95,4.95,5.74,-4.38,0.034159,5.14984633,0.249931,18.31079440
1535.00,-1.$,1229.980,0,1229.980,100.157,93.702,4345.250,13.043,0.9673,76.4,0.064,46.0,0.438,34.1,81.9,106,80.8,4.61,638,3.46,4.58,587.865,2242.90,0.029,0.0484,36.7531,7.67,4.92,37.3,32.3,0.802,306,246,77,0.71,0.070,0.0651,0.0651,1.174,1033,1033,15,1,115,36.8,113.0,110.3,39.0,40.3,113,39.1,110,40.5,83.1,40.1,31.4,45.7,4.95,4.95,4.25,-2.96,0.034158,5.15272207,0.249945,18.32149838
1536.00,-1.$,1229.980,0,1229.980,100.154,93.702,4345.316,13.043,0.9673,76.4,0.177,46.0,0.438,34.1,93.6,106,80.8,4.61,638,3.50,4.58,587.890,2412.07,0.029,0.0484,36.7467,7.67,6.55,37.3,32.3,0.803,306,246,98,0.81,0.420,0.0651,0.0651,1.174,1032,1032,15,1,157,2.7,113.5,110.9,38.4,39.7,112,39.6,109,40.9,83.2,40.1,31.4,45.7,4.95,4.95,5.24,-4.20,0.034156,5.15559683,0.249957,18.33220279
1537.00,-1.$,1229.980,0,1229.980,100.150,93.706,4345.382,13.043,0.9671,76.4,-0.032,46.1,0.438,34.1,105.5,106,80.8,4.61,638,3.53,4.58,587.890,2815.85,0.029,0.0484,36.7467,7.67,8.02,37.3,32.3,0.802,302,243,119,0.93,0.745,0.0651,0.0651,1.173,1033,1033,15,1,160,0.3,119.0,116.3,34.0,35.5,117,35.8,114,37.4,83.1,40.2,31.4,45.7,4.95,4.95,5.86,-5.02,0.034156,5.15847118,0.249974,18.34290668
1538.00,-1.$,1229.980,0,1229.980,100.145,93.710,4345.448,13.043,0.9671,76.4,0.064,46.1,0.438,34.1,81.9,106,80.8,4.61,638,3.46,4.58,587.890,2600.75,0.029,0.0484,36.7467,7.67,5.93,37.3,32.3,0.802,306,246,77,0.71,0.070,0.0651,0.0651,1.174,1034,1034,15,1,129,25.7,116.3,113.5,36.5,37.9,116,36.9,113,38.4,83.1,40.3,31.4,45.7,4.95,4.95,4.28,-3.24,0.034159,5.16134686,0.249988,18.35361233
1539.00,-1.$,1229.980,0,1229.980,100.143,93.711,4345.513,13.043,0.9672,76.4,0.177,46.1,0.438,34.1,93.5,106,80.8,4.61,638,3.50,4.58,587.890,2243.83,0.029,0.0484,36.7467,7.67,4.91,37.3,32.3,0.803,306,246,98,0.81,0.419,0.0651,0.0651,1.174,1033,1033,15,1,115,36.8,114.0,111.3,38.2,39.6,114,38.3,111,39.7,83.1,40.2,31.4,45.7,4.95,4.95,5.16,-3.70,0.034160,5.16422160,0.249999,18.36431844
1540.00,-1.$,1229.980,0,1229.980,100.138,93.693,4345.580,13.043,0.9673,76.4,-0.032,46.1,0.438,34.1,105.5,106,80.8,4.61,638,3.53,4.58,587.890,2242.89,0.029,0.0484,36.7467,7.67,4.92,37.3,32.3,0.802,302,243,119,0.93,0.744,0.0652,0.0652,1.173,1033,1033,15,1,115,36.8,112.4,109.7,39.4,40.8,112,39.6,109,41.0,83.2,40.1,31.4,45.7,4.95,4.95,5.67,-4.04,0.034159,5.16709599,0.250016,18.37502399
1541.00,-1.$,1229.980,0,1229.980,100.134,93.709,4345.646,13.043,0.9673,76.4,0.064,46.1,0.438,34.1,81.9,106,80.8,4.61,638,3.46,4.58,587.909,2617.00,0.029,0.0484,36.7497,7.67,7.51,37.3,32.3,0.802,306,246,77,0.71,0.069,0.0652,0.0652,1.174,1033,1033,15,1,159,0.4,116.7,114.0,35.8,37.2,114,37.7,112,39.1,83.2,40.1,31.4,45.7,4.94,4.94,4.39,-4.07,0.034157,5.16997174,0.250030,18.38573126
1542.00,-1.$,1229.980,0,1229.980,100.133,93.713,4345.711,13.043,0.9671,76.4,0.177,46.1,0.438,34.1,93.6,106,80.8,4.61,638,3.50,4.58,587.909,2815.23,0.029,0.0484,36.7497,7.67,7.56,37.3,32.3,0.803,306,246,98,0.81,0.419,0.0652,0.0652,1.174,1033,1033,15,1,159,1.2,118.5,115.8,34.5,35.9,117,36.2,114,37.7,83.1,40.3,31.4,45.7,4.94,4.94,5.19,-4.04,0.034158,5.17284646,0.250041,18.39643895
1543.00,-1.$,1229.980,0,1229.980,100.129,93.715,4345.777,13.043,0.9671,76.4,-0.032,46.1,0.438,34.1,105.5,106,80.8,4.61,638,3.53,4.58,587.909,2372.12,0.029,0.0484,36.7497,7.67,4.68,37.3,32.3,0.802,302,242,119,0.93,0.745,0.0652,0.0652,1.174,1034,1034,15,1,118,35.0,115.3,112.5,37.3,38.7,115,37.4,112,38.9,83.1,40.2,31.4,45.7,4.94,4.94,5.76,-4.41,0.034161,5.17572086,0.250058,18.40714613
1544.00,-1.$,1229.980,0,1229.980,100.124,93.704,4345.843,13.043,0.9672,76.4,0.064,46.0,0.438,34.1,81.9,106,80.8,4.61,638,3.46,4.58,587.909,2242.92,0.029,0.0484,36.7497,7.67,4.92,37.3,32.3,0.802,306,246,77,0.71,0.068,0.0652,0.0652,1.174,1033,1033,15,1,115,36.8,113.4,110.7,38.7,40.0,113,38.8,110,40.2,83.1,40.1,31.4,45.7,4.94,4.94,4.25,-2.99,0.034161,5.17859670,0.250072,18.41785509
1545.00,-1.$,1229.980,0,1229.980,100.122,93.703,4345.909,13.043,0.9674,76.4,0.177,46.1,0.438,34.1,93.6,106,80.8,4.61,638,3.50,4.58,587.909,2311.61,0.029,0.0483,36.7401,7.67,5.94,37.3,32.3,0.803,306,246,98,0.81,0.419,0.0652,0.0652,1.174,1033,1033,15,1,141,15.6,112.2,109.6,39.5,40.8,112,40.0,109,41.3,83.2,40.1,31.4,45.7,4.94,4.94,5.16,-3.70,0.034159,5.18147157,0.250083,18.42856447
1546.00,-1.$,1229.980,0,1229.980,100.117,93.709,4345.975,13.043,0.9672,76.4,-0.032,46.1,0.438,34.1,105.5,106,80.8,4.61,638,3.53,4.58,587.937,2772.38,0.029,0.0483,36.7401,7.67,8.00,37.3,32.3,0.802,302,242,119,0.93,0.744,0.0652,0.0652,1.174,1033,1033,15,1,160,0.3,118.7,115.9,34.3,35.7,116,36.1,114,37.7,83.1,40.2,31.4,45.7,4.94,4.94,5.87,-5.23,0.034159,5.18434605,0.250101,18.43927334
1547.00,-1.$,1229.980,0,1229.980,100.113,93.713,4346.041,13.043,0.9671,76.4,0.064,46.1,0.438,34.1,81.9,106,80.8,4.61,638,3.46,4.58,587.937,2696.25,0.029,0.0483,36.7401,7.67,6.55,37.3,32.3,0.802,306,246,77,0.71,0.068,0.0653,0.0653,1.174,1034,1034,15,1,140,16.6,117.0,114.3,35.9,37.2,116,36.6,113,38.1,83.1,40.3,31.4,45.7,4.94,4.94,4.28,-3.28,0.034161,5.18722184,0.250114,18.44998397
1548.00,-1.$,1229.980,0,1229.980,100.110,93.713,4346.106,13.043,0.9672,76.4,0.177,46.1,0.438,34.1,93.6,106,80.8,4.61,638,3.50,4.58,587.937,2248.25,0.029,0.0483,36.7401,7.67,4.87,37.3,32.3,0.803,306,246,98,0.81,0.418,0.0653,0.0653,1.174,1033,1033,15,1,115,36.7,114.4,111.6,37.9,39.3,114,38.0,112,39.4,83.1,40.2,31.5,45.7,4.94,4.94,5.16,-3.74,0.034163,5.19009667,0.250125,18.46069504
1549.00,-1.$,1229.980,0,1229.980,100.105,93.705,4346.173,13.043,0.9673,76.4,-0.032,46.1,0.438,34.1,105.5,106,80.8,4.61,638,3.53,4.58,587.937,2242.89,0.029,0.0483,36.7401,7.67,4.92,37.3,32.3,0.802,302,242,119,0.93,0.743,0.0653,0.0653,1.174,1033,1033,15,1,115,36.8,112.8,110.1,39.2,40.5,113,39.4,110,40.7,83.2,40.1,31.5,45.7,4.94,4.94,5.68,-4.08,0.034162,5.19297123,0.250142,18.47140560
1550.00,-1.$,1229.980,0,1229.980,100.100,93.705,4346.239,13.043,0.9674,76.4,0.064,46.1,0.438,34.1,81.9,106,80.8,4.61,638,3.46,4.58,587.957,2517.22,0.029,0.0483,36.7348,7.67,7.07,37.3,32.3,0.802,306,246,77,0.70,0.068,0.0653,0.0653,1.174,1032,1032,15,1,159,0.6,115.2,112.6,37.0,38.3,113,38.7,110,40.1,83.2,40.1,31.5,45.7,4.94,4.94,4.38,-3.93,0.034160,5.19584713,0.250156,18.48211790
1551.00,-1.$,1229.980,0,1229.980,100.098,93.709,4346.304,13.043,0.9671,76.4,0.177,46.1,0.438,34.1,93.6,106,80.8,4.61,638,3.50,4.58,587.957,2830.86,0.029,0.0483,36.7348,7.67,7.87,37.3,32.3,0.803,306,246,98,0.81,0.418,0.0653,0.0653,1.174,1033,1033,15,1,160,0.3,119.0,116.3,34.1,35.5,117,35.9,114,37.4,83.1,40.2,31.5,45.7,4.94,4.94,5.20,-4.10,0.034161,5.19872199,0.250167,18.49283063
1552.00,-1.$,1229.980,0,1229.980,100.094,93.713,4346.370,13.043,0.9671,76.4,-0.032,46.1,0.438,34.1,105.5,106,80.8,4.61,638,3.53,4.58,587.957,2489.95,0.029,0.0483,36.7348,7.67,5.29,37.3,32.3,0.802,302,242,118,0.93,0.743,0.0653,0.0653,1.174,1034,1034,15,1,122,31.7,115.7,113.0,36.9,38.3,115,37.2,113,38.6,83.1,40.2,31.5,45.7,4.94,4.94,5.77,-4.46,0.034164,5.20159649,0.250184,18.50354283
1553.00,-1.$,1229.980,0,1229.980,100.089,93.689,4346.436,13.043,0.9672,76.4,0.064,46.0,0.438,34.1,81.9,106,80.8,4.61,638,3.46,4.59,587.957,2243.06,0.029,0.0483,36.7348,7.67,4.92,37.3,32.3,0.802,306,246,77,0.70,0.067,0.0654,0.0654,1.175,1033,1033,15,1,115,36.8,113.8,111.0,38.4,39.8,114,38.5,111,39.9,83.2,40.1,31.5,45.7,4.94,4.94,4.26,-3.03,0.034165,5.20447239,0.250197,18.51425679
1554.00,-1.$,1229.980,0,1229.980,100.087,93.697,4346.501,13.043,0.9674,76.4,0.177,46.1,0.438,34.1,93.6,106,80.8,4.61,638,3.50,4.59,587.957,2244.51,0.029,0.0483,36.7386,7.67,5.05,37.3,32.3,0.803,306,246,98,0.81,0.417,0.0654,0.0654,1.174,1033,1033,15,1,115,36.7,112.1,109.4,39.7,41.0,112,39.9,109,41.2,83.2,40.0,31.5,45.7,4.94,4.94,5.13,-3.51,0.034163,5.20734731,0.250208,18.52497113
1555.00,-1.$,1229.980,0,1229.980,100.083,93.712,4346.568,13.043,0.9672,76.4,-0.032,46.1,0.438,34.1,105.5,106,80.8,4.61,638,3.53,4.58,587.970,2704.28,0.029,0.0483,36.7386,7.67,7.82,37.3,32.3,0.802,302,242,118,0.93,0.742,0.0654,0.0654,1.174,1033,1033,15,1,160,0.3,117.9,115.2,34.9,36.3,116,36.8,113,38.3,83.2,40.2,31.5,45.7,4.94,4.94,5.88,-5.33,0.034162,5.21022187,0.250225,18.53568490
1556.00,-1.$,1229.980,0,1229.980,100.079,93.718,4346.634,13.043,0.9671,76.4,0.064,46.1,0.438,34.1,81.9,106,80.8,4.61,638,3.46,4.58,587.970,2769.47,0.029,0.0483,36.7386,7.67,7.11,37.3,32.3,0.802,306,246,77,0.70,0.067,0.0654,0.0654,1.174,1034,1034,15,1,152,6.7,117.8,115.1,35.1,36.5,116,36.4,113,37.9,83.1,40.2,31.5,45.7,4.94,4.94,4.28,-3.31,0.034163,5.21309776,0.250238,18.54640040
1557.00,-1.$,1229.980,0,1229.980,100.078,93.718,4346.699,13.043,0.9672,76.4,0.177,46.1,0.438,34.1,93.6,106,80.8,4.61,638,3.50,4.58,587.970,2273.10,0.029,0.0483,36.7386,7.67,4.65,37.3,32.3,0.803,306,246,98,0.81,0.417,0.0654,0.0654,1.174,1034,1034,15,1,116,36.5,114.8,112.0,37.6,39.0,115,37.7,112,39.2,83.1,40.2,31.5,45.7,4.94,4.94,5.16,-3.80,0.034166,5.21597271,0.250249,18.55711635
1558.00,-1.$,1229.980,0,1229.980,100.073,93.707,4346.765,13.043,0.9673,76.4,-0.032,46.0,0.438,34.1,105.5,106,80.8,4.61,638,3.53,4.59,587.970,2242.90,0.029,0.0483,36.7386,7.67,4.92,37.3,32.3,0.802,302,242,118,0.93,0.742,0.0654,0.0654,1.175,1033,1033,15,1,115,36.8,113.1,110.4,38.9,40.3,113,39.1,110,40.4,83.2,40.1,31.5,45.7,4.94,4.94,5.69,-4.13,0.034166,5.21884739,0.250266,18.56783177
1559.00,-1.$,1229.980,0,1229.980,100.068,93.707,4346.831,13.043,0.9674,76.4,0.064,46.1,0.438,34.1,81.9,106,80.8,4.61,638,3.46,4.58,587.994,2412.11,0.029,0.0483,36.7298,7.67,6.55,37.3,32.3,0.802,306,246,77,0.70,0.067,0.0655,0.0655,1.174,1032,1032,15,1,157,2.7,113.6,111.0,38.3,39.6,112,39.6,109,40.9,83.2,40.0,31.5,45.7,4.94,4.94,4.33,-3.58,0.034164,5.22172343,0.250279,18.57854894
1560.00,-1.$,1229.980,0,1229.980,100.066,93.712,4346.897,13.043,0.9672,76.4,0.177,46.1,0.438,34.1,93.6,106,80.8,4.61,638,3.50,4.58,587.994,2815.96,0.029,0.0483,36.7298,7.67,8.02,37.3,32.3,0.803,306,246,98,0.81,0.417,0.0655,0.0655,1.174,1033,1033,15,1,160,0.3,119.1,116.3,34.0,35.5,117,35.9,114,37.4,83.2,40.2,31.5,45.7,4.94,4.94,5.23,-4.41,0.034164,5.22459842,0.250290,18.58926652
1561.00,-1.$,1229.980,0,1229.980,100.061,93.716,4346.963,13.043,0.9671,76.4,-0.032,46.1,0.438,34.1,105.5,106,80.8,4.61,638,3.53,4.58,587.994,2600.73,0.029,0.0483,36.7298,7.67,5.93,37.3,32.3,0.803,302,242,118,0.93,0.742,0.0655,0.0655,1.174,1034,1034,15,1,129,25.7,116.3,113.6,36.5,37.8,116,36.9,113,38.4,83.1,40.2,31.5,45.7,4.94,4.94,5.78,-4.52,0.034167,5.22747305,0.250307,18.59998359
1562.00,-1.$,1229.980,0,1229.980,100.057,93.711,4347.029,13.043,0.9672,76.4,0.064,46.1,0.438,34.1,81.9,106,80.8,4.61,638,3.46,4.59,587.994,2243.83,0.029,0.0483,36.7298,7.67,4.91,37.3,32.3,0.802,306,246,77,0.70,0.066,0.0655,0.0655,1.175,1033,1033,15,1,115,36.8,114.1,111.4,38.1,39.5,114,38.2,111,39.7,83.2,40.2,31.5,45.7,4.94,4.94,4.26,-3.06,0.034168,5.23034909,0.250320,18.61070241
1563.00,-1.$,1229.980,0,1229.980,100.054,93.708,4347.094,13.043,0.9674,76.4,0.177,46.1,0.438,34.1,93.6,106,80.8,4.61,638,3.50,4.59,587.994,2242.89,0.029,0.0483,36.7298,7.67,4.92,37.3,32.3,0.803,306,246,98,0.81,0.416,0.0655,0.0655,1.174,1033,1033,15,1,115,36.8,112.4,109.7,39.5,40.8,112,39.7,109,41.0,83.2,40.0,31.5,45.7,4.94,4.94,5.14,-3.51,0.034167,5.23322418,0.250331,18.62142165
1564.00,-1.$,1229.980,0,1229.980,100.049,93.708,4347.161,13.043,0.9673,76.4,-0.032,46.1,0.438,34.1,105.5,106,80.8,4.61,638,3.53,4.58,588.009,2617.07,0.029,0.0483,36.7252,7.67,7.51,37.3,32.3,0.803,302,242,118,0.93,0.741,0.0655,0.0655,1.174,1033,1033,15,1,159,0.4,116.7,114.0,35.8,37.2,114,37.7,112,39.1,83.2,40.1,31.5,45.7,4.94,4.94,5.86,-5.30,0.034165,5.23609892,0.250348,18.63214034
1565.00,-1.$,1229.980,0,1229.980,100.045,93.715,4347.227,13.043,0.9672,76.4,0.064,46.1,0.438,34.1,81.9,106,80.8,4.61,638,3.46,4.58,588.009,2815.30,0.029,0.0483,36.7252,7.67,7.56,37.3,32.3,0.802,306,246,77,0.70,0.066,0.0655,0.0655,1.174,1033,1033,15,1,159,1.2,118.6,115.9,34.5,35.9,117,36.1,114,37.7,83.2,40.2,31.5,45.7,4.93,4.93,4.29,-3.35,0.034166,5.23897496,0.250361,18.64286078
1566.00,-1.$,1229.980,0,1229.980,100.043,93.716,4347.292,13.043,0.9671,76.4,0.177,46.1,0.438,34.1,93.6,106,80.8,4.61,638,3.50,4.58,588.009,2372.05,0.029,0.0483,36.7252,7.67,4.68,37.3,32.3,0.803,306,246,98,0.81,0.416,0.0656,0.0656,1.174,1034,1034,15,1,118,35.0,115.3,112.5,37.3,38.7,115,37.4,112,38.9,83.1,40.2,31.5,45.7,4.93,4.93,5.17,-3.83,0.034169,5.24185001,0.250371,18.65358163
1567.00,-1.$,1229.980,0,1229.980,100.038,93.692,4347.358,13.043,0.9673,76.4,-0.032,46.0,0.438,34.1,105.5,106,80.8,4.60,638,3.53,4.59,588.009,2242.92,0.029,0.0483,36.7252,7.67,4.92,37.3,32.3,0.803,302,242,118,0.93,0.740,0.0656,0.0656,1.175,1033,1033,15,1,115,36.8,113.5,110.7,38.7,40.0,113,38.8,111,40.2,83.2,40.1,31.5,45.7,4.93,4.93,5.70,-4.17,0.034170,5.24472477,0.250388,18.66430194
1568.00,-1.$,1229.980,0,1229.980,100.034,93.708,4347.424,13.043,0.9674,76.4,0.064,46.1,0.438,34.1,81.9,106,80.8,4.61,638,3.46,4.59,588.009,2311.62,0.029,0.0483,36.7296,7.67,5.95,37.3,32.3,0.802,306,246,77,0.70,0.065,0.0656,0.0656,1.174,1033,1033,15,1,141,15.6,112.2,109.6,39.5,40.7,112,40.0,109,41.3,83.2,40.0,31.5,45.7,4.93,4.93,4.27,-3.10,0.034168,5.24760088,0.250401,18.67502394
1569.00,-1.$,1229.980,0,1229.980,100.032,93.715,4347.489,13.043,0.9672,76.4,0.177,46.1,0.438,34.1,93.6,106,80.8,4.61,638,3.50,4.59,588.020,2772.47,0.029,0.0483,36.7296,7.67,8.00,37.3,32.3,0.803,306,246,98,0.81,0.415,0.0656,0.0656,1.174,1033,1033,15,1,160,0.3,118.7,115.9,34.3,35.7,116,36.2,114,37.7,83.2,40.2,31.5,45.7,4.93,4.93,5.26,-4.63,0.034167,5.25047598,0.250412,18.68574632
1570.00,-1.$,1229.980,0,1229.980,100.029,93.721,4347.556,13.043,0.9671,76.4,-0.032,46.1,0.438,34.1,105.5,106,80.8,4.61,638,3.53,4.59,588.020,2696.26,0.029,0.0483,36.7296,7.67,6.55,37.3,32.3,0.803,302,242,118,0.93,0.740,0.0656,0.0656,1.175,1034,1034,15,1,140,16.6,117.0,114.3,35.8,37.2,116,36.6,113,38.1,83.1,40.2,31.5,45.7,4.93,4.93,5.79,-4.57,0.034170,5.25335073,0.250428,18.69646815
1571.00,-1.$,1229.980,0,1229.980,100.025,93.721,4347.622,13.043,0.9672,76.4,0.064,46.1,0.438,34.1,81.9,106,80.8,4.61,638,3.46,4.59,588.020,2248.25,0.029,0.0483,36.7296,7.67,4.87,37.3,32.3,0.802,306,246,77,0.70,0.065,0.0656,0.0656,1.175,1033,1033,15,1,115,36.7,114.5,111.7,37.9,39.3,114,38.0,112,39.4,83.2,40.2,31.5,45.7,4.93,4.93,4.26,-3.09,0.034172,5.25622689,0.250441,18.70719174
1572.00,-1.$,1229.980,0,1229.980,100.022,93.710,4347.687,13.043,0.9674,76.4,0.177,46.1,0.438,34.1,93.6,106,80.8,4.61,638,3.50,4.59,588.020,2242.89,0.029,0.0483,36.7296,7.67,4.92,37.3,32.3,0.803,306,246,98,0.81,0.415,0.0656,0.0656,1.175,1033,1033,15,1,115,36.8,112.8,110.1,39.2,40.5,113,39.4,110,40.7,83.2,40.0,31.5,45.7,4.93,4.93,5.14,-3.54,0.034171,5.25910213,0.250452,18.71791574
1573.00,-1.$,1229.980,0,1229.980,100.017,93.710,4347.753,13.043,0.9673,76.4,-0.032,46.1,0.438,34.1,105.5,106,80.8,4.61,638,3.53,4.59,588.039,2517.27,0.029,0.0483,36.7213,7.67,7.07,37.3,32.3,0.803,302,242,118,0.93,0.739,0.0657,0.0657,1.175,1032,1032,15,1,159,0.6,115.3,112.6,37.0,38.3,113,38.7,110,40.1,83.2,40.1,31.5,45.7,4.93,4.93,5.82,-5.11,0.034169,5.26197702,0.250469,18.72863919
1574.00,-1.$,1229.980,0,1229.980,100.013,93.718,4347.819,13.043,0.9672,76.4,0.064,46.1,0.438,34.1,81.9,106,80.8,4.61,638,3.46,4.59,588.039,2830.94,0.029,0.0483,36.7213,7.67,7.87,37.3,32.3,0.802,306,246,77,0.70,0.065,0.0657,0.0657,1.175,1033,1033,15,1,160,0.3,119.1,116.4,34.1,35.5,117,35.9,114,37.4,83.2,40.2,31.5,45.7,4.93,4.93,4.29,-3.39,0.034170,5.26485321,0.250482,18.73936438
1575.00,-1.$,1229.980,0,1229.980,100.011,93.719,4347.885,13.043,0.9671,76.4,0.177,46.1,0.438,34.1,93.6,106,80.8,4.61,638,3.51,4.59,588.039,2489.90,0.029,0.0483,36.7213,7.67,5.29,37.3,32.3,0.803,306,246,98,0.81,0.414,0.0657,0.0657,1.175,1034,1034,15,1,122,31.7,115.8,113.0,36.9,38.3,115,37.2,113,38.6,83.2,40.2,31.5,45.7,4.93,4.93,5.17,-3.87,0.034172,5.26772840,0.250492,18.75008998
1576.00,-1.$,1229.980,0,1229.980,100.006,93.714,4347.951,13.043,0.9673,76.4,-0.032,46.1,0.438,34.1,105.5,106,80.8,4.61,638,3.53,4.59,588.039,2243.06,0.029,0.0483,36.7213,7.67,4.92,37.3,32.3,0.803,302,242,118,0.93,0.739,0.0657,0.0657,1.175,1033,1033,15,1,115,36.8,113.8,111.1,38.4,39.8,114,38.5,111,39.9,83.2,40.1,31.5,45.7,4.93,4.93,5.71,-4.21,0.034174,5.27060331,0.250508,18.76081506
1577.00,-1.$,1229.980,0,1229.980,100.002,93.711,4348.017,13.043,0.9674,76.4,0.064,46.1,0.438,34.1,81.9,106,80.8,4.61,638,3.46,4.59,588.039,2244.51,0.029,0.0483,36.7172,7.67,5.05,37.3,32.3,0.802,306,246,77,0.70,0.064,0.0657,0.0657,1.175,1033,1033,15,1,115,36.7,112.1,109.5,39.7,41.0,112,39.9,109,41.2,83.2,40.0,31.5,45.7,4.93,4.93,4.24,-2.91,0.034172,5.27347962,0.250521,18.77154187
1578.00,-1.$,1229.980,0,1229.980,99.999,93.711,4348.082,13.043,0.9673,76.4,0.160,46.1,0.438,34.1,93.6,106,80.8,4.61,638,3.51,4.59,588.052,2704.34,0.029,0.0483,36.7172,7.67,7.82,37.3,32.3,0.803,306,246,98,0.81,0.414,0.0657,0.0657,1.175,1033,1033,15,1,160,0.3,117.9,115.2,34.9,36.3,116,36.8,113,38.3,83.2,40.1,31.5,45.7,4.93,4.93,5.28,-4.75,0.034171,5.27635491,0.250532,18.78226907
1579.00,-1.$,1229.980,0,1229.980,99.995,93.718,4348.149,13.043,0.9671,76.4,-0.030,46.1,0.438,34.1,105.5,106,80.8,4.61,638,3.53,4.59,588.052,2769.50,0.029,0.0483,36.7172,7.67,7.11,37.3,32.3,0.803,302,242,118,0.93,0.739,0.0657,0.0657,1.175,1034,1034,15,1,152,6.7,117.9,115.2,35.1,36.5,116,36.4,114,37.9,83.2,40.2,31.5,45.7,4.93,4.93,5.80,-4.61,0.034173,5.27922980,0.250548,18.79299573
1580.00,-1.$,1229.980,0,1229.980,99.991,93.720,4348.214,13.043,0.9672,76.4,0.069,46.1,0.438,34.1,81.9,106,80.8,4.61,638,3.46,4.59,588.052,2273.07,0.029,0.0483,36.7172,7.67,4.65,37.3,32.3,0.802,306,246,77,0.70,0.064,0.0658,0.0658,1.175,1034,1034,15,1,116,36.5,114.9,112.1,37.6,39.0,115,37.7,112,39.1,83.2,40.2,31.5,45.7,4.93,4.93,4.26,-3.15,0.034175,5.28210608,0.250561,18.80372412
1581.00,-1.$,1229.980,0,1229.980,99.988,93.696,4348.280,13.043,0.9674,76.4,0.160,46.0,0.438,34.1,93.6,106,80.8,4.60,638,3.51,4.59,588.052,2242.90,0.029,0.0483,36.7172,7.67,4.92,37.3,32.3,0.803,306,246,98,0.81,0.413,0.0658,0.0658,1.176,1033,1033,15,1,115,36.8,113.1,110.4,38.9,40.3,113,39.1,110,40.4,83.2,40.1,31.5,45.7,4.93,4.93,5.14,-3.58,0.034175,5.28498140,0.250572,18.81445290
1582.00,-1.$,1229.980,0,1229.980,99.984,93.711,4348.346,13.043,0.9674,76.4,-0.030,46.1,0.439,34.1,105.5,106,80.8,4.61,638,3.53,4.59,588.060,2412.13,0.029,0.0483,36.7220,7.67,6.55,37.3,32.3,0.803,302,242,118,0.93,0.738,0.0658,0.0658,1.175,1032,1032,15,1,157,2.7,113.7,111.0,38.3,39.6,112,39.6,109,40.9,83.3,40.1,31.5,45.7,4.93,4.93,5.75,-4.72,0.034173,5.28785638,0.250588,18.82518107
1583.00,-1.$,1229.980,0,1229.980,99.981,93.722,4348.412,13.043,0.9673,76.4,0.069,46.1,0.439,34.1,81.9,106,80.8,4.61,638,3.46,4.59,588.060,2816.04,0.029,0.0483,36.7220,7.67,8.02,37.3,32.3,0.802,306,246,77,0.70,0.064,0.0658,0.0658,1.175,1033,1033,15,1,160,0.3,119.1,116.4,34.0,35.4,117,35.8,114,37.4,83.2,40.1,31.5,45.7,4.93,4.93,4.32,-3.69,0.034173,5.29073270,0.250601,18.83591095
1584.00,-1.$,1229.980,0,1229.980,99.979,93.724,4348.477,13.043,0.9671,76.4,0.160,46.1,0.438,34.1,93.6,106,80.8,4.61,638,3.51,4.59,588.060,2600.72,0.029,0.0483,36.7220,7.67,5.93,37.3,32.3,0.803,306,246,98,0.81,0.413,0.0658,0.0658,1.175,1034,1034,15,1,129,25.7,116.3,113.6,36.5,37.9,116,36.9,113,38.4,83.2,40.2,31.5,45.7,4.93,4.93,5.17,-3.92,0.034176,5.29360802,0.250611,18.84664122
1585.00,-1.$,1229.980,0,1229.980,99.975,93.724,4348.544,13.043,0.9673,76.4,-0.030,46.1,0.438,34.1,105.5,106,80.8,4.61,638,3.53,4.59,588.060,2243.83,0.029,0.0483,36.7220,7.67,4.91,37.3,32.3,0.803,302,242,118,0.93,0.737,0.0658,0.0658,1.175,1033,1033,15,1,115,36.8,114.2,111.4,38.1,39.5,114,38.2,111,39.6,83.2,40.1,31.5,45.7,4.93,4.93,5.72,-4.26,0.034178,5.29648307,0.250627,18.85737098
1586.00,-1.$,1229.980,0,1229.980,99.970,93.712,4348.610,13.043,0.9674,76.4,0.069,46.1,0.438,34.1,81.9,106,80.8,4.61,638,3.46,4.59,588.060,2242.89,0.029,0.0483,36.7220,7.67,4.92,37.3,32.3,0.802,306,245,77,0.70,0.063,0.0659,0.0659,1.175,1033,1033,15,1,115,36.8,112.5,109.8,39.4,40.7,112,39.6,110,40.9,83.3,40.0,31.5,45.7,4.93,4.93,4.24,-2.90,0.034177,5.29935953,0.250640,18.86810244
1587.00,-1.$,1229.980,0,1229.980,99.967,93.713,4348.675,13.043,0.9674,76.4,0.160,46.1,0.438,34.1,93.6,106,80.8,4.61,638,3.51,4.59,588.077,2617.12,0.029,0.0483,36.7141,7.67,7.51,37.3,32.3,0.803,306,246,98,0.81,0.413,0.0659,0.0659,1.175,1033,1033,15,1,159,0.4,116.7,114.0,35.8,37.2,114,37.7,112,39.1,83.3,40.1,31.5,45.7,4.93,4.93,5.29,-4.75,0.034175,5.30223499,0.250651,18.87883430
1588.00,-1.$,1229.980,0,1229.980,99.963,93.721,4348.741,13.043,0.9671,76.4,-0.030,46.1,0.439,34.1,105.5,106,80.8,4.61,638,3.53,4.59,588.077,2815.35,0.029,0.0483,36.7141,7.67,7.56,37.3,32.3,0.803,302,242,118,0.93,0.737,0.0659,0.0659,1.175,1033,1033,15,1,159,1.2,118.7,115.9,34.5,35.9,117,36.1,114,37.6,83.2,40.2,31.5,45.7,4.93,4.93,5.80,-4.66,0.034177,5.30511004,0.250667,18.88956562
1589.00,-1.$,1229.980,0,1229.980,99.959,93.723,4348.807,13.043,0.9672,76.4,0.069,46.1,0.439,34.1,81.9,106,80.8,4.61,638,3.46,4.59,588.077,2371.99,0.029,0.0483,36.7141,7.67,4.68,37.3,32.3,0.802,306,245,77,0.70,0.063,0.0659,0.0659,1.175,1034,1034,15,1,118,35.0,115.3,112.6,37.3,38.7,115,37.4,112,38.9,83.2,40.2,31.5,45.7,4.92,4.92,4.27,-3.17,0.034179,5.30798647,0.250679,18.90029867
1590.00,-1.$,1229.980,0,1229.980,99.957,93.717,4348.872,13.043,0.9673,76.4,0.160,46.1,0.438,34.1,93.6,106,80.8,4.61,638,3.51,4.59,588.077,2242.92,0.029,0.0483,36.7141,7.67,4.92,37.3,32.3,0.803,306,246,97,0.81,0.412,0.0659,0.0659,1.175,1033,1033,15,1,115,36.8,113.5,110.7,38.7,40.0,113,38.8,111,40.2,83.2,40.1,31.5,45.7,4.92,4.92,5.14,-3.62,0.034179,5.31086196,0.250690,18.91103213
1591.00,-1.$,1229.980,0,1229.980,99.952,93.714,4348.939,13.043,0.9674,76.4,-0.030,46.1,0.438,34.1,105.5,106,80.8,4.61,638,3.53,4.59,588.077,2311.63,0.029,0.0483,36.7104,7.67,5.95,37.3,32.3,0.803,302,242,118,0.93,0.736,0.0659,0.0659,1.175,1033,1033,15,1,141,15.6,112.3,109.7,39.5,40.7,112,40.0,109,41.2,83.3,40.0,31.5,45.7,4.92,4.92,5.67,-4.22,0.034178,5.31373715,0.250706,18.92176503
1592.00,-1.$,1229.980,0,1229.980,99.947,93.719,4349.005,13.043,0.9673,76.4,0.069,46.1,0.439,34.1,81.9,106,80.8,4.61,638,3.46,4.59,588.087,2772.53,0.029,0.0483,36.7104,7.67,8.00,37.3,32.3,0.802,306,245,77,0.70,0.063,0.0659,0.0659,1.175,1033,1033,15,1,160,0.3,118.7,116.0,34.3,35.7,117,36.1,114,37.6,83.2,40.1,31.5,45.7,4.92,4.92,4.35,-3.92,0.034177,5.31661366,0.250718,18.93249964
1593.00,-1.$,1229.980,0,1229.980,99.945,93.721,4349.070,13.043,0.9671,76.4,0.160,46.1,0.439,34.1,93.6,106,80.8,4.61,638,3.51,4.59,588.087,2696.27,0.029,0.0483,36.7104,7.67,6.55,37.3,32.3,0.803,306,246,97,0.81,0.412,0.0659,0.0659,1.175,1034,1034,15,1,140,16.6,117.0,114.3,35.9,37.2,116,36.6,113,38.1,83.2,40.2,31.5,45.7,4.92,4.92,5.18,-3.96,0.034180,5.31948913,0.250729,18.94323464
1594.00,-1.$,1229.980,0,1229.980,99.941,93.723,4349.136,13.043,0.9673,76.4,-0.030,46.1,0.439,34.1,105.5,106,80.8,4.61,638,3.53,4.59,588.087,2248.24,0.029,0.0483,36.7104,7.67,4.87,37.3,32.3,0.803,302,242,118,0.93,0.735,0.0660,0.0660,1.175,1033,1033,15,1,115,36.7,114.5,111.8,37.9,39.3,114,37.9,112,39.4,83.2,40.1,31.5,45.7,4.92,4.92,5.73,-4.31,0.034182,5.32236430,0.250744,18.95396910
1595.00,-1.$,1229.980,0,1229.980,99.936,93.706,4349.202,13.043,0.9674,76.4,0.069,46.1,0.439,34.1,81.9,106,80.8,4.61,638,3.46,4.59,588.087,2242.89,0.029,0.0483,36.7104,7.67,4.92,37.3,32.3,0.802,306,245,76,0.70,0.062,0.0660,0.0660,1.175,1033,1033,15,1,115,36.8,112.8,110.1,39.2,40.5,113,39.3,110,40.7,83.3,40.0,31.5,45.7,4.92,4.92,4.24,-2.93,0.034181,5.32524085,0.250757,18.96470524
1596.00,-1.$,1229.980,0,1229.980,99.934,93.714,4349.268,13.043,0.9674,76.4,0.160,46.1,0.439,34.1,93.6,106,80.8,4.61,638,3.51,4.59,588.093,2517.30,0.029,0.0483,36.7156,7.67,7.07,37.3,32.3,0.803,306,246,97,0.81,0.411,0.0660,0.0660,1.175,1032,1032,15,1,159,0.6,115.3,112.6,37.0,38.3,113,38.7,110,40.1,83.3,40.0,31.5,45.7,4.92,4.92,5.28,-4.58,0.034179,5.32811641,0.250767,18.97544173
1597.00,-1.$,1229.980,0,1229.980,99.931,93.725,4349.334,13.043,0.9672,76.4,-0.030,46.1,0.439,34.1,105.5,106,80.8,4.61,638,3.53,4.59,588.093,2831.00,0.029,0.0483,36.7156,7.67,7.87,37.3,32.3,0.803,302,242,118,0.93,0.736,0.0660,0.0660,1.175,1033,1033,15,1,160,0.3,119.1,116.4,34.0,35.5,117,35.9,114,37.4,83.2,40.2,31.5,45.7,4.92,4.92,5.82,-4.72,0.034180,5.33099160,0.250783,18.98617763
1598.00,-1.$,1229.980,0,1229.980,99.927,93.727,4349.400,13.043,0.9672,76.4,0.069,46.1,0.439,34.1,81.9,106,80.8,4.61,638,3.46,4.59,588.093,2489.87,0.029,0.0483,36.7156,7.67,5.29,37.3,32.3,0.802,306,245,76,0.70,0.062,0.0660,0.0660,1.176,1034,1034,15,1,122,31.7,115.8,113.1,36.9,38.3,116,37.1,113,38.6,83.2,40.2,31.5,45.7,4.92,4.92,4.27,-3.21,0.034183,5.33386816,0.250796,18.99691525
1599.00,-1.$,1229.980,0,1229.980,99.925,93.727,4349.465,13.043,0.9673,76.4,0.160,46.1,0.439,34.1,93.6,106,80.8,4.61,638,3.51,4.59,588.093,2243.06,0.029,0.0483,36.7156,7.67,4.92,37.3,32.3,0.803,306,246,97,0.81,0.411,0.0660,0.0660,1.176,1033,1033,15,1,115,36.8,113.8,111.1,38.4,39.8,114,38.5,111,39.9,83.2,40.1,31.5,45.7,4.92,4.92,5.15,-3.66,0.034184,5.33674382,0.250806,19.00765330
1600.00,-1.$,1229.980,0,1229.980,99.920,93.715,4349.532,13.043,0.9674,76.4,-0.030,46.1,0.439,34.1,105.5,106,80.8,4.60,638,3.53,4.59,588.093,2244.51,0.029,0.0483,36.7079,7.67,5.05,37.3,32.3,0.803,302,242,118,0.93,0.735,0.0660,0.0660,1.176,1033,1033,15,1,115,36.7,112.2,109.5,39.7,40.9,112,39.9,109,41.2,83.3,40.0,31.5,45.7,4.92,4.92,5.65,-4.04,0.034182,5.33961917,0.250822,19.01839076
1601.00,-1.$,1229.980,0,1229.980,99.916,93.721,4349.597,13.043,0.9674,76.4,0.069,46.1,0.439,34.1,81.9,106,80.8,4.61,638,3.46,4.59,588.107,2704.40,0.029,0.0483,36.7079,7.67,7.82,37.3,32.3,0.802,306,245,76,0.70,0.061,0.0661,0.0661,1.175,1033,1033,15,1,160,0.3,117.9,115.2,34.9,36.3,116,36.8,113,38.2,83.3,40.1,31.5,45.7,4.92,4.92,4.37,-4.05,0.034181,5.34249585,0.250834,19.02912994
1602.00,-1.$,1229.980,0,1229.980,99.914,93.724,4349.663,13.043,0.9672,76.4,0.160,46.1,0.439,34.1,93.6,106,80.8,4.60,638,3.51,4.59,588.107,2769.53,0.029,0.0483,36.7079,7.67,7.11,37.3,32.3,0.803,306,246,97,0.81,0.411,0.0661,0.0661,1.176,1034,1034,15,1,152,6.7,117.9,115.2,35.1,36.5,116,36.4,114,37.9,83.2,40.2,31.5,45.7,4.92,4.92,5.18,-4.00,0.034183,5.34537148,0.250844,19.03986952
1603.00,-1.$,1229.980,0,1229.980,99.909,93.726,4349.729,13.043,0.9672,76.4,-0.030,46.1,0.439,34.1,105.5,106,80.8,4.60,638,3.53,4.59,588.107,2273.05,0.029,0.0483,36.7079,7.67,4.65,37.3,32.3,0.803,302,242,118,0.93,0.735,0.0661,0.0661,1.176,1034,1034,15,1,116,36.4,114.9,112.1,37.6,39.0,115,37.7,112,39.1,83.2,40.1,31.5,45.7,4.92,4.92,5.74,-4.38,0.034186,5.34824681,0.250860,19.05060854
1604.00,-1.$,1229.980,0,1229.980,99.905,93.717,4349.795,13.043,0.9674,76.4,0.069,46.1,0.439,34.1,81.9,106,80.8,4.60,638,3.46,4.59,588.107,2242.90,0.029,0.0483,36.7079,7.67,4.92,37.3,32.3,0.802,306,245,76,0.70,0.061,0.0661,0.0661,1.176,1033,1033,15,1,115,36.8,113.2,110.5,38.9,40.2,113,39.1,110,40.4,83.3,40.1,31.5,45.7,4.92,4.92,4.25,-2.96,0.034186,5.35112356,0.250872,19.06134929
1605.00,-1.$,1229.980,0,1229.980,99.902,93.717,4349.860,13.043,0.9674,76.4,0.160,46.1,0.439,34.1,93.6,106,80.8,4.60,638,3.51,4.59,588.116,2412.15,0.029,0.0483,36.7045,7.67,6.55,37.3,32.3,0.803,306,246,97,0.81,0.410,0.0661,0.0661,1.176,1032,1032,15,1,157,2.7,113.7,111.0,38.3,39.6,112,39.6,109,40.9,83.3,40.0,31.5,45.7,4.92,4.92,5.23,-4.20,0.034184,5.35399933,0.250883,19.07209041
1606.00,-1.$,1229.980,0,1229.980,99.898,93.722,4349.927,13.043,0.9672,76.4,-0.030,46.1,0.439,34.1,105.5,106,80.8,4.60,638,3.53,4.59,588.116,2816.08,0.029,0.0483,36.7045,7.67,8.02,37.3,32.3,0.803,302,242,118,0.93,0.735,0.0661,0.0661,1.176,1033,1033,15,1,160,0.3,119.1,116.4,34.0,35.4,117,35.8,114,37.3,83.2,40.2,31.5,45.7,4.92,4.92,5.85,-5.02,0.034184,5.35687471,0.250899,19.08283097
1607.00,-1.$,1229.980,0,1229.980,99.894,93.726,4349.993,13.043,0.9672,76.4,0.069,46.1,0.439,34.1,81.9,106,80.8,4.60,638,3.46,4.59,588.116,2600.71,0.029,0.0483,36.7045,7.67,5.93,37.3,32.3,0.802,306,245,76,0.70,0.061,0.0662,0.0662,1.176,1034,1034,15,1,129,25.7,116.4,113.6,36.4,37.8,116,36.9,113,38.4,83.2,40.2,31.5,45.7,4.92,4.92,4.27,-3.24,0.034187,5.35975142,0.250911,19.09357322
1608.00,-1.$,1229.980,0,1229.980,99.891,93.726,4350.058,13.043,0.9673,76.4,0.160,46.1,0.439,34.1,93.6,106,80.8,4.60,638,3.51,4.59,588.116,2243.83,0.029,0.0483,36.7045,7.67,4.91,37.3,32.3,0.803,306,246,97,0.81,0.409,0.0662,0.0662,1.176,1033,1033,15,1,115,36.8,114.1,111.4,38.1,39.5,114,38.3,111,39.6,83.2,40.1,31.5,45.7,4.92,4.92,5.15,-3.70,0.034188,5.36262720,0.250921,19.10431588
1609.00,-1.$,1229.980,0,1229.980,99.887,93.709,4350.124,13.043,0.9674,76.4,-0.030,46.1,0.439,34.1,105.5,106,80.8,4.60,638,3.53,4.59,588.116,2242.89,0.029,0.0483,36.7045,7.67,4.92,37.3,32.3,0.803,302,242,118,0.93,0.734,0.0662,0.0662,1.176,1033,1033,15,1,115,36.8,112.5,109.8,39.4,40.7,112,39.6,110,40.9,83.3,40.0,31.5,45.7,4.92,4.92,5.66,-4.04,0.034187,5.36550264,0.250937,19.11505793
1610.00,-1.$,1229.980,0,1229.980,99.883,93.724,4350.190,13.043,0.9674,76.4,0.069,46.1,0.439,34.1,81.9,106,80.8,4.60,638,3.46,4.59,588.121,2617.16,0.029,0.0483,36.7099,7.67,7.51,37.3,32.3,0.802,306,245,76,0.70,0.060,0.0662,0.0662,1.176,1033,1033,15,1,159,0.4,116.8,114.1,35.8,37.2,115,37.7,112,39.1,83.3,40.0,31.5,45.7,4.92,4.92,4.38,-4.07,0.034186,5.36837944,0.250949,19.12580164
1611.00,-1.$,1229.980,0,1229.980,99.882,93.728,4350.255,13.043,0.9672,76.4,0.160,46.1,0.439,34.1,93.6,106,80.8,4.60,638,3.51,4.59,588.121,2815.39,0.029,0.0483,36.7099,7.67,7.56,37.3,32.3,0.803,306,246,97,0.81,0.410,0.0662,0.0662,1.176,1033,1033,15,1,159,1.2,118.6,115.9,34.5,35.9,117,36.1,114,37.7,83.2,40.2,31.5,45.7,4.92,4.92,5.18,-4.04,0.034187,5.37125522,0.250959,19.13654571
1612.00,-1.$,1229.980,0,1229.980,99.878,93.730,4350.322,13.043,0.9672,76.4,-0.030,46.1,0.439,34.1,105.5,106,80.8,4.60,638,3.53,4.59,588.121,2371.95,0.029,0.0483,36.7099,7.67,4.68,37.3,32.3,0.803,302,242,118,0.93,0.734,0.0662,0.0662,1.176,1034,1034,15,1,118,35.0,115.4,112.6,37.3,38.7,115,37.4,112,38.9,83.2,40.2,31.5,45.7,4.92,4.92,5.75,-4.41,0.034190,5.37413069,0.250974,19.14728922
1613.00,-1.$,1229.980,0,1229.980,99.873,93.719,4350.388,13.043,0.9673,76.4,0.069,46.1,0.438,34.1,81.9,106,80.8,4.60,638,3.46,4.59,588.121,2242.92,0.029,0.0483,36.7099,7.67,4.92,37.3,32.3,0.802,306,245,76,0.70,0.060,0.0662,0.0662,1.176,1033,1033,15,1,115,36.8,113.5,110.8,38.6,40.0,113,38.8,111,40.1,83.3,40.1,31.5,45.7,4.91,4.91,4.25,-2.99,0.034190,5.37700760,0.250987,19.15803447
1614.00,-1.$,1229.980,0,1229.980,99.871,93.718,4350.453,13.043,0.9674,76.4,0.160,46.1,0.439,34.1,93.6,106,80.8,4.60,638,3.51,4.59,588.121,2311.64,0.029,0.0483,36.7025,7.67,5.95,37.3,32.3,0.803,306,246,97,0.81,0.409,0.0662,0.0662,1.176,1033,1033,15,1,141,15.6,112.3,109.7,39.5,40.7,112,40.0,109,41.3,83.3,40.0,31.5,45.7,4.91,4.91,5.16,-3.70,0.034189,5.37988355,0.250997,19.16878008
1615.00,-1.$,1229.980,0,1229.980,99.867,93.724,4350.519,13.043,0.9673,76.4,-0.030,46.1,0.439,34.1,105.5,106,80.8,4.60,638,3.53,4.59,588.133,2772.58,0.029,0.0483,36.7025,7.67,8.00,37.3,32.3,0.803,302,242,118,0.93,0.733,0.0663,0.0663,1.176,1033,1033,15,1,160,0.3,118.8,116.0,34.3,35.7,117,36.1,114,37.6,83.2,40.2,31.5,45.7,4.91,4.91,5.87,-5.23,0.034188,5.38275911,0.251012,19.17952512
1616.00,-1.$,1229.980,0,1229.980,99.862,93.728,4350.585,13.043,0.9672,76.4,0.069,46.1,0.439,34.1,81.9,106,80.8,4.60,638,3.46,4.59,588.133,2696.28,0.029,0.0483,36.7025,7.67,6.55,37.3,32.3,0.802,306,245,76,0.70,0.060,0.0663,0.0663,1.176,1034,1034,15,1,140,16.6,117.1,114.4,35.8,37.2,116,36.6,113,38.1,83.2,40.2,31.5,45.7,4.91,4.91,4.28,-3.28,0.034190,5.38563600,0.251024,19.19027186
1617.00,-1.$,1229.980,0,1229.980,99.860,93.729,4350.650,13.043,0.9673,76.4,0.160,46.1,0.439,34.1,93.6,106,80.8,4.60,638,3.51,4.59,588.133,2248.24,0.029,0.0483,36.7025,7.67,4.87,37.3,32.3,0.803,306,246,97,0.81,0.409,0.0663,0.0663,1.176,1033,1033,15,1,115,36.7,114.5,111.7,37.9,39.3,114,38.0,112,39.4,83.2,40.1,31.5,45.7,4.91,4.91,5.15,-3.74,0.034193,5.38851193,0.251034,19.20101901
1618.00,-1.$,1229.980,0,1229.980,99.856,93.720,4350.717,13.043,0.9674,76.4,-0.030,46.1,0.439,34.1,105.5,106,80.8,4.60,638,3.53,4.59,588.133,2242.89,0.029,0.0483,36.7025,7.67,4.92,37.3,32.3,0.803,302,242,117,0.93,0.732,0.0663,0.0663,1.176,1033,1033,15,1,115,36.8,112.9,110.2,39.2,40.5,113,39.3,110,40.7,83.3,40.0,31.5,45.7,4.91,4.91,5.67,-4.08,0.034192,5.39138758,0.251050,19.21176559
1619.00,-1.$,1229.980,0,1229.980,99.851,93.720,4350.783,13.043,0.9674,76.4,0.069,46.1,0.439,34.1,81.9,106,80.8,4.60,638,3.46,4.59,588.140,2517.32,0.029,0.0483,36.6993,7.67,7.07,37.3,32.3,0.802,306,245,76,0.70,0.059,0.0663,0.0663,1.176,1032,1032,15,1,159,0.6,115.3,112.7,37.0,38.3,113,38.7,111,40.0,83.3,40.0,31.5,45.7,4.91,4.91,4.37,-3.93,0.034191,5.39426460,0.251062,19.22251385
1620.00,-1.$,1229.980,0,1229.980,99.849,93.725,4350.848,13.043,0.9672,76.4,0.160,46.1,0.439,34.1,93.6,106,80.8,4.60,638,3.51,4.59,588.140,2831.03,0.029,0.0483,36.6993,7.67,7.87,37.3,32.3,0.803,306,246,97,0.81,0.408,0.0663,0.0663,1.176,1033,1033,15,1,160,0.3,119.1,116.4,34.1,35.5,117,35.9,114,37.4,83.2,40.2,31.5,45.7,4.91,4.91,5.19,-4.10,0.034191,5.39714057,0.251072,19.23326250
1621.00,-1.$,1229.980,0,1229.980,99.845,93.729,4350.914,13.043,0.9672,76.4,-0.030,46.1,0.439,34.1,105.5,106,80.8,4.60,638,3.53,4.59,588.140,2489.85,0.029,0.0483,36.6993,7.67,5.29,37.3,32.3,0.803,302,242,117,0.93,0.732,0.0663,0.0663,1.176,1034,1034,15,1,122,31.7,115.8,113.1,36.9,38.3,116,37.1,113,38.6,83.2,40.2,31.5,45.7,4.91,4.91,5.76,-4.46,0.034194,5.40001619,0.251087,19.24401056
1622.00,-1.$,1229.980,0,1229.980,99.840,93.705,4350.980,13.043,0.9673,76.4,0.069,46.1,0.438,34.1,81.9,106,80.8,4.60,638,3.46,4.59,588.140,2243.06,0.029,0.0483,36.6993,7.67,4.92,37.3,32.3,0.802,306,245,76,0.70,0.058,0.0664,0.0664,1.177,1033,1033,15,1,115,36.8,113.9,111.1,38.4,39.7,114,38.5,111,39.9,83.3,40.1,31.5,45.7,4.91,4.91,4.25,-3.03,0.034195,5.40289322,0.251099,19.25476033
1623.00,-1.$,1229.980,0,1229.980,99.838,93.712,4351.045,13.043,0.9675,76.4,0.160,46.1,0.439,34.1,93.6,106,80.8,4.60,638,3.51,4.59,588.140,2244.51,0.029,0.0483,36.7050,7.67,5.05,37.3,32.3,0.803,306,246,97,0.81,0.408,0.0664,0.0664,1.176,1033,1033,15,1,115,36.7,112.2,109.5,39.7,41.0,112,39.9,109,41.2,83.3,40.0,31.5,45.7,4.91,4.91,5.12,-3.51,0.034193,5.40576926,0.251109,19.26551043
1624.00,-1.$,1229.980,0,1229.980,99.834,93.727,4351.112,13.043,0.9673,76.4,-0.030,46.1,0.439,34.1,105.5,106,80.8,4.60,638,3.53,4.59,588.143,2704.44,0.029,0.0483,36.7050,7.67,7.83,37.3,32.3,0.803,302,242,117,0.93,0.732,0.0664,0.0664,1.176,1033,1033,15,1,160,0.3,118.0,115.3,34.9,36.3,116,36.7,113,38.2,83.3,40.1,31.5,45.7,4.91,4.91,5.87,-5.33,0.034193,5.40864496,0.251125,19.27625991
1625.00,-1.$,1229.980,0,1229.980,99.831,93.733,4351.178,13.043,0.9672,76.4,0.069,46.1,0.439,34.1,81.9,106,80.8,4.60,638,3.46,4.59,588.143,2769.55,0.029,0.0483,36.7050,7.67,7.11,37.3,32.3,0.802,306,245,76,0.70,0.059,0.0664,0.0664,1.176,1034,1034,15,1,152,6.7,117.9,115.2,35.1,36.5,116,36.4,114,37.9,83.2,40.2,31.5,45.7,4.91,4.91,4.28,-3.31,0.034194,5.41152199,0.251137,19.28701108
1626.00,-1.$,1229.980,0,1229.980,99.829,93.733,4351.243,13.043,0.9672,76.4,0.160,46.1,0.439,34.1,93.6,106,80.8,4.60,638,3.51,4.59,588.143,2273.03,0.029,0.0483,36.7050,7.67,4.65,37.3,32.3,0.803,306,246,97,0.81,0.408,0.0664,0.0664,1.176,1034,1034,15,1,116,36.4,114.9,112.1,37.6,39.0,115,37.7,112,39.1,83.2,40.2,31.5,45.7,4.91,4.91,5.15,-3.80,0.034197,5.41439808,0.251146,19.29776264
1627.00,-1.$,1229.980,0,1229.980,99.825,93.722,4351.309,13.043,0.9674,76.4,-0.030,46.1,0.438,34.1,105.5,106,80.8,4.60,638,3.53,4.59,588.143,2242.90,0.029,0.0483,36.7050,7.67,4.92,37.3,32.3,0.803,302,242,117,0.93,0.731,0.0664,0.0664,1.177,1033,1033,15,1,115,36.8,113.2,110.5,38.9,40.2,113,39.1,110,40.4,83.3,40.0,31.5,45.7,4.91,4.91,5.68,-4.13,0.034197,5.41727390,0.251162,19.30851362
1628.00,-1.$,1229.980,0,1229.980,99.820,93.722,4351.375,13.043,0.9675,76.4,0.069,46.1,0.439,34.1,81.9,106,80.8,4.60,638,3.46,4.59,588.154,2412.17,0.029,0.0483,36.6978,7.67,6.55,37.3,32.3,0.802,306,245,76,0.70,0.058,0.0664,0.0664,1.176,1032,1032,15,1,157,2.7,113.7,111.1,38.3,39.6,112,39.5,110,40.9,83.3,40.0,31.5,45.7,4.91,4.91,4.33,-3.58,0.034195,5.42015110,0.251174,19.31926630
1629.00,-1.$,1229.980,0,1229.980,99.818,93.727,4351.441,13.043,0.9673,76.4,0.160,46.1,0.439,34.1,93.6,106,80.8,4.60,638,3.51,4.59,588.154,2816.13,0.029,0.0483,36.6978,7.67,8.02,37.3,32.3,0.803,306,246,97,0.81,0.407,0.0664,0.0664,1.176,1033,1033,15,1,160,0.3,119.1,116.4,34.0,35.4,117,35.8,114,37.4,83.3,40.2,31.5,45.7,4.91,4.91,5.22,-4.41,0.034195,5.42302725,0.251184,19.33001935
1630.00,-1.$,1229.980,0,1229.980,99.814,93.731,4351.507,13.043,0.9672,76.4,-0.030,46.1,0.439,34.1,105.5,106,80.8,4.60,638,3.53,4.59,588.154,2600.70,0.029,0.0483,36.6978,7.67,5.93,37.3,32.3,0.803,302,242,117,0.93,0.731,0.0665,0.0665,1.176,1034,1034,15,1,129,25.7,116.4,113.7,36.4,37.8,116,36.9,113,38.3,83.2,40.2,31.5,45.7,4.91,4.91,5.77,-4.52,0.034198,5.42590304,0.251199,19.34077183
1631.00,-1.$,1229.980,0,1229.980,99.809,93.726,4351.573,13.043,0.9673,76.4,0.069,46.1,0.439,34.1,81.9,106,80.8,4.60,638,3.46,4.59,588.154,2243.83,0.029,0.0483,36.6978,7.67,4.91,37.3,32.3,0.802,306,245,76,0.70,0.058,0.0665,0.0665,1.177,1033,1033,15,1,115,36.7,114.2,111.5,38.1,39.5,114,38.2,111,39.6,83.3,40.1,31.5,45.7,4.91,4.91,4.25,-3.06,0.034200,5.42878024,0.251211,19.35152601
1632.00,-1.$,1229.980,0,1229.980,99.807,93.723,4351.638,13.043,0.9674,76.4,0.160,46.1,0.439,34.1,93.6,106,80.8,4.60,638,3.51,4.59,588.154,2242.89,0.029,0.0483,36.6978,7.67,4.92,37.3,32.3,0.803,306,246,97,0.81,0.406,0.0665,0.0665,1.177,1033,1033,15,1,115,36.8,112.5,109.8,39.4,40.7,112,39.6,110,40.9,83.3,40.0,31.5,45.7,4.91,4.91,5.13,-3.51,0.034198,5.43165651,0.251220,19.36228057
1633.00,-1.$,1229.980,0,1229.980,99.802,93.723,4351.705,13.043,0.9674,76.4,-0.030,46.1,0.439,34.1,105.5,106,80.8,4.60,638,3.53,4.59,588.159,2617.18,0.029,0.0483,36.6947,7.67,7.51,37.3,32.3,0.803,302,242,117,0.93,0.731,0.0665,0.0665,1.177,1033,1033,15,1,159,0.4,116.8,114.1,35.8,37.2,115,37.6,112,39.1,83.3,40.1,31.5,45.7,4.91,4.91,5.85,-5.30,0.034197,5.43453242,0.251236,19.37303454
1634.00,-1.$,1229.980,0,1229.980,99.798,93.730,4351.770,13.043,0.9672,76.4,0.069,46.1,0.439,34.1,81.9,106,80.8,4.60,638,3.46,4.59,588.159,2815.41,0.029,0.0483,36.6947,7.67,7.56,37.3,32.3,0.802,306,245,76,0.70,0.058,0.0665,0.0665,1.177,1033,1033,15,1,159,1.2,118.7,116.0,34.5,35.9,117,36.1,114,37.6,83.3,40.2,31.5,45.7,4.91,4.91,4.28,-3.35,0.034198,5.43740964,0.251248,19.38379019
1635.00,-1.$,1229.980,0,1229.980,99.796,93.732,4351.836,13.043,0.9672,76.4,0.160,46.1,0.439,34.1,93.6,106,80.8,4.60,638,3.51,4.59,588.159,2371.93,0.029,0.0483,36.6947,7.67,4.67,37.3,32.3,0.803,306,246,97,0.81,0.406,0.0665,0.0665,1.177,1034,1034,15,1,118,35.0,115.4,112.6,37.3,38.7,115,37.4,112,38.9,83.2,40.2,31.5,45.7,4.91,4.91,5.16,-3.82,0.034201,5.44028587,0.251257,19.39454622
1636.00,-1.$,1229.980,0,1229.980,99.791,93.708,4351.902,13.043,0.9674,76.4,-0.030,46.1,0.438,34.1,105.5,106,80.8,4.60,638,3.53,4.59,588.159,2242.92,0.029,0.0483,36.6947,7.67,4.92,37.3,32.3,0.803,302,242,117,0.93,0.730,0.0665,0.0665,1.177,1033,1033,15,1,115,36.8,113.5,110.8,38.6,40.0,113,38.8,111,40.1,83.3,40.0,31.5,45.7,4.91,4.91,5.69,-4.17,0.034202,5.44316181,0.251272,19.40530166
1637.00,-1.$,1229.980,0,1229.980,99.788,93.723,4351.968,13.043,0.9675,76.4,0.069,46.1,0.439,34.1,81.9,106,80.8,4.60,638,3.46,4.59,588.159,2311.64,0.029,0.0483,36.7006,7.67,5.95,37.3,32.3,0.802,306,245,76,0.70,0.057,0.0666,0.0666,1.177,1033,1033,15,1,141,15.6,112.3,109.7,39.4,40.7,112,39.9,109,41.2,83.3,40.0,31.5,45.7,4.91,4.91,4.26,-3.10,0.034200,5.44603912,0.251284,19.41605873
1638.00,-1.$,1229.980,0,1229.980,99.786,93.730,4352.033,13.043,0.9673,76.4,0.160,46.1,0.439,34.1,93.6,106,80.8,4.60,638,3.51,4.59,588.162,2772.61,0.029,0.0483,36.7006,7.67,8.00,37.3,32.3,0.803,306,245,97,0.81,0.406,0.0666,0.0666,1.177,1033,1033,15,1,160,0.3,118.7,116.0,34.3,35.7,117,36.1,114,37.6,83.3,40.1,31.5,45.7,4.91,4.91,5.25,-4.63,0.034200,5.44891541,0.251294,19.42681615
1639.00,-1.$,1229.980,0,1229.980,99.782,93.736,4352.100,13.043,0.9672,76.4,-0.030,46.1,0.439,34.1,105.5,106,80.8,4.60,638,3.53,4.59,588.162,2696.29,0.029,0.0483,36.7006,7.67,6.55,37.3,32.3,0.803,302,242,117,0.93,0.730,0.0666,0.0666,1.177,1034,1034,15,1,140,16.6,117.1,114.4,35.8,37.2,116,36.6,113,38.1,83.2,40.2,31.5,45.7,4.91,4.91,5.78,-4.57,0.034202,5.45179135,0.251309,19.43757296
1640.00,-1.$,1229.980,0,1229.980,99.778,93.736,4352.165,13.043,0.9672,76.4,0.069,46.1,0.439,34.1,81.9,106,80.8,4.60,638,3.46,4.59,588.162,2248.24,0.029,0.0483,36.7006,7.67,4.87,37.3,32.3,0.802,306,245,76,0.70,0.057,0.0666,0.0666,1.177,1033,1033,15,1,115,36.7,114.6,111.8,37.8,39.2,114,37.9,112,39.3,83.3,40.2,31.5,45.7,4.90,4.90,4.25,-3.09,0.034204,5.45466872,0.251321,19.44833149
1641.00,-1.$,1229.980,0,1229.980,99.776,93.725,4352.231,13.043,0.9674,76.4,0.160,46.1,0.439,34.1,93.6,106,80.8,4.60,638,3.51,4.59,588.162,2242.89,0.029,0.0483,36.7006,7.67,4.92,37.3,32.3,0.803,306,245,97,0.81,0.405,0.0666,0.0666,1.177,1033,1033,15,1,115,36.8,112.8,110.2,39.2,40.5,113,39.4,110,40.7,83.3,40.0,31.5,45.7,4.90,4.90,5.13,-3.54,0.034203,5.45754516,0.251330,19.45909038
1642.00,-1.$,1229.980,0,1229.980,99.771,93.725,4352.297,13.043,0.9674,76.4,-0.030,46.1,0.439,34.1,105.5,106,80.8,4.60,638,3.53,4.59,588.171,2517.34,0.029,0.0483,36.6935,7.67,7.07,37.3,32.3,0.803,302,242,117,0.93,0.729,0.0666,0.0666,1.177,1032,1032,15,1,159,0.6,115.4,112.7,36.9,38.3,113,38.7,111,40.0,83.3,40.1,31.5,45.7,4.90,4.90,5.81,-5.11,0.034202,5.46042126,0.251346,19.46984868
1643.00,-1.$,1229.980,0,1229.980,99.767,93.733,4352.363,13.043,0.9673,76.4,0.069,46.1,0.439,34.1,81.9,106,80.8,4.60,638,3.46,4.59,588.171,2831.07,0.029,0.0483,36.6935,7.67,7.87,37.3,32.3,0.802,306,245,76,0.70,0.057,0.0666,0.0666,1.177,1033,1033,15,1,160,0.3,119.2,116.4,34.0,35.5,117,35.9,114,37.4,83.3,40.2,31.5,45.7,4.90,4.90,4.29,-3.39,0.034202,5.46329866,0.251357,19.48060867
1644.00,-1.$,1229.980,0,1229.980,99.765,93.734,4352.428,13.043,0.9672,76.4,0.160,46.1,0.439,34.1,93.6,106,80.8,4.60,638,3.51,4.59,588.171,2489.83,0.029,0.0483,36.6935,7.67,5.29,37.3,32.3,0.803,306,245,97,0.81,0.405,0.0667,0.0667,1.177,1034,1034,15,1,122,31.7,115.8,113.1,36.9,38.3,116,37.1,113,38.6,83.2,40.2,31.5,45.7,4.90,4.90,5.16,-3.87,0.034205,5.46617506,0.251367,19.49136904
1645.00,-1.$,1229.980,0,1229.980,99.761,93.729,4352.495,13.043,0.9674,76.4,-0.030,46.1,0.439,34.1,105.5,106,80.8,4.60,638,3.53,4.59,588.171,2243.06,0.029,0.0483,36.6935,7.67,4.92,37.3,32.3,0.803,302,242,117,0.93,0.729,0.0667,0.0667,1.177,1033,1033,15,1,115,36.8,113.9,111.2,38.4,39.7,114,38.5,111,39.9,83.3,40.1,31.5,45.7,4.90,4.90,5.70,-4.21,0.034206,5.46905119,0.251382,19.50212883
1646.00,-1.$,1229.980,0,1229.980,99.756,93.726,4352.560,13.043,0.9675,76.4,0.069,46.1,0.439,34.1,81.9,106,80.8,4.60,638,3.46,4.59,588.171,2244.51,0.029,0.0483,36.6907,7.67,5.05,37.3,32.3,0.802,306,245,76,0.70,0.056,0.0667,0.0667,1.177,1033,1033,15,1,115,36.7,112.2,109.6,39.6,40.9,112,39.9,109,41.2,83.3,40.0,31.5,45.7,4.90,4.90,4.23,-2.91,0.034205,5.47192872,0.251393,19.51289030
1647.00,-1.$,1229.980,0,1229.980,99.754,93.726,4352.626,13.043,0.9674,76.4,0.160,46.1,0.439,34.1,93.6,106,80.8,4.60,638,3.51,4.59,588.176,2704.46,0.029,0.0483,36.6907,7.67,7.83,37.3,32.3,0.803,306,245,97,0.81,0.405,0.0667,0.0667,1.177,1033,1033,15,1,160,0.3,117.9,115.3,34.9,36.3,116,36.8,113,38.3,83.3,40.1,31.5,45.7,4.90,4.90,5.28,-4.75,0.034204,5.47480523,0.251403,19.52365213
1648.00,-1.$,1229.980,0,1229.980,99.749,93.733,4352.692,13.043,0.9672,76.4,-0.030,46.1,0.439,34.1,105.5,106,80.8,4.60,638,3.53,4.59,588.176,2769.57,0.029,0.0483,36.6907,7.67,7.11,37.3,32.3,0.803,302,242,117,0.93,0.729,0.0667,0.0667,1.177,1034,1034,15,1,152,6.7,117.9,115.3,35.1,36.5,116,36.3,114,37.9,83.2,40.2,31.5,45.7,4.90,4.90,5.79,-4.61,0.034206,5.47768135,0.251418,19.53441336
1649.00,-1.$,1229.980,0,1229.980,99.745,93.735,4352.758,13.043,0.9672,76.4,0.069,46.1,0.439,34.1,81.9,106,80.8,4.60,638,3.46,4.59,588.176,2273.02,0.029,0.0483,36.6907,7.67,4.65,37.3,32.3,0.802,306,245,76,0.70,0.056,0.0667,0.0667,1.177,1034,1034,15,1,116,36.4,115.0,112.2,37.6,39.0,115,37.7,112,39.1,83.3,40.2,31.5,45.7,4.90,4.90,4.25,-3.15,0.034208,5.48055886,0.251429,19.54517628
1650.00,-1.$,1229.980,0,1229.980,99.743,93.711,4352.823,13.043,0.9674,76.4,0.160,46.1,0.438,34.1,93.6,106,80.8,4.59,638,3.51,4.59,588.176,2242.90,0.029,0.0483,36.6907,7.67,4.92,37.3,32.3,0.803,306,245,97,0.81,0.404,0.0667,0.0667,1.178,1033,1033,15,1,115,36.8,113.2,110.5,38.9,40.2,113,39.1,110,40.4,83.3,40.0,31.5,45.7,4.90,4.90,5.13,-3.58,0.034208,5.48343541,0.251439,19.55593954
1651.00,-1.$,1229.980,0,1229.980,99.739,93.726,4352.890,13.043,0.9674,76.4,-0.030,46.1,0.439,34.1,105.5,106,80.8,4.60,638,3.53,4.59,588.178,2412.17,0.029,0.0483,36.6967,7.67,6.55,37.3,32.3,0.803,302,242,117,0.93,0.728,0.0667,0.0667,1.177,1032,1032,15,1,157,2.7,113.7,111.1,38.3,39.6,112,39.5,110,40.8,83.3,40.0,31.5,45.7,4.90,4.90,5.74,-4.72,0.034207,5.48631163,0.251454,19.56670217
1652.00,-1.$,1229.980,0,1229.980,99.736,93.737,4352.955,13.043,0.9673,76.4,0.069,46.1,0.439,34.1,81.9,106,80.8,4.60,638,3.46,4.59,588.178,2816.16,0.029,0.0483,36.6967,7.67,8.02,37.3,32.3,0.802,306,245,76,0.70,0.056,0.0668,0.0668,1.177,1033,1033,15,1,160,0.3,119.2,116.5,34.0,35.4,117,35.8,114,37.3,83.3,40.1,31.5,45.7,4.90,4.90,4.32,-3.69,0.034207,5.48918918,0.251466,19.57746644
1653.00,-1.$,1229.980,0,1229.980,99.734,93.739,4353.021,13.043,0.9672,76.4,0.160,46.1,0.439,34.1,93.6,106,80.8,4.60,638,3.51,4.59,588.178,2600.70,0.029,0.0483,36.6967,7.67,5.93,37.3,32.3,0.803,306,245,97,0.81,0.404,0.0668,0.0668,1.177,1034,1034,15,1,129,25.7,116.4,113.7,36.4,37.8,116,36.9,113,38.4,83.3,40.2,31.5,45.7,4.90,4.90,5.17,-3.92,0.034209,5.49206574,0.251475,19.58823107
1654.00,-1.$,1229.980,0,1229.980,99.730,93.739,4353.087,13.043,0.9674,76.4,-0.030,46.1,0.439,34.1,105.5,106,80.8,4.60,638,3.53,4.59,588.178,2243.83,0.029,0.0483,36.6967,7.67,4.91,37.3,32.3,0.803,302,242,117,0.93,0.727,0.0668,0.0668,1.177,1033,1033,15,1,115,36.7,114.2,111.5,38.1,39.5,114,38.2,111,39.6,83.3,40.1,31.5,45.7,4.90,4.90,5.71,-4.26,0.034211,5.49494203,0.251490,19.59899514
1655.00,-1.$,1229.980,0,1229.980,99.725,93.727,4353.153,13.043,0.9674,76.4,0.069,46.1,0.439,34.1,81.9,106,80.8,4.60,638,3.47,4.59,588.178,2242.89,0.029,0.0483,36.6967,7.67,4.92,37.3,32.3,0.802,306,245,76,0.70,0.055,0.0668,0.0668,1.177,1033,1033,15,1,115,36.8,112.6,109.9,39.4,40.7,112,39.6,110,40.9,83.3,40.0,31.5,45.7,4.90,4.90,4.24,-2.90,0.034210,5.49781974,0.251501,19.60976087
1656.00,-1.$,1229.980,0,1229.980,99.723,93.728,4353.218,13.043,0.9674,76.4,0.160,46.1,0.439,34.1,93.6,106,80.8,4.60,638,3.51,4.59,588.186,2617.21,0.029,0.0483,36.6898,7.67,7.51,37.3,32.3,0.803,306,245,97,0.81,0.404,0.0668,0.0668,1.177,1033,1033,15,1,159,0.4,116.8,114.1,35.8,37.2,115,37.7,112,39.1,83.3,40.0,31.5,45.7,4.90,4.90,5.29,-4.75,0.034209,5.50069644,0.251511,19.62052696
1657.00,-1.$,1229.980,0,1229.980,99.719,93.736,4353.284,13.043,0.9672,76.4,-0.030,46.1,0.439,34.1,105.5,106,80.8,4.60,638,3.53,4.59,588.186,2815.43,0.029,0.0483,36.6898,7.67,7.56,37.3,32.3,0.803,302,242,117,0.93,0.727,0.0668,0.0668,1.177,1033,1033,15,1,159,1.2,118.7,116.0,34.4,35.9,117,36.1,114,37.6,83.3,40.2,31.5,45.7,4.90,4.90,5.80,-4.66,0.034210,5.50357275,0.251526,19.63129246
1658.00,-1.$,1229.980,0,1229.980,99.715,93.738,4353.350,13.043,0.9672,76.4,0.069,46.1,0.439,34.1,81.9,106,80.8,4.60,638,3.47,4.59,588.186,2371.90,0.029,0.0483,36.6898,7.67,4.67,37.3,32.3,0.802,306,245,76,0.70,0.055,0.0668,0.0668,1.177,1034,1034,15,1,118,35.0,115.4,112.6,37.3,38.7,115,37.4,112,38.8,83.3,40.2,31.5,45.7,4.90,4.90,4.26,-3.17,0.034213,5.50645042,0.251537,19.64205965
1659.00,-1.$,1229.980,0,1229.980,99.713,93.732,4353.415,13.043,0.9674,76.4,0.160,46.1,0.439,34.1,93.6,106,80.8,4.60,638,3.51,4.59,588.186,2242.92,0.029,0.0483,36.6898,7.67,4.92,37.3,32.3,0.803,306,245,97,0.81,0.403,0.0668,0.0668,1.177,1033,1033,15,1,115,36.7,113.5,110.8,38.7,40.0,113,38.8,111,40.2,83.3,40.0,31.5,45.7,4.90,4.90,5.14,-3.62,0.034213,5.50932718,0.251546,19.65282721
1660.00,-1.$,1229.980,0,1229.980,99.708,93.729,4353.482,13.043,0.9675,76.4,-0.030,46.1,0.439,34.1,105.5,106,80.8,4.60,638,3.53,4.59,588.186,2311.64,0.029,0.0483,36.6871,7.67,5.95,37.3,32.3,0.803,302,242,117,0.93,0.727,0.0669,0.0669,1.177,1033,1033,15,1,141,15.6,112.4,109.8,39.4,40.7,112,39.9,109,41.2,83.4,40.0,31.5,45.7,4.90,4.90,5.66,-4.22,0.034212,5.51220362,0.251561,19.66359416
